episode,time_sec,tick,leader_phase,leader_speed_mps,follower_speed_mps,distance_m,desired_distance_m,spacing_error_m,relative_velocity_mps,thw_sec,observed_distance_m,observed_lead_speed_mps,control_spacing_error_m,control_relative_velocity_mps,throttle,brake,comm_success,time_since_last_comm_success_sec
4,0.05,1,accelerate,0.0,0.0,12.825,7.0,5.825,0.0,128.247,12.825,0.0,5.825,0.0,0.778,0.0,0,0.05
4,0.1,2,accelerate,0.003,0.003,12.825,7.003,5.822,0.0,128.247,12.825,0.003,5.822,0.0,0.778,0.0,1,0.0
4,0.15,3,accelerate,0.001,0.001,12.825,7.001,5.824,0.0,128.247,12.825,0.001,5.824,0.0,0.779,0.0,1,0.0
4,0.2,4,accelerate,0.0,0.0,12.825,7.0,5.825,-0.0,128.247,12.825,0.001,5.825,0.001,0.781,0.0,0,0.05
4,0.25,5,accelerate,0.0,0.001,12.825,7.001,5.824,-0.0,128.247,12.825,0.0,5.824,-0.0,0.781,0.0,1,0.0
4,0.3,6,accelerate,0.001,0.001,12.825,7.001,5.824,-0.0,128.247,12.825,0.0,5.824,-0.0,0.782,0.0,0,0.05
4,0.35,7,accelerate,0.001,0.001,12.825,7.001,5.824,-0.0,128.247,12.825,0.001,5.824,-0.0,0.783,0.0,1,0.0
4,0.4,8,accelerate,0.0,0.0,12.825,7.0,5.824,-0.0,128.247,12.825,0.0,5.824,-0.0,0.784,0.0,1,0.0
4,0.45,9,accelerate,0.0,0.0,12.825,7.0,5.824,-0.0,128.247,12.825,0.0,5.824,-0.0,0.785,0.0,1,0.0
4,0.5,10,accelerate,0.0,0.0,12.825,7.0,5.825,-0.0,128.247,12.825,0.0,5.825,0.0,0.786,0.0,0,0.05
4,0.55,11,accelerate,0.0,0.0,12.825,7.0,5.825,-0.0,128.247,12.825,0.0,5.825,-0.0,0.787,0.0,1,0.0
4,0.6,12,accelerate,0.0,0.0,12.825,7.0,5.825,-0.0,128.247,12.825,0.0,5.825,-0.0,0.788,0.0,1,0.0
4,0.65,13,accelerate,0.158,0.305,12.82,7.305,5.515,-0.146,42.097,12.82,0.158,5.515,-0.146,0.743,0.0,1,0.0
4,0.7,14,accelerate,0.518,0.628,12.815,7.628,5.187,-0.11,20.405,12.815,0.518,5.187,-0.11,0.701,0.0,1,0.0
4,0.75,15,accelerate,0.821,0.893,12.812,7.893,4.919,-0.072,14.346,12.777,0.518,4.884,-0.375,0.653,0.0,0,0.05
4,0.8,16,accelerate,1.035,1.008,12.813,8.008,4.805,0.027,12.709,12.731,0.518,4.722,-0.49,0.628,0.0,0,0.1
4,0.85,17,accelerate,1.162,1.106,12.816,8.106,4.71,0.056,11.587,12.816,1.162,4.71,0.056,0.646,0.0,1,0.0
4,0.9,18,accelerate,1.301,1.215,12.823,8.215,4.608,0.086,10.555,12.761,1.162,4.546,-0.052,0.621,0.0,0,0.05
4,0.95,19,accelerate,1.417,1.322,12.829,8.322,4.507,0.095,9.705,12.829,1.417,4.507,0.095,0.621,0.0,1,0.0
4,1.0,20,accelerate,1.543,1.395,12.837,8.395,4.442,0.147,9.201,12.837,1.543,4.442,0.147,0.615,0.0,1,0.0
4,1.05,21,accelerate,1.645,1.506,12.846,8.506,4.341,0.139,8.532,12.767,1.543,4.261,0.037,0.588,0.0,0,0.05
4,1.1,22,accelerate,1.806,1.577,12.858,8.577,4.281,0.228,8.152,12.692,1.543,4.115,-0.035,0.567,0.0,0,0.1
4,1.15,23,accelerate,1.917,1.687,12.872,8.687,4.185,0.231,7.632,12.613,1.543,3.926,-0.144,0.539,0.0,0,0.15
4,1.2,24,accelerate,2.082,1.732,12.889,8.732,4.157,0.35,7.441,12.889,2.082,4.157,0.35,0.587,0.0,1,0.0
4,1.25,25,accelerate,2.228,1.815,12.911,8.815,4.096,0.413,7.112,12.911,2.228,4.096,0.413,0.581,0.0,1,0.0
4,1.3,26,accelerate,2.418,1.877,12.938,8.877,4.062,0.541,6.895,12.822,2.228,3.945,0.352,0.56,0.0,0,0.05
4,1.35,27,accelerate,2.584,1.952,12.971,8.952,4.019,0.632,6.645,12.729,2.228,3.777,0.276,0.536,0.0,0,0.1
4,1.4,28,accelerate,2.755,2.002,13.009,9.002,4.007,0.754,6.499,13.009,2.755,4.007,0.754,0.583,0.0,1,0.0
4,1.45,29,accelerate,2.842,2.087,13.049,9.087,3.963,0.756,6.253,13.049,2.842,3.963,0.756,0.578,0.0,1,0.0
4,1.5,30,accelerate,2.887,2.148,13.089,9.148,3.941,0.739,6.093,13.089,2.887,3.941,0.739,0.575,0.0,1,0.0
4,1.55,31,accelerate,2.886,2.244,13.126,9.244,3.882,0.642,5.849,13.126,2.886,3.882,0.642,0.564,0.0,1,0.0
4,1.6,32,accelerate,2.919,2.315,13.16,9.315,3.845,0.604,5.686,13.16,2.919,3.845,0.604,0.559,0.0,1,0.0
4,1.65,33,accelerate,2.98,2.399,13.192,9.399,3.793,0.581,5.499,13.192,2.98,3.793,0.581,0.552,0.0,1,0.0
4,1.7,34,accelerate,3.108,2.449,13.226,9.449,3.777,0.659,5.401,13.226,3.108,3.777,0.659,0.553,0.0,1,0.0
4,1.75,35,accelerate,3.256,2.534,13.263,9.534,3.729,0.722,5.235,13.263,3.256,3.729,0.722,0.549,0.0,1,0.0
4,1.8,36,accelerate,3.447,2.615,13.304,9.615,3.689,0.832,5.087,13.304,3.447,3.689,0.832,0.548,0.0,1,0.0
4,1.85,37,accelerate,3.624,2.717,13.35,9.717,3.633,0.907,4.914,13.35,3.624,3.633,0.907,0.544,0.0,1,0.0
4,1.9,38,accelerate,3.752,2.795,13.399,9.795,3.603,0.956,4.793,13.399,3.752,3.603,0.956,0.542,0.0,1,0.0
4,1.95,39,accelerate,3.783,2.893,13.446,9.893,3.554,0.89,4.649,13.446,3.783,3.554,0.89,0.534,0.0,1,0.0
4,2.0,40,accelerate,3.783,2.97,13.49,9.97,3.52,0.813,4.542,13.49,3.783,3.52,0.813,0.527,0.0,1,0.0
4,2.05,41,accelerate,3.797,3.063,13.529,10.063,3.466,0.735,4.417,13.529,3.797,3.466,0.735,0.518,0.0,1,0.0
4,2.1,42,accelerate,3.888,3.136,13.567,10.136,3.431,0.752,4.326,13.567,3.888,3.431,0.752,0.515,0.0,1,0.0
4,2.15,43,accelerate,4.026,3.223,13.607,10.223,3.384,0.803,4.222,13.607,4.026,3.384,0.803,0.511,0.0,1,0.0
4,2.2,44,accelerate,4.199,3.292,13.652,10.292,3.36,0.907,4.147,13.446,4.026,3.153,0.733,0.478,0.0,0,0.05
4,2.25,45,accelerate,4.381,3.371,13.701,10.371,3.331,1.01,4.065,13.701,4.381,3.331,1.01,0.511,0.0,1,0.0
4,2.3,46,accelerate,4.541,3.433,13.756,10.433,3.324,1.108,4.007,13.756,4.541,3.324,1.108,0.514,0.0,1,0.0
4,2.35,47,accelerate,4.619,3.509,13.813,10.509,3.304,1.109,3.936,13.813,4.619,3.304,1.109,0.512,0.0,1,0.0
4,2.4,48,accelerate,4.628,3.575,13.868,10.575,3.293,1.053,3.879,13.868,4.628,3.293,1.053,0.51,0.0,1,0.0
4,2.45,49,accelerate,4.627,3.652,13.92,10.652,3.268,0.975,3.812,13.92,4.627,3.268,0.975,0.504,0.0,1,0.0
4,2.5,50,accelerate,4.685,3.704,13.969,10.704,3.265,0.98,3.771,13.737,4.627,3.032,0.923,0.472,0.0,0,0.05
4,2.55,51,accelerate,4.803,3.773,14.02,10.773,3.247,1.03,3.716,14.02,4.803,3.247,1.03,0.504,0.0,1,0.0
4,2.6,52,accelerate,4.956,3.832,14.075,10.832,3.243,1.123,3.673,13.831,4.803,2.998,0.971,0.47,0.0,0,0.05
4,2.65,53,accelerate,5.128,3.896,14.135,10.896,3.239,1.232,3.628,14.135,5.128,3.239,1.232,0.511,0.0,1,0.0
4,2.7,54,accelerate,5.243,3.951,14.2,10.951,3.249,1.292,3.594,14.2,5.243,3.249,1.292,0.515,0.0,1,0.0
4,2.75,55,accelerate,5.09,4.016,14.258,11.016,3.242,1.074,3.55,14.258,5.09,3.242,1.074,0.507,0.0,1,0.0
4,2.8,56,accelerate,5.093,4.077,14.311,11.077,3.234,1.017,3.51,14.056,5.09,2.98,1.013,0.471,0.0,0,0.05
4,2.85,57,accelerate,5.0,4.139,14.357,11.139,3.219,0.861,3.469,14.357,5.0,3.219,0.861,0.498,0.0,1,0.0
4,2.9,58,accelerate,5.459,4.191,14.414,11.191,3.222,1.268,3.439,14.414,5.459,3.222,1.268,0.513,0.0,1,0.0
4,2.95,59,accelerate,5.818,4.238,14.488,11.238,3.249,1.58,3.418,14.488,5.818,3.249,1.58,0.527,0.0,1,0.0
4,3.0,60,accelerate,5.924,4.304,14.568,11.304,3.264,1.62,3.385,14.568,5.924,3.264,1.62,0.531,0.0,1,0.0
4,3.05,61,accelerate,5.894,4.375,14.647,11.375,3.271,1.518,3.348,14.647,5.894,3.271,1.518,0.529,0.0,1,0.0
4,3.1,62,accelerate,5.845,4.445,14.719,11.445,3.274,1.4,3.311,14.426,5.894,2.981,1.448,0.489,0.0,0,0.05
4,3.15,63,accelerate,5.815,4.512,14.787,11.512,3.274,1.303,3.277,14.787,5.815,3.274,1.303,0.523,0.0,1,0.0
4,3.2,64,accelerate,5.815,4.575,14.85,11.575,3.275,1.24,3.246,14.85,5.815,3.275,1.24,0.522,0.0,1,0.0
4,3.25,65,accelerate,5.848,4.64,14.911,11.64,3.272,1.208,3.214,14.911,5.848,3.272,1.208,0.521,0.0,1,0.0
4,3.3,66,accelerate,5.915,4.705,14.972,11.705,3.267,1.21,3.182,14.972,5.915,3.267,1.21,0.521,0.0,1,0.0
4,3.35,67,accelerate,6.014,4.755,15.034,11.755,3.279,1.259,3.162,15.034,6.014,3.279,1.259,0.525,0.0,1,0.0
4,3.4,68,accelerate,6.142,4.824,15.099,11.824,3.275,1.318,3.13,15.099,6.142,3.275,1.318,0.527,0.0,1,0.0
4,3.45,69,accelerate,6.136,4.892,15.163,11.892,3.271,1.244,3.1,14.856,6.142,2.964,1.25,0.483,0.0,0,0.05
4,3.5,70,accelerate,6.131,4.953,15.223,11.953,3.27,1.179,3.074,14.61,6.142,2.657,1.189,0.441,0.0,0,0.1
4,3.55,71,accelerate,6.633,4.999,15.292,11.999,3.293,1.634,3.059,15.292,6.633,3.293,1.634,0.541,0.0,1,0.0
4,3.6,72,accelerate,7.16,5.044,15.389,12.044,3.346,2.116,3.051,15.041,6.633,2.998,1.59,0.501,0.0,0,0.05
4,3.65,73,accelerate,7.555,4.998,15.508,11.998,3.51,2.557,3.103,14.79,6.633,2.791,1.635,0.475,0.0,0,0.1
4,3.7,74,accelerate,7.722,4.988,15.642,11.988,3.654,2.735,3.136,15.642,7.722,3.654,2.735,0.627,0.0,1,0.0
4,3.75,75,accelerate,7.703,5.029,15.775,12.029,3.747,2.674,3.137,15.775,7.703,3.747,2.674,0.638,0.0,1,0.0
4,3.8,76,accelerate,7.626,5.028,15.907,12.028,3.879,2.598,3.164,15.524,7.703,3.496,2.675,0.606,0.0,0,0.05
4,3.85,77,accelerate,7.518,5.072,16.03,12.072,3.959,2.446,3.161,15.27,7.703,3.198,2.631,0.565,0.0,0,0.1
4,3.9,78,accelerate,7.405,5.027,16.15,12.027,4.123,2.378,3.213,16.15,7.405,4.123,2.378,0.681,0.0,1,0.0
4,3.95,79,accelerate,7.305,5.058,16.267,12.058,4.209,2.247,3.216,16.267,7.305,4.209,2.247,0.688,0.0,1,0.0
4,4.0,80,accelerate,7.248,5.293,16.368,12.293,4.075,1.955,3.093,16.368,7.248,4.075,1.955,0.661,0.0,1,0.0
4,4.05,81,accelerate,7.239,5.259,16.466,12.259,4.207,1.98,3.131,16.104,7.248,3.845,1.989,0.633,0.0,0,0.05
4,4.1,82,accelerate,7.276,5.246,16.567,12.246,4.321,2.03,3.158,16.567,7.276,4.321,2.03,0.698,0.0,1,0.0
4,4.15,83,accelerate,7.341,5.257,16.67,12.257,4.413,2.083,3.171,16.67,7.341,4.413,2.083,0.713,0.0,1,0.0
4,4.2,84,accelerate,7.448,5.295,16.776,12.295,4.481,2.153,3.168,16.406,7.341,4.111,2.045,0.672,0.0,0,0.05
4,4.25,85,accelerate,7.583,5.358,16.886,12.358,4.528,2.225,3.151,16.886,7.583,4.528,2.225,0.734,0.0,1,0.0
4,4.3,86,accelerate,7.741,5.446,16.999,12.446,4.553,2.294,3.121,16.999,7.741,4.553,2.294,0.741,0.0,1,0.0
4,4.35,87,accelerate,7.905,5.563,17.115,12.563,4.552,2.342,3.076,17.115,7.905,4.552,2.342,0.743,0.0,1,0.0
4,4.4,88,accelerate,8.086,5.707,17.233,12.707,4.527,2.38,3.02,16.833,7.905,4.126,2.199,0.682,0.0,0,0.05
4,4.45,89,accelerate,8.279,5.864,17.353,12.864,4.489,2.415,2.959,16.543,7.905,3.679,2.042,0.618,0.0,0,0.1
4,4.5,90,accelerate,8.479,5.855,17.48,12.855,4.624,2.623,2.985,16.25,7.905,3.395,2.05,0.581,0.0,0,0.15
4,4.55,91,accelerate,8.672,5.85,17.616,12.85,4.767,2.823,3.012,17.616,8.672,4.767,2.823,0.79,0.0,1,0.0
4,4.6,92,accelerate,8.875,6.366,17.75,13.366,4.384,2.508,2.788,17.75,8.875,4.384,2.508,0.73,0.0,1,0.0
4,4.65,93,accelerate,9.083,6.902,17.863,13.902,3.962,2.181,2.588,17.863,9.083,3.962,2.181,0.663,0.0,1,0.0
4,4.7,94,accelerate,9.294,7.326,17.963,14.326,3.637,1.968,2.452,17.963,9.294,3.637,1.968,0.613,0.0,1,0.0
4,4.75,95,accelerate,9.471,7.637,18.056,14.637,3.419,1.834,2.364,17.587,9.294,2.95,1.657,0.512,0.0,0,0.05
4,4.8,96,accelerate,9.572,7.814,18.142,14.814,3.328,1.758,2.322,17.2,9.294,2.385,1.48,0.431,0.0,0,0.1
4,4.85,97,accelerate,9.588,7.938,18.224,14.938,3.285,1.649,2.296,16.805,9.294,1.867,1.356,0.358,0.0,0,0.15
4,4.9,98,accelerate,9.536,8.02,18.299,15.02,3.278,1.516,2.282,18.299,9.536,3.278,1.516,0.552,0.0,1,0.0
4,4.95,99,accelerate,9.505,8.074,18.367,15.074,3.293,1.431,2.275,18.367,9.505,3.293,1.431,0.552,0.0,1,0.0
4,5.0,100,accelerate,9.53,8.13,18.432,15.13,3.302,1.4,2.267,17.962,9.505,2.832,1.375,0.489,0.0,0,0.05
4,5.05,101,accelerate,9.595,8.184,18.498,15.184,3.313,1.41,2.26,17.554,9.505,2.37,1.321,0.426,0.0,0,0.1
4,5.1,102,accelerate,9.682,8.228,18.563,15.228,3.336,1.454,2.256,17.144,9.505,1.916,1.277,0.364,0.0,0,0.15
4,5.15,103,accelerate,9.807,8.253,18.631,15.253,3.378,1.554,2.257,18.631,9.807,3.378,1.554,0.569,0.0,1,0.0
4,5.2,104,accelerate,9.966,8.268,18.705,15.268,3.437,1.698,2.262,18.705,9.966,3.437,1.698,0.582,0.0,1,0.0
4,5.25,105,accelerate,10.118,8.297,18.785,15.297,3.488,1.822,2.264,18.785,10.118,3.488,1.822,0.594,0.0,1,0.0
4,5.3,106,accelerate,10.302,8.34,18.869,15.34,3.529,1.961,2.262,18.869,10.302,3.529,1.961,0.604,0.0,1,0.0
4,5.35,107,accelerate,10.492,8.397,18.959,15.397,3.562,2.095,2.258,18.959,10.492,3.562,2.095,0.614,0.0,1,0.0
4,5.4,108,accelerate,10.664,8.466,19.054,15.466,3.588,2.198,2.251,18.539,10.492,3.073,2.026,0.547,0.0,0,0.05
4,5.45,109,accelerate,10.69,8.54,19.147,15.54,3.608,2.151,2.242,19.147,10.69,3.608,2.151,0.623,0.0,1,0.0
4,5.5,110,accelerate,10.644,8.616,19.236,15.616,3.62,2.028,2.233,19.236,10.644,3.62,2.028,0.621,0.0,1,0.0
4,5.55,111,accelerate,10.944,8.702,19.328,15.702,3.626,2.242,2.221,19.328,10.944,3.626,2.242,0.63,0.0,1,0.0
4,5.6,112,accelerate,11.276,8.795,19.432,15.795,3.637,2.481,2.209,19.432,11.276,3.637,2.481,0.64,0.0,1,0.0
4,5.65,113,accelerate,11.476,8.896,19.541,15.896,3.645,2.58,2.197,18.993,11.276,3.097,2.38,0.565,0.0,0,0.05
4,5.7,114,accelerate,11.466,8.997,19.646,15.997,3.649,2.469,2.184,19.646,11.466,3.649,2.469,0.642,0.0,1,0.0
4,5.75,115,accelerate,11.413,9.096,19.742,16.096,3.646,2.317,2.17,19.742,11.413,3.646,2.317,0.637,0.0,1,0.0
4,5.8,116,accelerate,11.355,9.202,19.832,16.202,3.63,2.153,2.155,19.832,11.355,3.63,2.153,0.63,0.0,1,0.0
4,5.85,117,accelerate,11.294,9.311,19.913,16.311,3.602,1.983,2.139,19.913,11.294,3.602,1.983,0.621,0.0,1,0.0
4,5.9,118,accelerate,11.275,9.422,19.985,16.422,3.563,1.853,2.121,19.985,11.275,3.563,1.853,0.612,0.0,1,0.0
4,5.95,119,accelerate,11.316,9.529,20.053,16.529,3.525,1.787,2.105,20.053,11.316,3.525,1.787,0.606,0.0,1,0.0
4,6.0,120,accelerate,11.396,9.636,20.121,16.636,3.486,1.76,2.088,20.121,11.396,3.486,1.76,0.6,0.0,1,0.0
4,6.05,121,accelerate,11.469,9.739,20.189,16.739,3.449,1.729,2.073,19.649,11.396,2.91,1.656,0.52,0.0,0,0.05
4,6.1,122,accelerate,11.57,9.832,20.254,16.832,3.422,1.738,2.06,19.173,11.396,2.341,1.563,0.442,0.0,0,0.1
4,6.15,123,accelerate,11.639,9.89,20.318,16.89,3.428,1.75,2.054,20.318,11.639,3.428,1.75,0.594,0.0,1,0.0
4,6.2,124,accelerate,11.773,9.944,20.382,16.944,3.438,1.829,2.05,20.382,11.773,3.438,1.829,0.598,0.0,1,0.0
4,6.25,125,accelerate,11.913,10.007,20.453,17.007,3.447,1.907,2.044,20.453,11.913,3.447,1.907,0.602,0.0,1,0.0
4,6.3,126,accelerate,12.031,10.063,20.528,17.063,3.465,1.968,2.04,20.528,12.031,3.465,1.968,0.607,0.0,1,0.0
4,6.35,127,accelerate,12.157,10.14,20.604,17.14,3.463,2.017,2.032,20.604,12.157,3.463,2.017,0.609,0.0,1,0.0
4,6.4,128,accelerate,12.305,10.221,20.685,17.221,3.463,2.084,2.024,20.685,12.305,3.463,2.084,0.612,0.0,1,0.0
4,6.45,129,accelerate,12.41,10.309,20.769,17.309,3.46,2.101,2.015,20.198,12.305,2.889,1.996,0.533,0.0,0,0.05
4,6.5,130,accelerate,12.543,10.377,20.854,17.377,3.476,2.165,2.01,19.707,12.305,2.329,1.927,0.457,0.0,0,0.1
4,6.55,131,accelerate,12.688,10.439,20.944,17.439,3.505,2.249,2.006,20.944,12.688,3.505,2.249,0.625,0.0,1,0.0
4,6.6,132,accelerate,12.796,10.489,21.039,17.489,3.55,2.307,2.006,21.039,12.796,3.55,2.307,0.633,0.0,1,0.0
4,6.65,133,accelerate,12.924,10.538,21.136,17.538,3.598,2.386,2.006,20.546,12.796,3.008,2.258,0.56,0.0,0,0.05
4,6.7,134,accelerate,13.005,10.608,21.233,17.608,3.624,2.397,2.002,21.233,13.005,3.624,2.397,0.647,0.0,1,0.0
4,6.75,135,accelerate,13.139,10.687,21.331,17.687,3.644,2.452,1.996,21.331,13.139,3.644,2.452,0.652,0.0,1,0.0
4,6.8,136,accelerate,13.289,10.757,21.436,17.757,3.679,2.532,1.993,20.833,13.139,3.076,2.382,0.575,0.0,0,0.05
4,6.85,137,accelerate,13.401,10.848,21.543,17.848,3.695,2.553,1.986,20.329,13.139,2.481,2.291,0.493,0.0,0,0.1
4,6.9,138,accelerate,13.524,10.923,21.651,17.923,3.728,2.601,1.982,19.82,13.139,1.897,2.216,0.413,0.0,0,0.15
4,6.95,139,accelerate,13.598,10.95,21.76,17.95,3.81,2.648,1.987,21.76,13.598,3.81,2.648,0.683,0.0,1,0.0
4,7.0,140,accelerate,13.729,10.975,21.87,17.975,3.895,2.754,1.993,21.87,13.729,3.895,2.754,0.698,0.0,1,0.0
4,7.05,141,accelerate,13.878,11.039,21.989,18.039,3.95,2.84,1.992,21.989,13.878,3.95,2.84,0.709,0.0,1,0.0
4,7.1,142,accelerate,13.987,11.126,22.114,18.126,3.988,2.861,1.988,22.114,13.987,3.988,2.861,0.716,0.0,1,0.0
4,7.15,143,accelerate,14.108,11.22,22.239,18.22,4.019,2.888,1.982,22.239,14.108,4.019,2.888,0.721,0.0,1,0.0
4,7.2,144,accelerate,14.177,11.277,22.362,18.277,4.085,2.9,1.983,22.362,14.177,4.085,2.9,0.731,0.0,1,0.0
4,7.25,145,accelerate,14.301,11.268,22.489,18.268,4.221,3.033,1.996,22.489,14.301,4.221,3.033,0.755,0.0,1,0.0
4,7.3,146,accelerate,14.446,11.337,22.627,18.337,4.29,3.109,1.996,22.627,14.446,4.29,3.109,0.767,0.0,1,0.0
4,7.35,147,accelerate,14.541,11.71,22.756,18.71,4.046,2.831,1.943,22.756,14.541,4.046,2.831,0.726,0.0,1,0.0
4,7.4,148,accelerate,14.638,11.957,22.876,18.957,3.919,2.681,1.913,22.876,14.638,3.919,2.681,0.705,0.0,1,0.0
4,7.45,149,accelerate,14.677,12.198,22.987,19.198,3.789,2.479,1.884,22.987,14.677,3.789,2.479,0.681,0.0,1,0.0
4,7.5,150,accelerate,14.762,12.404,23.093,19.404,3.689,2.358,1.862,22.434,14.677,3.03,2.272,0.574,0.0,0,0.05
4,7.55,151,accelerate,14.873,12.539,23.204,19.539,3.665,2.334,1.85,23.204,14.873,3.665,2.334,0.661,0.0,1,0.0
4,7.6,152,accelerate,14.968,12.655,23.315,19.655,3.661,2.313,1.842,22.64,14.873,2.985,2.218,0.567,0.0,0,0.05
4,7.65,153,accelerate,15.096,12.771,23.432,19.771,3.662,2.326,1.835,23.432,15.096,3.662,2.326,0.661,0.0,1,0.0
4,7.7,154,accelerate,15.202,12.833,23.553,19.833,3.719,2.368,1.835,23.553,15.202,3.719,2.368,0.671,0.0,1,0.0
4,7.75,155,accelerate,15.338,12.922,23.679,19.922,3.757,2.416,1.832,23.679,15.338,3.757,2.416,0.678,0.0,1,0.0
4,7.8,156,accelerate,15.45,12.966,23.81,19.966,3.843,2.484,1.836,23.81,15.45,3.843,2.484,0.693,0.0,1,0.0
4,7.85,157,accelerate,15.552,13.065,23.946,20.065,3.881,2.487,1.833,23.946,15.552,3.881,2.487,0.698,0.0,1,0.0
4,7.9,158,accelerate,15.632,13.181,24.089,20.181,3.908,2.452,1.828,24.089,15.632,3.908,2.452,0.702,0.0,1,0.0
4,7.95,159,accelerate,15.689,13.263,24.234,20.263,3.971,2.426,1.827,24.234,15.689,3.971,2.426,0.71,0.0,1,0.0
4,8.0,160,accelerate,15.771,13.358,24.382,20.358,4.023,2.412,1.825,24.382,15.771,4.023,2.412,0.717,0.0,1,0.0
4,8.05,161,accelerate,15.866,13.411,24.531,20.411,4.12,2.455,1.829,24.531,15.866,4.12,2.455,0.731,0.0,1,0.0
4,8.1,162,accelerate,15.981,13.522,24.684,20.522,4.162,2.459,1.825,24.684,15.981,4.162,2.459,0.737,0.0,1,0.0
4,8.15,163,accelerate,16.008,13.655,24.84,20.655,4.185,2.353,1.819,24.84,16.008,4.185,2.353,0.736,0.0,1,0.0
4,8.2,164,accelerate,16.003,13.752,24.994,20.752,4.241,2.25,1.817,24.224,16.008,3.471,2.256,0.638,0.0,0,0.05
4,8.25,165,accelerate,16.106,13.856,25.145,20.856,4.289,2.25,1.815,25.145,16.106,4.289,2.25,0.747,0.0,1,0.0
4,8.3,166,accelerate,16.314,13.907,25.302,20.907,4.395,2.407,1.819,25.302,16.314,4.395,2.407,0.766,0.0,1,0.0
4,8.35,167,accelerate,16.49,14.022,25.464,21.022,4.442,2.468,1.816,25.464,16.49,4.442,2.468,0.775,0.0,1,0.0
4,8.4,168,accelerate,16.643,14.164,25.63,21.164,4.466,2.479,1.81,24.82,16.49,3.656,2.326,0.665,0.0,0,0.05
4,8.45,169,accelerate,16.774,14.263,25.799,21.263,4.536,2.511,1.809,24.166,16.49,2.903,2.227,0.561,0.0,0,0.1
4,8.5,170,accelerate,16.87,14.354,25.968,21.354,4.613,2.515,1.809,25.968,16.87,4.613,2.515,0.799,0.0,1,0.0
4,8.55,171,accelerate,16.934,14.386,26.135,21.386,4.749,2.548,1.817,26.135,16.934,4.749,2.548,0.818,0.0,1,0.0
4,8.6,172,accelerate,16.988,14.493,26.299,21.493,4.806,2.495,1.815,26.299,16.988,4.806,2.495,0.824,0.0,1,0.0
4,8.65,173,accelerate,17.05,14.568,26.459,21.568,4.891,2.482,1.816,26.459,17.05,4.891,2.482,0.835,0.0,1,0.0
4,8.7,174,accelerate,17.129,14.709,26.613,21.709,4.904,2.42,1.809,26.613,17.129,4.904,2.42,0.835,0.0,1,0.0
4,8.75,175,accelerate,17.219,14.882,26.764,21.882,4.882,2.337,1.798,26.764,17.219,4.882,2.337,0.829,0.0,1,0.0
4,8.8,176,accelerate,17.316,15.023,26.911,22.023,4.888,2.293,1.791,26.911,17.316,4.888,2.293,0.828,0.0,1,0.0
4,8.85,177,accelerate,17.417,15.013,27.056,22.013,5.044,2.405,1.802,27.056,17.417,5.044,2.405,0.853,0.0,1,0.0
4,8.9,178,accelerate,17.522,14.92,27.206,21.92,5.286,2.602,1.823,27.206,17.522,5.286,2.602,0.892,0.0,1,0.0
4,8.95,179,accelerate,17.629,15.076,27.357,22.076,5.28,2.553,1.815,26.48,17.522,4.404,2.446,0.769,0.0,0,0.05
4,9.0,180,accelerate,17.737,15.242,27.499,22.242,5.257,2.495,1.804,25.74,17.522,3.497,2.28,0.642,0.0,0,0.1
4,9.05,181,accelerate,17.846,15.416,27.635,22.416,5.219,2.43,1.793,27.635,17.846,5.219,2.43,0.877,0.0,1,0.0
4,9.1,182,accelerate,17.955,15.579,27.767,22.579,5.188,2.376,1.782,27.767,17.955,5.188,2.376,0.871,0.0,1,0.0
4,9.15,183,accelerate,18.065,15.705,27.895,22.705,5.189,2.36,1.776,27.895,18.065,5.189,2.36,0.871,0.0,1,0.0
4,9.2,184,accelerate,18.176,15.863,28.02,22.863,5.156,2.313,1.766,28.02,18.176,5.156,2.313,0.865,0.0,1,0.0
4,9.25,185,accelerate,18.286,15.987,28.141,22.987,5.154,2.299,1.76,28.141,18.286,5.154,2.299,0.864,0.0,1,0.0
4,9.3,186,accelerate,18.397,16.145,28.26,23.145,5.116,2.253,1.75,28.26,18.397,5.116,2.253,0.857,0.0,1,0.0
4,9.35,187,accelerate,18.508,16.274,28.377,23.274,5.103,2.234,1.744,28.377,18.508,5.103,2.234,0.855,0.0,1,0.0
4,9.4,188,accelerate,18.616,16.432,28.49,23.432,5.058,2.184,1.734,28.49,18.616,5.058,2.184,0.847,0.0,1,0.0
4,9.45,189,accelerate,18.718,16.587,28.601,23.587,5.014,2.131,1.724,28.601,18.718,5.014,2.131,0.84,0.0,1,0.0
4,9.5,190,accelerate,18.813,16.714,28.709,23.714,4.994,2.099,1.718,28.709,18.813,4.994,2.099,0.836,0.0,1,0.0
4,9.55,191,accelerate,18.904,16.867,28.814,23.867,4.947,2.037,1.708,28.814,18.904,4.947,2.037,0.828,0.0,1,0.0
4,9.6,192,accelerate,18.996,17.005,28.916,24.005,4.911,1.991,1.7,28.916,18.996,4.911,1.991,0.821,0.0,1,0.0
4,9.65,193,accelerate,19.092,17.153,29.015,24.153,4.862,1.939,1.692,29.015,19.092,4.862,1.939,0.813,0.0,1,0.0
4,9.7,194,accelerate,19.192,17.29,29.111,24.29,4.822,1.903,1.684,29.111,19.192,4.822,1.903,0.806,0.0,1,0.0
4,9.75,195,accelerate,19.297,17.432,29.206,24.432,4.775,1.865,1.675,29.206,19.297,4.775,1.865,0.799,0.0,1,0.0
4,9.8,196,cruise,19.403,17.565,29.299,24.565,4.734,1.837,1.668,28.331,19.297,3.766,1.731,0.66,0.0,0,0.05
4,9.85,197,cruise,19.509,17.694,29.391,24.694,4.697,1.815,1.661,29.391,19.509,4.697,1.815,0.787,0.0,1,0.0
4,9.9,198,cruise,19.615,17.807,29.482,24.807,4.674,1.808,1.656,28.503,19.509,3.696,1.702,0.649,0.0,0,0.05
4,9.95,199,cruise,19.722,17.919,29.572,24.919,4.653,1.803,1.65,29.572,19.722,4.653,1.803,0.781,0.0,1,0.0
4,10.0,200,cruise,19.831,18.021,29.663,25.021,4.641,1.809,1.646,29.663,19.831,4.641,1.809,0.779,0.0,1,0.0
4,10.05,201,cruise,19.933,18.132,29.753,25.132,4.621,1.801,1.641,29.753,19.933,4.621,1.801,0.776,0.0,1,0.0
4,10.1,202,cruise,20.007,18.245,29.843,25.245,4.598,1.762,1.636,28.844,19.933,3.598,1.688,0.636,0.0,0,0.05
4,10.15,203,cruise,20.016,18.354,29.928,25.354,4.574,1.662,1.631,29.928,20.016,4.574,1.662,0.765,0.0,1,0.0
4,10.2,204,cruise,19.955,18.453,30.007,25.453,4.553,1.501,1.626,30.007,19.955,4.553,1.501,0.757,0.0,1,0.0
4,10.25,205,cruise,19.867,18.559,30.076,25.559,4.517,1.308,1.621,30.076,19.867,4.517,1.308,0.746,0.0,1,0.0
4,10.3,206,cruise,19.781,18.666,30.135,25.666,4.469,1.115,1.614,30.135,19.781,4.469,1.115,0.733,0.0,1,0.0
4,10.35,207,cruise,19.73,18.772,30.186,25.772,4.414,0.958,1.608,30.186,19.73,4.414,0.958,0.72,0.0,1,0.0
4,10.4,208,cruise,19.73,18.877,30.231,25.877,4.354,0.853,1.601,30.231,19.73,4.354,0.853,0.709,0.0,1,0.0
4,10.45,209,cruise,19.767,18.979,30.271,25.979,4.292,0.788,1.595,30.271,19.767,4.292,0.788,0.699,0.0,1,0.0
4,10.5,210,cruise,19.828,19.078,30.31,26.078,4.232,0.751,1.589,30.31,19.828,4.232,0.751,0.689,0.0,1,0.0
4,10.55,211,cruise,19.899,19.172,30.347,26.172,4.175,0.726,1.583,29.353,19.828,3.181,0.656,0.546,0.0,0,0.05
4,10.6,212,cruise,19.954,19.255,30.382,26.255,4.127,0.698,1.578,30.382,19.954,4.127,0.698,0.674,0.0,1,0.0
4,10.65,213,cruise,19.966,19.325,30.416,26.325,4.091,0.641,1.574,30.416,19.966,4.091,0.641,0.667,0.0,1,0.0
4,10.7,214,cruise,19.933,19.398,30.445,26.398,4.047,0.535,1.569,30.445,19.933,4.047,0.535,0.657,0.0,1,0.0
4,10.75,215,cruise,19.875,19.471,30.468,26.471,3.997,0.404,1.565,29.473,19.933,3.002,0.462,0.516,0.0,0,0.05
4,10.8,216,cruise,19.817,19.536,30.484,26.536,3.948,0.281,1.56,30.484,19.817,3.948,0.281,0.636,0.0,1,0.0
4,10.85,217,cruise,19.785,19.589,30.495,26.589,3.906,0.195,1.557,29.506,19.817,2.916,0.228,0.496,0.0,0,0.05
4,10.9,218,cruise,19.794,19.638,30.504,26.638,3.865,0.155,1.553,30.504,19.794,3.865,0.155,0.621,0.0,1,0.0
4,10.95,219,cruise,19.836,19.679,30.511,26.679,3.832,0.157,1.55,29.521,19.794,2.841,0.114,0.483,0.0,0,0.05
4,11.0,220,cruise,19.893,19.718,30.52,26.718,3.802,0.175,1.548,28.535,19.794,1.818,0.076,0.345,0.0,0,0.1
4,11.05,221,cruise,19.936,19.736,30.529,26.736,3.794,0.2,1.547,30.529,19.936,3.794,0.2,0.613,0.0,1,0.0
4,11.1,222,cruise,19.945,19.738,30.54,26.738,3.802,0.207,1.547,30.54,19.945,3.802,0.207,0.614,0.0,1,0.0
4,11.15,223,cruise,19.918,19.755,30.549,26.755,3.794,0.163,1.546,30.549,19.918,3.794,0.163,0.611,0.0,1,0.0
4,11.2,224,cruise,19.872,19.785,30.555,26.785,3.77,0.087,1.544,30.555,19.872,3.77,0.087,0.606,0.0,1,0.0
4,11.25,225,cruise,19.828,19.822,30.557,26.822,3.735,0.006,1.542,29.565,19.872,2.743,0.05,0.467,0.0,0,0.05
4,11.3,226,cruise,19.806,19.856,30.555,26.856,3.7,-0.05,1.539,30.555,19.806,3.7,-0.05,0.592,0.0,1,0.0
4,11.35,227,cruise,19.817,19.883,30.552,26.883,3.67,-0.066,1.537,30.552,19.817,3.67,-0.066,0.587,0.0,1,0.0
4,11.4,228,cruise,19.853,19.916,30.549,26.916,3.633,-0.063,1.534,30.549,19.853,3.633,-0.063,0.582,0.0,1,0.0
4,11.45,229,cruise,19.895,19.952,30.546,26.952,3.595,-0.056,1.531,30.546,19.895,3.595,-0.056,0.577,0.0,1,0.0
4,11.5,230,cruise,19.923,19.989,30.543,26.989,3.554,-0.066,1.528,30.543,19.923,3.554,-0.066,0.572,0.0,1,0.0
4,11.55,231,cruise,19.923,20.026,30.539,27.026,3.512,-0.104,1.525,30.539,19.923,3.512,-0.104,0.565,0.0,1,0.0
4,11.6,232,cruise,19.899,20.063,30.532,27.063,3.469,-0.165,1.522,30.532,19.899,3.469,-0.165,0.557,0.0,1,0.0
4,11.65,233,cruise,19.864,20.098,30.522,27.098,3.423,-0.235,1.519,30.522,19.864,3.423,-0.235,0.549,0.0,1,0.0
4,11.7,234,cruise,19.835,20.131,30.508,27.131,3.376,-0.296,1.515,30.508,19.835,3.376,-0.296,0.54,0.0,1,0.0
4,11.75,235,cruise,19.826,20.162,30.492,27.162,3.33,-0.336,1.512,30.492,19.826,3.33,-0.336,0.533,0.0,1,0.0
4,11.8,236,cruise,19.839,20.19,30.474,27.19,3.285,-0.35,1.509,29.483,19.826,2.293,-0.364,0.394,0.0,0,0.05
4,11.85,237,cruise,19.867,20.207,30.457,27.207,3.25,-0.34,1.507,30.457,19.867,3.25,-0.34,0.522,0.0,1,0.0
4,11.9,238,cruise,19.894,20.213,30.441,27.213,3.227,-0.319,1.506,30.441,19.894,3.227,-0.319,0.52,0.0,1,0.0
4,11.95,239,cruise,19.907,20.223,30.425,27.223,3.202,-0.316,1.504,29.43,19.894,2.207,-0.329,0.383,0.0,0,0.05
4,12.0,240,cruise,19.902,20.227,30.409,27.227,3.182,-0.326,1.503,28.419,19.894,1.191,-0.333,0.248,0.0,0,0.1
4,12.05,241,cruise,19.882,20.21,30.393,27.21,3.183,-0.327,1.504,27.408,19.894,0.198,-0.316,0.116,0.0,0,0.15
4,12.1,242,cruise,19.86,20.161,30.377,27.161,3.216,-0.301,1.507,26.398,19.894,-0.763,-0.267,0.0,0.008,0,0.2
4,12.15,243,cruise,19.845,20.077,30.364,27.077,3.287,-0.232,1.512,30.364,19.845,3.287,-0.232,0.53,0.0,1,0.0
4,12.2,244,cruise,19.845,19.973,30.355,26.973,3.382,-0.128,1.52,29.363,19.845,2.39,-0.128,0.414,0.0,0,0.05
4,12.25,245,cruise,19.857,19.886,30.352,26.886,3.466,-0.029,1.526,30.352,19.857,3.466,-0.029,0.561,0.0,1,0.0
4,12.3,246,cruise,19.875,19.828,30.353,26.828,3.525,0.047,1.531,30.353,19.875,3.525,0.047,0.571,0.0,1,0.0
4,12.35,247,cruise,19.889,19.803,30.357,26.803,3.553,0.086,1.533,30.357,19.889,3.553,0.086,0.577,0.0,1,0.0
4,12.4,248,cruise,19.893,19.8,30.361,26.8,3.561,0.093,1.533,29.367,19.889,2.567,0.089,0.445,0.0,0,0.05
4,12.45,249,cruise,19.887,19.804,30.366,26.804,3.562,0.083,1.533,30.366,19.887,3.562,0.083,0.578,0.0,1,0.0
4,12.5,250,cruise,19.873,19.809,30.369,26.809,3.56,0.064,1.533,30.369,19.873,3.56,0.064,0.577,0.0,1,0.0
4,12.55,251,cruise,19.861,19.826,30.371,26.826,3.545,0.034,1.532,29.378,19.873,2.552,0.047,0.442,0.0,0,0.05
4,12.6,252,cruise,19.855,19.843,30.372,26.843,3.529,0.012,1.531,30.372,19.855,3.529,0.012,0.571,0.0,1,0.0
4,12.65,253,cruise,19.857,19.856,30.373,26.856,3.517,0.001,1.53,30.373,19.857,3.517,0.001,0.569,0.0,1,0.0
4,12.7,254,cruise,19.867,19.877,30.372,26.877,3.495,-0.01,1.528,30.372,19.867,3.495,-0.01,0.566,0.0,1,0.0
4,12.75,255,cruise,19.877,19.903,30.371,26.903,3.468,-0.026,1.526,30.371,19.877,3.468,-0.026,0.562,0.0,1,0.0
4,12.8,256,cruise,19.884,19.932,30.369,26.932,3.438,-0.048,1.524,30.369,19.884,3.438,-0.048,0.557,0.0,1,0.0
4,12.85,257,cruise,19.884,19.961,30.366,26.961,3.405,-0.078,1.521,29.372,19.884,2.411,-0.078,0.419,0.0,0,0.05
4,12.9,258,cruise,19.878,19.984,30.361,26.984,3.378,-0.106,1.519,30.361,19.878,3.378,-0.106,0.547,0.0,1,0.0
4,12.95,259,cruise,19.869,19.997,30.355,26.997,3.359,-0.127,1.518,29.362,19.878,2.365,-0.119,0.411,0.0,0,0.05
4,13.0,260,cruise,19.863,20.007,30.349,27.007,3.342,-0.144,1.517,30.349,19.863,3.342,-0.144,0.541,0.0,1,0.0
4,13.05,261,cruise,19.861,20.011,30.341,27.011,3.33,-0.15,1.516,30.341,19.861,3.33,-0.15,0.539,0.0,1,0.0
4,13.1,262,cruise,19.865,20.022,30.333,27.022,3.311,-0.157,1.515,29.34,19.861,2.318,-0.161,0.404,0.0,0,0.05
4,13.15,263,cruise,19.871,20.03,30.325,27.03,3.295,-0.159,1.514,30.325,19.871,3.295,-0.159,0.534,0.0,1,0.0
4,13.2,264,cruise,19.877,20.032,30.318,27.032,3.286,-0.155,1.513,30.318,19.877,3.286,-0.155,0.533,0.0,1,0.0
4,13.25,265,cruise,19.879,20.041,30.31,27.041,3.269,-0.161,1.512,30.31,19.879,3.269,-0.161,0.531,0.0,1,0.0
4,13.3,266,cruise,19.878,20.054,30.301,27.054,3.248,-0.176,1.511,29.307,19.879,2.254,-0.174,0.395,0.0,0,0.05
4,13.35,267,cruise,19.873,20.062,30.292,27.062,3.231,-0.188,1.51,30.292,19.873,3.231,-0.188,0.524,0.0,1,0.0
4,13.4,268,cruise,19.869,20.062,30.283,27.062,3.22,-0.194,1.509,30.283,19.869,3.22,-0.194,0.523,0.0,1,0.0
4,13.45,269,cruise,19.866,20.069,30.273,27.069,3.204,-0.203,1.508,30.273,19.866,3.204,-0.203,0.52,0.0,1,0.0
4,13.5,270,cruise,19.866,20.079,30.262,27.079,3.183,-0.213,1.507,29.269,19.866,2.19,-0.213,0.385,0.0,0,0.05
4,13.55,271,cruise,19.869,20.084,30.251,27.084,3.168,-0.215,1.506,30.251,19.869,3.168,-0.215,0.515,0.0,1,0.0
4,13.6,272,cruise,19.873,20.081,30.241,27.081,3.16,-0.209,1.506,30.241,19.873,3.16,-0.209,0.514,0.0,1,0.0
4,13.65,273,cruise,19.875,20.084,30.23,27.084,3.146,-0.209,1.505,30.23,19.875,3.146,-0.209,0.513,0.0,1,0.0
4,13.7,274,cruise,19.876,20.091,30.22,27.091,3.128,-0.215,1.504,30.22,19.876,3.128,-0.215,0.51,0.0,1,0.0
4,13.75,275,cruise,19.874,20.1,30.209,27.1,3.108,-0.226,1.503,30.209,19.874,3.108,-0.226,0.507,0.0,1,0.0
4,13.8,276,cruise,19.872,20.111,30.197,27.111,3.086,-0.239,1.502,29.203,19.874,2.093,-0.236,0.371,0.0,0,0.05
4,13.85,277,cruise,19.869,20.113,30.185,27.113,3.071,-0.244,1.501,30.185,19.869,3.071,-0.244,0.501,0.0,1,0.0
4,13.9,278,cruise,19.868,20.108,30.173,27.108,3.065,-0.24,1.501,30.173,19.868,3.065,-0.24,0.501,0.0,1,0.0
4,13.95,279,cruise,19.869,20.107,30.161,27.107,3.054,-0.238,1.5,30.161,19.869,3.054,-0.238,0.499,0.0,1,0.0
4,14.0,280,cruise,19.871,20.11,30.149,27.11,3.039,-0.239,1.499,29.155,19.869,2.046,-0.241,0.365,0.0,0,0.05
4,14.05,281,cruise,19.873,20.107,30.137,27.107,3.03,-0.234,1.499,30.137,19.873,3.03,-0.234,0.496,0.0,1,0.0
4,14.1,282,cruise,19.874,20.096,30.126,27.096,3.029,-0.222,1.499,30.126,19.874,3.029,-0.222,0.496,0.0,1,0.0
4,14.15,283,cruise,19.874,20.092,30.115,27.092,3.022,-0.218,1.499,30.115,19.874,3.022,-0.218,0.496,0.0,1,0.0
4,14.2,284,cruise,19.873,20.092,30.104,27.092,3.012,-0.22,1.498,30.104,19.873,3.012,-0.22,0.494,0.0,1,0.0
4,14.25,285,cruise,19.871,20.095,30.093,27.095,2.998,-0.224,1.498,30.093,19.871,2.998,-0.224,0.492,0.0,1,0.0
4,14.3,286,cruise,19.87,20.099,30.081,27.099,2.983,-0.229,1.497,30.081,19.87,2.983,-0.229,0.49,0.0,1,0.0
4,14.35,287,cruise,19.869,20.103,30.07,27.103,2.967,-0.234,1.496,29.076,19.87,1.973,-0.233,0.355,0.0,0,0.05
4,14.4,288,cruise,19.87,20.1,30.058,27.1,2.958,-0.23,1.495,30.058,19.87,2.958,-0.23,0.487,0.0,1,0.0
4,14.45,289,cruise,19.872,20.088,30.047,27.088,2.959,-0.217,1.496,30.047,19.872,2.959,-0.217,0.487,0.0,1,0.0
4,14.5,290,cruise,19.873,20.082,30.036,27.082,2.954,-0.209,1.496,30.036,19.873,2.954,-0.209,0.487,0.0,1,0.0
4,14.55,291,cruise,19.873,20.08,30.026,27.08,2.947,-0.206,1.495,30.026,19.873,2.947,-0.206,0.486,0.0,1,0.0
4,14.6,292,cruise,19.873,20.079,30.016,27.079,2.936,-0.206,1.495,29.022,19.873,1.943,-0.206,0.352,0.0,0,0.05
4,14.65,293,cruise,19.872,20.073,30.005,27.073,2.933,-0.2,1.495,30.005,19.872,2.933,-0.2,0.484,0.0,1,0.0
4,14.7,294,cruise,19.871,20.059,29.995,27.059,2.937,-0.187,1.495,29.002,19.872,1.944,-0.186,0.353,0.0,0,0.05
4,14.75,295,cruise,19.87,20.043,29.987,27.043,2.944,-0.173,1.496,29.987,19.87,2.944,-0.173,0.487,0.0,1,0.0
4,14.8,296,cruise,19.87,20.023,29.979,27.023,2.956,-0.153,1.497,28.985,19.87,1.962,-0.153,0.357,0.0,0,0.05
4,14.85,297,cruise,19.87,20.004,29.972,27.004,2.968,-0.134,1.498,27.984,19.87,0.98,-0.134,0.226,0.0,0,0.1
4,14.9,298,cruise,19.871,19.969,29.966,26.969,2.997,-0.098,1.501,29.966,19.871,2.997,-0.098,0.496,0.0,1,0.0
4,14.95,299,cruise,19.872,19.923,29.963,26.923,3.04,-0.051,1.504,29.963,19.872,3.04,-0.051,0.504,0.0,1,0.0
4,15.0,300,cruise,19.873,19.893,29.961,26.893,3.069,-0.02,1.506,28.968,19.872,2.075,-0.021,0.376,0.0,0,0.05
4,15.05,301,cruise,19.873,19.87,29.961,26.87,3.091,0.003,1.508,27.974,19.872,1.104,0.002,0.247,0.0,0,0.1
4,15.1,302,cruise,19.872,19.835,29.962,26.835,3.127,0.037,1.511,29.962,19.872,3.127,0.037,0.518,0.0,1,0.0
4,15.15,303,cruise,19.871,19.792,29.965,26.792,3.173,0.079,1.514,29.965,19.871,3.173,0.079,0.526,0.0,1,0.0
4,15.2,304,cruise,19.87,19.767,29.97,26.767,3.203,0.103,1.516,29.97,19.87,3.203,0.103,0.53,0.0,1,0.0
4,15.25,305,cruise,19.87,19.758,29.975,26.758,3.217,0.112,1.517,29.975,19.87,3.217,0.112,0.533,0.0,1,0.0
4,15.3,306,cruise,19.871,19.76,29.981,26.76,3.221,0.11,1.517,28.987,19.87,2.227,0.11,0.401,0.0,0,0.05
4,15.35,307,cruise,19.871,19.762,29.986,26.762,3.225,0.11,1.517,27.999,19.87,1.238,0.108,0.269,0.0,0,0.1
4,15.4,308,cruise,19.872,19.746,29.992,26.746,3.247,0.126,1.519,29.992,19.872,3.247,0.126,0.537,0.0,1,0.0
4,15.45,309,cruise,19.872,19.717,30.0,26.717,3.283,0.156,1.522,29.006,19.872,2.289,0.155,0.41,0.0,0,0.05
4,15.5,310,cruise,19.872,19.696,30.008,26.696,3.312,0.176,1.524,30.008,19.872,3.312,0.176,0.547,0.0,1,0.0
4,15.55,311,cruise,19.872,19.681,30.017,26.681,3.336,0.19,1.525,30.017,19.872,3.336,0.19,0.551,0.0,1,0.0
4,15.6,312,cruise,19.871,19.682,30.027,26.682,3.345,0.19,1.526,30.027,19.871,3.345,0.19,0.552,0.0,1,0.0
4,15.65,313,cruise,19.871,19.692,30.036,26.692,3.344,0.179,1.525,30.036,19.871,3.344,0.179,0.552,0.0,1,0.0
4,15.7,314,cruise,19.871,19.71,30.044,26.71,3.335,0.161,1.524,30.044,19.871,3.335,0.161,0.55,0.0,1,0.0
4,15.75,315,cruise,19.871,19.731,30.052,26.731,3.32,0.14,1.523,30.052,19.871,3.32,0.14,0.547,0.0,1,0.0
4,15.8,316,cruise,19.872,19.755,30.058,26.755,3.303,0.116,1.522,30.058,19.872,3.303,0.116,0.544,0.0,1,0.0
4,15.85,317,cruise,19.872,19.78,30.063,26.78,3.283,0.092,1.52,30.063,19.872,3.283,0.092,0.541,0.0,1,0.0
4,15.9,318,cruise,19.872,19.806,30.067,26.806,3.261,0.066,1.518,30.067,19.872,3.261,0.066,0.537,0.0,1,0.0
4,15.95,319,cruise,19.872,19.831,30.069,26.831,3.239,0.041,1.516,30.069,19.872,3.239,0.041,0.533,0.0,1,0.0
4,16.0,320,cruise,19.872,19.855,30.071,26.855,3.216,0.016,1.515,30.071,19.872,3.216,0.016,0.529,0.0,1,0.0
4,16.05,321,cruise,19.871,19.878,30.071,26.878,3.192,-0.007,1.513,30.071,19.871,3.192,-0.007,0.525,0.0,1,0.0
4,16.1,322,cruise,19.871,19.901,30.07,26.901,3.169,-0.03,1.511,30.07,19.871,3.169,-0.03,0.522,0.0,1,0.0
4,16.15,323,cruise,19.871,19.922,30.068,26.922,3.146,-0.051,1.509,30.068,19.871,3.146,-0.051,0.518,0.0,1,0.0
4,16.2,324,cruise,19.871,19.942,30.065,26.942,3.123,-0.071,1.508,30.065,19.871,3.123,-0.071,0.514,0.0,1,0.0
4,16.25,325,cruise,19.872,19.96,30.061,26.96,3.101,-0.088,1.506,30.061,19.872,3.101,-0.088,0.511,0.0,1,0.0
4,16.3,326,cruise,19.872,19.976,30.056,26.976,3.08,-0.104,1.505,29.062,19.872,2.086,-0.104,0.375,0.0,0,0.05
4,16.35,327,cruise,19.872,19.983,30.05,26.983,3.067,-0.112,1.504,30.05,19.872,3.067,-0.112,0.505,0.0,1,0.0
4,16.4,328,cruise,19.872,19.981,30.044,26.981,3.063,-0.11,1.504,30.044,19.872,3.063,-0.11,0.505,0.0,1,0.0
4,16.45,329,cruise,19.871,19.983,30.039,26.983,3.055,-0.112,1.503,30.039,19.871,3.055,-0.112,0.504,0.0,1,0.0
4,16.5,330,cruise,19.871,19.989,30.033,26.989,3.044,-0.118,1.502,30.033,19.871,3.044,-0.118,0.502,0.0,1,0.0
4,16.55,331,cruise,19.871,19.996,30.027,26.996,3.031,-0.125,1.502,30.027,19.871,3.031,-0.125,0.5,0.0,1,0.0
4,16.6,332,cruise,19.871,20.004,30.021,27.004,3.017,-0.132,1.501,30.021,19.871,3.017,-0.132,0.498,0.0,1,0.0
4,16.65,333,cruise,19.871,20.012,30.014,27.012,3.002,-0.14,1.5,29.02,19.871,2.008,-0.14,0.363,0.0,0,0.05
4,16.7,334,cruise,19.872,20.012,30.007,27.012,2.995,-0.141,1.499,30.007,19.872,2.995,-0.141,0.495,0.0,1,0.0
4,16.75,335,cruise,19.872,20.004,30.0,27.004,2.996,-0.132,1.5,29.006,19.872,2.002,-0.132,0.363,0.0,0,0.05
4,16.8,336,cruise,19.872,19.993,29.994,26.993,3.0,-0.122,1.5,29.994,19.872,3.0,-0.122,0.496,0.0,1,0.0
4,16.85,337,cruise,19.872,19.978,29.988,26.978,3.01,-0.107,1.501,29.988,19.872,3.01,-0.107,0.498,0.0,1,0.0
4,16.9,338,cruise,19.871,19.971,29.983,26.971,3.012,-0.099,1.501,29.983,19.871,3.012,-0.099,0.498,0.0,1,0.0
4,16.95,339,cruise,19.871,19.969,29.978,26.969,3.009,-0.098,1.501,29.978,19.871,3.009,-0.098,0.498,0.0,1,0.0
4,17.0,340,cruise,19.871,19.971,29.973,26.971,3.002,-0.1,1.501,29.973,19.871,3.002,-0.1,0.497,0.0,1,0.0
4,17.05,341,cruise,19.871,19.976,29.968,26.976,2.992,-0.104,1.5,29.968,19.871,2.992,-0.104,0.496,0.0,1,0.0
4,17.1,342,cruise,19.871,19.981,29.963,26.981,2.982,-0.11,1.5,28.969,19.871,1.988,-0.11,0.361,0.0,0,0.05
4,17.15,343,cruise,19.872,19.98,29.957,26.98,2.978,-0.108,1.499,27.97,19.871,0.99,-0.108,0.228,0.0,0,0.1
4,17.2,344,cruise,19.872,19.956,29.952,26.956,2.996,-0.084,1.501,29.952,19.872,2.996,-0.084,0.497,0.0,1,0.0
4,17.25,345,cruise,19.872,19.917,29.949,26.917,3.032,-0.046,1.504,29.949,19.872,3.032,-0.046,0.503,0.0,1,0.0
4,17.3,346,cruise,19.868,19.892,29.948,26.892,3.056,-0.024,1.506,29.948,19.868,3.056,-0.024,0.507,0.0,1,0.0
4,17.35,347,cruise,19.868,19.88,29.947,26.88,3.067,-0.012,1.506,28.954,19.868,2.074,-0.012,0.376,0.0,0,0.05
4,17.4,348,cruise,19.848,19.869,29.946,26.869,3.077,-0.021,1.507,29.946,19.848,3.077,-0.021,0.51,0.0,1,0.0
4,17.45,349,cruise,19.855,19.855,29.945,26.855,3.09,-0.001,1.508,29.945,19.855,3.09,-0.001,0.512,0.0,1,0.0
4,17.5,350,cruise,19.849,19.851,29.945,26.851,3.094,-0.003,1.508,28.953,19.855,2.101,0.004,0.38,0.0,0,0.05
4,17.55,351,cruise,19.867,19.846,29.945,26.846,3.099,0.02,1.509,29.945,19.867,3.099,0.02,0.514,0.0,1,0.0
4,17.6,352,cruise,19.855,19.837,29.945,26.837,3.108,0.018,1.51,29.945,19.855,3.108,0.018,0.515,0.0,1,0.0
4,17.65,353,cruise,19.841,19.836,29.943,26.836,3.107,0.005,1.51,29.943,19.841,3.107,0.005,0.514,0.0,1,0.0
4,17.7,354,cruise,19.851,19.841,29.939,26.841,3.098,0.01,1.509,29.939,19.851,3.098,0.01,0.513,0.0,1,0.0
4,17.75,355,cruise,19.868,19.849,29.935,26.849,3.086,0.019,1.508,29.935,19.868,3.086,0.019,0.512,0.0,1,0.0
4,17.8,356,cruise,19.838,19.86,29.931,26.86,3.071,-0.022,1.507,29.931,19.838,3.071,-0.022,0.509,0.0,1,0.0
4,17.85,357,cruise,19.844,19.872,29.927,26.872,3.055,-0.028,1.506,29.927,19.844,3.055,-0.028,0.506,0.0,1,0.0
4,17.9,358,cruise,19.869,19.883,29.919,26.883,3.036,-0.015,1.505,29.919,19.869,3.036,-0.015,0.504,0.0,1,0.0
4,17.95,359,cruise,19.892,19.895,29.911,26.895,3.016,-0.004,1.503,29.911,19.892,3.016,-0.004,0.502,0.0,1,0.0
4,18.0,360,cruise,19.9,19.907,29.903,26.907,2.996,-0.006,1.502,29.903,19.9,2.996,-0.006,0.499,0.0,1,0.0
4,18.05,361,cruise,19.889,19.917,29.893,26.917,2.976,-0.028,1.501,29.893,19.889,2.976,-0.028,0.496,0.0,1,0.0
4,18.1,362,cruise,19.863,19.927,29.883,26.927,2.956,-0.064,1.5,29.883,19.863,2.956,-0.064,0.492,0.0,1,0.0
4,18.15,363,cruise,19.849,19.936,29.872,26.936,2.936,-0.088,1.498,28.888,19.863,1.951,-0.073,0.358,0.0,0,0.05
4,18.2,364,cruise,19.833,19.937,29.861,26.937,2.925,-0.103,1.498,29.861,19.833,2.925,-0.103,0.487,0.0,1,0.0
4,18.25,365,cruise,19.847,19.928,29.852,26.928,2.924,-0.081,1.498,29.852,19.847,2.924,-0.081,0.487,0.0,1,0.0
4,18.3,366,cruise,19.853,19.923,29.846,26.923,2.922,-0.071,1.498,29.846,19.853,2.922,-0.071,0.487,0.0,1,0.0
4,18.35,367,cruise,19.879,19.922,29.842,26.922,2.92,-0.043,1.498,28.852,19.853,1.93,-0.07,0.355,0.0,0,0.05
4,18.4,368,cruise,19.884,19.916,29.841,26.916,2.925,-0.031,1.498,29.841,19.884,2.925,-0.031,0.489,0.0,1,0.0
4,18.45,369,cruise,19.892,19.902,29.842,26.902,2.94,-0.01,1.499,28.849,19.884,1.947,-0.018,0.359,0.0,0,0.05
4,18.5,370,cruise,19.876,19.888,29.844,26.888,2.957,-0.012,1.501,27.858,19.884,0.97,-0.003,0.229,0.0,0,0.1
4,18.55,371,cruise,19.868,19.856,29.848,26.856,2.992,0.012,1.503,26.868,19.884,0.013,0.028,0.103,0.0,0,0.15
4,18.6,372,cruise,19.851,19.798,29.854,26.798,3.057,0.053,1.508,25.882,19.884,-0.916,0.087,0.0,0.015,0,0.2
4,18.65,373,cruise,19.853,19.706,29.865,26.706,3.159,0.147,1.516,24.899,19.884,-1.807,0.178,0.0,0.102,0,0.25
4,18.7,374,cruise,19.856,19.575,29.881,26.575,3.307,0.281,1.527,29.881,19.856,3.307,0.281,0.55,0.0,1,0.0
4,18.75,375,cruise,19.871,19.449,29.906,26.449,3.457,0.422,1.538,29.906,19.871,3.457,0.422,0.575,0.0,1,0.0
4,18.8,376,cruise,19.879,19.35,29.936,26.35,3.586,0.529,1.547,28.942,19.871,2.592,0.521,0.463,0.0,0,0.05
4,18.85,377,cruise,19.886,19.291,29.97,26.291,3.678,0.595,1.554,29.97,19.886,3.678,0.595,0.61,0.0,1,0.0
4,18.9,378,cruise,19.882,19.26,30.006,26.26,3.746,0.622,1.558,29.012,19.886,2.753,0.627,0.488,0.0,0,0.05
4,18.95,379,cruise,19.875,19.229,30.042,26.229,3.813,0.646,1.562,28.056,19.886,1.827,0.657,0.365,0.0,0,0.1
4,19.0,380,cruise,19.865,19.219,30.078,26.219,3.86,0.647,1.565,30.078,19.865,3.86,0.647,0.636,0.0,1,0.0
4,19.05,381,cruise,19.861,19.182,30.114,26.182,3.932,0.679,1.57,29.123,19.865,2.941,0.683,0.515,0.0,0,0.05
4,19.1,382,cruise,19.86,19.184,30.15,26.184,3.966,0.677,1.572,28.167,19.865,1.984,0.682,0.387,0.0,0,0.1
4,19.15,383,cruise,19.866,19.155,30.185,26.155,4.03,0.711,1.576,30.185,19.866,4.03,0.711,0.661,0.0,1,0.0
4,19.2,384,cruise,19.873,19.137,30.223,26.137,4.086,0.736,1.579,30.223,19.873,4.086,0.736,0.669,0.0,1,0.0
4,19.25,385,cruise,19.879,19.125,30.26,26.125,4.134,0.754,1.582,29.268,19.873,3.143,0.748,0.544,0.0,0,0.05
4,19.3,386,cruise,19.88,19.151,30.294,26.151,4.143,0.729,1.582,28.312,19.873,2.161,0.722,0.412,0.0,0,0.1
4,19.35,387,cruise,19.877,19.121,30.326,26.121,4.205,0.756,1.586,30.326,19.877,4.205,0.756,0.686,0.0,1,0.0
4,19.4,388,cruise,19.872,19.122,30.359,26.122,4.237,0.75,1.588,30.359,19.872,4.237,0.75,0.69,0.0,1,0.0
4,19.45,389,cruise,19.867,19.154,30.393,26.154,4.239,0.712,1.587,29.402,19.872,3.248,0.717,0.557,0.0,0,0.05
4,19.5,390,cruise,19.865,19.195,30.426,26.195,4.231,0.669,1.585,30.426,19.865,4.231,0.669,0.686,0.0,1,0.0
4,19.55,391,cruise,19.866,19.237,30.459,26.237,4.222,0.629,1.583,30.459,19.866,4.222,0.629,0.684,0.0,1,0.0
4,19.6,392,cruise,19.87,19.288,30.49,26.288,4.202,0.582,1.581,30.49,19.87,4.202,0.582,0.68,0.0,1,0.0
4,19.65,393,cruise,19.874,19.342,30.52,26.342,4.178,0.532,1.578,30.52,19.874,4.178,0.532,0.675,0.0,1,0.0
4,19.7,394,cruise,19.876,19.411,30.548,26.411,4.137,0.466,1.574,30.548,19.876,4.137,0.466,0.667,0.0,1,0.0
4,19.75,395,cruise,19.876,19.468,30.573,26.468,4.105,0.408,1.57,29.58,19.876,3.112,0.408,0.529,0.0,0,0.05
4,19.8,396,cruise,19.874,19.534,30.595,26.534,4.061,0.339,1.566,30.595,19.874,4.061,0.339,0.653,0.0,1,0.0
4,19.85,397,cruise,19.87,19.57,30.614,26.57,4.044,0.3,1.564,30.614,19.87,4.044,0.3,0.649,0.0,1,0.0
4,19.9,398,cruise,19.868,19.631,30.631,26.631,3.999,0.236,1.56,29.638,19.87,3.007,0.239,0.509,0.0,0,0.05
4,19.95,399,cruise,19.867,19.671,30.644,26.671,3.973,0.196,1.558,30.644,19.867,3.973,0.196,0.636,0.0,1,0.0
4,20.0,400,cruise,19.869,19.718,30.655,26.718,3.938,0.151,1.555,29.663,19.867,2.945,0.15,0.498,0.0,0,0.05
4,20.05,401,cruise,19.871,19.748,30.664,26.748,3.916,0.123,1.553,30.664,19.871,3.916,0.123,0.626,0.0,1,0.0
4,20.1,402,cruise,19.868,19.786,30.671,26.786,3.885,0.081,1.55,29.678,19.871,2.892,0.085,0.488,0.0,0,0.05
4,20.15,403,cruise,19.87,19.811,30.676,26.811,3.865,0.059,1.548,30.676,19.87,3.865,0.059,0.617,0.0,1,0.0
4,20.2,404,cruise,19.86,19.843,30.679,26.843,3.836,0.017,1.546,30.679,19.86,3.836,0.017,0.612,0.0,1,0.0
4,20.25,405,cruise,19.843,19.874,30.679,26.874,3.805,-0.031,1.544,30.679,19.843,3.805,-0.031,0.606,0.0,1,0.0
4,20.3,406,cruise,19.855,19.918,30.677,26.918,3.759,-0.062,1.54,29.686,19.843,2.768,-0.074,0.467,0.0,0,0.05
4,20.35,407,cruise,19.855,19.949,30.673,26.949,3.723,-0.095,1.538,30.673,19.855,3.723,-0.095,0.593,0.0,1,0.0
4,20.4,408,cruise,19.874,19.979,30.667,26.979,3.688,-0.105,1.535,30.667,19.874,3.688,-0.105,0.588,0.0,1,0.0
4,20.45,409,cruise,19.868,20.01,30.66,27.01,3.65,-0.141,1.532,30.66,19.868,3.65,-0.141,0.582,0.0,1,0.0
4,20.5,410,cruise,19.822,20.047,30.648,27.047,3.601,-0.225,1.529,29.659,19.868,2.612,-0.179,0.442,0.0,0,0.05
4,20.55,411,cruise,19.829,20.074,30.632,27.074,3.558,-0.246,1.526,30.632,19.829,3.558,-0.246,0.566,0.0,1,0.0
4,20.6,412,cruise,19.828,20.096,30.615,27.096,3.519,-0.268,1.523,29.629,19.829,2.533,-0.267,0.429,0.0,0,0.05
4,20.65,413,cruise,19.868,20.111,30.596,27.111,3.485,-0.244,1.521,30.596,19.868,3.485,-0.244,0.556,0.0,1,0.0
4,20.7,414,cruise,19.873,20.123,30.577,27.123,3.454,-0.249,1.519,30.577,19.873,3.454,-0.249,0.552,0.0,1,0.0
4,20.75,415,cruise,19.896,20.139,30.556,27.139,3.417,-0.243,1.517,30.556,19.896,3.417,-0.243,0.547,0.0,1,0.0
4,20.8,416,cruise,19.871,20.16,30.533,27.16,3.372,-0.29,1.514,30.533,19.871,3.372,-0.29,0.54,0.0,1,0.0
4,20.85,417,cruise,19.786,20.182,30.502,27.182,3.319,-0.396,1.511,29.525,19.871,2.343,-0.312,0.402,0.0,0,0.05
4,20.9,418,cruise,19.769,20.197,30.465,27.197,3.267,-0.428,1.508,28.517,19.871,1.32,-0.327,0.265,0.0,0,0.1
4,20.95,419,cruise,19.757,20.189,30.424,27.189,3.236,-0.432,1.507,30.424,19.757,3.236,-0.432,0.517,0.0,1,0.0
4,21.0,420,cruise,19.811,20.164,30.385,27.164,3.221,-0.352,1.507,30.385,19.811,3.221,-0.352,0.518,0.0,1,0.0
4,21.05,421,cruise,19.839,20.15,30.345,27.15,3.196,-0.311,1.506,30.345,19.839,3.196,-0.311,0.516,0.0,1,0.0
4,21.1,422,cruise,19.832,20.146,30.303,27.146,3.157,-0.314,1.504,30.303,19.832,3.157,-0.314,0.51,0.0,1,0.0
4,21.15,423,cruise,19.877,20.149,30.259,27.149,3.11,-0.272,1.502,30.259,19.877,3.11,-0.272,0.506,0.0,1,0.0
4,21.2,424,cruise,19.877,20.155,30.213,27.155,3.059,-0.278,1.499,30.213,19.877,3.059,-0.278,0.499,0.0,1,0.0
4,21.25,425,cruise,19.898,20.162,30.166,27.162,3.005,-0.264,1.496,29.213,19.877,2.051,-0.285,0.364,0.0,0,0.05
4,21.3,426,cruise,19.86,20.161,30.117,27.161,2.956,-0.301,1.494,28.212,19.877,1.051,-0.285,0.231,0.0,0,0.1
4,21.35,427,cruise,19.768,20.139,30.062,27.139,2.923,-0.371,1.493,27.213,19.877,0.075,-0.262,0.101,0.0,0,0.15
4,21.4,428,cruise,19.752,20.085,30.004,27.085,2.919,-0.334,1.494,30.004,19.752,2.919,-0.334,0.478,0.0,1,0.0
4,21.45,429,cruise,19.733,20.011,29.949,27.011,2.937,-0.278,1.497,29.949,19.733,2.937,-0.278,0.482,0.0,1,0.0
4,21.5,430,cruise,19.785,19.955,29.898,26.955,2.943,-0.17,1.498,29.898,19.785,2.943,-0.17,0.487,0.0,1,0.0
4,21.55,431,cruise,19.806,19.919,29.852,26.919,2.933,-0.113,1.499,29.852,19.806,2.933,-0.113,0.487,0.0,1,0.0
4,21.6,432,cruise,19.799,19.892,29.805,26.892,2.913,-0.093,1.498,29.805,19.799,2.913,-0.093,0.485,0.0,1,0.0
4,21.65,433,cruise,19.862,19.88,29.763,26.88,2.882,-0.018,1.497,29.763,19.862,2.882,-0.018,0.484,0.0,1,0.0
4,21.7,434,cruise,19.885,19.862,29.723,26.862,2.861,0.023,1.496,28.803,19.862,1.94,-0.0,0.359,0.0,0,0.05
4,21.75,435,cruise,19.927,19.852,29.69,26.852,2.838,0.075,1.496,29.69,19.927,2.838,0.075,0.481,0.0,1,0.0
4,21.8,436,cruise,19.89,19.817,29.66,26.817,2.843,0.073,1.497,29.66,19.89,2.843,0.073,0.481,0.0,1,0.0
4,21.85,437,cruise,19.787,19.808,29.628,26.808,2.82,-0.021,1.496,28.717,19.89,1.909,0.082,0.357,0.0,0,0.05
4,21.9,438,cruise,19.751,19.773,29.597,26.773,2.824,-0.022,1.497,29.597,19.751,2.824,-0.022,0.476,0.0,1,0.0
4,21.95,439,cruise,19.725,19.711,29.567,26.711,2.855,0.014,1.5,29.567,19.725,2.855,0.014,0.481,0.0,1,0.0
4,22.0,440,cruise,19.769,19.698,29.543,26.698,2.845,0.072,1.5,29.543,19.769,2.845,0.072,0.482,0.0,1,0.0
4,22.05,441,cruise,19.797,19.668,29.526,26.668,2.858,0.129,1.501,28.62,19.769,1.951,0.101,0.364,0.0,0,0.05
4,22.1,442,cruise,19.875,19.658,29.518,26.658,2.86,0.216,1.502,29.518,19.875,2.86,0.216,0.489,0.0,1,0.0
4,22.15,443,cruise,19.909,19.613,29.519,26.613,2.906,0.297,1.505,29.519,19.909,2.906,0.297,0.497,0.0,1,0.0
4,22.2,444,cruise,19.95,19.604,29.53,26.604,2.926,0.346,1.506,29.53,19.95,2.926,0.346,0.502,0.0,1,0.0
4,22.25,445,cruise,19.915,19.569,29.547,26.569,2.978,0.346,1.51,28.626,19.95,2.057,0.38,0.387,0.0,0,0.05
4,22.3,446,cruise,19.883,19.486,29.57,26.486,3.084,0.398,1.518,29.57,19.883,3.084,0.398,0.524,0.0,1,0.0
4,22.35,447,cruise,19.814,19.454,29.595,26.454,3.142,0.36,1.521,28.672,19.883,2.219,0.43,0.41,0.0,0,0.05
4,22.4,448,cruise,19.721,19.402,29.62,26.402,3.218,0.319,1.527,29.62,19.721,3.218,0.319,0.54,0.0,1,0.0
4,22.45,449,cruise,19.719,19.39,29.646,26.39,3.256,0.329,1.529,28.728,19.721,2.337,0.33,0.423,0.0,0,0.05
4,22.5,450,cruise,19.739,19.348,29.678,26.348,3.329,0.391,1.534,27.834,19.721,1.486,0.372,0.31,0.0,0,0.1
4,22.55,451,cruise,19.807,19.328,29.718,26.328,3.39,0.479,1.538,26.938,19.721,0.61,0.392,0.194,0.0,0,0.15
4,22.6,452,cruise,19.859,19.251,29.767,26.251,3.516,0.608,1.546,26.042,19.721,-0.209,0.47,0.088,0.0,0,0.2
4,22.65,453,cruise,19.931,19.099,29.826,26.099,3.728,0.833,1.562,29.826,19.931,3.728,0.833,0.625,0.0,1,0.0
4,22.7,454,cruise,19.947,18.991,29.895,25.991,3.904,0.955,1.574,29.895,19.947,3.904,0.955,0.652,0.0,1,0.0
4,22.75,455,cruise,19.942,18.879,29.97,25.879,4.091,1.062,1.587,29.024,19.947,3.145,1.067,0.555,0.0,0,0.05
4,22.8,456,cruise,19.873,18.846,30.048,25.846,4.202,1.027,1.594,28.152,19.947,2.306,1.101,0.444,0.0,0,0.1
4,22.85,457,cruise,19.823,18.787,30.126,25.787,4.339,1.036,1.604,27.277,19.947,1.49,1.16,0.337,0.0,0,0.15
4,22.9,458,cruise,19.767,18.761,30.206,25.761,4.444,1.006,1.61,26.4,19.947,0.639,1.185,0.225,0.0,0,0.2
4,22.95,459,cruise,19.776,18.682,30.288,25.682,4.606,1.095,1.621,30.288,19.776,4.606,1.095,0.751,0.0,1,0.0
4,23.0,460,cruise,19.791,18.629,30.376,25.629,4.747,1.162,1.631,30.376,19.791,4.747,1.162,0.772,0.0,1,0.0
4,23.05,461,cruise,19.855,18.566,30.47,25.566,4.904,1.289,1.641,30.47,19.855,4.904,1.289,0.797,0.0,1,0.0
4,23.1,462,cruise,19.898,18.586,30.569,25.586,4.983,1.311,1.645,29.611,19.855,4.025,1.269,0.679,0.0,0,0.05
4,23.15,463,cruise,19.906,18.598,30.667,25.598,5.07,1.308,1.649,30.667,19.906,5.07,1.308,0.82,0.0,1,0.0
4,23.2,464,cruise,19.919,18.563,30.765,25.563,5.201,1.356,1.657,30.765,19.919,5.201,1.356,0.839,0.0,1,0.0
4,23.25,465,cruise,19.894,18.616,30.859,25.616,5.243,1.278,1.658,29.897,19.919,4.281,1.303,0.714,0.0,0,0.05
4,23.3,466,cruise,19.869,18.637,30.949,25.637,5.311,1.231,1.661,30.949,19.869,5.311,1.231,0.849,0.0,1,0.0
4,23.35,467,cruise,19.825,18.719,31.032,25.719,5.313,1.107,1.658,30.069,19.869,4.351,1.15,0.718,0.0,0,0.05
4,23.4,468,cruise,19.819,18.773,31.108,25.773,5.334,1.045,1.657,31.108,19.819,5.334,1.045,0.846,0.0,1,0.0
4,23.45,469,cruise,19.806,18.876,31.177,25.876,5.301,0.93,1.652,31.177,19.806,5.301,0.93,0.838,0.0,1,0.0
4,23.5,470,cruise,19.847,18.952,31.241,25.952,5.289,0.895,1.648,30.276,19.806,4.324,0.855,0.705,0.0,0,0.05
4,23.55,471,cruise,19.87,19.015,31.299,26.015,5.284,0.855,1.646,31.299,19.87,5.284,0.855,0.833,0.0,1,0.0
4,23.6,472,cruise,19.909,19.125,31.352,26.125,5.227,0.784,1.639,31.352,19.909,5.227,0.784,0.823,0.0,1,0.0
4,23.65,473,cruise,19.902,19.213,31.399,26.213,5.186,0.689,1.634,31.399,19.902,5.186,0.689,0.814,0.0,1,0.0
4,23.7,474,cruise,19.897,19.341,31.441,26.341,5.099,0.556,1.626,30.469,19.902,4.128,0.561,0.669,0.0,0,0.05
4,23.75,475,cruise,19.856,19.425,31.474,26.425,5.049,0.43,1.62,31.474,19.856,5.049,0.43,0.788,0.0,1,0.0
4,23.8,476,cruise,19.839,19.538,31.501,26.538,4.962,0.301,1.612,31.501,19.839,4.962,0.301,0.772,0.0,1,0.0
4,23.85,477,cruise,19.814,19.62,31.521,26.62,4.901,0.195,1.607,31.521,19.814,4.901,0.195,0.76,0.0,1,0.0
4,23.9,478,cruise,19.835,19.737,31.537,26.737,4.8,0.098,1.598,30.567,19.814,3.83,0.077,0.613,0.0,0,0.05
4,23.95,479,cruise,19.845,19.81,31.549,26.81,4.739,0.036,1.593,29.606,19.814,2.796,0.005,0.473,0.0,0,0.1
4,24.0,480,cruise,19.862,19.889,31.557,26.889,4.668,-0.027,1.587,31.557,19.862,4.668,-0.027,0.721,0.0,1,0.0
4,24.05,481,cruise,19.896,19.913,31.564,26.913,4.651,-0.017,1.585,31.564,19.896,4.651,-0.017,0.72,0.0,1,0.0
4,24.1,482,cruise,19.906,19.914,31.57,26.914,4.656,-0.008,1.585,31.57,19.906,4.656,-0.008,0.721,0.0,1,0.0
4,24.15,483,cruise,19.904,19.981,31.574,26.981,4.593,-0.077,1.58,31.574,19.904,4.593,-0.077,0.71,0.0,1,0.0
4,24.2,484,cruise,19.875,20.045,31.573,27.045,4.528,-0.17,1.575,31.573,19.875,4.528,-0.17,0.698,0.0,1,0.0
4,24.25,485,cruise,19.854,20.131,31.568,27.131,4.437,-0.277,1.568,30.592,19.875,3.461,-0.256,0.553,0.0,0,0.05
4,24.3,486,cruise,19.815,20.182,31.557,27.182,4.374,-0.367,1.564,29.606,19.875,2.423,-0.308,0.413,0.0,0,0.1
4,24.35,487,cruise,19.75,20.234,31.539,27.234,4.304,-0.485,1.559,31.539,19.75,4.304,-0.485,0.658,0.0,1,0.0
4,24.4,488,cruise,19.656,20.241,31.512,27.241,4.271,-0.585,1.557,31.512,19.656,4.271,-0.585,0.65,0.0,1,0.0
4,24.45,489,cruise,19.655,20.282,31.479,27.282,4.197,-0.627,1.552,31.479,19.655,4.197,-0.627,0.639,0.0,1,0.0
4,24.5,490,cruise,19.721,20.301,31.444,27.301,4.144,-0.579,1.549,31.444,19.721,4.144,-0.579,0.633,0.0,1,0.0
4,24.55,491,cruise,19.808,20.305,31.411,27.305,4.107,-0.497,1.547,30.45,19.721,3.145,-0.583,0.5,0.0,0,0.05
4,24.6,492,cruise,19.895,20.35,31.381,27.35,4.031,-0.455,1.542,31.381,19.895,4.031,-0.455,0.622,0.0,1,0.0
4,24.65,493,cruise,19.966,20.373,31.351,27.373,3.979,-0.407,1.539,31.351,19.966,3.979,-0.407,0.617,0.0,1,0.0
4,24.7,494,cruise,19.988,20.417,31.322,27.417,3.906,-0.429,1.534,30.352,19.966,2.936,-0.451,0.476,0.0,0,0.05
4,24.75,495,cruise,19.952,20.434,31.291,27.434,3.857,-0.482,1.531,31.291,19.952,3.857,-0.482,0.598,0.0,1,0.0
4,24.8,496,cruise,19.882,20.465,31.257,27.465,3.792,-0.583,1.527,31.257,19.882,3.792,-0.583,0.586,0.0,1,0.0
4,24.85,497,cruise,19.809,20.468,31.219,27.468,3.751,-0.659,1.525,31.219,19.809,3.751,-0.659,0.578,0.0,1,0.0
4,24.9,498,cruise,19.762,20.504,31.178,27.504,3.675,-0.741,1.521,30.216,19.809,2.713,-0.695,0.439,0.0,0,0.05
4,24.95,499,cruise,19.748,20.503,31.139,27.503,3.636,-0.755,1.519,31.139,19.748,3.636,-0.755,0.56,0.0,1,0.0
4,25.0,500,cruise,19.786,20.491,31.103,27.491,3.612,-0.705,1.518,30.136,19.748,2.644,-0.743,0.428,0.0,0,0.05
4,25.05,501,cruise,19.83,20.507,31.073,27.507,3.566,-0.677,1.515,29.131,19.748,1.624,-0.758,0.291,0.0,0,0.1
4,25.1,502,cruise,19.901,20.485,31.049,27.485,3.564,-0.584,1.516,31.049,19.901,3.564,-0.584,0.556,0.0,1,0.0
4,25.15,503,cruise,19.945,20.463,31.032,27.463,3.569,-0.518,1.516,30.047,19.901,2.584,-0.562,0.426,0.0,0,0.05
4,25.2,504,cruise,19.957,20.426,31.021,27.426,3.594,-0.469,1.519,29.046,19.901,1.619,-0.526,0.298,0.0,0,0.1
4,25.25,505,cruise,19.917,20.402,31.012,27.402,3.61,-0.485,1.52,31.012,19.917,3.61,-0.485,0.565,0.0,1,0.0
4,25.3,506,cruise,19.865,20.341,31.003,27.341,3.662,-0.476,1.524,30.014,19.917,2.673,-0.425,0.442,0.0,0,0.05
4,25.35,507,cruise,19.807,20.321,30.996,27.321,3.675,-0.515,1.525,30.996,19.807,3.675,-0.515,0.573,0.0,1,0.0
4,25.4,508,cruise,19.786,20.284,30.988,27.284,3.704,-0.498,1.528,30.988,19.786,3.704,-0.498,0.577,0.0,1,0.0
4,25.45,509,cruise,19.796,20.289,30.981,27.289,3.692,-0.493,1.527,29.993,19.786,2.703,-0.503,0.444,0.0,0,0.05
4,25.5,510,cruise,19.846,20.273,30.976,27.273,3.703,-0.427,1.528,28.997,19.786,1.724,-0.486,0.314,0.0,0,0.1
4,25.55,511,cruise,19.898,20.266,30.974,27.266,3.708,-0.368,1.528,28.0,19.786,0.734,-0.48,0.182,0.0,0,0.15
4,25.6,512,cruise,19.939,20.214,30.975,27.214,3.761,-0.275,1.532,30.975,19.939,3.761,-0.275,0.592,0.0,1,0.0
4,25.65,513,cruise,19.94,20.162,30.979,27.162,3.817,-0.222,1.537,29.982,19.939,2.82,-0.223,0.469,0.0,0,0.05
4,25.7,514,cruise,19.911,20.109,30.983,27.109,3.874,-0.198,1.541,28.99,19.939,1.881,-0.17,0.345,0.0,0,0.1
4,25.75,515,cruise,19.864,20.076,30.987,27.076,3.911,-0.212,1.543,28.0,19.939,0.924,-0.137,0.219,0.0,0,0.15
4,25.8,516,cruise,19.824,20.02,30.99,27.02,3.97,-0.196,1.548,27.012,19.939,-0.008,-0.08,0.096,0.0,0,0.2
4,25.85,517,cruise,19.806,19.951,30.993,26.951,4.042,-0.145,1.553,26.026,19.939,-0.925,-0.012,0.0,0.018,0,0.25
4,25.9,518,cruise,19.822,19.826,31.0,26.826,4.174,-0.005,1.564,31.0,19.822,4.174,-0.005,0.656,0.0,1,0.0
4,25.95,519,cruise,19.859,19.644,31.014,26.644,4.37,0.215,1.579,30.023,19.822,3.379,0.178,0.556,0.0,0,0.05
4,26.0,520,cruise,19.901,19.422,31.037,26.422,4.615,0.478,1.598,29.054,19.822,2.632,0.4,0.464,0.0,0,0.1
4,26.05,521,cruise,19.924,19.296,31.067,26.296,4.771,0.627,1.61,31.067,19.924,4.771,0.627,0.757,0.0,1,0.0
4,26.1,522,cruise,19.92,19.251,31.099,26.251,4.848,0.669,1.615,30.105,19.924,3.854,0.672,0.636,0.0,0,0.05
4,26.15,523,cruise,19.893,19.256,31.13,26.256,4.874,0.637,1.617,31.13,19.893,4.874,0.637,0.771,0.0,1,0.0
4,26.2,524,cruise,19.859,19.283,31.158,26.283,4.875,0.576,1.616,31.158,19.859,4.875,0.576,0.769,0.0,1,0.0
4,26.25,525,cruise,19.833,19.334,31.182,26.334,4.847,0.498,1.613,31.182,19.833,4.847,0.498,0.763,0.0,1,0.0
4,26.3,526,cruise,19.827,19.403,31.202,26.403,4.799,0.424,1.608,31.202,19.827,4.799,0.424,0.754,0.0,1,0.0
4,26.35,527,cruise,19.843,19.486,31.22,26.486,4.734,0.358,1.602,31.22,19.843,4.734,0.358,0.743,0.0,1,0.0
4,26.4,528,cruise,19.871,19.577,31.235,26.577,4.658,0.295,1.596,30.244,19.843,3.667,0.266,0.598,0.0,0,0.05
4,26.45,529,cruise,19.897,19.666,31.249,26.666,4.583,0.231,1.589,31.249,19.897,4.583,0.231,0.719,0.0,1,0.0
4,26.5,530,cruise,19.907,19.735,31.26,26.735,4.525,0.172,1.584,31.26,19.907,4.525,0.172,0.709,0.0,1,0.0
4,26.55,531,cruise,19.899,19.823,31.268,26.823,4.445,0.076,1.577,31.268,19.899,4.445,0.076,0.695,0.0,1,0.0
4,26.6,532,cruise,19.879,19.894,31.271,26.894,4.377,-0.015,1.572,30.278,19.899,3.384,0.005,0.551,0.0,0,0.05
4,26.65,533,cruise,19.857,19.974,31.27,26.974,4.296,-0.117,1.566,31.27,19.857,4.296,-0.117,0.669,0.0,1,0.0
4,26.7,534,cruise,19.844,20.032,31.264,27.032,4.232,-0.188,1.561,31.264,19.844,4.232,-0.188,0.658,0.0,1,0.0
4,26.75,535,cruise,19.846,20.101,31.255,27.101,4.154,-0.255,1.555,31.255,19.846,4.154,-0.255,0.645,0.0,1,0.0
4,26.8,536,cruise,19.86,20.158,31.243,27.158,4.085,-0.299,1.55,30.251,19.846,3.093,-0.312,0.502,0.0,0,0.05
4,26.85,537,cruise,19.877,20.219,31.229,27.219,4.011,-0.341,1.545,31.229,19.877,4.011,-0.341,0.623,0.0,1,0.0
4,26.9,538,cruise,19.891,20.254,31.214,27.254,3.96,-0.363,1.541,31.214,19.891,3.96,-0.363,0.616,0.0,1,0.0
4,26.95,539,cruise,19.893,20.305,31.196,27.305,3.891,-0.412,1.536,30.202,19.891,2.897,-0.414,0.472,0.0,0,0.05
4,27.0,540,cruise,19.885,20.338,31.176,27.338,3.838,-0.453,1.533,31.176,19.885,3.838,-0.453,0.597,0.0,1,0.0
4,27.05,541,cruise,19.871,20.372,31.153,27.372,3.781,-0.5,1.529,30.159,19.885,2.788,-0.487,0.455,0.0,0,0.05
4,27.1,542,cruise,19.859,20.394,31.128,27.394,3.734,-0.534,1.526,31.128,19.859,3.734,-0.534,0.58,0.0,1,0.0
4,27.15,543,cruise,19.855,20.416,31.101,27.416,3.685,-0.561,1.523,31.101,19.855,3.685,-0.561,0.573,0.0,1,0.0
4,27.2,544,cruise,19.859,20.438,31.073,27.438,3.636,-0.579,1.52,31.073,19.859,3.636,-0.579,0.565,0.0,1,0.0
4,27.25,545,cruise,19.868,20.468,31.044,27.468,3.577,-0.599,1.517,31.044,19.868,3.577,-0.599,0.557,0.0,1,0.0
4,27.3,546,cruise,19.878,20.494,31.015,27.494,3.52,-0.616,1.513,30.021,19.868,2.527,-0.626,0.416,0.0,0,0.05
4,27.35,547,cruise,19.884,20.516,30.984,27.516,3.467,-0.632,1.51,30.984,19.884,3.467,-0.632,0.541,0.0,1,0.0
4,27.4,548,cruise,19.883,20.526,30.952,27.526,3.426,-0.643,1.508,30.952,19.883,3.426,-0.643,0.535,0.0,1,0.0
4,27.45,549,cruise,19.877,20.541,30.92,27.541,3.379,-0.665,1.505,30.92,19.877,3.379,-0.665,0.528,0.0,1,0.0
4,27.5,550,cruise,19.868,20.556,30.886,27.556,3.33,-0.688,1.503,29.893,19.877,2.336,-0.68,0.389,0.0,0,0.05
4,27.55,551,cruise,19.863,20.566,30.851,27.566,3.286,-0.703,1.5,30.851,19.863,3.286,-0.703,0.515,0.0,1,0.0
4,27.6,552,cruise,19.862,20.565,30.816,27.565,3.252,-0.703,1.499,30.816,19.862,3.252,-0.703,0.51,0.0,1,0.0
4,27.65,553,cruise,19.866,20.569,30.781,27.569,3.213,-0.703,1.497,29.788,19.862,2.219,-0.707,0.372,0.0,0,0.05
4,27.7,554,cruise,19.872,20.567,30.746,27.567,3.18,-0.695,1.495,30.746,19.872,3.18,-0.695,0.501,0.0,1,0.0
4,27.75,555,cruise,19.877,20.557,30.712,27.557,3.155,-0.68,1.494,30.712,19.877,3.155,-0.68,0.498,0.0,1,0.0
4,27.8,556,cruise,19.879,20.554,30.679,27.554,3.125,-0.675,1.493,30.679,19.879,3.125,-0.675,0.494,0.0,1,0.0
4,27.85,557,cruise,19.877,20.553,30.645,27.553,3.091,-0.676,1.491,30.645,19.877,3.091,-0.676,0.49,0.0,1,0.0
4,27.9,558,cruise,19.873,20.555,30.611,27.555,3.056,-0.682,1.489,30.611,19.873,3.056,-0.682,0.485,0.0,1,0.0
4,27.95,559,cruise,19.868,20.556,30.577,27.556,3.02,-0.688,1.487,30.577,19.868,3.02,-0.688,0.48,0.0,1,0.0
4,28.0,560,cruise,19.866,20.558,30.542,27.558,2.984,-0.692,1.486,29.549,19.868,1.991,-0.69,0.342,0.0,0,0.05
4,28.05,561,cruise,19.866,20.551,30.508,27.551,2.957,-0.684,1.485,30.508,19.866,2.957,-0.684,0.471,0.0,1,0.0
4,28.1,562,cruise,19.869,20.534,30.474,27.534,2.94,-0.665,1.484,30.474,19.869,2.94,-0.665,0.47,0.0,1,0.0
4,28.15,563,cruise,19.873,20.522,30.441,27.522,2.92,-0.649,1.483,30.441,19.873,2.92,-0.649,0.468,0.0,1,0.0
4,28.2,564,cruise,19.876,20.512,30.409,27.512,2.897,-0.637,1.482,30.409,19.876,2.897,-0.637,0.465,0.0,1,0.0
4,28.25,565,cruise,19.876,20.505,30.378,27.505,2.873,-0.629,1.482,29.384,19.876,1.879,-0.629,0.33,0.0,0,0.05
4,28.3,566,cruise,19.874,20.49,30.347,27.49,2.857,-0.616,1.481,30.347,19.874,2.857,-0.616,0.46,0.0,1,0.0
4,28.35,567,cruise,19.871,20.467,30.317,27.467,2.85,-0.596,1.481,30.317,19.871,2.85,-0.596,0.46,0.0,1,0.0
4,28.4,568,cruise,19.869,20.449,30.287,27.449,2.838,-0.58,1.481,29.294,19.871,1.845,-0.578,0.327,0.0,0,0.05
4,28.45,569,cruise,19.868,20.428,30.259,27.428,2.831,-0.56,1.481,28.272,19.871,0.844,-0.556,0.194,0.0,0,0.1
4,28.5,570,cruise,19.869,20.386,30.232,27.386,2.846,-0.517,1.483,30.232,19.869,2.846,-0.517,0.462,0.0,1,0.0
4,28.55,571,cruise,19.871,20.331,30.208,27.331,2.877,-0.46,1.486,30.208,19.871,2.877,-0.46,0.468,0.0,1,0.0
4,28.6,572,cruise,19.873,20.29,30.186,27.29,2.896,-0.417,1.488,30.186,19.873,2.896,-0.417,0.472,0.0,1,0.0
4,28.65,573,cruise,19.874,20.263,30.166,27.263,2.903,-0.389,1.489,30.166,19.874,2.903,-0.389,0.474,0.0,1,0.0
4,28.7,574,cruise,19.874,20.245,30.147,27.245,2.902,-0.371,1.489,29.154,19.874,1.909,-0.371,0.342,0.0,0,0.05
4,28.75,575,cruise,19.872,20.225,30.129,27.225,2.904,-0.353,1.49,28.142,19.874,0.917,-0.351,0.211,0.0,0,0.1
4,28.8,576,cruise,19.871,20.188,30.113,27.188,2.925,-0.317,1.492,27.132,19.874,-0.056,-0.314,0.082,0.0,0,0.15
4,28.85,577,cruise,19.87,20.123,30.099,27.123,2.976,-0.253,1.496,26.124,19.874,-0.998,-0.248,0.0,0.031,0,0.2
4,28.9,578,cruise,19.869,20.022,30.089,27.022,3.067,-0.152,1.503,25.121,19.874,-1.901,-0.148,0.0,0.119,0,0.25
4,28.95,579,cruise,19.87,19.882,30.085,26.882,3.203,-0.012,1.513,30.085,19.87,3.203,-0.012,0.527,0.0,1,0.0
4,29.0,580,cruise,19.872,19.751,30.089,26.751,3.338,0.12,1.523,30.089,19.872,3.338,0.12,0.549,0.0,1,0.0
4,29.05,581,cruise,19.873,19.652,30.098,26.652,3.446,0.221,1.532,30.098,19.873,3.446,0.221,0.567,0.0,1,0.0
4,29.1,582,cruise,19.873,19.597,30.111,26.597,3.514,0.276,1.537,30.111,19.873,3.514,0.276,0.578,0.0,1,0.0
4,29.15,583,cruise,19.873,19.574,30.126,26.574,3.552,0.299,1.539,30.126,19.873,3.552,0.299,0.584,0.0,1,0.0
4,29.2,584,cruise,19.872,19.574,30.141,26.574,3.567,0.298,1.54,30.141,19.872,3.567,0.298,0.586,0.0,1,0.0
4,29.25,585,cruise,19.871,19.588,30.155,26.588,3.567,0.282,1.539,30.155,19.871,3.567,0.282,0.585,0.0,1,0.0
4,29.3,586,cruise,19.87,19.613,30.168,26.613,3.556,0.257,1.538,29.175,19.871,2.562,0.258,0.45,0.0,0,0.05
4,29.35,587,cruise,19.87,19.636,30.18,26.636,3.545,0.235,1.537,28.193,19.871,1.558,0.235,0.316,0.0,0,0.1
4,29.4,588,cruise,19.871,19.64,30.192,26.64,3.552,0.231,1.537,30.192,19.871,3.552,0.231,0.581,0.0,1,0.0
4,29.45,589,cruise,19.872,19.63,30.204,26.63,3.574,0.242,1.539,30.204,19.872,3.574,0.242,0.585,0.0,1,0.0
4,29.5,590,cruise,19.872,19.635,30.216,26.635,3.581,0.237,1.539,30.216,19.872,3.581,0.237,0.585,0.0,1,0.0
4,29.55,591,cruise,19.872,19.653,30.227,26.653,3.574,0.219,1.538,30.227,19.872,3.574,0.219,0.584,0.0,1,0.0
4,29.6,592,cruise,19.872,19.68,30.237,26.68,3.557,0.192,1.536,30.237,19.872,3.557,0.192,0.581,0.0,1,0.0
4,29.65,593,cruise,19.871,19.712,30.246,26.712,3.534,0.159,1.534,30.246,19.871,3.534,0.159,0.577,0.0,1,0.0
4,29.7,594,cruise,19.871,19.747,30.253,26.747,3.506,0.124,1.532,30.253,19.871,3.506,0.124,0.572,0.0,1,0.0
4,29.75,595,cruise,19.871,19.783,30.258,26.783,3.475,0.088,1.53,30.258,19.871,3.475,0.088,0.566,0.0,1,0.0
4,29.8,596,cruise,19.871,19.819,30.261,26.819,3.442,0.053,1.527,29.268,19.871,2.449,0.052,0.428,0.0,0,0.05
4,29.85,597,cruise,19.871,19.846,30.263,26.846,3.417,0.025,1.525,30.263,19.871,3.417,0.025,0.556,0.0,1,0.0
4,29.9,598,cruise,19.871,19.864,30.264,26.864,3.399,0.007,1.524,29.27,19.871,2.406,0.007,0.421,0.0,0,0.05
4,29.95,599,cruise,19.872,19.879,30.264,26.879,3.385,-0.007,1.522,28.276,19.871,1.397,-0.008,0.286,0.0,0,0.1
4,30.0,600,cruise,19.872,19.873,30.263,26.873,3.39,-0.002,1.523,30.263,19.872,3.39,-0.002,0.552,0.0,1,0.0
4,30.05,601,cruise,19.872,19.853,30.264,26.853,3.41,0.018,1.524,29.27,19.872,2.417,0.018,0.423,0.0,0,0.05
4,30.1,602,cruise,19.872,19.84,30.265,26.84,3.425,0.032,1.525,30.265,19.872,3.425,0.032,0.558,0.0,1,0.0
4,30.15,603,cruise,19.871,19.831,30.267,26.831,3.436,0.04,1.526,30.267,19.871,3.436,0.04,0.559,0.0,1,0.0
4,30.2,604,cruise,19.871,19.837,30.269,26.837,3.432,0.035,1.526,30.269,19.871,3.432,0.035,0.559,0.0,1,0.0
4,30.25,605,cruise,19.871,19.851,30.27,26.851,3.419,0.02,1.525,29.277,19.871,2.425,0.02,0.424,0.0,0,0.05
4,30.3,606,cruise,19.871,19.864,30.271,26.864,3.407,0.007,1.524,30.271,19.871,3.407,0.007,0.554,0.0,1,0.0
4,30.35,607,cruise,19.872,19.872,30.271,26.872,3.399,-0.001,1.523,30.271,19.872,3.399,-0.001,0.553,0.0,1,0.0
4,30.4,608,cruise,19.872,19.888,30.27,26.888,3.383,-0.016,1.522,29.277,19.872,2.389,-0.016,0.418,0.0,0,0.05
4,30.45,609,cruise,19.872,19.901,30.269,26.901,3.369,-0.029,1.521,30.269,19.872,3.369,-0.029,0.548,0.0,1,0.0
4,30.5,610,cruise,19.872,19.908,30.268,26.908,3.36,-0.036,1.52,29.274,19.872,2.366,-0.036,0.414,0.0,0,0.05
4,30.55,611,cruise,19.871,19.914,30.266,26.914,3.351,-0.043,1.52,30.266,19.871,3.351,-0.043,0.545,0.0,1,0.0
4,30.6,612,cruise,19.871,19.917,30.263,26.917,3.347,-0.045,1.519,30.263,19.871,3.347,-0.045,0.545,0.0,1,0.0
4,30.65,613,cruise,19.871,19.928,30.261,26.928,3.333,-0.056,1.519,30.261,19.871,3.333,-0.056,0.543,0.0,1,0.0
4,30.7,614,cruise,19.871,19.944,30.258,26.944,3.314,-0.072,1.517,30.258,19.871,3.314,-0.072,0.539,0.0,1,0.0
4,30.75,615,cruise,19.871,19.963,30.253,26.963,3.29,-0.091,1.515,30.253,19.871,3.29,-0.091,0.536,0.0,1,0.0
4,30.8,616,cruise,19.872,19.984,30.248,26.984,3.265,-0.112,1.514,30.248,19.872,3.265,-0.112,0.532,0.0,1,0.0
4,30.85,617,cruise,19.872,20.005,30.242,27.005,3.237,-0.133,1.512,29.248,19.872,2.244,-0.133,0.395,0.0,0,0.05
4,30.9,618,cruise,19.872,20.018,30.235,27.018,3.217,-0.146,1.51,28.248,19.872,1.23,-0.146,0.259,0.0,0,0.1
4,30.95,619,cruise,19.871,20.008,30.228,27.008,3.22,-0.136,1.511,30.228,19.871,3.22,-0.136,0.525,0.0,1,0.0
4,31.0,620,cruise,19.871,19.981,30.222,26.981,3.24,-0.11,1.513,29.228,19.871,2.247,-0.11,0.396,0.0,0,0.05
4,31.05,621,cruise,19.871,19.96,30.217,26.96,3.257,-0.089,1.514,28.23,19.871,1.27,-0.088,0.266,0.0,0,0.1
4,31.1,622,cruise,19.871,19.929,30.213,26.929,3.285,-0.057,1.516,27.233,19.871,0.304,-0.057,0.139,0.0,0,0.15
4,31.15,623,cruise,19.871,19.875,30.212,26.875,3.337,-0.004,1.52,26.237,19.871,-0.637,-0.003,0.015,0.0,0,0.2
4,31.2,624,cruise,19.871,19.792,30.214,26.792,3.422,0.079,1.527,25.246,19.871,-1.546,0.079,0.0,0.078,0,0.25
4,31.25,625,cruise,19.872,19.67,30.222,26.67,3.552,0.202,1.536,30.222,19.872,3.552,0.202,0.58,0.0,1,0.0
4,31.3,626,cruise,19.872,19.547,30.236,26.547,3.688,0.324,1.547,30.236,19.872,3.688,0.324,0.603,0.0,1,0.0
4,31.35,627,cruise,19.871,19.453,30.255,26.453,3.802,0.418,1.555,30.255,19.871,3.802,0.418,0.621,0.0,1,0.0
4,31.4,628,cruise,19.871,19.406,30.277,26.406,3.872,0.466,1.56,29.284,19.871,2.878,0.466,0.499,0.0,0,0.05
4,31.45,629,cruise,19.871,19.387,30.301,26.387,3.914,0.484,1.563,28.314,19.871,1.927,0.484,0.373,0.0,0,0.1
4,31.5,630,cruise,19.871,19.372,30.326,26.372,3.953,0.499,1.565,30.326,19.871,3.953,0.499,0.644,0.0,1,0.0
4,31.55,631,cruise,19.871,19.358,30.351,26.358,3.993,0.513,1.568,30.351,19.871,3.993,0.513,0.65,0.0,1,0.0
4,31.6,632,cruise,19.871,19.369,30.377,26.369,4.008,0.503,1.568,29.383,19.871,3.014,0.503,0.519,0.0,0,0.05
4,31.65,633,cruise,19.871,19.392,30.401,26.392,4.009,0.48,1.568,30.401,19.871,4.009,0.48,0.651,0.0,1,0.0
4,31.7,634,cruise,19.871,19.42,30.424,26.42,4.005,0.452,1.567,30.424,19.871,4.005,0.452,0.649,0.0,1,0.0
4,31.75,635,cruise,19.871,19.461,30.445,26.461,3.984,0.41,1.564,30.445,19.871,3.984,0.41,0.645,0.0,1,0.0
4,31.8,636,cruise,19.871,19.512,30.464,26.512,3.953,0.36,1.561,30.464,19.871,3.953,0.36,0.639,0.0,1,0.0
4,31.85,637,cruise,19.871,19.567,30.481,26.567,3.913,0.304,1.558,30.481,19.871,3.913,0.304,0.632,0.0,1,0.0
4,31.9,638,cruise,19.871,19.626,30.494,26.626,3.869,0.246,1.554,30.494,19.871,3.869,0.246,0.624,0.0,1,0.0
4,31.95,639,cruise,19.871,19.684,30.505,26.684,3.82,0.187,1.55,30.505,19.871,3.82,0.187,0.616,0.0,1,0.0
4,32.0,640,cruise,19.871,19.742,30.512,26.742,3.77,0.129,1.546,30.512,19.871,3.77,0.129,0.607,0.0,1,0.0
4,32.05,641,cruise,19.871,19.798,30.517,26.798,3.719,0.073,1.541,30.517,19.871,3.719,0.073,0.598,0.0,1,0.0
4,32.1,642,cruise,19.871,19.852,30.519,26.852,3.667,0.019,1.537,30.519,19.871,3.667,0.019,0.59,0.0,1,0.0
4,32.15,643,cruise,19.871,19.903,30.518,26.903,3.615,-0.032,1.533,30.518,19.871,3.615,-0.032,0.581,0.0,1,0.0
4,32.2,644,cruise,19.871,19.951,30.515,26.951,3.564,-0.08,1.529,30.515,19.871,3.564,-0.08,0.573,0.0,1,0.0
4,32.25,645,cruise,19.871,19.996,30.51,26.996,3.514,-0.125,1.526,30.51,19.871,3.514,-0.125,0.564,0.0,1,0.0
4,32.3,646,cruise,19.871,20.038,30.503,27.038,3.465,-0.166,1.522,30.503,19.871,3.465,-0.166,0.556,0.0,1,0.0
4,32.35,647,cruise,19.871,20.076,30.493,27.076,3.417,-0.205,1.519,29.5,19.871,2.423,-0.205,0.416,0.0,0,0.05
4,32.4,648,cruise,19.871,20.104,30.482,27.104,3.378,-0.232,1.516,30.482,19.871,3.378,-0.232,0.543,0.0,1,0.0
4,32.45,649,cruise,19.871,20.12,30.47,27.12,3.35,-0.248,1.514,30.47,19.871,3.35,-0.248,0.538,0.0,1,0.0
4,32.5,650,cruise,19.871,20.138,30.457,27.138,3.319,-0.267,1.512,29.463,19.871,2.325,-0.267,0.401,0.0,0,0.05
4,32.55,651,cruise,19.871,20.151,30.443,27.151,3.293,-0.28,1.511,30.443,19.871,3.293,-0.28,0.53,0.0,1,0.0
4,32.6,652,cruise,19.872,20.155,30.429,27.155,3.274,-0.283,1.51,30.429,19.872,3.274,-0.283,0.527,0.0,1,0.0
4,32.65,653,cruise,19.872,20.164,30.415,27.164,3.25,-0.293,1.508,30.415,19.872,3.25,-0.293,0.524,0.0,1,0.0
4,32.7,654,cruise,19.872,20.177,30.4,27.177,3.222,-0.305,1.507,29.406,19.872,2.229,-0.305,0.387,0.0,0,0.05
4,32.75,655,cruise,19.871,20.183,30.384,27.183,3.201,-0.312,1.505,28.397,19.872,1.214,-0.312,0.251,0.0,0,0.1
4,32.8,656,cruise,19.871,20.168,30.369,27.168,3.201,-0.297,1.506,30.369,19.871,3.201,-0.297,0.517,0.0,1,0.0
4,32.85,657,cruise,19.871,20.136,30.355,27.136,3.219,-0.265,1.507,29.361,19.871,2.225,-0.265,0.388,0.0,0,0.05
4,32.9,658,cruise,19.871,20.111,30.343,27.111,3.232,-0.24,1.509,30.343,19.871,3.232,-0.24,0.523,0.0,1,0.0
4,32.95,659,cruise,19.872,20.089,30.331,27.089,3.242,-0.218,1.51,30.331,19.872,3.242,-0.218,0.525,0.0,1,0.0
4,33.0,660,cruise,19.872,20.082,30.321,27.082,3.239,-0.21,1.51,30.321,19.872,3.239,-0.21,0.525,0.0,1,0.0
4,33.05,661,cruise,19.872,20.083,30.31,27.083,3.227,-0.211,1.509,30.31,19.872,3.227,-0.211,0.523,0.0,1,0.0
4,33.1,662,cruise,19.872,20.09,30.299,27.09,3.209,-0.219,1.508,30.299,19.872,3.209,-0.219,0.521,0.0,1,0.0
4,33.15,663,cruise,19.871,20.101,30.288,27.101,3.187,-0.23,1.507,30.288,19.871,3.187,-0.23,0.517,0.0,1,0.0
4,33.2,664,cruise,19.871,20.114,30.276,27.114,3.163,-0.242,1.505,30.276,19.871,3.163,-0.242,0.514,0.0,1,0.0
4,33.25,665,cruise,19.871,20.127,30.264,27.127,3.137,-0.256,1.504,29.27,19.871,2.143,-0.256,0.377,0.0,0,0.05
4,33.3,666,cruise,19.871,20.133,30.251,27.133,3.118,-0.261,1.503,28.264,19.871,1.131,-0.261,0.242,0.0,0,0.1
4,33.35,667,cruise,19.871,20.115,30.238,27.115,3.123,-0.244,1.503,30.238,19.871,3.123,-0.244,0.508,0.0,1,0.0
4,33.4,668,cruise,19.872,20.082,30.227,27.082,3.145,-0.21,1.505,29.233,19.871,2.152,-0.21,0.38,0.0,0,0.05
4,33.45,669,cruise,19.872,20.054,30.217,27.054,3.164,-0.182,1.507,28.23,19.871,1.176,-0.182,0.251,0.0,0,0.1
4,33.5,670,cruise,19.872,20.016,30.209,27.016,3.193,-0.144,1.509,27.229,19.871,0.212,-0.145,0.124,0.0,0,0.15
4,33.55,671,cruise,19.872,19.956,30.204,26.956,3.247,-0.085,1.513,30.204,19.872,3.247,-0.085,0.53,0.0,1,0.0
4,33.6,672,cruise,19.871,19.882,30.202,26.882,3.32,-0.01,1.519,29.208,19.872,2.327,-0.01,0.41,0.0,0,0.05
4,33.65,673,cruise,19.871,19.822,30.203,26.822,3.381,0.049,1.524,30.203,19.871,3.381,0.049,0.552,0.0,1,0.0
4,33.7,674,cruise,19.871,19.782,30.207,26.782,3.425,0.089,1.527,30.207,19.871,3.425,0.089,0.56,0.0,1,0.0
4,33.75,675,cruise,19.871,19.767,30.212,26.767,3.445,0.105,1.528,29.218,19.871,2.452,0.105,0.43,0.0,0,0.05
4,33.8,676,cruise,19.871,19.761,30.217,26.761,3.457,0.111,1.529,28.23,19.871,1.469,0.111,0.3,0.0,0,0.1
4,33.85,677,cruise,19.872,19.744,30.223,26.744,3.479,0.128,1.531,30.223,19.872,3.479,0.128,0.568,0.0,1,0.0
4,33.9,678,cruise,19.872,19.718,30.23,26.718,3.512,0.153,1.533,30.23,19.872,3.512,0.153,0.573,0.0,1,0.0
4,33.95,679,cruise,19.872,19.712,30.238,26.712,3.527,0.16,1.534,30.238,19.872,3.527,0.16,0.576,0.0,1,0.0
4,34.0,680,cruise,19.871,19.721,30.246,26.721,3.525,0.151,1.534,30.246,19.871,3.525,0.151,0.575,0.0,1,0.0
4,34.05,681,cruise,19.871,19.74,30.253,26.74,3.513,0.13,1.533,30.253,19.871,3.513,0.13,0.573,0.0,1,0.0
4,34.1,682,cruise,19.87,19.766,30.259,26.766,3.493,0.104,1.531,30.259,19.87,3.493,0.104,0.569,0.0,1,0.0
4,34.15,683,cruise,19.87,19.796,30.264,26.796,3.468,0.074,1.529,29.27,19.87,2.474,0.074,0.432,0.0,0,0.05
4,34.2,684,cruise,19.871,19.82,30.267,26.82,3.447,0.05,1.527,28.279,19.87,1.459,0.05,0.296,0.0,0,0.1
4,34.25,685,cruise,19.871,19.822,30.269,26.822,3.447,0.049,1.527,27.288,19.87,0.466,0.048,0.164,0.0,0,0.15
4,34.3,686,cruise,19.871,19.793,30.272,26.793,3.479,0.079,1.529,30.272,19.871,3.479,0.079,0.567,0.0,1,0.0
4,34.35,687,cruise,19.872,19.742,30.278,26.742,3.535,0.129,1.534,29.284,19.871,2.542,0.129,0.443,0.0,0,0.05
4,34.4,688,cruise,19.871,19.703,30.285,26.703,3.582,0.168,1.537,30.285,19.871,3.582,0.168,0.583,0.0,1,0.0
4,34.45,689,cruise,19.871,19.681,30.295,26.681,3.614,0.19,1.539,29.301,19.871,2.62,0.191,0.456,0.0,0,0.05
4,34.5,690,cruise,19.871,19.673,30.304,26.673,3.631,0.197,1.54,30.304,19.871,3.631,0.197,0.591,0.0,1,0.0
4,34.55,691,cruise,19.87,19.673,30.314,26.673,3.642,0.198,1.541,30.314,19.87,3.642,0.198,0.592,0.0,1,0.0
4,34.6,692,cruise,19.871,19.688,30.324,26.688,3.636,0.183,1.54,29.33,19.87,2.642,0.183,0.458,0.0,0,0.05
4,34.65,693,cruise,19.871,19.706,30.332,26.706,3.627,0.165,1.539,30.332,19.871,3.627,0.165,0.589,0.0,1,0.0
4,34.7,694,cruise,19.871,19.722,30.34,26.722,3.618,0.149,1.538,30.34,19.871,3.618,0.149,0.587,0.0,1,0.0
4,34.75,695,cruise,19.871,19.747,30.347,26.747,3.6,0.124,1.537,30.347,19.871,3.6,0.124,0.584,0.0,1,0.0
4,34.8,696,cruise,19.871,19.779,30.352,26.779,3.573,0.093,1.535,29.358,19.871,2.58,0.093,0.447,0.0,0,0.05
4,34.85,697,cruise,19.871,19.806,30.356,26.806,3.55,0.065,1.533,30.356,19.871,3.55,0.065,0.575,0.0,1,0.0
4,34.9,698,cruise,19.871,19.826,30.358,26.826,3.532,0.045,1.531,29.365,19.871,2.539,0.045,0.44,0.0,0,0.05
4,34.95,699,cruise,19.847,19.845,30.359,26.845,3.514,0.002,1.53,30.359,19.847,3.514,0.002,0.569,0.0,1,0.0
4,35.0,700,cruise,19.785,19.859,30.357,26.859,3.498,-0.074,1.529,30.357,19.785,3.498,-0.074,0.564,0.0,1,0.0
4,35.05,701,cruise,19.727,19.88,30.349,26.88,3.469,-0.153,1.527,30.349,19.727,3.469,-0.153,0.558,0.0,1,0.0
4,35.1,702,cruise,19.756,19.905,30.34,26.905,3.435,-0.149,1.524,29.355,19.727,2.45,-0.178,0.421,0.0,0,0.05
4,35.15,703,cruise,19.825,19.924,30.332,26.924,3.407,-0.099,1.522,30.332,19.825,3.407,-0.099,0.551,0.0,1,0.0
4,35.2,704,cruise,19.9,19.936,30.326,26.936,3.39,-0.036,1.521,30.326,19.9,3.39,-0.036,0.551,0.0,1,0.0
4,35.25,705,cruise,19.954,19.954,30.321,26.954,3.368,0.0,1.52,30.321,19.954,3.368,0.0,0.549,0.0,1,0.0
4,35.3,706,cruise,19.962,19.975,30.317,26.975,3.342,-0.013,1.518,30.317,19.962,3.342,-0.013,0.545,0.0,1,0.0
4,35.35,707,cruise,19.924,19.998,30.309,26.998,3.311,-0.074,1.516,29.317,19.962,2.319,-0.036,0.408,0.0,0,0.05
4,35.4,708,cruise,19.863,20.015,30.296,27.015,3.282,-0.151,1.514,30.296,19.863,3.282,-0.151,0.533,0.0,1,0.0
4,35.45,709,cruise,19.806,20.023,30.28,27.023,3.257,-0.217,1.512,30.28,19.806,3.257,-0.217,0.527,0.0,1,0.0
4,35.5,710,cruise,19.777,20.035,30.261,27.035,3.226,-0.257,1.51,30.261,19.777,3.226,-0.257,0.522,0.0,1,0.0
4,35.55,711,cruise,19.789,20.049,30.241,27.049,3.192,-0.259,1.508,30.241,19.789,3.192,-0.259,0.517,0.0,1,0.0
4,35.6,712,cruise,19.815,20.063,30.222,27.063,3.16,-0.248,1.506,30.222,19.815,3.16,-0.248,0.513,0.0,1,0.0
4,35.65,713,cruise,19.875,20.077,30.207,27.077,3.13,-0.202,1.505,30.207,19.875,3.13,-0.202,0.511,0.0,1,0.0
4,35.7,714,cruise,19.903,20.091,30.194,27.091,3.103,-0.188,1.503,30.194,19.903,3.103,-0.188,0.508,0.0,1,0.0
4,35.75,715,cruise,19.928,20.104,30.184,27.104,3.08,-0.176,1.501,30.184,19.928,3.08,-0.176,0.505,0.0,1,0.0
4,35.8,716,cruise,19.91,20.116,30.174,27.116,3.058,-0.206,1.5,29.18,19.928,2.064,-0.188,0.369,0.0,0,0.05
4,35.85,717,cruise,19.88,20.119,30.163,27.119,3.043,-0.24,1.499,30.163,19.88,3.043,-0.24,0.498,0.0,1,0.0
4,35.9,718,cruise,19.835,20.114,30.151,27.114,3.038,-0.279,1.499,30.151,19.835,3.038,-0.279,0.496,0.0,1,0.0
4,35.95,719,cruise,19.815,20.112,30.139,27.112,3.027,-0.297,1.499,29.149,19.835,2.036,-0.278,0.362,0.0,0,0.05
4,36.0,720,cruise,19.807,20.106,30.127,27.106,3.021,-0.299,1.498,30.127,19.807,3.021,-0.299,0.493,0.0,1,0.0
4,36.05,721,cruise,19.839,20.093,30.117,27.093,3.024,-0.254,1.499,29.125,19.807,2.033,-0.286,0.361,0.0,0,0.05
4,36.1,722,cruise,19.871,20.079,30.109,27.079,3.03,-0.207,1.5,30.109,19.871,3.03,-0.207,0.497,0.0,1,0.0
4,36.15,723,cruise,19.907,20.061,30.105,27.061,3.044,-0.154,1.501,30.105,19.907,3.044,-0.154,0.501,0.0,1,0.0
4,36.2,724,cruise,19.913,20.052,30.102,27.052,3.05,-0.139,1.501,30.102,19.913,3.05,-0.139,0.502,0.0,1,0.0
4,36.25,725,cruise,19.901,20.049,30.099,27.049,3.05,-0.148,1.501,30.099,19.901,3.05,-0.148,0.502,0.0,1,0.0
4,36.3,726,cruise,19.868,20.051,30.095,27.051,3.044,-0.183,1.501,30.095,19.868,3.044,-0.183,0.5,0.0,1,0.0
4,36.35,727,cruise,19.84,20.055,30.089,27.055,3.035,-0.215,1.5,30.089,19.84,3.035,-0.215,0.497,0.0,1,0.0
4,36.4,728,cruise,19.823,20.06,30.082,27.06,3.022,-0.237,1.5,29.092,19.84,2.032,-0.22,0.364,0.0,0,0.05
4,36.45,729,cruise,19.831,20.058,30.074,27.058,3.016,-0.227,1.499,30.074,19.831,3.016,-0.227,0.495,0.0,1,0.0
4,36.5,730,cruise,19.853,20.025,30.067,27.025,3.042,-0.172,1.501,30.067,19.853,3.042,-0.172,0.5,0.0,1,0.0
4,36.55,731,cruise,19.881,19.954,30.063,26.954,3.108,-0.073,1.507,30.063,19.881,3.108,-0.073,0.512,0.0,1,0.0
4,36.6,732,cruise,19.897,19.865,30.061,26.865,3.197,0.033,1.513,30.061,19.897,3.197,0.033,0.527,0.0,1,0.0
4,36.65,733,cruise,19.897,19.846,30.061,26.846,3.215,0.051,1.515,30.061,19.897,3.215,0.051,0.53,0.0,1,0.0
4,36.7,734,cruise,19.88,19.857,30.06,26.857,3.203,0.023,1.514,30.06,19.88,3.203,0.023,0.528,0.0,1,0.0
4,36.75,735,cruise,19.859,19.868,30.058,26.868,3.189,-0.009,1.513,30.058,19.859,3.189,-0.009,0.525,0.0,1,0.0
4,36.8,736,cruise,19.842,19.877,30.053,26.877,3.176,-0.035,1.512,30.053,19.842,3.176,-0.035,0.522,0.0,1,0.0
4,36.85,737,cruise,19.839,19.885,30.048,26.885,3.164,-0.046,1.511,30.048,19.839,3.164,-0.046,0.52,0.0,1,0.0
4,36.9,738,cruise,19.848,19.893,30.044,26.893,3.151,-0.044,1.51,30.044,19.848,3.151,-0.044,0.519,0.0,1,0.0
4,36.95,739,cruise,19.865,19.902,30.041,26.902,3.139,-0.036,1.509,30.041,19.865,3.139,-0.036,0.517,0.0,1,0.0
4,37.0,740,cruise,19.88,19.912,30.04,26.912,3.128,-0.031,1.509,30.04,19.88,3.128,-0.031,0.516,0.0,1,0.0
4,37.05,741,cruise,19.886,19.922,30.039,26.922,3.118,-0.036,1.508,30.039,19.886,3.118,-0.036,0.514,0.0,1,0.0
4,37.1,742,cruise,19.881,19.917,30.04,26.917,3.123,-0.036,1.508,30.04,19.881,3.123,-0.036,0.515,0.0,1,0.0
4,37.15,743,cruise,19.869,19.929,30.04,26.929,3.112,-0.06,1.507,30.04,19.869,3.112,-0.06,0.513,0.0,1,0.0
4,37.2,744,cruise,19.856,19.915,30.04,26.915,3.126,-0.059,1.508,30.04,19.856,3.126,-0.059,0.515,0.0,1,0.0
4,37.25,745,cruise,19.849,19.925,30.04,26.925,3.115,-0.076,1.508,29.048,19.856,2.123,-0.069,0.381,0.0,0,0.05
4,37.3,746,cruise,19.85,19.915,30.039,26.915,3.124,-0.065,1.508,30.039,19.85,3.124,-0.065,0.514,0.0,1,0.0
4,37.35,747,cruise,19.859,19.907,30.039,26.907,3.131,-0.049,1.509,29.047,19.85,2.14,-0.057,0.383,0.0,0,0.05
4,37.4,748,cruise,19.869,19.886,30.04,26.886,3.154,-0.017,1.511,30.04,19.869,3.154,-0.017,0.52,0.0,1,0.0
4,37.45,749,cruise,19.876,19.874,30.043,26.874,3.169,0.003,1.512,30.043,19.876,3.169,0.003,0.523,0.0,1,0.0
4,37.5,750,cruise,19.877,19.854,30.046,26.854,3.192,0.023,1.513,30.046,19.877,3.192,0.023,0.526,0.0,1,0.0
4,37.55,751,cruise,19.872,19.856,30.049,26.856,3.192,0.016,1.513,30.049,19.872,3.192,0.016,0.526,0.0,1,0.0
4,37.6,752,cruise,19.864,19.851,30.051,26.851,3.2,0.013,1.514,30.051,19.864,3.2,0.013,0.527,0.0,1,0.0
4,37.65,753,cruise,19.857,19.86,30.053,26.86,3.192,-0.003,1.513,29.06,19.864,2.2,0.004,0.393,0.0,0,0.05
4,37.7,754,cruise,19.855,19.856,30.054,26.856,3.198,-0.001,1.514,28.068,19.864,1.213,0.008,0.262,0.0,0,0.1
4,37.75,755,cruise,19.858,19.838,30.055,26.838,3.217,0.02,1.515,30.055,19.858,3.217,0.02,0.53,0.0,1,0.0
4,37.8,756,cruise,19.864,19.798,30.058,26.798,3.26,0.066,1.518,29.065,19.858,2.268,0.06,0.404,0.0,0,0.05
4,37.85,757,cruise,19.87,19.77,30.063,26.77,3.293,0.1,1.521,30.063,19.87,3.293,0.1,0.542,0.0,1,0.0
4,37.9,758,cruise,19.872,19.743,30.068,26.743,3.325,0.129,1.523,30.068,19.872,3.325,0.129,0.548,0.0,1,0.0
4,37.95,759,cruise,19.871,19.735,30.075,26.735,3.34,0.136,1.524,30.075,19.871,3.34,0.136,0.55,0.0,1,0.0
4,38.0,760,cruise,19.864,19.735,30.082,26.735,3.347,0.129,1.524,29.089,19.871,2.354,0.136,0.418,0.0,0,0.05
4,38.05,761,cruise,19.86,19.737,30.088,26.737,3.352,0.123,1.524,28.102,19.871,1.366,0.135,0.287,0.0,0,0.1
4,38.1,762,cruise,19.851,19.719,30.095,26.719,3.376,0.132,1.526,27.116,19.871,0.397,0.153,0.158,0.0,0,0.15
4,38.15,763,cruise,19.843,19.674,30.102,26.674,3.428,0.169,1.53,26.132,19.871,-0.543,0.197,0.034,0.0,0,0.2
4,38.2,764,cruise,19.853,19.595,30.113,26.595,3.518,0.258,1.537,30.113,19.853,3.518,0.258,0.578,0.0,1,0.0
4,38.25,765,cruise,19.856,19.496,30.128,26.496,3.632,0.36,1.545,29.136,19.853,2.64,0.357,0.464,0.0,0,0.05
4,38.3,766,cruise,19.871,19.414,30.148,26.414,3.735,0.457,1.553,28.163,19.853,1.75,0.44,0.348,0.0,0,0.1
4,38.35,767,cruise,19.86,19.351,30.172,26.351,3.821,0.509,1.559,30.172,19.86,3.821,0.509,0.626,0.0,1,0.0
4,38.4,768,cruise,19.866,19.3,30.198,26.3,3.898,0.567,1.565,30.198,19.866,3.898,0.567,0.639,0.0,1,0.0
4,38.45,769,cruise,19.845,19.282,30.225,26.282,3.943,0.563,1.568,29.234,19.866,2.952,0.585,0.513,0.0,0,0.05
4,38.5,770,cruise,19.851,19.282,30.252,26.282,3.97,0.569,1.569,30.252,19.851,3.97,0.569,0.648,0.0,1,0.0
4,38.55,771,cruise,19.836,19.291,30.277,26.291,3.987,0.545,1.57,29.287,19.851,2.997,0.561,0.518,0.0,0,0.05
4,38.6,772,cruise,19.853,19.309,30.301,26.309,3.992,0.544,1.569,30.301,19.853,3.992,0.544,0.65,0.0,1,0.0
4,38.65,773,cruise,19.847,19.331,30.324,26.331,3.994,0.517,1.569,30.324,19.847,3.994,0.517,0.65,0.0,1,0.0
4,38.7,774,cruise,19.821,19.365,30.343,26.365,3.978,0.456,1.567,30.343,19.821,3.978,0.456,0.646,0.0,1,0.0
4,38.75,775,cruise,19.845,19.408,30.358,26.408,3.95,0.437,1.564,30.358,19.845,3.95,0.437,0.641,0.0,1,0.0
4,38.8,776,cruise,19.856,19.456,30.372,26.456,3.915,0.399,1.561,30.372,19.856,3.915,0.399,0.635,0.0,1,0.0
4,38.85,777,cruise,19.882,19.507,30.383,26.507,3.877,0.376,1.558,30.383,19.882,3.877,0.376,0.629,0.0,1,0.0
4,38.9,778,cruise,19.869,19.558,30.391,26.558,3.833,0.311,1.554,29.407,19.882,2.85,0.324,0.491,0.0,0,0.05
4,38.95,779,cruise,19.873,19.601,30.396,26.601,3.795,0.272,1.551,28.429,19.882,1.828,0.281,0.353,0.0,0,0.1
4,39.0,780,cruise,19.842,19.62,30.397,26.62,3.777,0.221,1.549,30.397,19.842,3.777,0.221,0.611,0.0,1,0.0
4,39.05,781,cruise,19.841,19.622,30.397,26.622,3.775,0.219,1.549,29.418,19.842,2.796,0.22,0.48,0.0,0,0.05
4,39.1,782,cruise,19.821,19.628,30.395,26.628,3.767,0.193,1.549,30.395,19.821,3.767,0.193,0.609,0.0,1,0.0
4,39.15,783,cruise,19.768,19.635,30.388,26.635,3.753,0.133,1.548,30.388,19.768,3.753,0.133,0.605,0.0,1,0.0
4,39.2,784,cruise,19.795,19.655,30.379,26.655,3.724,0.14,1.546,29.41,19.768,2.754,0.113,0.471,0.0,0,0.05
4,39.25,785,cruise,19.827,19.674,30.369,26.674,3.695,0.153,1.544,30.369,19.827,3.695,0.153,0.598,0.0,1,0.0
4,39.3,786,cruise,19.892,19.69,30.362,26.69,3.672,0.202,1.542,29.391,19.827,2.701,0.137,0.465,0.0,0,0.05
4,39.35,787,cruise,19.912,19.706,30.355,26.706,3.649,0.206,1.54,30.355,19.912,3.649,0.206,0.593,0.0,1,0.0
4,39.4,788,cruise,19.924,19.718,30.349,26.718,3.631,0.206,1.539,30.349,19.924,3.631,0.206,0.591,0.0,1,0.0
4,39.45,789,cruise,19.874,19.738,30.34,26.738,3.603,0.137,1.537,30.34,19.874,3.603,0.137,0.585,0.0,1,0.0
4,39.5,790,cruise,19.776,19.763,30.326,26.763,3.562,0.013,1.534,30.326,19.776,3.562,0.013,0.575,0.0,1,0.0
4,39.55,791,cruise,19.748,19.787,30.306,26.787,3.519,-0.039,1.532,30.306,19.748,3.519,-0.039,0.568,0.0,1,0.0
4,39.6,792,cruise,19.733,19.807,30.285,26.807,3.478,-0.074,1.529,30.285,19.733,3.478,-0.074,0.561,0.0,1,0.0
4,39.65,793,cruise,19.776,19.833,30.265,26.833,3.431,-0.057,1.526,29.31,19.733,2.476,-0.1,0.427,0.0,0,0.05
4,39.7,794,cruise,19.798,19.841,30.246,26.841,3.405,-0.044,1.524,28.334,19.733,1.493,-0.108,0.295,0.0,0,0.1
4,39.75,795,cruise,19.871,19.836,30.231,26.836,3.395,0.035,1.524,30.231,19.871,3.395,0.035,0.554,0.0,1,0.0
4,39.8,796,decelerate,19.904,19.797,30.221,26.797,3.424,0.106,1.527,30.221,19.904,3.424,0.106,0.56,0.0,1,0.0
4,39.85,797,decelerate,19.938,19.788,30.216,26.788,3.429,0.151,1.527,29.255,19.904,2.468,0.116,0.433,0.0,0,0.05
4,39.9,798,decelerate,19.869,19.761,30.212,26.761,3.451,0.107,1.529,28.29,19.904,1.528,0.142,0.308,0.0,0,0.1
4,39.95,799,decelerate,19.671,19.742,30.201,26.742,3.459,-0.071,1.53,30.201,19.671,3.459,-0.071,0.559,0.0,1,0.0
4,40.0,800,decelerate,19.488,19.688,30.184,26.688,3.496,-0.199,1.533,30.184,19.488,3.496,-0.199,0.559,0.0,1,0.0
4,40.05,801,decelerate,19.261,19.673,30.159,26.673,3.485,-0.412,1.533,29.229,19.488,2.556,-0.185,0.435,0.0,0,0.05
4,40.1,802,decelerate,19.052,19.637,30.126,26.637,3.488,-0.586,1.534,30.126,19.052,3.488,-0.586,0.546,0.0,1,0.0
4,40.15,803,decelerate,18.83,19.59,30.087,26.59,3.497,-0.76,1.536,30.087,18.83,3.497,-0.76,0.541,0.0,1,0.0
4,40.2,804,decelerate,18.615,19.589,30.04,26.589,3.452,-0.974,1.534,30.04,18.615,3.452,-0.974,0.528,0.0,1,0.0
4,40.25,805,decelerate,18.427,19.573,29.986,26.573,3.413,-1.145,1.532,29.986,18.427,3.413,-1.145,0.517,0.0,1,0.0
4,40.3,806,decelerate,18.22,19.579,29.923,26.579,3.344,-1.359,1.528,29.923,18.22,3.344,-1.359,0.501,0.0,1,0.0
4,40.35,807,decelerate,18.06,19.558,29.852,26.558,3.294,-1.499,1.526,29.852,18.06,3.294,-1.499,0.489,0.0,1,0.0
4,40.4,808,decelerate,17.876,19.559,29.773,26.559,3.214,-1.683,1.522,29.773,17.876,3.214,-1.683,0.472,0.0,1,0.0
4,40.45,809,decelerate,17.73,19.53,29.689,26.53,3.158,-1.801,1.52,29.689,17.73,3.158,-1.801,0.461,0.0,1,0.0
4,40.5,810,decelerate,17.551,19.524,29.597,26.524,3.073,-1.974,1.516,29.597,17.551,3.073,-1.974,0.444,0.0,1,0.0
4,40.55,811,decelerate,17.401,19.483,29.499,26.483,3.016,-2.082,1.514,28.659,17.551,2.176,-1.932,0.326,0.0,0,0.05
4,40.6,812,decelerate,17.209,19.46,29.395,26.46,2.935,-2.251,1.511,29.395,17.209,2.935,-2.251,0.416,0.0,1,0.0
4,40.65,813,decelerate,17.052,19.399,29.284,26.399,2.885,-2.347,1.51,28.462,17.209,2.062,-2.19,0.302,0.0,0,0.05
4,40.7,814,decelerate,16.885,19.358,29.172,26.358,2.815,-2.472,1.507,29.172,16.885,2.815,-2.472,0.393,0.0,1,0.0
4,40.75,815,decelerate,16.701,19.281,29.056,26.281,2.775,-2.58,1.507,28.246,16.885,1.965,-2.395,0.282,0.0,0,0.05
4,40.8,816,decelerate,16.532,19.162,28.934,26.162,2.772,-2.631,1.51,28.934,16.532,2.772,-2.631,0.382,0.0,1,0.0
4,40.85,817,decelerate,16.331,19.093,28.806,26.093,2.713,-2.761,1.509,28.806,16.331,2.713,-2.761,0.37,0.0,1,0.0
4,40.9,818,decelerate,16.178,19.018,28.671,26.018,2.653,-2.84,1.508,28.671,16.178,2.653,-2.84,0.359,0.0,1,0.0
4,40.95,819,decelerate,16.021,18.967,28.535,25.967,2.567,-2.946,1.504,28.535,16.021,2.567,-2.946,0.344,0.0,1,0.0
4,41.0,820,decelerate,15.826,18.887,28.392,25.887,2.505,-3.061,1.503,27.622,16.021,1.735,-2.866,0.236,0.0,0,0.05
4,41.05,821,decelerate,15.665,18.828,28.245,25.828,2.417,-3.163,1.5,26.71,16.021,0.882,-2.807,0.124,0.0,0,0.1
4,41.1,822,decelerate,15.5,18.723,28.095,25.723,2.372,-3.222,1.501,25.801,16.021,0.078,-2.702,0.02,0.0,0,0.15
4,41.15,823,decelerate,15.306,18.621,27.941,25.621,2.32,-3.314,1.501,27.941,15.306,2.32,-3.314,0.299,0.0,1,0.0
4,41.2,824,decelerate,15.144,18.48,27.785,25.48,2.305,-3.336,1.504,27.785,15.144,2.305,-3.336,0.296,0.0,1,0.0
4,41.25,825,decelerate,14.953,18.38,27.627,25.38,2.247,-3.427,1.503,26.896,15.144,1.516,-3.236,0.194,0.0,0,0.05
4,41.3,826,decelerate,14.798,18.256,27.465,25.256,2.209,-3.458,1.504,27.465,14.798,2.209,-3.458,0.279,0.0,1,0.0
4,41.35,827,decelerate,14.713,18.162,27.304,25.162,2.142,-3.448,1.503,27.304,14.713,2.142,-3.448,0.271,0.0,1,0.0
4,41.4,828,decelerate,14.594,18.045,27.143,25.045,2.098,-3.451,1.504,27.143,14.594,2.098,-3.451,0.265,0.0,1,0.0
4,41.45,829,decelerate,14.364,17.963,26.98,24.963,2.017,-3.599,1.502,26.98,14.364,2.017,-3.599,0.249,0.0,1,0.0
4,41.5,830,decelerate,14.0,17.885,26.806,24.885,1.921,-3.885,1.499,26.806,14.0,1.921,-3.885,0.227,0.0,1,0.0
4,41.55,831,decelerate,13.711,17.779,26.621,24.779,1.843,-4.068,1.497,26.621,13.711,1.843,-4.068,0.21,0.0,1,0.0
4,41.6,832,decelerate,13.514,17.691,26.429,24.691,1.738,-4.177,1.494,26.429,13.514,1.738,-4.177,0.193,0.0,1,0.0
4,41.65,833,decelerate,13.395,17.563,26.235,24.563,1.672,-4.168,1.494,26.235,13.395,1.672,-4.168,0.184,0.0,1,0.0
4,41.7,834,decelerate,13.313,17.47,26.041,24.47,1.571,-4.157,1.491,26.041,13.313,1.571,-4.157,0.171,0.0,1,0.0
4,41.75,835,decelerate,13.261,17.337,25.849,24.337,1.512,-4.077,1.491,25.849,13.261,1.512,-4.077,0.166,0.0,1,0.0
4,41.8,836,decelerate,13.144,17.239,25.658,24.239,1.419,-4.095,1.488,25.658,13.144,1.419,-4.095,0.153,0.0,1,0.0
4,41.85,837,decelerate,12.944,17.105,25.463,24.105,1.358,-4.16,1.489,25.463,12.944,1.358,-4.16,0.142,0.0,1,0.0
4,41.9,838,decelerate,12.739,16.999,25.262,23.999,1.263,-4.26,1.486,25.262,12.739,1.263,-4.26,0.126,0.0,1,0.0
4,41.95,839,decelerate,12.528,16.863,25.056,23.863,1.192,-4.335,1.486,25.056,12.528,1.192,-4.335,0.114,0.0,1,0.0
4,42.0,840,decelerate,12.322,16.757,24.845,23.757,1.088,-4.435,1.483,24.845,12.322,1.088,-4.435,0.097,0.0,1,0.0
4,42.05,841,decelerate,12.126,16.643,24.631,23.643,0.988,-4.517,1.48,24.631,12.126,0.988,-4.517,0.081,0.0,1,0.0
4,42.1,842,decelerate,11.964,16.519,24.413,23.519,0.894,-4.555,1.478,24.413,11.964,0.894,-4.555,0.067,0.0,1,0.0
4,42.15,843,decelerate,11.792,16.396,24.194,23.396,0.798,-4.604,1.476,24.194,11.792,0.798,-4.604,0.053,0.0,1,0.0
4,42.2,844,decelerate,11.625,16.237,23.972,23.237,0.735,-4.612,1.476,23.972,11.625,0.735,-4.612,0.044,0.0,1,0.0
4,42.25,845,decelerate,11.436,16.112,23.747,23.112,0.636,-4.676,1.474,23.747,11.436,0.636,-4.676,0.029,0.0,1,0.0
4,42.3,846,decelerate,11.272,15.952,23.519,22.952,0.567,-4.68,1.474,23.519,11.272,0.567,-4.68,0.02,0.0,1,0.0
4,42.35,847,decelerate,11.148,15.825,23.29,22.825,0.465,-4.677,1.472,23.29,11.148,0.465,-4.677,0.006,0.0,1,0.0
4,42.4,848,decelerate,11.072,15.696,23.065,22.696,0.369,-4.624,1.469,23.065,11.072,0.369,-4.624,0.0,0.004,1,0.0
4,42.45,849,decelerate,10.965,15.551,22.841,22.551,0.289,-4.586,1.469,22.841,10.965,0.289,-4.586,0.0,0.011,1,0.0
4,42.5,850,decelerate,10.367,15.416,22.602,22.416,0.186,-5.049,1.466,22.602,10.367,0.186,-5.049,0.0,0.033,1,0.0
4,42.55,851,decelerate,9.916,15.28,22.345,22.28,0.066,-5.364,1.462,22.345,9.916,0.066,-5.364,0.0,0.053,1,0.0
4,42.6,852,decelerate,9.594,15.114,22.077,22.114,-0.037,-5.52,1.461,22.077,9.594,-0.037,-5.52,0.0,0.067,1,0.0
4,42.65,853,decelerate,9.401,14.969,21.804,21.969,-0.165,-5.568,1.457,21.804,9.401,-0.165,-5.568,0.0,0.081,1,0.0
4,42.7,854,decelerate,9.3,14.797,21.531,21.797,-0.267,-5.497,1.455,21.531,9.3,-0.267,-5.497,0.0,0.089,1,0.0
4,42.75,855,decelerate,9.278,14.689,21.262,21.689,-0.427,-5.411,1.447,21.262,9.278,-0.427,-5.411,0.0,0.103,1,0.0
4,42.8,856,decelerate,9.305,14.629,20.998,21.629,-0.632,-5.324,1.435,20.536,9.278,-1.094,-5.351,0.0,0.168,0,0.05
4,42.85,857,decelerate,9.374,14.561,20.739,21.561,-0.822,-5.187,1.424,20.739,9.374,-0.822,-5.187,0.0,0.137,1,0.0
4,42.9,858,decelerate,9.429,14.182,20.496,21.182,-0.686,-4.754,1.445,20.496,9.429,-0.686,-4.754,0.0,0.113,1,0.0
4,42.95,859,decelerate,9.408,13.886,20.269,20.886,-0.617,-4.478,1.46,19.801,9.429,-1.085,-4.457,0.0,0.145,0,0.05
4,43.0,860,decelerate,9.302,13.602,20.053,20.602,-0.549,-4.3,1.474,20.053,9.302,-0.549,-4.3,0.0,0.088,1,0.0
4,43.05,861,decelerate,9.14,13.366,19.842,20.366,-0.524,-4.226,1.485,19.842,9.14,-0.524,-4.226,0.0,0.084,1,0.0
4,43.1,862,decelerate,8.927,13.15,19.633,20.15,-0.517,-4.223,1.493,19.185,9.14,-0.965,-4.01,0.0,0.123,0,0.05
4,43.15,863,decelerate,8.708,12.936,19.423,19.936,-0.513,-4.227,1.501,18.538,9.14,-1.398,-3.796,0.0,0.161,0,0.1
4,43.2,864,decelerate,8.469,12.705,19.213,19.705,-0.492,-4.236,1.512,19.213,8.469,-0.492,-4.236,0.0,0.081,1,0.0
4,43.25,865,decelerate,8.221,12.508,19.001,19.508,-0.508,-4.288,1.519,19.001,8.221,-0.508,-4.288,0.0,0.084,1,0.0
4,43.3,866,decelerate,7.967,12.324,18.786,19.324,-0.538,-4.357,1.524,18.786,7.967,-0.538,-4.357,0.0,0.089,1,0.0
4,43.35,867,decelerate,7.72,12.118,18.568,19.118,-0.55,-4.398,1.532,18.568,7.72,-0.55,-4.398,0.0,0.091,1,0.0
4,43.4,868,decelerate,7.46,11.944,18.347,18.944,-0.597,-4.485,1.536,18.347,7.46,-0.597,-4.485,0.0,0.098,1,0.0
4,43.45,869,decelerate,7.287,11.752,18.123,18.752,-0.629,-4.465,1.542,18.123,7.287,-0.629,-4.465,0.0,0.101,1,0.0
4,43.5,870,decelerate,7.213,11.594,17.903,18.594,-0.691,-4.381,1.544,17.543,7.287,-1.051,-4.307,0.0,0.139,0,0.05
4,43.55,871,decelerate,7.016,11.379,17.688,18.379,-0.691,-4.363,1.554,16.972,7.287,-1.407,-4.092,0.0,0.17,0,0.1
4,43.6,872,decelerate,6.538,11.255,17.462,18.255,-0.794,-4.717,1.551,17.462,6.538,-0.794,-4.717,0.0,0.124,1,0.0
4,43.65,873,decelerate,6.042,11.173,17.214,18.173,-0.959,-5.131,1.541,16.904,6.538,-1.269,-4.635,0.0,0.17,0,0.05
4,43.7,874,decelerate,5.674,11.142,16.948,18.142,-1.194,-5.468,1.521,16.948,5.674,-1.194,-5.468,0.0,0.183,1,0.0
4,43.75,875,decelerate,5.423,10.504,16.688,17.504,-0.816,-5.082,1.589,16.414,5.674,-1.091,-4.83,0.0,0.157,0,0.05
4,43.8,876,decelerate,5.263,10.037,16.444,17.037,-0.593,-4.774,1.638,16.444,5.263,-0.593,-4.774,0.0,0.106,1,0.0
4,43.85,877,decelerate,5.18,9.627,16.217,16.627,-0.41,-4.446,1.685,16.217,5.18,-0.41,-4.446,0.0,0.08,1,0.0
4,43.9,878,decelerate,5.121,9.319,16.003,16.319,-0.316,-4.198,1.717,16.003,5.121,-0.316,-4.198,0.0,0.064,1,0.0
4,43.95,879,decelerate,5.09,9.001,15.803,16.001,-0.198,-3.911,1.756,15.803,5.09,-0.198,-3.911,0.0,0.045,1,0.0
4,44.0,880,decelerate,5.085,8.777,15.615,15.777,-0.162,-3.692,1.779,15.361,5.09,-0.415,-3.687,0.0,0.061,0,0.05
4,44.05,881,decelerate,5.113,8.473,15.441,15.473,-0.032,-3.36,1.822,15.441,5.113,-0.032,-3.36,0.0,0.015,1,0.0
4,44.1,882,decelerate,5.166,8.276,15.281,15.276,0.005,-3.11,1.846,15.281,5.166,0.005,-3.11,0.0,0.005,1,0.0
4,44.15,883,decelerate,5.169,8.011,15.135,15.011,0.124,-2.841,1.889,15.135,5.169,0.124,-2.841,0.019,0.0,1,0.0
4,44.2,884,decelerate,5.117,7.837,14.998,14.837,0.161,-2.72,1.914,14.998,5.117,0.161,-2.72,0.027,0.0,1,0.0
4,44.25,885,decelerate,5.043,7.584,14.868,14.584,0.284,-2.541,1.96,14.868,5.043,0.284,-2.541,0.05,0.0,1,0.0
4,44.3,886,decelerate,4.979,7.429,14.743,14.429,0.314,-2.45,1.985,14.743,4.979,0.314,-2.45,0.057,0.0,1,0.0
4,44.35,887,decelerate,4.9,7.178,14.627,14.178,0.448,-2.278,2.038,14.627,4.9,0.448,-2.278,0.081,0.0,1,0.0
4,44.4,888,decelerate,4.739,7.044,14.512,14.044,0.468,-2.305,2.06,14.512,4.739,0.468,-2.305,0.083,0.0,1,0.0
4,44.45,889,decelerate,4.537,6.897,14.397,13.897,0.5,-2.36,2.088,14.167,4.739,0.27,-2.158,0.061,0.0,0,0.05
4,44.5,890,decelerate,4.317,6.928,14.272,13.928,0.344,-2.611,2.06,13.822,4.739,-0.106,-2.189,0.01,0.0,0,0.1
4,44.55,891,decelerate,4.092,6.728,14.138,13.728,0.41,-2.636,2.101,13.48,4.739,-0.248,-1.989,0.0,0.002,0,0.15
4,44.6,892,decelerate,3.868,6.152,14.018,13.152,0.866,-2.284,2.279,14.018,3.868,0.866,-2.284,0.136,0.0,1,0.0
4,44.65,893,decelerate,3.652,5.727,13.91,12.727,1.183,-2.075,2.429,13.91,3.652,1.183,-2.075,0.186,0.0,1,0.0
4,44.7,894,decelerate,3.451,5.437,13.81,12.437,1.374,-1.986,2.54,13.81,3.451,1.374,-1.986,0.214,0.0,1,0.0
4,44.75,895,decelerate,3.255,5.185,13.714,12.185,1.529,-1.929,2.645,13.714,3.255,1.529,-1.929,0.237,0.0,1,0.0
4,44.8,896,decelerate,3.064,4.966,13.619,11.966,1.653,-1.902,2.742,13.619,3.064,1.653,-1.902,0.255,0.0,1,0.0
4,44.85,897,decelerate,2.878,4.764,13.525,11.764,1.761,-1.886,2.839,13.525,2.878,1.761,-1.886,0.27,0.0,1,0.0
4,44.9,898,decelerate,2.698,4.619,13.43,11.619,1.811,-1.921,2.908,13.43,2.698,1.811,-1.921,0.276,0.0,1,0.0
4,44.95,899,decelerate,2.524,4.505,13.332,11.505,1.828,-1.981,2.96,13.203,2.698,1.698,-1.807,0.265,0.0,0,0.05
4,45.0,900,decelerate,2.355,4.409,13.231,11.409,1.822,-2.054,3.001,13.231,2.355,1.822,-2.054,0.274,0.0,1,0.0
4,45.05,901,decelerate,2.192,4.325,13.127,11.325,1.802,-2.132,3.035,13.014,2.355,1.689,-1.97,0.259,0.0,0,0.05
4,45.1,902,decelerate,2.035,4.246,13.018,11.246,1.772,-2.211,3.066,13.018,2.035,1.772,-2.211,0.262,0.0,1,0.0
4,45.15,903,decelerate,1.832,4.171,12.905,11.171,1.734,-2.339,3.094,12.905,1.832,1.734,-2.339,0.253,0.0,1,0.0
4,45.2,904,decelerate,0.642,4.098,12.757,11.098,1.658,-3.456,3.113,12.699,1.832,1.601,-2.267,0.238,0.0,0,0.05
4,45.25,905,decelerate,0.001,4.025,12.56,11.025,1.535,-4.024,3.121,12.56,0.001,1.535,-4.024,0.171,0.0,1,0.0
4,45.3,906,decelerate,0.001,3.942,12.362,10.942,1.42,-3.941,3.136,12.362,0.001,1.42,-3.941,0.158,0.0,1,0.0
4,45.35,907,decelerate,0.001,3.848,12.169,10.848,1.32,-3.847,3.162,12.169,0.001,1.32,-3.847,0.148,0.0,1,0.0
4,45.4,908,decelerate,0.001,3.737,11.981,10.737,1.244,-3.736,3.206,11.98,0.001,1.243,-3.736,0.141,0.0,0,0.05
4,45.45,909,decelerate,0.001,3.633,11.798,10.633,1.165,-3.632,3.247,11.797,0.001,1.164,-3.632,0.134,0.0,0,0.1
4,45.5,910,decelerate,0.001,3.523,11.62,10.523,1.097,-3.523,3.298,11.619,0.001,1.096,-3.522,0.129,0.0,0,0.15
4,45.55,911,decelerate,0.0,3.412,11.448,10.412,1.036,-3.412,3.355,11.447,0.001,1.035,-3.411,0.124,0.0,0,0.2
4,45.6,912,decelerate,0.0,3.299,11.281,10.299,0.982,-3.299,3.42,11.281,0.0,0.982,-3.299,0.121,0.0,1,0.0
4,45.65,913,decelerate,0.0,3.186,11.12,10.186,0.934,-3.186,3.49,11.12,0.0,0.934,-3.186,0.118,0.0,0,0.05
4,45.7,914,decelerate,0.0,3.074,10.965,10.074,0.891,-3.074,3.567,10.965,0.0,0.89,-3.074,0.116,0.0,0,0.1
4,45.75,915,decelerate,0.0,2.964,10.815,9.964,0.851,-2.964,3.649,10.815,0.0,0.851,-2.963,0.115,0.0,0,0.15
4,45.8,916,decelerate,0.0,2.854,10.67,9.854,0.816,-2.854,3.738,10.67,0.0,0.816,-2.854,0.114,0.0,1,0.0
4,45.85,917,decelerate,0.0,2.748,10.531,9.748,0.784,-2.748,3.833,10.531,0.0,0.784,-2.748,0.113,0.0,1,0.0
4,45.9,918,decelerate,0.0,2.644,10.397,9.644,0.753,-2.644,3.932,10.397,0.0,0.753,-2.644,0.112,0.0,1,0.0
4,45.95,919,decelerate,0.0,2.543,10.269,9.543,0.726,-2.543,4.039,10.269,0.0,0.726,-2.543,0.112,0.0,1,0.0
4,46.0,920,decelerate,0.0,2.443,10.145,9.443,0.702,-2.443,4.153,10.145,0.0,0.702,-2.443,0.112,0.0,1,0.0
4,46.05,921,decelerate,0.0,2.347,10.026,9.347,0.68,-2.347,4.273,10.026,0.0,0.68,-2.347,0.112,0.0,0,0.05
4,46.1,922,decelerate,0.0,2.252,9.912,9.252,0.66,-2.252,4.402,9.912,0.0,0.66,-2.252,0.113,0.0,1,0.0
4,46.15,923,decelerate,0.0,2.16,9.803,9.16,0.643,-2.16,4.539,9.803,0.0,0.643,-2.16,0.114,0.0,0,0.05
4,46.2,924,stopped,0.0,2.07,9.698,9.07,0.628,-2.07,4.685,9.698,0.0,0.628,-2.07,0.115,0.0,1,0.0
4,46.25,925,stopped,0.0,1.983,9.597,8.983,0.614,-1.983,4.839,9.597,0.0,0.614,-1.983,0.116,0.0,1,0.0
4,46.3,926,stopped,0.0,1.9,9.501,8.9,0.601,-1.9,5.001,9.501,0.0,0.601,-1.9,0.117,0.0,1,0.0
4,46.35,927,stopped,0.0,1.82,9.408,8.82,0.589,-1.82,5.17,9.408,0.0,0.589,-1.82,0.118,0.0,1,0.0
4,46.4,928,stopped,0.0,1.743,9.32,8.743,0.577,-1.743,5.347,9.32,0.0,0.577,-1.743,0.119,0.0,1,0.0
4,46.45,929,stopped,0.0,1.669,9.235,8.669,0.567,-1.669,5.534,9.235,0.0,0.567,-1.669,0.12,0.0,1,0.0
4,46.5,930,stopped,0.0,1.593,9.154,8.593,0.561,-1.593,5.745,9.154,0.0,0.561,-1.593,0.122,0.0,1,0.0
4,46.55,931,stopped,0.0,1.527,9.077,8.527,0.55,-1.527,5.943,9.077,0.0,0.55,-1.527,0.122,0.0,0,0.05
4,46.6,932,stopped,0.0,1.464,9.002,8.464,0.538,-1.464,6.149,9.002,0.0,0.538,-1.464,0.123,0.0,1,0.0
4,46.65,933,stopped,0.0,1.404,8.931,8.404,0.527,-1.404,6.361,8.931,0.0,0.527,-1.404,0.123,0.0,1,0.0
4,46.7,934,stopped,0.0,1.347,8.863,8.347,0.516,-1.347,6.581,8.863,0.0,0.516,-1.347,0.124,0.0,1,0.0
4,46.75,935,stopped,0.0,1.292,8.797,8.292,0.505,-1.292,6.809,8.797,0.0,0.505,-1.292,0.124,0.0,0,0.05
4,46.8,936,stopped,0.0,1.246,8.734,8.246,0.488,-1.246,7.007,8.734,0.0,0.488,-1.246,0.123,0.0,1,0.0
4,46.85,937,stopped,0.0,1.208,8.673,8.208,0.465,-1.208,7.18,8.673,0.0,0.465,-1.208,0.122,0.0,0,0.05
4,46.9,938,stopped,0.0,1.17,8.614,8.17,0.444,-1.17,7.362,8.614,0.0,0.444,-1.17,0.12,0.0,1,0.0
4,46.95,939,stopped,0.0,1.134,8.557,8.134,0.423,-1.134,7.547,8.557,0.0,0.423,-1.134,0.119,0.0,1,0.0
4,47.0,940,stopped,0.0,1.098,8.501,8.098,0.403,-1.098,7.742,8.501,0.0,0.403,-1.098,0.117,0.0,0,0.05
4,47.05,941,stopped,0.0,1.063,8.448,8.063,0.384,-1.063,7.945,8.448,0.0,0.384,-1.063,0.116,0.0,1,0.0
4,47.1,942,stopped,0.0,1.029,8.396,8.029,0.367,-1.029,8.162,8.396,0.0,0.367,-1.029,0.115,0.0,1,0.0
4,47.15,943,stopped,0.0,0.995,8.345,7.995,0.35,-0.995,8.387,8.345,0.0,0.35,-0.995,0.114,0.0,0,0.05
4,47.2,944,stopped,0.0,0.962,8.297,7.962,0.335,-0.962,8.625,8.297,0.0,0.335,-0.962,0.113,0.0,1,0.0
4,47.25,945,stopped,0.0,0.933,8.25,7.933,0.317,-0.933,8.846,8.25,0.0,0.317,-0.933,0.111,0.0,0,0.05
4,47.3,946,stopped,0.0,0.904,8.204,7.904,0.3,-0.904,9.071,8.204,0.0,0.3,-0.904,0.11,0.0,1,0.0
4,47.35,947,stopped,0.0,0.876,8.16,7.876,0.284,-0.876,9.312,8.16,0.0,0.284,-0.876,0.109,0.0,1,0.0
4,47.4,948,stopped,0.0,0.843,8.117,7.843,0.274,-0.843,9.627,8.117,0.0,0.274,-0.843,0.108,0.0,1,0.0
4,47.45,949,stopped,0.0,0.808,8.076,7.808,0.269,-0.808,10.0,8.076,0.0,0.269,-0.808,0.109,0.0,0,0.05
4,47.5,950,stopped,0.0,0.777,8.036,7.777,0.26,-0.777,10.346,8.036,0.0,0.26,-0.777,0.109,0.0,1,0.0
4,47.55,951,stopped,0.0,0.761,7.998,7.761,0.238,-0.761,10.514,7.998,0.0,0.238,-0.761,0.106,0.0,0,0.05
4,47.6,952,stopped,0.0,0.708,7.962,7.708,0.253,-0.708,11.238,7.962,0.0,0.253,-0.708,0.11,0.0,1,0.0
4,47.65,953,stopped,0.0,0.725,7.926,7.725,0.201,-0.725,10.935,7.926,0.0,0.201,-0.725,0.103,0.0,1,0.0
4,47.7,954,stopped,0.0,0.66,7.892,7.66,0.232,-0.66,11.965,7.892,0.0,0.232,-0.66,0.109,0.0,1,0.0
4,47.75,955,stopped,0.0,0.681,7.859,7.681,0.177,-0.681,11.535,7.859,0.0,0.177,-0.681,0.101,0.0,1,0.0
4,47.8,956,stopped,0.0,0.591,7.827,7.591,0.236,-0.591,13.242,7.827,0.0,0.236,-0.591,0.112,0.0,1,0.0
4,47.85,957,stopped,0.0,0.619,7.797,7.619,0.177,-0.619,12.592,7.797,0.0,0.177,-0.619,0.103,0.0,1,0.0
4,47.9,958,stopped,0.0,0.57,7.767,7.57,0.197,-0.57,13.624,7.767,0.0,0.197,-0.57,0.107,0.0,1,0.0
4,47.95,959,stopped,0.0,0.543,7.739,7.543,0.196,-0.543,14.242,7.739,0.0,0.196,-0.543,0.108,0.0,1,0.0
4,48.0,960,stopped,0.0,0.56,7.712,7.56,0.152,-0.56,13.771,7.712,0.0,0.152,-0.56,0.102,0.0,0,0.05
4,48.05,961,stopped,0.0,0.505,7.686,7.505,0.18,-0.505,15.208,7.686,0.0,0.18,-0.505,0.107,0.0,1,0.0
4,48.1,962,stopped,0.0,0.486,7.66,7.486,0.174,-0.486,15.747,7.66,0.0,0.174,-0.486,0.107,0.0,1,0.0
4,48.15,963,stopped,0.0,0.496,7.636,7.496,0.14,-0.496,15.395,7.636,0.0,0.14,-0.496,0.102,0.0,1,0.0
4,48.2,964,stopped,0.0,0.429,7.613,7.429,0.184,-0.429,17.753,7.613,0.0,0.184,-0.429,0.11,0.0,1,0.0
4,48.25,965,stopped,0.0,0.441,7.59,7.441,0.149,-0.441,17.196,7.59,0.0,0.149,-0.441,0.105,0.0,0,0.05
4,48.3,966,stopped,0.0,0.399,7.569,7.399,0.17,-0.399,18.982,7.569,0.0,0.17,-0.399,0.109,0.0,1,0.0
4,48.35,967,stopped,0.0,0.379,7.548,7.379,0.169,-0.379,19.912,7.548,0.0,0.169,-0.379,0.11,0.0,1,0.0
4,48.4,968,stopped,0.0,0.396,7.528,7.396,0.132,-0.396,19.008,7.528,0.0,0.132,-0.396,0.104,0.0,1,0.0
4,48.45,969,stopped,0.0,0.349,7.509,7.349,0.16,-0.349,21.544,7.509,0.0,0.16,-0.349,0.11,0.0,0,0.05
4,48.5,970,stopped,0.0,0.398,7.489,7.398,0.092,-0.398,18.835,7.489,0.0,0.092,-0.398,0.099,0.0,0,0.1
4,48.55,971,stopped,0.0,0.35,7.471,7.35,0.121,-0.35,21.324,7.471,0.0,0.121,-0.35,0.104,0.0,1,0.0
4,48.6,972,stopped,0.0,0.341,7.454,7.341,0.112,-0.341,21.832,7.454,0.0,0.112,-0.341,0.104,0.0,1,0.0
4,48.65,973,stopped,0.0,0.3,7.437,7.3,0.137,-0.3,24.789,7.437,0.0,0.137,-0.3,0.108,0.0,0,0.05
4,48.7,974,stopped,0.0,0.301,7.421,7.301,0.12,-0.301,24.664,7.421,0.0,0.12,-0.301,0.106,0.0,1,0.0
4,48.75,975,stopped,0.0,0.315,7.406,7.315,0.091,-0.315,23.54,7.406,0.0,0.091,-0.315,0.102,0.0,1,0.0
4,48.8,976,stopped,0.0,0.282,7.391,7.282,0.109,-0.282,26.206,7.391,0.0,0.109,-0.282,0.105,0.0,1,0.0
4,48.85,977,stopped,0.0,0.299,7.377,7.299,0.078,-0.299,24.652,7.377,0.0,0.078,-0.299,0.1,0.0,1,0.0
4,48.9,978,stopped,0.0,0.263,7.364,7.263,0.101,-0.263,28.029,7.364,0.0,0.101,-0.263,0.105,0.0,1,0.0
4,48.95,979,stopped,0.0,0.247,7.351,7.247,0.104,-0.247,29.767,7.351,0.0,0.104,-0.247,0.106,0.0,0,0.05
4,49.0,980,stopped,0.0,0.238,7.339,7.238,0.101,-0.238,30.844,7.339,0.0,0.101,-0.238,0.106,0.0,1,0.0
4,49.05,981,stopped,0.0,0.247,7.327,7.247,0.08,-0.247,29.714,7.327,0.0,0.08,-0.247,0.102,0.0,1,0.0
4,49.1,982,stopped,0.0,0.225,7.315,7.225,0.09,-0.225,32.442,7.315,0.0,0.09,-0.225,0.104,0.0,1,0.0
4,49.15,983,stopped,0.0,0.201,7.305,7.201,0.104,-0.201,36.304,7.305,0.0,0.104,-0.201,0.107,0.0,1,0.0
4,49.2,984,stopped,0.0,0.205,7.294,7.205,0.089,-0.205,35.563,7.294,0.0,0.089,-0.205,0.105,0.0,1,0.0
4,49.25,985,stopped,0.0,0.235,7.283,7.235,0.049,-0.235,31.021,7.283,0.0,0.049,-0.235,0.099,0.0,0,0.05
