episode,time_sec,tick,leader_phase,leader_speed_mps,follower_speed_mps,distance_m,desired_distance_m,spacing_error_m,relative_velocity_mps,thw_sec,observed_distance_m,observed_lead_speed_mps,control_spacing_error_m,control_relative_velocity_mps,throttle,brake,comm_success,time_since_last_comm_success_sec
5,0.05,1,accelerate,0.0,0.0,12.825,7.0,5.825,0.0,128.247,12.825,0.0,5.825,0.0,0.778,0.0,1,0.0
5,0.1,2,accelerate,0.003,0.003,12.825,7.003,5.822,0.0,128.247,12.825,0.003,5.822,0.0,0.778,0.0,1,0.0
5,0.15,3,accelerate,0.001,0.001,12.825,7.001,5.824,0.0,128.247,12.825,0.001,5.824,0.0,0.779,0.0,1,0.0
5,0.2,4,accelerate,0.0,0.0,12.825,7.0,5.825,-0.0,128.247,12.825,0.001,5.825,0.001,0.781,0.0,0,0.05
5,0.25,5,accelerate,0.0,0.001,12.825,7.001,5.824,-0.0,128.247,12.825,0.0,5.824,-0.0,0.781,0.0,1,0.0
5,0.3,6,accelerate,0.001,0.001,12.825,7.001,5.824,-0.0,128.247,12.825,0.001,5.824,-0.0,0.782,0.0,1,0.0
5,0.35,7,accelerate,0.001,0.001,12.825,7.001,5.824,-0.0,128.247,12.825,0.001,5.824,-0.0,0.783,0.0,1,0.0
5,0.4,8,accelerate,0.0,0.0,12.825,7.0,5.824,-0.0,128.247,12.825,0.0,5.824,-0.0,0.784,0.0,1,0.0
5,0.45,9,accelerate,0.0,0.0,12.825,7.0,5.824,-0.0,128.247,12.825,0.0,5.824,-0.0,0.785,0.0,1,0.0
5,0.5,10,accelerate,0.0,0.0,12.825,7.0,5.825,-0.0,128.247,12.825,0.0,5.825,0.0,0.786,0.0,0,0.05
5,0.55,11,accelerate,0.0,0.0,12.825,7.0,5.825,-0.0,128.247,12.825,0.0,5.825,-0.0,0.787,0.0,1,0.0
5,0.6,12,accelerate,0.0,0.0,12.825,7.0,5.825,-0.0,128.247,12.825,0.0,5.825,0.0,0.788,0.0,0,0.05
5,0.65,13,accelerate,0.158,0.305,12.82,7.305,5.515,-0.146,42.097,12.82,0.158,5.515,-0.146,0.743,0.0,1,0.0
5,0.7,14,accelerate,0.518,0.628,12.815,7.628,5.187,-0.11,20.405,12.815,0.518,5.187,-0.11,0.701,0.0,1,0.0
5,0.75,15,accelerate,0.821,0.893,12.812,7.893,4.919,-0.072,14.346,12.777,0.518,4.884,-0.375,0.653,0.0,0,0.05
5,0.8,16,accelerate,1.035,1.008,12.813,8.008,4.805,0.026,12.706,12.813,1.035,4.805,0.026,0.657,0.0,1,0.0
5,0.85,17,accelerate,1.162,1.113,12.816,8.113,4.703,0.049,11.514,12.816,1.162,4.703,0.049,0.645,0.0,1,0.0
5,0.9,18,accelerate,1.301,1.244,12.821,8.244,4.577,0.057,10.304,12.821,1.301,4.577,0.057,0.629,0.0,1,0.0
5,0.95,19,accelerate,1.417,1.356,12.826,8.356,4.471,0.061,9.46,12.759,1.301,4.403,-0.055,0.603,0.0,0,0.05
5,1.0,20,accelerate,1.543,1.452,12.832,8.452,4.38,0.091,8.839,12.691,1.301,4.239,-0.151,0.578,0.0,0,0.1
5,1.05,21,accelerate,1.645,1.509,12.84,8.509,4.332,0.136,8.51,12.619,1.301,4.11,-0.208,0.56,0.0,0,0.15
5,1.1,22,accelerate,1.806,1.641,12.851,8.641,4.21,0.165,7.832,12.851,1.806,4.21,0.165,0.586,0.0,1,0.0
5,1.15,23,accelerate,1.917,1.676,12.864,8.676,4.187,0.241,7.674,12.864,1.917,4.187,0.241,0.586,0.0,1,0.0
5,1.2,24,accelerate,2.082,1.774,12.88,8.774,4.106,0.308,7.262,12.88,2.082,4.106,0.308,0.579,0.0,1,0.0
5,1.25,25,accelerate,2.228,1.811,12.901,8.811,4.09,0.418,7.125,12.901,2.228,4.09,0.418,0.581,0.0,1,0.0
5,1.3,26,accelerate,2.418,1.888,12.928,8.888,4.04,0.53,6.847,12.928,2.418,4.04,0.53,0.578,0.0,1,0.0
5,1.35,27,accelerate,2.584,1.939,12.96,8.939,4.021,0.645,6.684,12.835,2.418,3.896,0.479,0.558,0.0,0,0.05
5,1.4,28,accelerate,2.755,2.027,12.998,9.027,3.971,0.729,6.413,12.739,2.418,3.712,0.391,0.531,0.0,0,0.1
5,1.45,29,accelerate,2.842,2.084,13.038,9.084,3.954,0.758,6.256,13.038,2.842,3.954,0.758,0.576,0.0,1,0.0
5,1.5,30,accelerate,2.887,2.173,13.077,9.173,3.904,0.714,6.017,12.934,2.842,3.761,0.669,0.548,0.0,0,0.05
5,1.55,31,accelerate,2.886,2.237,13.114,9.237,3.877,0.649,5.862,13.114,2.886,3.877,0.649,0.564,0.0,1,0.0
5,1.6,32,accelerate,2.919,2.33,13.147,9.33,3.817,0.588,5.642,13.147,2.919,3.817,0.588,0.555,0.0,1,0.0
5,1.65,33,accelerate,2.98,2.385,13.179,9.385,3.794,0.595,5.526,13.179,2.98,3.794,0.595,0.552,0.0,1,0.0
5,1.7,34,accelerate,3.108,2.457,13.213,9.457,3.756,0.652,5.379,13.213,3.108,3.756,0.652,0.55,0.0,1,0.0
5,1.75,35,accelerate,3.256,2.516,13.25,9.516,3.735,0.74,5.267,13.25,3.256,3.735,0.74,0.55,0.0,1,0.0
5,1.8,36,accelerate,3.447,2.618,13.292,9.618,3.674,0.829,5.077,13.124,3.256,3.506,0.638,0.517,0.0,0,0.05
5,1.85,37,accelerate,3.624,2.694,13.338,9.694,3.644,0.93,4.951,13.338,3.624,3.644,0.93,0.546,0.0,1,0.0
5,1.9,38,accelerate,3.752,2.788,13.388,9.788,3.6,0.964,4.802,13.203,3.624,3.415,0.836,0.513,0.0,0,0.05
5,1.95,39,accelerate,3.783,2.86,13.437,9.86,3.577,0.923,4.699,13.437,3.783,3.577,0.923,0.538,0.0,1,0.0
5,2.0,40,accelerate,3.783,2.948,13.481,9.948,3.533,0.834,4.572,13.481,3.783,3.533,0.834,0.53,0.0,1,0.0
5,2.05,41,accelerate,3.797,3.02,13.522,10.02,3.503,0.778,4.478,13.522,3.797,3.503,0.778,0.524,0.0,1,0.0
5,2.1,42,accelerate,3.888,3.108,13.562,10.108,3.454,0.78,4.364,13.562,3.888,3.454,0.78,0.519,0.0,1,0.0
5,2.15,43,accelerate,4.026,3.178,13.604,10.178,3.426,0.847,4.28,13.406,3.888,3.228,0.71,0.487,0.0,0,0.05
5,2.2,44,accelerate,4.199,3.26,13.651,10.26,3.39,0.939,4.187,13.651,4.199,3.39,0.939,0.516,0.0,1,0.0
5,2.25,45,accelerate,4.381,3.324,13.702,10.324,3.378,1.057,4.122,13.487,4.199,3.163,0.875,0.484,0.0,0,0.05
5,2.3,46,accelerate,4.541,3.401,13.759,10.401,3.358,1.14,4.046,13.759,4.541,3.358,1.14,0.52,0.0,1,0.0
5,2.35,47,accelerate,4.619,3.463,13.818,10.463,3.355,1.156,3.99,13.818,4.619,3.355,1.156,0.521,0.0,1,0.0
5,2.4,48,accelerate,4.628,3.541,13.875,10.541,3.334,1.087,3.918,13.875,4.628,3.334,1.087,0.516,0.0,1,0.0
5,2.45,49,accelerate,4.627,3.609,13.928,10.609,3.319,1.018,3.86,13.928,4.627,3.319,1.018,0.512,0.0,1,0.0
5,2.5,50,accelerate,4.685,3.687,13.979,10.687,3.292,0.998,3.792,13.979,4.685,3.292,0.998,0.509,0.0,1,0.0
5,2.55,51,accelerate,4.803,3.742,14.032,10.742,3.29,1.061,3.75,13.794,4.685,3.052,0.942,0.475,0.0,0,0.05
5,2.6,52,accelerate,4.956,3.812,14.088,10.812,3.276,1.144,3.696,13.606,4.685,2.794,0.873,0.439,0.0,0,0.1
5,2.65,53,accelerate,5.128,3.865,14.149,10.865,3.284,1.263,3.661,13.415,4.685,2.55,0.82,0.405,0.0,0,0.15
5,2.7,54,accelerate,5.243,3.909,14.216,10.909,3.307,1.334,3.636,14.216,5.243,3.307,1.334,0.524,0.0,1,0.0
5,2.75,55,accelerate,5.09,3.944,14.278,10.944,3.333,1.145,3.62,14.02,5.243,3.076,1.298,0.492,0.0,0,0.05
5,2.8,56,accelerate,5.093,3.997,14.334,10.997,3.336,1.096,3.586,14.334,5.093,3.336,1.096,0.521,0.0,1,0.0
5,2.85,57,accelerate,5.0,4.05,14.384,11.05,3.334,0.95,3.552,14.384,5.0,3.334,0.95,0.516,0.0,1,0.0
5,2.9,58,accelerate,5.459,4.115,14.445,11.115,3.33,1.344,3.51,14.181,5.0,3.066,0.885,0.479,0.0,0,0.05
5,2.95,59,accelerate,5.818,4.16,14.523,11.16,3.363,1.658,3.491,14.523,5.818,3.363,1.658,0.545,0.0,1,0.0
5,3.0,60,accelerate,5.924,4.228,14.607,11.228,3.379,1.696,3.455,14.607,5.924,3.379,1.696,0.549,0.0,1,0.0
5,3.05,61,accelerate,5.894,4.301,14.69,11.301,3.389,1.593,3.416,14.394,5.924,3.094,1.623,0.509,0.0,0,0.05
5,3.1,62,accelerate,5.845,4.375,14.766,11.375,3.391,1.47,3.375,14.766,5.845,3.391,1.47,0.544,0.0,1,0.0
5,3.15,63,accelerate,5.815,4.447,14.836,11.447,3.39,1.368,3.336,14.836,5.815,3.39,1.368,0.541,0.0,1,0.0
5,3.2,64,accelerate,5.815,4.523,14.903,11.523,3.379,1.291,3.295,14.903,5.815,3.379,1.291,0.537,0.0,1,0.0
5,3.25,65,accelerate,5.848,4.599,14.966,11.599,3.367,1.248,3.254,14.675,5.815,3.075,1.215,0.495,0.0,0,0.05
5,3.3,66,accelerate,5.915,4.67,15.029,11.67,3.359,1.245,3.218,14.443,5.815,2.773,1.145,0.453,0.0,0,0.1
5,3.35,67,accelerate,6.014,4.711,15.093,11.711,3.382,1.304,3.204,14.208,5.815,2.498,1.104,0.415,0.0,0,0.15
5,3.4,68,accelerate,6.142,4.751,15.161,11.751,3.409,1.39,3.191,15.161,6.142,3.409,1.39,0.547,0.0,1,0.0
5,3.45,69,accelerate,6.136,4.789,15.229,11.789,3.44,1.347,3.18,15.229,6.136,3.44,1.347,0.55,0.0,1,0.0
5,3.5,70,accelerate,6.131,4.845,15.295,11.845,3.449,1.286,3.157,15.295,6.131,3.449,1.286,0.55,0.0,1,0.0
5,3.55,71,accelerate,6.633,4.912,15.369,11.912,3.457,1.721,3.129,15.369,6.633,3.457,1.721,0.566,0.0,1,0.0
5,3.6,72,accelerate,7.16,4.987,15.469,11.987,3.482,2.172,3.102,15.469,7.16,3.482,2.172,0.585,0.0,1,0.0
5,3.65,73,accelerate,7.555,5.07,15.588,12.07,3.518,2.485,3.074,15.218,7.16,3.147,2.089,0.538,0.0,0,0.05
5,3.7,74,accelerate,7.722,5.064,15.718,12.064,3.654,2.658,3.104,15.718,7.722,3.654,2.658,0.625,0.0,1,0.0
5,3.75,75,accelerate,7.703,5.025,15.853,12.025,3.827,2.678,3.155,15.467,7.722,3.442,2.697,0.599,0.0,0,0.05
5,3.8,76,accelerate,7.626,5.057,15.982,12.057,3.925,2.569,3.16,15.982,7.626,3.925,2.569,0.659,0.0,1,0.0
5,3.85,77,accelerate,7.518,5.01,16.108,12.01,4.098,2.508,3.215,16.108,7.518,4.098,2.508,0.681,0.0,1,0.0
5,3.9,78,accelerate,7.405,5.188,16.227,12.188,4.039,2.217,3.128,15.855,7.518,3.667,2.33,0.618,0.0,0,0.05
5,3.95,79,accelerate,7.305,5.242,16.331,12.242,4.089,2.063,3.116,16.331,7.305,4.089,2.063,0.666,0.0,1,0.0
5,4.0,80,accelerate,7.248,5.217,16.433,12.217,4.216,2.031,3.15,16.433,7.248,4.216,2.031,0.683,0.0,1,0.0
5,4.05,81,accelerate,7.239,5.212,16.534,12.212,4.323,2.028,3.173,16.534,7.239,4.323,2.028,0.698,0.0,1,0.0
5,4.1,82,accelerate,7.276,5.227,16.637,12.227,4.41,2.049,3.183,16.637,7.276,4.41,2.049,0.711,0.0,1,0.0
5,4.15,83,accelerate,7.341,5.274,16.739,12.274,4.465,2.066,3.174,16.374,7.276,4.1,2.001,0.669,0.0,0,0.05
5,4.2,84,accelerate,7.448,5.347,16.844,12.347,4.496,2.101,3.15,16.108,7.276,3.761,1.928,0.622,0.0,0,0.1
5,4.25,85,accelerate,7.583,5.436,16.95,12.436,4.514,2.147,3.118,16.95,7.583,4.514,2.147,0.73,0.0,1,0.0
5,4.3,86,accelerate,7.741,5.537,17.059,12.537,4.522,2.204,3.081,17.059,7.741,4.522,2.204,0.734,0.0,1,0.0
5,4.35,87,accelerate,7.905,5.665,17.17,12.665,4.505,2.241,3.031,17.17,7.905,4.505,2.241,0.734,0.0,1,0.0
5,4.4,88,accelerate,8.086,5.815,17.283,12.815,4.468,2.272,2.972,17.283,8.086,4.468,2.272,0.73,0.0,1,0.0
5,4.45,89,accelerate,8.279,5.865,17.399,12.865,4.534,2.414,2.967,17.399,8.279,4.534,2.414,0.745,0.0,1,0.0
5,4.5,90,accelerate,8.479,5.866,17.525,12.866,4.659,2.613,2.988,17.106,8.279,4.24,2.413,0.706,0.0,0,0.05
5,4.55,91,accelerate,8.672,6.09,17.658,13.09,4.568,2.582,2.9,17.658,8.672,4.568,2.582,0.756,0.0,1,0.0
5,4.6,92,accelerate,8.875,6.733,17.771,13.733,4.038,2.141,2.639,17.771,8.875,4.038,2.141,0.672,0.0,1,0.0
5,4.65,93,accelerate,9.083,7.181,17.869,14.181,3.688,1.902,2.488,17.421,8.875,3.239,1.694,0.551,0.0,0,0.05
5,4.7,94,accelerate,9.294,7.516,17.958,14.516,3.442,1.778,2.389,17.958,9.294,3.442,1.778,0.581,0.0,1,0.0
5,4.75,95,accelerate,9.471,7.72,18.044,14.72,3.324,1.752,2.337,18.044,9.471,3.324,1.752,0.565,0.0,1,0.0
5,4.8,96,accelerate,9.572,7.866,18.128,14.866,3.262,1.707,2.305,18.128,9.572,3.262,1.707,0.556,0.0,1,0.0
5,4.85,97,accelerate,9.588,7.992,18.207,14.992,3.216,1.596,2.278,17.731,9.572,2.74,1.581,0.482,0.0,0,0.05
5,4.9,98,accelerate,9.536,8.097,18.279,15.097,3.182,1.44,2.258,18.279,9.536,3.182,1.44,0.537,0.0,1,0.0
5,4.95,99,accelerate,9.505,8.184,18.342,15.184,3.158,1.321,2.241,18.342,9.505,3.158,1.321,0.531,0.0,1,0.0
5,5.0,100,accelerate,9.53,8.262,18.401,15.262,3.139,1.268,2.227,17.931,9.505,2.669,1.243,0.463,0.0,0,0.05
5,5.05,101,accelerate,9.595,8.329,18.459,15.329,3.13,1.265,2.216,17.516,9.505,2.186,1.175,0.397,0.0,0,0.1
5,5.1,102,accelerate,9.682,8.377,18.518,15.377,3.141,1.305,2.211,18.518,9.682,3.141,1.305,0.529,0.0,1,0.0
5,5.15,103,accelerate,9.807,8.411,18.578,15.411,3.167,1.396,2.209,18.578,9.807,3.167,1.396,0.536,0.0,1,0.0
5,5.2,104,accelerate,9.966,8.45,18.644,15.45,3.194,1.516,2.206,18.644,9.966,3.194,1.516,0.544,0.0,1,0.0
5,5.25,105,accelerate,10.118,8.493,18.714,15.493,3.22,1.625,2.203,18.714,10.118,3.22,1.625,0.552,0.0,1,0.0
5,5.3,106,accelerate,10.302,8.541,18.788,15.541,3.246,1.76,2.2,18.288,10.118,2.747,1.577,0.488,0.0,0,0.05
5,5.35,107,accelerate,10.492,8.59,18.868,15.59,3.279,1.902,2.197,17.861,10.118,2.271,1.529,0.423,0.0,0,0.1
5,5.4,108,accelerate,10.664,8.627,18.955,15.627,3.327,2.037,2.197,18.955,10.664,3.327,2.037,0.581,0.0,1,0.0
5,5.45,109,accelerate,10.69,8.658,19.041,15.658,3.383,2.032,2.199,18.524,10.664,2.866,2.006,0.519,0.0,0,0.05
5,5.5,110,accelerate,10.644,8.697,19.125,15.697,3.429,1.947,2.199,18.092,10.664,2.395,1.967,0.456,0.0,0,0.1
5,5.55,111,accelerate,10.944,8.733,19.214,15.733,3.482,2.211,2.2,19.214,10.944,3.482,2.211,0.609,0.0,1,0.0
5,5.6,112,accelerate,11.276,8.767,19.319,15.767,3.552,2.509,2.204,19.319,11.276,3.552,2.509,0.629,0.0,1,0.0
5,5.65,113,accelerate,11.476,8.819,19.431,15.819,3.612,2.657,2.203,18.883,11.276,3.063,2.457,0.563,0.0,0,0.05
5,5.7,114,accelerate,11.466,8.883,19.542,15.883,3.659,2.583,2.2,18.444,11.276,2.561,2.393,0.494,0.0,0,0.1
5,5.75,115,accelerate,11.413,8.943,19.645,15.943,3.701,2.469,2.197,19.645,11.413,3.701,2.469,0.649,0.0,1,0.0
5,5.8,116,accelerate,11.355,9.002,19.743,16.002,3.741,2.353,2.193,19.202,11.413,3.2,2.411,0.581,0.0,0,0.05
5,5.85,117,accelerate,11.294,9.073,19.836,16.073,3.762,2.221,2.186,19.836,11.294,3.762,2.221,0.65,0.0,1,0.0
5,5.9,118,accelerate,11.275,9.153,19.921,16.153,3.768,2.122,2.177,19.921,11.275,3.768,2.122,0.648,0.0,1,0.0
5,5.95,119,accelerate,11.316,9.242,20.003,16.242,3.76,2.073,2.164,20.003,11.316,3.76,2.073,0.646,0.0,1,0.0
5,6.0,120,accelerate,11.396,9.345,20.085,16.345,3.74,2.051,2.149,19.548,11.316,3.203,1.971,0.569,0.0,0,0.05
5,6.05,121,accelerate,11.469,9.447,20.166,16.447,3.719,2.021,2.135,20.166,11.469,3.719,2.021,0.64,0.0,1,0.0
5,6.1,122,accelerate,11.57,9.548,20.246,16.548,3.699,2.023,2.121,20.246,11.57,3.699,2.023,0.638,0.0,1,0.0
5,6.15,123,accelerate,11.639,9.641,20.322,16.641,3.681,1.998,2.108,20.322,11.639,3.681,1.998,0.636,0.0,1,0.0
5,6.2,124,accelerate,11.773,9.752,20.396,16.752,3.645,2.021,2.092,20.396,11.773,3.645,2.021,0.632,0.0,1,0.0
5,6.25,125,accelerate,11.913,9.862,20.476,16.862,3.614,2.051,2.076,19.924,11.773,3.062,1.911,0.551,0.0,0,0.05
5,6.3,126,accelerate,12.031,9.956,20.556,16.956,3.6,2.076,2.065,19.446,11.773,2.491,1.817,0.472,0.0,0,0.1
5,6.35,127,accelerate,12.157,10.039,20.636,17.039,3.597,2.118,2.056,20.636,12.157,3.597,2.118,0.631,0.0,1,0.0
5,6.4,128,accelerate,12.305,10.11,20.722,17.11,3.612,2.195,2.05,20.155,12.157,3.046,2.048,0.555,0.0,0,0.05
5,6.45,129,accelerate,12.41,10.182,20.811,17.182,3.629,2.228,2.044,20.811,12.41,3.629,2.228,0.64,0.0,1,0.0
5,6.5,130,accelerate,12.543,10.243,20.902,17.243,3.659,2.299,2.041,20.328,12.41,3.085,2.167,0.565,0.0,0,0.05
5,6.55,131,accelerate,12.688,10.321,20.998,17.321,3.676,2.366,2.034,20.998,12.688,3.676,2.366,0.652,0.0,1,0.0
5,6.6,132,accelerate,12.796,10.406,21.097,17.406,3.69,2.39,2.027,21.097,12.796,3.69,2.39,0.655,0.0,1,0.0
5,6.65,133,accelerate,12.924,10.485,21.196,17.485,3.711,2.439,2.022,20.607,12.796,3.122,2.311,0.577,0.0,0,0.05
5,6.7,134,accelerate,13.005,10.583,21.294,17.583,3.711,2.422,2.012,21.294,13.005,3.711,2.422,0.66,0.0,1,0.0
5,6.75,135,accelerate,13.139,10.679,21.393,17.679,3.714,2.46,2.003,21.393,13.139,3.714,2.46,0.662,0.0,1,0.0
5,6.8,136,accelerate,13.289,10.767,21.496,17.767,3.729,2.522,1.996,21.496,13.289,3.729,2.522,0.667,0.0,1,0.0
5,6.85,137,accelerate,13.401,10.88,21.601,17.88,3.722,2.522,1.986,20.993,13.289,3.114,2.41,0.582,0.0,0,0.05
5,6.9,138,accelerate,13.524,10.994,21.707,17.994,3.713,2.529,1.974,20.485,13.289,2.491,2.295,0.495,0.0,0,0.1
5,6.95,139,accelerate,13.598,11.06,21.811,18.06,3.75,2.538,1.972,21.811,13.598,3.75,2.538,0.672,0.0,1,0.0
5,7.0,140,accelerate,13.729,11.132,21.914,18.132,3.782,2.597,1.969,21.914,13.729,3.782,2.597,0.679,0.0,1,0.0
5,7.05,141,accelerate,13.878,11.222,22.025,18.222,3.803,2.657,1.963,22.025,13.878,3.803,2.657,0.684,0.0,1,0.0
5,7.1,142,accelerate,13.987,11.331,22.14,18.331,3.81,2.657,1.954,21.511,13.878,3.181,2.548,0.598,0.0,0,0.05
5,7.15,143,accelerate,14.108,11.417,22.256,18.417,3.839,2.691,1.949,20.992,13.878,2.574,2.461,0.515,0.0,0,0.1
5,7.2,144,accelerate,14.177,11.498,22.37,18.498,3.872,2.68,1.946,22.37,14.177,3.872,2.68,0.696,0.0,1,0.0
5,7.25,145,accelerate,14.301,11.528,22.483,18.528,3.955,2.773,1.95,21.847,14.177,3.319,2.65,0.621,0.0,0,0.05
5,7.3,146,accelerate,14.446,11.621,22.601,18.621,3.98,2.825,1.945,21.317,14.177,2.696,2.556,0.536,0.0,0,0.1
5,7.35,147,accelerate,14.541,11.704,22.725,18.704,4.021,2.837,1.942,22.725,14.541,4.021,2.837,0.722,0.0,1,0.0
5,7.4,148,accelerate,14.638,11.759,22.851,18.759,4.092,2.878,1.943,22.196,14.541,3.437,2.782,0.643,0.0,0,0.05
5,7.45,149,accelerate,14.677,11.722,22.979,18.722,4.256,2.954,1.96,22.979,14.677,4.256,2.954,0.759,0.0,1,0.0
5,7.5,150,accelerate,14.762,11.73,23.111,18.73,4.382,3.033,1.97,22.453,14.677,3.723,2.947,0.688,0.0,0,0.05
5,7.55,151,accelerate,14.873,12.005,23.248,19.005,4.243,2.868,1.936,23.248,14.873,4.243,2.868,0.756,0.0,1,0.0
5,7.6,152,accelerate,14.968,12.298,23.377,19.298,4.078,2.67,1.901,23.377,14.968,4.078,2.67,0.728,0.0,1,0.0
5,7.65,153,accelerate,15.096,12.551,23.504,19.551,3.953,2.545,1.873,23.504,15.096,3.953,2.545,0.707,0.0,1,0.0
5,7.7,154,accelerate,15.202,12.725,23.63,19.725,3.905,2.477,1.857,22.94,15.096,3.216,2.372,0.604,0.0,0,0.05
5,7.75,155,accelerate,15.338,12.883,23.758,19.883,3.875,2.456,1.844,22.365,15.096,2.483,2.214,0.501,0.0,0,0.1
5,7.8,156,accelerate,15.45,12.953,23.889,19.953,3.936,2.498,1.844,21.781,15.096,1.828,2.144,0.412,0.0,0,0.15
5,7.85,157,accelerate,15.552,13.031,24.025,20.031,3.993,2.521,1.844,24.025,15.552,3.993,2.521,0.714,0.0,1,0.0
5,7.9,158,accelerate,15.632,13.099,24.17,20.099,4.071,2.533,1.845,24.17,15.632,4.071,2.533,0.725,0.0,1,0.0
5,7.95,159,accelerate,15.689,13.148,24.319,20.148,4.171,2.54,1.85,24.319,15.689,4.171,2.54,0.74,0.0,1,0.0
5,8.0,160,accelerate,15.771,13.226,24.471,20.226,4.245,2.544,1.85,23.73,15.689,3.504,2.462,0.649,0.0,0,0.05
5,8.05,161,accelerate,15.866,13.331,24.628,20.331,4.298,2.536,1.847,24.628,15.866,4.298,2.536,0.758,0.0,1,0.0
5,8.1,162,accelerate,15.981,13.397,24.79,20.397,4.393,2.583,1.85,24.79,15.981,4.393,2.583,0.772,0.0,1,0.0
5,8.15,163,accelerate,16.008,13.503,24.955,20.503,4.452,2.505,1.848,24.955,16.008,4.452,2.505,0.777,0.0,1,0.0
5,8.2,164,accelerate,16.003,13.572,25.116,20.572,4.544,2.431,1.851,25.116,16.003,4.544,2.431,0.787,0.0,1,0.0
5,8.25,165,accelerate,16.106,13.703,25.273,20.703,4.57,2.403,1.844,24.499,16.003,3.796,2.3,0.683,0.0,0,0.05
5,8.3,166,accelerate,16.314,13.849,25.438,20.849,4.589,2.464,1.837,25.438,16.314,4.589,2.464,0.794,0.0,1,0.0
5,8.35,167,accelerate,16.49,13.953,25.609,20.953,4.656,2.537,1.835,25.609,16.49,4.656,2.537,0.805,0.0,1,0.0
5,8.4,168,accelerate,16.643,14.078,25.782,21.078,4.704,2.566,1.831,25.782,16.643,4.704,2.566,0.813,0.0,1,0.0
5,8.45,169,accelerate,16.774,14.162,25.955,21.162,4.793,2.612,1.833,25.135,16.643,3.974,2.481,0.713,0.0,0,0.05
5,8.5,170,accelerate,16.87,14.301,26.127,21.301,4.826,2.568,1.827,26.127,16.87,4.826,2.568,0.829,0.0,1,0.0
5,8.55,171,cruise,16.934,14.387,26.295,21.387,4.908,2.546,1.828,26.295,16.934,4.908,2.546,0.839,0.0,1,0.0
5,8.6,172,cruise,16.988,14.537,26.457,21.537,4.92,2.451,1.82,26.457,16.988,4.92,2.451,0.838,0.0,1,0.0
5,8.65,173,cruise,17.05,14.716,26.615,21.716,4.899,2.334,1.809,25.773,16.988,4.057,2.272,0.717,0.0,0,0.05
5,8.7,174,cruise,17.129,14.854,26.768,21.854,4.914,2.275,1.802,26.768,17.129,4.914,2.275,0.831,0.0,1,0.0
5,8.75,175,cruise,17.219,14.99,26.916,21.99,4.926,2.229,1.796,26.916,17.219,4.926,2.229,0.831,0.0,1,0.0
5,8.8,176,cruise,17.316,15.025,27.06,22.025,5.035,2.291,1.801,27.06,17.316,5.035,2.291,0.848,0.0,1,0.0
5,8.85,177,cruise,17.413,15.004,27.206,22.004,5.202,2.41,1.813,27.206,17.413,5.202,2.41,0.874,0.0,1,0.0
5,8.9,178,cruise,17.494,14.918,27.356,21.918,5.437,2.575,1.834,27.356,17.494,5.437,2.575,0.911,0.0,1,0.0
5,8.95,179,cruise,17.52,15.179,27.498,22.179,5.318,2.34,1.812,27.498,17.52,5.318,2.34,0.887,0.0,1,0.0
5,9.0,180,cruise,17.475,15.42,27.625,22.42,5.205,2.054,1.791,26.753,17.52,4.332,2.099,0.748,0.0,0,0.05
5,9.05,181,cruise,17.403,15.592,27.737,22.592,5.145,1.811,1.779,27.737,17.403,5.145,1.811,0.846,0.0,1,0.0
5,9.1,182,cruise,17.325,15.759,27.834,22.759,5.075,1.566,1.766,27.834,17.325,5.075,1.566,0.829,0.0,1,0.0
5,9.15,183,cruise,17.272,15.869,27.919,22.869,5.05,1.404,1.759,27.919,17.272,5.05,1.404,0.82,0.0,1,0.0
5,9.2,184,cruise,17.265,16.018,27.993,23.018,4.975,1.247,1.748,27.993,17.265,4.975,1.247,0.805,0.0,1,0.0
5,9.25,185,cruise,17.298,16.13,28.06,23.13,4.931,1.168,1.74,28.06,17.298,4.931,1.168,0.796,0.0,1,0.0
5,9.3,186,cruise,17.357,16.275,28.121,23.275,4.847,1.082,1.728,27.255,17.298,3.981,1.023,0.665,0.0,0,0.05
5,9.35,187,cruise,17.421,16.393,28.178,23.393,4.785,1.028,1.719,28.178,17.421,4.785,1.028,0.772,0.0,1,0.0
5,9.4,188,cruise,17.461,16.512,28.23,23.512,4.718,0.948,1.71,27.358,17.421,3.846,0.908,0.643,0.0,0,0.05
5,9.45,189,cruise,17.459,16.624,28.278,23.624,4.654,0.835,1.701,28.278,17.459,4.654,0.835,0.748,0.0,1,0.0
5,9.5,190,cruise,17.422,16.702,28.319,23.702,4.616,0.72,1.695,28.319,17.422,4.616,0.72,0.739,0.0,1,0.0
5,9.55,191,cruise,17.37,16.807,28.352,23.807,4.544,0.563,1.687,28.352,17.37,4.544,0.563,0.725,0.0,1,0.0
5,9.6,192,cruise,17.326,16.9,28.377,23.9,4.477,0.426,1.679,28.377,17.326,4.477,0.426,0.711,0.0,1,0.0
5,9.65,193,cruise,17.307,17.004,28.395,24.004,4.392,0.304,1.67,28.395,17.307,4.392,0.304,0.696,0.0,1,0.0
5,9.7,194,cruise,17.323,17.097,28.409,24.097,4.312,0.226,1.662,28.409,17.323,4.312,0.226,0.682,0.0,1,0.0
5,9.75,195,cruise,17.362,17.193,28.419,24.193,4.226,0.169,1.653,28.419,17.362,4.226,0.169,0.669,0.0,1,0.0
5,9.8,196,cruise,17.404,17.279,28.427,24.279,4.147,0.125,1.645,28.427,17.404,4.147,0.125,0.657,0.0,1,0.0
5,9.85,197,cruise,17.43,17.366,28.432,24.366,4.066,0.064,1.637,28.432,17.43,4.066,0.064,0.644,0.0,1,0.0
5,9.9,198,cruise,17.429,17.447,28.433,24.447,3.986,-0.018,1.63,27.561,17.43,3.114,-0.017,0.515,0.0,0,0.05
5,9.95,199,cruise,17.406,17.512,28.43,24.512,3.917,-0.107,1.623,28.43,17.406,3.917,-0.107,0.619,0.0,1,0.0
5,10.0,200,cruise,17.373,17.571,28.422,24.571,3.851,-0.198,1.618,27.553,17.406,2.982,-0.165,0.492,0.0,0,0.05
5,10.05,201,cruise,17.347,17.621,28.41,24.621,3.789,-0.274,1.612,26.673,17.406,2.052,-0.215,0.366,0.0,0,0.1
5,10.1,202,cruise,17.337,17.651,28.395,24.651,3.743,-0.314,1.609,28.395,17.337,3.743,-0.314,0.589,0.0,1,0.0
5,10.15,203,cruise,17.348,17.667,28.379,24.667,3.712,-0.319,1.606,28.379,17.348,3.712,-0.319,0.584,0.0,1,0.0
5,10.2,204,cruise,17.371,17.693,28.363,24.693,3.671,-0.322,1.603,28.363,17.371,3.671,-0.322,0.579,0.0,1,0.0
5,10.25,205,cruise,17.394,17.725,28.347,24.725,3.622,-0.331,1.599,28.347,17.394,3.622,-0.331,0.572,0.0,1,0.0
5,10.3,206,cruise,17.407,17.762,28.33,24.762,3.568,-0.355,1.595,27.46,17.394,2.698,-0.368,0.448,0.0,0,0.05
5,10.35,207,cruise,17.405,17.792,28.311,24.792,3.519,-0.387,1.591,28.311,17.405,3.519,-0.387,0.556,0.0,1,0.0
5,10.4,208,cruise,17.391,17.817,28.291,24.817,3.474,-0.426,1.588,27.421,17.405,2.604,-0.412,0.433,0.0,0,0.05
5,10.45,209,cruise,17.374,17.839,28.268,24.839,3.43,-0.465,1.585,28.268,17.374,3.43,-0.465,0.542,0.0,1,0.0
5,10.5,210,cruise,17.361,17.855,28.244,24.855,3.389,-0.494,1.582,28.244,17.361,3.389,-0.494,0.535,0.0,1,0.0
5,10.55,211,cruise,17.358,17.876,28.219,24.876,3.342,-0.519,1.579,28.219,17.358,3.342,-0.519,0.528,0.0,1,0.0
5,10.6,212,cruise,17.364,17.9,28.192,24.9,3.293,-0.535,1.575,28.192,17.364,3.293,-0.535,0.521,0.0,1,0.0
5,10.65,213,cruise,17.376,17.924,28.165,24.924,3.242,-0.547,1.571,28.165,17.376,3.242,-0.547,0.514,0.0,1,0.0
5,10.7,214,cruise,17.387,17.946,28.138,24.946,3.192,-0.559,1.568,28.138,17.387,3.192,-0.559,0.507,0.0,1,0.0
5,10.75,215,cruise,17.393,17.968,28.109,24.968,3.141,-0.575,1.564,27.24,17.387,2.272,-0.581,0.384,0.0,0,0.05
5,10.8,216,cruise,17.391,17.981,28.08,24.981,3.099,-0.59,1.562,28.08,17.391,3.099,-0.59,0.493,0.0,1,0.0
5,10.85,217,cruise,17.384,17.986,28.05,24.986,3.064,-0.603,1.56,28.05,17.384,3.064,-0.603,0.488,0.0,1,0.0
5,10.9,218,cruise,17.375,17.994,28.02,24.994,3.026,-0.619,1.557,28.02,17.375,3.026,-0.619,0.483,0.0,1,0.0
5,10.95,219,cruise,17.369,18.003,27.988,25.003,2.986,-0.633,1.555,27.988,17.369,2.986,-0.633,0.477,0.0,1,0.0
5,11.0,220,cruise,17.368,18.011,27.956,25.011,2.945,-0.643,1.552,27.956,17.368,2.945,-0.643,0.471,0.0,1,0.0
5,11.05,221,cruise,17.372,18.019,27.924,25.019,2.905,-0.647,1.55,27.924,17.372,2.905,-0.647,0.466,0.0,1,0.0
5,11.1,222,cruise,17.378,18.025,27.892,25.025,2.866,-0.647,1.547,27.892,17.378,2.866,-0.647,0.461,0.0,1,0.0
5,11.15,223,cruise,17.383,18.03,27.859,25.03,2.829,-0.647,1.545,27.859,17.383,2.829,-0.647,0.456,0.0,1,0.0
5,11.2,224,cruise,17.386,18.034,27.827,25.034,2.793,-0.648,1.543,26.958,17.383,1.924,-0.65,0.335,0.0,0,0.05
5,11.25,225,cruise,17.384,18.029,27.795,25.029,2.765,-0.645,1.542,27.795,17.384,2.765,-0.645,0.447,0.0,1,0.0
5,11.3,226,cruise,17.38,18.017,27.763,25.017,2.746,-0.636,1.541,27.763,17.38,2.746,-0.636,0.445,0.0,1,0.0
5,11.35,227,cruise,17.376,18.007,27.731,25.007,2.724,-0.631,1.54,27.731,17.376,2.724,-0.631,0.442,0.0,1,0.0
5,11.4,228,cruise,17.374,18.0,27.7,25.0,2.7,-0.626,1.539,26.831,17.376,1.831,-0.624,0.323,0.0,0,0.05
5,11.45,229,cruise,17.373,17.987,27.669,24.987,2.682,-0.613,1.538,25.931,17.376,0.944,-0.611,0.206,0.0,0,0.1
5,11.5,230,cruise,17.376,17.955,27.639,24.955,2.684,-0.58,1.539,27.639,17.376,2.684,-0.58,0.438,0.0,1,0.0
5,11.55,231,cruise,17.379,17.912,27.611,24.912,2.699,-0.534,1.541,27.611,17.379,2.699,-0.534,0.442,0.0,1,0.0
5,11.6,232,cruise,17.381,17.882,27.586,24.882,2.704,-0.501,1.543,27.586,17.381,2.704,-0.501,0.444,0.0,1,0.0
5,11.65,233,cruise,17.382,17.861,27.561,24.861,2.7,-0.479,1.543,27.561,17.382,2.7,-0.479,0.444,0.0,1,0.0
5,11.7,234,cruise,17.381,17.846,27.538,24.846,2.691,-0.465,1.543,26.669,17.382,1.822,-0.464,0.327,0.0,0,0.05
5,11.75,235,cruise,17.379,17.829,27.515,24.829,2.686,-0.45,1.543,27.515,17.379,2.686,-0.45,0.443,0.0,1,0.0
5,11.8,236,cruise,17.377,17.809,27.493,24.809,2.684,-0.432,1.544,27.493,17.377,2.684,-0.432,0.444,0.0,1,0.0
5,11.85,237,cruise,17.376,17.794,27.472,24.794,2.678,-0.418,1.544,27.472,17.376,2.678,-0.418,0.443,0.0,1,0.0
5,11.9,238,cruise,17.376,17.784,27.451,24.784,2.668,-0.408,1.544,27.451,17.376,2.668,-0.408,0.442,0.0,1,0.0
5,11.95,239,cruise,17.377,17.776,27.431,24.776,2.655,-0.399,1.543,27.431,17.377,2.655,-0.399,0.441,0.0,1,0.0
5,12.0,240,cruise,17.379,17.769,27.411,24.769,2.642,-0.391,1.543,27.411,17.379,2.642,-0.391,0.439,0.0,1,0.0
5,12.05,241,cruise,17.38,17.763,27.392,24.763,2.629,-0.384,1.542,27.392,17.38,2.629,-0.384,0.438,0.0,1,0.0
5,12.1,242,cruise,17.38,17.758,27.373,24.758,2.615,-0.378,1.541,27.373,17.38,2.615,-0.378,0.436,0.0,1,0.0
5,12.15,243,cruise,17.38,17.753,27.354,24.753,2.602,-0.373,1.541,26.485,17.38,1.733,-0.372,0.319,0.0,0,0.05
5,12.2,244,cruise,17.379,17.74,27.336,24.74,2.596,-0.362,1.541,27.336,17.379,2.596,-0.362,0.434,0.0,1,0.0
5,12.25,245,cruise,17.378,17.722,27.318,24.722,2.597,-0.344,1.542,26.45,17.379,1.728,-0.343,0.319,0.0,0,0.05
5,12.3,246,cruise,17.377,17.701,27.302,24.701,2.601,-0.324,1.542,25.564,17.379,0.863,-0.322,0.204,0.0,0,0.1
5,12.35,247,cruise,17.377,17.665,27.287,24.665,2.622,-0.287,1.545,27.287,17.377,2.622,-0.287,0.44,0.0,1,0.0
5,12.4,248,cruise,17.378,17.619,27.274,24.619,2.654,-0.242,1.548,27.274,17.378,2.654,-0.242,0.446,0.0,1,0.0
5,12.45,249,cruise,17.379,17.588,27.263,24.588,2.675,-0.209,1.55,26.394,17.378,1.806,-0.21,0.334,0.0,0,0.05
5,12.5,250,cruise,17.379,17.561,27.253,24.561,2.692,-0.182,1.552,27.253,17.379,2.692,-0.182,0.453,0.0,1,0.0
5,12.55,251,cruise,17.379,17.536,27.245,24.536,2.709,-0.156,1.554,27.245,17.379,2.709,-0.156,0.456,0.0,1,0.0
5,12.6,252,cruise,17.379,17.52,27.237,24.52,2.718,-0.141,1.555,26.368,17.379,1.849,-0.141,0.342,0.0,0,0.05
5,12.65,253,cruise,17.378,17.504,27.231,24.504,2.727,-0.125,1.556,25.493,17.379,0.989,-0.125,0.228,0.0,0,0.1
5,12.7,254,cruise,17.378,17.474,27.225,24.474,2.751,-0.096,1.558,27.225,17.378,2.751,-0.096,0.464,0.0,1,0.0
5,12.75,255,cruise,17.378,17.436,27.222,24.436,2.786,-0.058,1.561,26.353,17.378,1.917,-0.058,0.354,0.0,0,0.05
5,12.8,256,cruise,17.378,17.405,27.22,24.405,2.814,-0.027,1.564,27.22,17.378,2.814,-0.027,0.474,0.0,1,0.0
5,12.85,257,cruise,17.378,17.38,27.219,24.38,2.839,-0.002,1.566,26.35,17.378,1.97,-0.002,0.363,0.0,0,0.05
5,12.9,258,cruise,17.379,17.361,27.22,24.361,2.859,0.018,1.568,27.22,17.379,2.859,0.018,0.482,0.0,1,0.0
5,12.95,259,cruise,17.379,17.344,27.221,24.344,2.877,0.035,1.569,27.221,17.379,2.877,0.035,0.485,0.0,1,0.0
5,13.0,260,cruise,17.379,17.338,27.223,24.338,2.885,0.041,1.57,27.223,17.379,2.885,0.041,0.486,0.0,1,0.0
5,13.05,261,cruise,17.379,17.338,27.225,24.338,2.887,0.04,1.57,27.225,17.379,2.887,0.04,0.486,0.0,1,0.0
5,13.1,262,cruise,17.378,17.343,27.227,24.343,2.884,0.035,1.57,27.227,17.378,2.884,0.035,0.486,0.0,1,0.0
5,13.15,263,cruise,17.378,17.351,27.228,24.351,2.877,0.027,1.569,26.36,17.378,2.008,0.027,0.369,0.0,0,0.05
5,13.2,264,cruise,17.378,17.354,27.23,24.354,2.876,0.024,1.569,25.492,17.378,1.138,0.025,0.253,0.0,0,0.1
5,13.25,265,cruise,17.378,17.339,27.231,24.339,2.892,0.039,1.571,27.231,17.378,2.892,0.039,0.487,0.0,1,0.0
5,13.3,266,cruise,17.378,17.313,27.234,24.313,2.921,0.065,1.573,27.234,17.378,2.921,0.065,0.492,0.0,1,0.0
5,13.35,267,cruise,17.378,17.3,27.238,24.3,2.937,0.078,1.574,27.238,17.378,2.937,0.078,0.494,0.0,1,0.0
5,13.4,268,cruise,17.379,17.298,27.242,24.298,2.944,0.081,1.575,26.373,17.378,2.075,0.081,0.379,0.0,0,0.05
5,13.45,269,cruise,17.379,17.295,27.246,24.295,2.951,0.083,1.575,27.246,17.379,2.951,0.083,0.496,0.0,1,0.0
5,13.5,270,cruise,17.378,17.291,27.25,24.291,2.959,0.088,1.576,26.381,17.379,2.09,0.088,0.382,0.0,0,0.05
5,13.55,271,cruise,17.378,17.287,27.255,24.287,2.967,0.091,1.577,25.517,17.379,1.229,0.091,0.267,0.0,0,0.1
5,13.6,272,cruise,17.378,17.27,27.259,24.27,2.989,0.108,1.578,24.653,17.379,0.382,0.108,0.155,0.0,0,0.15
5,13.65,273,cruise,17.378,17.231,27.266,24.231,3.035,0.147,1.582,23.79,17.379,-0.441,0.147,0.046,0.0,0,0.2
5,13.7,274,cruise,17.378,17.166,27.275,24.166,3.109,0.212,1.589,27.275,17.378,3.109,0.212,0.522,0.0,1,0.0
5,13.75,275,cruise,17.378,17.086,27.288,24.086,3.202,0.292,1.597,27.288,17.378,3.202,0.292,0.537,0.0,1,0.0
5,13.8,276,cruise,17.378,17.027,27.305,24.027,3.278,0.352,1.604,26.436,17.378,2.409,0.352,0.433,0.0,0,0.05
5,13.85,277,cruise,17.378,16.993,27.323,23.993,3.33,0.385,1.608,27.323,17.378,3.33,0.385,0.557,0.0,1,0.0
5,13.9,278,cruise,17.378,16.977,27.343,23.977,3.367,0.402,1.611,26.474,17.378,2.498,0.402,0.446,0.0,0,0.05
5,13.95,279,cruise,17.378,16.973,27.363,23.973,3.39,0.405,1.612,27.363,17.378,3.39,0.405,0.566,0.0,1,0.0
5,14.0,280,cruise,17.378,16.978,27.384,23.978,3.406,0.401,1.613,27.384,17.378,3.406,0.401,0.568,0.0,1,0.0
5,14.05,281,cruise,17.378,16.995,27.403,23.995,3.408,0.383,1.612,26.534,17.378,2.539,0.383,0.451,0.0,0,0.05
5,14.1,282,cruise,17.378,17.015,27.422,24.015,3.407,0.363,1.612,27.422,17.378,3.407,0.363,0.566,0.0,1,0.0
5,14.15,283,cruise,17.378,17.034,27.439,24.034,3.405,0.344,1.611,26.57,17.378,2.537,0.344,0.45,0.0,0,0.05
5,14.2,284,cruise,17.378,17.054,27.456,24.054,3.402,0.324,1.61,27.456,17.378,3.402,0.324,0.564,0.0,1,0.0
5,14.25,285,cruise,17.378,17.073,27.472,24.073,3.398,0.305,1.609,27.472,17.378,3.398,0.305,0.563,0.0,1,0.0
5,14.3,286,cruise,17.378,17.1,27.486,24.1,3.386,0.278,1.607,27.486,17.378,3.386,0.278,0.561,0.0,1,0.0
5,14.35,287,cruise,17.378,17.132,27.499,24.132,3.367,0.247,1.605,26.63,17.378,2.498,0.247,0.441,0.0,0,0.05
5,14.4,288,cruise,17.378,17.159,27.51,24.159,3.351,0.219,1.603,27.51,17.378,3.351,0.219,0.554,0.0,1,0.0
5,14.45,289,cruise,17.378,17.182,27.521,24.182,3.339,0.197,1.602,27.521,17.378,3.339,0.197,0.552,0.0,1,0.0
5,14.5,290,cruise,17.378,17.209,27.53,24.209,3.321,0.169,1.6,27.53,17.378,3.321,0.169,0.548,0.0,1,0.0
5,14.55,291,cruise,17.378,17.24,27.537,24.24,3.298,0.139,1.597,27.537,17.378,3.298,0.139,0.544,0.0,1,0.0
5,14.6,292,cruise,17.378,17.271,27.543,24.271,3.272,0.107,1.595,26.674,17.378,2.403,0.107,0.424,0.0,0,0.05
5,14.65,293,cruise,17.378,17.297,27.548,24.297,3.251,0.082,1.593,27.548,17.378,3.251,0.082,0.536,0.0,1,0.0
5,14.7,294,cruise,17.378,17.315,27.551,24.315,3.236,0.063,1.591,27.551,17.378,3.236,0.063,0.534,0.0,1,0.0
5,14.75,295,cruise,17.378,17.338,27.554,24.338,3.216,0.04,1.589,27.554,17.378,3.216,0.04,0.53,0.0,1,0.0
5,14.8,296,cruise,17.378,17.363,27.555,24.363,3.192,0.015,1.587,27.555,17.378,3.192,0.015,0.526,0.0,1,0.0
5,14.85,297,cruise,17.378,17.389,27.555,24.389,3.166,-0.01,1.585,27.555,17.378,3.166,-0.01,0.522,0.0,1,0.0
5,14.9,298,cruise,17.378,17.415,27.554,24.415,3.139,-0.036,1.582,27.554,17.378,3.139,-0.036,0.517,0.0,1,0.0
5,14.95,299,cruise,17.378,17.44,27.551,24.44,3.112,-0.061,1.58,27.551,17.378,3.112,-0.061,0.513,0.0,1,0.0
5,15.0,300,cruise,17.378,17.464,27.548,24.464,3.083,-0.086,1.577,27.548,17.378,3.083,-0.086,0.508,0.0,1,0.0
5,15.05,301,cruise,17.378,17.487,27.543,24.487,3.055,-0.109,1.575,27.543,17.378,3.055,-0.109,0.504,0.0,1,0.0
5,15.1,302,cruise,17.378,17.509,27.536,24.509,3.028,-0.13,1.573,27.536,17.378,3.028,-0.13,0.499,0.0,1,0.0
5,15.15,303,cruise,17.378,17.529,27.529,24.529,3.0,-0.151,1.571,27.529,17.378,3.0,-0.151,0.495,0.0,1,0.0
5,15.2,304,cruise,17.378,17.548,27.521,24.548,2.974,-0.169,1.568,27.521,17.378,2.974,-0.169,0.491,0.0,1,0.0
5,15.25,305,cruise,17.378,17.565,27.512,24.565,2.947,-0.187,1.566,27.512,17.378,2.947,-0.187,0.487,0.0,1,0.0
5,15.3,306,cruise,17.378,17.581,27.503,24.581,2.922,-0.202,1.564,26.634,17.378,2.053,-0.202,0.367,0.0,0,0.05
5,15.35,307,cruise,17.379,17.588,27.492,24.588,2.904,-0.209,1.563,25.754,17.378,1.166,-0.21,0.249,0.0,0,0.1
5,15.4,308,cruise,17.379,17.575,27.482,24.575,2.906,-0.196,1.564,24.875,17.378,0.3,-0.197,0.133,0.0,0,0.15
5,15.45,309,cruise,17.379,17.536,27.473,24.536,2.937,-0.157,1.567,27.473,17.379,2.937,-0.157,0.486,0.0,1,0.0
5,15.5,310,cruise,17.378,17.481,27.467,24.481,2.986,-0.103,1.571,27.467,17.378,2.986,-0.103,0.495,0.0,1,0.0
5,15.55,311,cruise,17.377,17.444,27.463,24.444,3.019,-0.066,1.574,26.594,17.378,2.15,-0.065,0.385,0.0,0,0.05
5,15.6,312,cruise,17.377,17.419,27.461,24.419,3.041,-0.042,1.576,25.722,17.378,1.303,-0.041,0.272,0.0,0,0.1
5,15.65,313,cruise,17.378,17.389,27.46,24.389,3.07,-0.012,1.579,27.46,17.378,3.07,-0.012,0.509,0.0,1,0.0
5,15.7,314,cruise,17.378,17.357,27.46,24.357,3.103,0.022,1.582,27.46,17.378,3.103,0.022,0.515,0.0,1,0.0
5,15.75,315,cruise,17.379,17.342,27.462,24.342,3.12,0.037,1.584,27.462,17.379,3.12,0.037,0.517,0.0,1,0.0
5,15.8,316,cruise,17.379,17.341,27.464,24.341,3.123,0.038,1.584,27.464,17.379,3.123,0.038,0.518,0.0,1,0.0
5,15.85,317,cruise,17.379,17.349,27.465,24.349,3.116,0.03,1.583,27.465,17.379,3.116,0.03,0.517,0.0,1,0.0
5,15.9,318,cruise,17.379,17.363,27.466,24.363,3.104,0.016,1.582,27.466,17.379,3.104,0.016,0.514,0.0,1,0.0
5,15.95,319,cruise,17.378,17.38,27.467,24.38,3.087,-0.002,1.58,26.598,17.379,2.218,-0.001,0.396,0.0,0,0.05
5,16.0,320,cruise,17.378,17.392,27.466,24.392,3.074,-0.014,1.579,27.466,17.378,3.074,-0.014,0.509,0.0,1,0.0
5,16.05,321,cruise,17.378,17.398,27.465,24.398,3.067,-0.021,1.579,26.596,17.378,2.198,-0.021,0.392,0.0,0,0.05
5,16.1,322,cruise,17.378,17.403,27.464,24.403,3.061,-0.025,1.578,27.464,17.378,3.061,-0.025,0.507,0.0,1,0.0
5,16.15,323,cruise,17.378,17.405,27.463,24.405,3.058,-0.027,1.578,26.594,17.378,2.189,-0.027,0.391,0.0,0,0.05
5,16.2,324,cruise,17.379,17.407,27.461,24.407,3.055,-0.028,1.578,27.461,17.379,3.055,-0.028,0.506,0.0,1,0.0
5,16.25,325,cruise,17.379,17.406,27.46,24.406,3.054,-0.027,1.578,27.46,17.379,3.054,-0.027,0.506,0.0,1,0.0
5,16.3,326,cruise,17.379,17.413,27.458,24.413,3.045,-0.034,1.577,26.589,17.379,2.177,-0.034,0.389,0.0,0,0.05
5,16.35,327,cruise,17.379,17.417,27.456,24.417,3.039,-0.039,1.576,27.456,17.379,3.039,-0.039,0.504,0.0,1,0.0
5,16.4,328,cruise,17.378,17.419,27.454,24.419,3.036,-0.04,1.576,27.454,17.378,3.036,-0.04,0.503,0.0,1,0.0
5,16.45,329,cruise,17.378,17.426,27.452,24.426,3.026,-0.048,1.575,26.583,17.378,2.157,-0.048,0.386,0.0,0,0.05
5,16.5,330,cruise,17.378,17.431,27.45,24.431,3.019,-0.053,1.575,25.712,17.378,1.281,-0.052,0.269,0.0,0,0.1
5,16.55,331,cruise,17.378,17.419,27.447,24.419,3.028,-0.041,1.576,24.841,17.378,0.422,-0.041,0.155,0.0,0,0.15
5,16.6,332,cruise,17.378,17.383,27.446,24.383,3.063,-0.005,1.579,27.446,17.378,3.063,-0.005,0.508,0.0,1,0.0
5,16.65,333,cruise,17.378,17.333,27.448,24.333,3.115,0.046,1.584,27.448,17.378,3.115,0.046,0.517,0.0,1,0.0
5,16.7,334,cruise,17.379,17.302,27.451,24.302,3.149,0.077,1.587,26.582,17.378,2.28,0.077,0.407,0.0,0,0.05
5,16.75,335,cruise,17.379,17.284,27.455,24.284,3.172,0.095,1.589,25.717,17.378,1.434,0.095,0.294,0.0,0,0.1
5,16.8,336,cruise,17.378,17.261,27.461,24.261,3.2,0.118,1.591,24.854,17.378,0.593,0.118,0.183,0.0,0,0.15
5,16.85,337,cruise,17.378,17.222,27.468,24.222,3.246,0.157,1.595,23.992,17.378,-0.23,0.157,0.075,0.0,0,0.2
5,16.9,338,cruise,17.378,17.16,27.477,24.16,3.318,0.219,1.601,27.477,17.378,3.318,0.219,0.55,0.0,1,0.0
5,16.95,339,cruise,17.378,17.085,27.491,24.085,3.405,0.293,1.609,26.622,17.378,2.537,0.293,0.448,0.0,0,0.05
5,17.0,340,cruise,17.378,17.03,27.507,24.03,3.477,0.348,1.615,27.507,17.378,3.477,0.348,0.575,0.0,1,0.0
5,17.05,341,cruise,17.378,17.001,27.526,24.001,3.525,0.377,1.619,27.526,17.378,3.525,0.377,0.583,0.0,1,0.0
5,17.1,342,cruise,17.378,16.999,27.545,23.999,3.546,0.379,1.62,26.676,17.378,2.677,0.379,0.47,0.0,0,0.05
5,17.15,343,cruise,17.378,17.008,27.563,24.008,3.555,0.37,1.621,25.825,17.378,1.817,0.37,0.355,0.0,0,0.1
5,17.2,344,cruise,17.378,17.01,27.581,24.01,3.571,0.368,1.621,27.581,17.378,3.571,0.368,0.588,0.0,1,0.0
5,17.25,345,cruise,17.378,17.008,27.6,24.008,3.592,0.371,1.623,27.6,17.378,3.592,0.371,0.591,0.0,1,0.0
5,17.3,346,cruise,17.378,17.023,27.618,24.023,3.595,0.356,1.622,26.749,17.378,2.726,0.356,0.475,0.0,0,0.05
5,17.35,347,cruise,17.378,17.043,27.635,24.043,3.592,0.335,1.621,25.897,17.378,1.854,0.335,0.358,0.0,0,0.1
5,17.4,348,cruise,17.378,17.053,27.651,24.053,3.598,0.325,1.621,25.045,17.378,0.991,0.325,0.243,0.0,0,0.15
5,17.45,349,cruise,17.378,17.042,27.668,24.042,3.626,0.336,1.623,27.668,17.378,3.626,0.336,0.595,0.0,1,0.0
5,17.5,350,cruise,17.378,17.018,27.685,24.018,3.667,0.36,1.627,27.685,17.378,3.667,0.36,0.601,0.0,1,0.0
5,17.55,351,cruise,17.378,17.015,27.704,24.015,3.689,0.364,1.628,27.704,17.378,3.689,0.364,0.604,0.0,1,0.0
5,17.6,352,cruise,17.378,17.032,27.721,24.032,3.689,0.346,1.628,27.721,17.378,3.689,0.346,0.603,0.0,1,0.0
5,17.65,353,cruise,17.378,17.063,27.738,24.063,3.675,0.316,1.626,26.869,17.378,2.806,0.316,0.485,0.0,0,0.05
5,17.7,354,cruise,17.378,17.095,27.753,24.095,3.658,0.283,1.623,27.753,17.378,3.658,0.283,0.597,0.0,1,0.0
5,17.75,355,cruise,17.378,17.126,27.766,24.126,3.64,0.252,1.621,27.766,17.378,3.64,0.252,0.594,0.0,1,0.0
5,17.8,356,cruise,17.378,17.164,27.777,24.164,3.613,0.214,1.618,26.908,17.378,2.744,0.214,0.473,0.0,0,0.05
5,17.85,357,cruise,17.378,17.2,27.787,24.2,3.587,0.178,1.615,27.787,17.378,3.587,0.178,0.584,0.0,1,0.0
5,17.9,358,cruise,17.378,17.232,27.795,24.232,3.563,0.146,1.613,26.926,17.378,2.694,0.146,0.464,0.0,0,0.05
5,17.95,359,cruise,17.378,17.262,27.801,24.262,3.539,0.116,1.611,26.063,17.378,1.801,0.116,0.344,0.0,0,0.1
5,18.0,360,cruise,17.378,17.277,27.807,24.277,3.53,0.102,1.609,27.807,17.378,3.53,0.102,0.574,0.0,1,0.0
5,18.05,361,cruise,17.378,17.28,27.812,24.28,3.531,0.098,1.609,27.812,17.378,3.531,0.098,0.574,0.0,1,0.0
5,18.1,362,cruise,17.378,17.297,27.816,24.297,3.519,0.081,1.608,27.816,17.378,3.519,0.081,0.572,0.0,1,0.0
5,18.15,363,cruise,17.378,17.323,27.819,24.323,3.496,0.055,1.606,27.819,17.378,3.496,0.055,0.568,0.0,1,0.0
5,18.2,364,cruise,17.378,17.355,27.821,24.355,3.466,0.023,1.603,26.952,17.378,2.597,0.023,0.447,0.0,0,0.05
5,18.25,365,cruise,17.378,17.383,27.822,24.383,3.438,-0.005,1.6,26.084,17.378,1.7,-0.005,0.327,0.0,0,0.1
5,18.3,366,cruise,17.378,17.394,27.821,24.394,3.427,-0.016,1.599,27.821,17.378,3.427,-0.016,0.556,0.0,1,0.0
5,18.35,367,cruise,17.378,17.393,27.82,24.393,3.427,-0.015,1.599,27.82,17.378,3.427,-0.015,0.556,0.0,1,0.0
5,18.4,368,cruise,17.378,17.404,27.819,24.404,3.415,-0.026,1.598,26.95,17.378,2.546,-0.026,0.439,0.0,0,0.05
5,18.45,369,cruise,17.378,17.418,27.817,24.418,3.399,-0.04,1.597,26.08,17.378,1.661,-0.04,0.32,0.0,0,0.1
5,18.5,370,cruise,17.374,17.418,27.815,24.418,3.397,-0.045,1.597,25.209,17.378,0.79,-0.04,0.204,0.0,0,0.15
5,18.55,371,cruise,17.375,17.396,27.814,24.396,3.417,-0.021,1.599,27.814,17.375,3.417,-0.021,0.555,0.0,1,0.0
5,18.6,372,cruise,17.355,17.36,27.813,24.36,3.453,-0.005,1.602,27.813,17.355,3.453,-0.005,0.56,0.0,1,0.0
5,18.65,373,cruise,17.362,17.343,27.813,24.343,3.47,0.019,1.604,27.813,17.362,3.47,0.019,0.563,0.0,1,0.0
5,18.7,374,cruise,17.375,17.347,27.814,24.347,3.468,0.028,1.603,26.946,17.362,2.599,0.015,0.447,0.0,0,0.05
5,18.75,375,cruise,17.37,17.356,27.815,24.356,3.459,0.013,1.603,27.815,17.37,3.459,0.013,0.562,0.0,1,0.0
5,18.8,376,cruise,17.375,17.368,27.815,24.368,3.447,0.007,1.601,26.947,17.37,2.579,0.001,0.444,0.0,0,0.05
5,18.85,377,cruise,17.371,17.383,27.812,24.383,3.429,-0.012,1.6,26.078,17.37,1.695,-0.013,0.326,0.0,0,0.1
5,18.9,378,cruise,17.306,17.384,27.805,24.384,3.421,-0.078,1.599,25.209,17.37,0.824,-0.015,0.209,0.0,0,0.15
5,18.95,379,cruise,17.302,17.364,27.798,24.364,3.434,-0.062,1.601,27.798,17.302,3.434,-0.062,0.556,0.0,1,0.0
5,19.0,380,cruise,17.344,17.329,27.794,24.329,3.465,0.015,1.604,27.794,17.344,3.465,0.015,0.563,0.0,1,0.0
5,19.05,381,cruise,17.395,17.314,27.796,24.314,3.482,0.081,1.605,27.796,17.395,3.482,0.081,0.567,0.0,1,0.0
5,19.1,382,cruise,17.403,17.319,27.796,24.319,3.477,0.084,1.605,27.796,17.403,3.477,0.084,0.566,0.0,1,0.0
5,19.15,383,cruise,17.414,17.337,27.793,24.337,3.456,0.077,1.603,27.793,17.414,3.456,0.077,0.563,0.0,1,0.0
5,19.2,384,cruise,17.403,17.363,27.787,24.363,3.425,0.041,1.6,26.926,17.414,2.563,0.051,0.443,0.0,0,0.05
5,19.25,385,cruise,17.387,17.387,27.779,24.387,3.392,-0.0,1.598,26.057,17.414,1.67,0.027,0.324,0.0,0,0.1
5,19.3,386,cruise,17.362,17.394,27.769,24.394,3.375,-0.033,1.596,27.769,17.362,3.375,-0.033,0.549,0.0,1,0.0
5,19.35,387,cruise,17.348,17.391,27.759,24.391,3.368,-0.043,1.596,27.759,17.348,3.368,-0.043,0.548,0.0,1,0.0
5,19.4,388,cruise,17.337,17.4,27.749,24.4,3.349,-0.063,1.595,27.749,17.337,3.349,-0.063,0.544,0.0,1,0.0
5,19.45,389,cruise,17.355,17.417,27.74,24.417,3.322,-0.063,1.593,26.88,17.337,2.463,-0.081,0.426,0.0,0,0.05
5,19.5,390,cruise,17.367,17.434,27.731,24.434,3.298,-0.067,1.591,27.731,17.367,3.298,-0.067,0.537,0.0,1,0.0
5,19.55,391,cruise,17.393,17.447,27.725,24.447,3.278,-0.054,1.589,27.725,17.393,3.278,-0.054,0.535,0.0,1,0.0
5,19.6,392,cruise,17.407,17.466,27.719,24.466,3.254,-0.059,1.587,27.719,17.407,3.254,-0.059,0.532,0.0,1,0.0
5,19.65,393,cruise,17.388,17.488,27.714,24.488,3.226,-0.1,1.585,27.714,17.388,3.226,-0.1,0.527,0.0,1,0.0
5,19.7,394,cruise,17.379,17.513,27.709,24.513,3.196,-0.134,1.582,27.709,17.379,3.196,-0.134,0.522,0.0,1,0.0
5,19.75,395,cruise,17.348,17.538,27.703,24.538,3.165,-0.19,1.58,27.703,17.348,3.165,-0.19,0.516,0.0,1,0.0
5,19.8,396,cruise,17.349,17.562,27.696,24.562,3.134,-0.213,1.577,26.829,17.348,2.267,-0.214,0.395,0.0,0,0.05
5,19.85,397,cruise,17.352,17.579,27.689,24.579,3.11,-0.227,1.575,27.689,17.352,3.11,-0.227,0.507,0.0,1,0.0
5,19.9,398,cruise,17.374,17.588,27.683,24.588,3.095,-0.214,1.574,27.683,17.374,3.095,-0.214,0.506,0.0,1,0.0
5,19.95,399,cruise,17.384,17.601,27.677,24.601,3.077,-0.217,1.573,27.677,17.384,3.077,-0.217,0.503,0.0,1,0.0
5,20.0,400,cruise,17.397,17.615,27.672,24.615,3.057,-0.218,1.571,27.672,17.397,3.057,-0.218,0.5,0.0,1,0.0
5,20.05,401,cruise,17.4,17.631,27.667,24.631,3.036,-0.231,1.569,27.667,17.4,3.036,-0.231,0.497,0.0,1,0.0
5,20.1,402,cruise,17.38,17.642,27.66,24.642,3.018,-0.262,1.568,27.66,17.38,3.018,-0.262,0.494,0.0,1,0.0
5,20.15,403,cruise,17.37,17.657,27.652,24.657,2.994,-0.287,1.566,27.652,17.37,2.994,-0.287,0.49,0.0,1,0.0
5,20.2,404,cruise,17.361,17.65,27.642,24.65,2.992,-0.289,1.566,27.642,17.361,2.992,-0.289,0.489,0.0,1,0.0
5,20.25,405,cruise,17.363,17.664,27.631,24.664,2.967,-0.301,1.564,27.631,17.363,2.967,-0.301,0.486,0.0,1,0.0
5,20.3,406,cruise,17.37,17.657,27.619,24.657,2.962,-0.287,1.564,26.753,17.363,2.096,-0.294,0.37,0.0,0,0.05
5,20.35,407,cruise,17.381,17.662,27.607,24.662,2.945,-0.281,1.563,27.607,17.381,2.945,-0.281,0.483,0.0,1,0.0
5,20.4,408,cruise,17.389,17.663,27.595,24.663,2.932,-0.273,1.562,27.595,17.389,2.932,-0.273,0.482,0.0,1,0.0
5,20.45,409,cruise,17.388,17.662,27.584,24.662,2.922,-0.274,1.562,27.584,17.388,2.922,-0.274,0.481,0.0,1,0.0
5,20.5,410,cruise,17.385,17.579,27.574,24.579,2.994,-0.194,1.569,26.707,17.388,2.128,-0.191,0.377,0.0,0,0.05
5,20.55,411,cruise,17.378,17.552,27.563,24.552,3.011,-0.174,1.57,27.563,17.378,3.011,-0.174,0.496,0.0,1,0.0
5,20.6,412,cruise,17.373,17.548,27.55,24.548,3.002,-0.175,1.57,26.684,17.378,2.136,-0.17,0.379,0.0,0,0.05
5,20.65,413,cruise,17.37,17.503,27.537,24.503,3.035,-0.132,1.573,27.537,17.37,3.035,-0.132,0.5,0.0,1,0.0
5,20.7,414,cruise,17.372,17.491,27.528,24.491,3.037,-0.119,1.574,26.662,17.37,2.171,-0.121,0.385,0.0,0,0.05
5,20.75,415,cruise,17.377,17.485,27.52,24.485,3.035,-0.109,1.574,27.52,17.377,3.035,-0.109,0.501,0.0,1,0.0
5,20.8,416,cruise,17.38,17.473,27.515,24.473,3.042,-0.093,1.575,26.648,17.377,2.175,-0.096,0.387,0.0,0,0.05
5,20.85,417,cruise,17.383,17.466,27.511,24.466,3.044,-0.083,1.575,27.511,17.383,3.044,-0.083,0.503,0.0,1,0.0
5,20.9,418,cruise,17.383,17.455,27.508,24.455,3.053,-0.072,1.576,27.508,17.383,3.053,-0.072,0.505,0.0,1,0.0
5,20.95,419,cruise,17.381,17.455,27.507,24.455,3.052,-0.074,1.576,27.507,17.381,3.052,-0.074,0.504,0.0,1,0.0
5,21.0,420,cruise,17.378,17.448,27.506,24.448,3.058,-0.07,1.576,26.638,17.381,2.19,-0.067,0.39,0.0,0,0.05
5,21.05,421,cruise,17.376,17.454,27.506,24.454,3.052,-0.078,1.576,27.506,17.376,3.052,-0.078,0.504,0.0,1,0.0
5,21.1,422,cruise,17.375,17.44,27.506,24.44,3.066,-0.065,1.577,27.506,17.375,3.066,-0.065,0.507,0.0,1,0.0
5,21.15,423,cruise,17.376,17.448,27.506,24.448,3.058,-0.073,1.576,27.506,17.376,3.058,-0.073,0.505,0.0,1,0.0
5,21.2,424,cruise,17.378,17.439,27.506,24.439,3.067,-0.061,1.577,27.506,17.378,3.067,-0.061,0.507,0.0,1,0.0
5,21.25,425,cruise,17.379,17.454,27.505,24.454,3.052,-0.074,1.576,27.505,17.379,3.052,-0.074,0.504,0.0,1,0.0
5,21.3,426,cruise,17.381,17.456,27.504,24.456,3.048,-0.075,1.576,26.636,17.379,2.179,-0.077,0.388,0.0,0,0.05
5,21.35,427,cruise,17.381,17.466,27.502,24.466,3.036,-0.086,1.575,27.502,17.381,3.036,-0.086,0.502,0.0,1,0.0
5,21.4,428,cruise,17.38,17.47,27.5,24.47,3.03,-0.091,1.574,27.5,17.38,3.03,-0.091,0.501,0.0,1,0.0
5,21.45,429,cruise,17.378,17.459,27.497,24.459,3.039,-0.081,1.575,27.497,17.378,3.039,-0.081,0.502,0.0,1,0.0
5,21.5,430,cruise,17.377,17.471,27.494,24.471,3.024,-0.094,1.574,27.494,17.377,3.024,-0.094,0.5,0.0,1,0.0
5,21.55,431,cruise,17.377,17.475,27.491,24.475,3.016,-0.098,1.573,27.491,17.377,3.016,-0.098,0.499,0.0,1,0.0
5,21.6,432,cruise,17.377,17.49,27.487,24.49,2.996,-0.114,1.572,26.618,17.377,2.128,-0.114,0.38,0.0,0,0.05
5,21.65,433,cruise,17.378,17.492,27.482,24.492,2.989,-0.115,1.571,27.482,17.378,2.989,-0.115,0.495,0.0,1,0.0
5,21.7,434,cruise,17.372,17.495,27.476,24.495,2.981,-0.123,1.571,27.476,17.372,2.981,-0.123,0.493,0.0,1,0.0
5,21.75,435,cruise,17.374,17.502,27.471,24.502,2.968,-0.128,1.57,26.602,17.372,2.1,-0.13,0.376,0.0,0,0.05
5,21.8,436,cruise,17.364,17.497,27.464,24.497,2.967,-0.133,1.57,27.464,17.364,2.967,-0.133,0.491,0.0,1,0.0
5,21.85,437,cruise,17.37,17.495,27.458,24.495,2.963,-0.125,1.569,27.458,17.37,2.963,-0.125,0.491,0.0,1,0.0
5,21.9,438,cruise,17.359,17.496,27.451,24.496,2.955,-0.138,1.569,27.451,17.359,2.955,-0.138,0.489,0.0,1,0.0
5,21.95,439,cruise,17.37,17.504,27.444,24.504,2.94,-0.134,1.568,27.444,17.37,2.94,-0.134,0.488,0.0,1,0.0
5,22.0,440,cruise,17.362,17.512,27.436,24.512,2.925,-0.149,1.567,27.436,17.362,2.925,-0.149,0.485,0.0,1,0.0
5,22.05,441,cruise,17.377,17.522,27.428,24.522,2.906,-0.145,1.565,27.428,17.377,2.906,-0.145,0.483,0.0,1,0.0
5,22.1,442,cruise,17.37,17.532,27.419,24.532,2.887,-0.162,1.564,26.552,17.377,2.02,-0.155,0.364,0.0,0,0.05
5,22.15,443,cruise,17.38,17.536,27.409,24.536,2.873,-0.155,1.563,25.675,17.377,1.14,-0.159,0.247,0.0,0,0.1
5,22.2,444,cruise,17.361,17.521,27.399,24.521,2.878,-0.16,1.564,27.399,17.361,2.878,-0.16,0.478,0.0,1,0.0
5,22.25,445,cruise,17.368,17.492,27.388,24.492,2.896,-0.124,1.566,27.388,17.368,2.896,-0.124,0.482,0.0,1,0.0
5,22.3,446,cruise,17.348,17.477,27.378,24.477,2.901,-0.13,1.566,26.515,17.368,2.037,-0.109,0.368,0.0,0,0.05
5,22.35,447,cruise,17.362,17.465,27.367,24.465,2.902,-0.103,1.567,27.367,17.362,2.902,-0.103,0.484,0.0,1,0.0
5,22.4,448,cruise,17.349,17.453,27.356,24.453,2.903,-0.104,1.567,27.356,17.349,2.903,-0.104,0.484,0.0,1,0.0
5,22.45,449,cruise,17.279,17.449,27.34,24.449,2.891,-0.17,1.567,26.484,17.349,2.035,-0.1,0.368,0.0,0,0.05
5,22.5,450,cruise,17.28,17.444,27.319,24.444,2.875,-0.164,1.566,25.612,17.349,1.168,-0.095,0.253,0.0,0,0.1
5,22.55,451,cruise,17.3,17.425,27.297,24.425,2.873,-0.124,1.567,27.297,17.3,2.873,-0.124,0.479,0.0,1,0.0
5,22.6,452,cruise,17.374,17.395,27.277,24.395,2.882,-0.021,1.568,26.428,17.3,2.033,-0.095,0.368,0.0,0,0.05
5,22.65,453,cruise,17.415,17.373,27.259,24.373,2.887,0.042,1.569,27.259,17.415,2.887,0.042,0.486,0.0,1,0.0
5,22.7,454,cruise,17.455,17.354,27.243,24.354,2.889,0.101,1.57,27.243,17.455,2.889,0.101,0.489,0.0,1,0.0
5,22.75,455,cruise,17.423,17.347,27.225,24.347,2.878,0.076,1.569,27.225,17.423,2.878,0.076,0.486,0.0,1,0.0
5,22.8,456,cruise,17.393,17.348,27.204,24.348,2.856,0.045,1.568,27.204,17.393,2.856,0.045,0.482,0.0,1,0.0
5,22.85,457,cruise,17.328,17.352,27.179,24.352,2.827,-0.024,1.566,27.179,17.328,2.827,-0.024,0.476,0.0,1,0.0
5,22.9,458,cruise,17.307,17.359,27.152,24.359,2.793,-0.052,1.564,26.317,17.328,1.958,-0.031,0.36,0.0,0,0.05
5,22.95,459,cruise,17.289,17.36,27.123,24.36,2.763,-0.071,1.562,27.123,17.289,2.763,-0.071,0.466,0.0,1,0.0
5,23.0,460,cruise,17.326,17.355,27.095,24.355,2.74,-0.029,1.561,27.095,17.326,2.74,-0.029,0.464,0.0,1,0.0
5,23.05,461,cruise,17.341,17.354,27.069,24.354,2.715,-0.013,1.56,27.069,17.341,2.715,-0.013,0.462,0.0,1,0.0
5,23.1,462,cruise,17.391,17.355,27.044,24.355,2.689,0.036,1.558,27.044,17.391,2.689,0.036,0.46,0.0,1,0.0
5,23.15,463,cruise,17.387,17.357,27.021,24.357,2.664,0.03,1.557,27.021,17.387,2.664,0.03,0.456,0.0,1,0.0
5,23.2,464,cruise,17.402,17.359,26.999,24.359,2.639,0.043,1.555,26.999,17.402,2.639,0.043,0.453,0.0,1,0.0
5,23.25,465,cruise,17.361,17.355,26.976,24.355,2.62,0.006,1.554,26.976,17.361,2.62,0.006,0.45,0.0,1,0.0
5,23.3,466,cruise,17.352,17.357,26.953,24.357,2.596,-0.005,1.553,26.953,17.352,2.596,-0.005,0.446,0.0,1,0.0
5,23.35,467,cruise,17.31,17.345,26.929,24.345,2.584,-0.034,1.553,26.929,17.31,2.584,-0.034,0.443,0.0,1,0.0
5,23.4,468,cruise,17.324,17.345,26.906,24.345,2.561,-0.021,1.551,26.906,17.324,2.561,-0.021,0.441,0.0,1,0.0
5,23.45,469,cruise,17.312,17.324,26.884,24.324,2.56,-0.012,1.552,26.884,17.312,2.56,-0.012,0.441,0.0,1,0.0
5,23.5,470,cruise,17.355,17.323,26.864,24.323,2.542,0.033,1.551,26.864,17.355,2.542,0.033,0.44,0.0,1,0.0
5,23.55,471,cruise,17.356,17.299,26.846,24.299,2.547,0.057,1.552,26.846,17.356,2.547,0.057,0.442,0.0,1,0.0
5,23.6,472,cruise,17.39,17.297,26.831,24.297,2.534,0.093,1.551,26.831,17.39,2.534,0.093,0.441,0.0,1,0.0
5,23.65,473,cruise,17.366,17.276,26.817,24.276,2.542,0.09,1.552,26.817,17.366,2.542,0.09,0.442,0.0,1,0.0
5,23.7,474,cruise,17.373,17.273,26.805,24.273,2.532,0.1,1.552,26.805,17.373,2.532,0.1,0.441,0.0,1,0.0
5,23.75,475,cruise,17.332,17.245,26.793,24.245,2.548,0.087,1.554,26.793,17.332,2.548,0.087,0.443,0.0,1,0.0
5,23.8,476,cruise,17.337,17.241,26.782,24.241,2.54,0.096,1.553,25.978,17.332,1.736,0.09,0.334,0.0,0,0.05
5,23.85,477,cruise,17.311,17.203,26.772,24.203,2.569,0.108,1.556,26.772,17.311,2.569,0.108,0.446,0.0,1,0.0
5,23.9,478,cruise,17.341,17.188,26.765,24.188,2.577,0.153,1.557,26.765,17.341,2.577,0.153,0.449,0.0,1,0.0
5,23.95,479,cruise,17.347,17.146,26.76,24.146,2.614,0.201,1.561,25.96,17.341,1.813,0.194,0.348,0.0,0,0.05
5,24.0,480,cruise,17.392,17.133,26.761,24.133,2.628,0.26,1.562,26.761,17.392,2.628,0.26,0.459,0.0,1,0.0
5,24.05,481,cruise,17.398,17.084,26.766,24.084,2.682,0.315,1.567,25.963,17.392,1.879,0.309,0.361,0.0,0,0.05
5,24.1,482,cruise,17.413,17.067,26.777,24.067,2.71,0.346,1.569,25.164,17.392,1.097,0.326,0.257,0.0,0,0.1
5,24.15,483,cruise,17.377,17.004,26.791,24.004,2.787,0.373,1.576,26.791,17.377,2.787,0.373,0.484,0.0,1,0.0
5,24.2,484,cruise,17.365,16.968,26.811,23.968,2.842,0.397,1.58,26.811,17.365,2.842,0.397,0.492,0.0,1,0.0
5,24.25,485,cruise,17.33,16.912,26.833,23.912,2.922,0.418,1.587,26.833,17.33,2.922,0.418,0.503,0.0,1,0.0
5,24.3,486,cruise,17.339,16.902,26.861,23.902,2.958,0.437,1.589,26.861,17.339,2.958,0.437,0.509,0.0,1,0.0
5,24.35,487,cruise,17.337,16.865,26.892,23.865,3.027,0.472,1.595,26.892,17.337,3.027,0.472,0.519,0.0,1,0.0
5,24.4,488,cruise,17.372,16.87,26.929,23.87,3.059,0.501,1.596,26.929,17.372,3.059,0.501,0.525,0.0,1,0.0
5,24.45,489,cruise,17.379,16.843,26.969,23.843,3.126,0.536,1.601,26.969,17.379,3.126,0.536,0.535,0.0,1,0.0
5,24.5,490,cruise,17.403,16.857,27.014,23.857,3.156,0.545,1.602,27.014,17.403,3.156,0.545,0.539,0.0,1,0.0
5,24.55,491,cruise,17.412,16.837,27.064,23.837,3.227,0.575,1.607,27.064,17.412,3.227,0.575,0.549,0.0,1,0.0
5,24.6,492,cruise,17.382,16.858,27.115,23.858,3.257,0.525,1.608,27.115,17.382,3.257,0.525,0.552,0.0,1,0.0
5,24.65,493,cruise,17.367,16.842,27.166,23.842,3.324,0.525,1.613,26.334,17.382,2.492,0.541,0.45,0.0,0,0.05
5,24.7,494,cruise,17.328,16.861,27.217,23.861,3.355,0.466,1.614,25.55,17.382,1.688,0.521,0.342,0.0,0,0.1
5,24.75,495,cruise,17.333,16.826,27.267,23.826,3.442,0.508,1.621,27.267,17.333,3.442,0.508,0.576,0.0,1,0.0
5,24.8,496,cruise,17.337,16.82,27.32,23.82,3.5,0.517,1.624,27.32,17.337,3.5,0.517,0.584,0.0,1,0.0
5,24.85,497,cruise,17.374,16.788,27.375,23.788,3.587,0.586,1.631,27.375,17.374,3.587,0.586,0.598,0.0,1,0.0
5,24.9,498,cruise,17.39,16.808,27.432,23.808,3.624,0.582,1.632,27.432,17.39,3.624,0.582,0.603,0.0,1,0.0
5,24.95,499,cruise,17.41,16.796,27.489,23.796,3.692,0.614,1.637,27.489,17.41,3.692,0.614,0.613,0.0,1,0.0
5,25.0,500,cruise,17.389,16.832,27.544,23.832,3.712,0.557,1.636,27.544,17.389,3.712,0.557,0.614,0.0,1,0.0
5,25.05,501,cruise,17.381,16.832,27.598,23.832,3.766,0.549,1.64,27.598,17.381,3.766,0.549,0.62,0.0,1,0.0
5,25.1,502,cruise,17.348,16.877,27.648,23.877,3.771,0.471,1.638,27.648,17.348,3.771,0.471,0.619,0.0,1,0.0
5,25.15,503,cruise,17.348,16.882,27.695,23.882,3.812,0.465,1.64,27.695,17.348,3.812,0.465,0.624,0.0,1,0.0
5,25.2,504,cruise,17.36,16.932,27.742,23.932,3.81,0.429,1.638,27.742,17.36,3.81,0.429,0.622,0.0,1,0.0
5,25.25,505,cruise,17.36,16.941,27.786,23.941,3.845,0.419,1.64,27.786,17.36,3.845,0.419,0.627,0.0,1,0.0
5,25.3,506,cruise,17.379,16.992,27.827,23.992,3.835,0.388,1.638,27.827,17.379,3.835,0.388,0.624,0.0,1,0.0
5,25.35,507,cruise,17.368,17.001,27.865,24.001,3.864,0.367,1.639,27.865,17.368,3.864,0.367,0.627,0.0,1,0.0
5,25.4,508,cruise,17.381,17.053,27.899,24.053,3.846,0.328,1.636,27.899,17.381,3.846,0.328,0.624,0.0,1,0.0
5,25.45,509,cruise,17.372,17.063,27.93,24.063,3.867,0.309,1.637,27.078,17.381,3.015,0.318,0.513,0.0,0,0.05
5,25.5,510,cruise,17.38,17.109,27.958,24.109,3.849,0.271,1.634,27.958,17.38,3.849,0.271,0.622,0.0,1,0.0
5,25.55,511,cruise,17.364,17.105,27.982,24.105,3.877,0.258,1.636,27.129,17.38,3.024,0.274,0.512,0.0,0,0.05
5,25.6,512,cruise,17.37,17.142,28.003,24.142,3.861,0.229,1.634,28.003,17.37,3.861,0.229,0.622,0.0,1,0.0
5,25.65,513,cruise,17.357,17.183,28.022,24.183,3.839,0.174,1.631,28.022,17.357,3.839,0.174,0.618,0.0,1,0.0
5,25.7,514,cruise,17.37,17.213,28.039,24.213,3.826,0.156,1.629,28.039,17.37,3.826,0.156,0.615,0.0,1,0.0
5,25.75,515,cruise,17.362,17.26,28.053,24.26,3.793,0.102,1.625,28.053,17.362,3.793,0.102,0.609,0.0,1,0.0
5,25.8,516,cruise,17.377,17.274,28.065,24.274,3.791,0.103,1.625,28.065,17.377,3.791,0.103,0.609,0.0,1,0.0
5,25.85,517,cruise,17.369,17.326,28.075,24.326,3.749,0.043,1.62,28.075,17.369,3.749,0.043,0.601,0.0,1,0.0
5,25.9,518,cruise,17.38,17.343,28.082,24.343,3.739,0.037,1.619,28.082,17.38,3.739,0.037,0.6,0.0,1,0.0
5,25.95,519,cruise,17.388,17.395,28.088,24.395,3.693,-0.007,1.615,28.088,17.388,3.693,-0.007,0.592,0.0,1,0.0
5,26.0,520,cruise,17.371,17.419,28.091,24.419,3.671,-0.048,1.613,28.091,17.371,3.671,-0.048,0.588,0.0,1,0.0
5,26.05,521,cruise,17.371,17.472,28.091,24.472,3.619,-0.1,1.608,28.091,17.371,3.619,-0.1,0.579,0.0,1,0.0
5,26.1,522,cruise,17.35,17.499,28.087,24.499,3.588,-0.15,1.605,28.087,17.35,3.588,-0.15,0.573,0.0,1,0.0
5,26.15,523,cruise,17.36,17.548,28.081,24.548,3.533,-0.188,1.6,28.081,17.36,3.533,-0.188,0.565,0.0,1,0.0
5,26.2,524,cruise,17.364,17.566,28.073,24.566,3.507,-0.203,1.598,28.073,17.364,3.507,-0.203,0.561,0.0,1,0.0
5,26.25,525,cruise,17.382,17.61,28.065,24.61,3.455,-0.228,1.594,28.065,17.382,3.455,-0.228,0.553,0.0,1,0.0
5,26.3,526,cruise,17.385,17.624,28.055,24.624,3.431,-0.239,1.592,28.055,17.385,3.431,-0.239,0.55,0.0,1,0.0
5,26.35,527,cruise,17.392,17.663,28.044,24.663,3.381,-0.271,1.588,28.044,17.392,3.381,-0.271,0.542,0.0,1,0.0
5,26.4,528,cruise,17.391,17.673,28.033,24.673,3.36,-0.282,1.586,28.033,17.391,3.36,-0.282,0.539,0.0,1,0.0
5,26.45,529,cruise,17.371,17.708,28.02,24.708,3.312,-0.337,1.582,28.02,17.371,3.312,-0.337,0.53,0.0,1,0.0
5,26.5,530,cruise,17.365,17.716,28.005,24.716,3.289,-0.35,1.581,27.146,17.371,2.431,-0.345,0.413,0.0,0,0.05
5,26.55,531,cruise,17.345,17.739,27.988,24.739,3.249,-0.395,1.578,27.988,17.345,3.249,-0.395,0.52,0.0,1,0.0
5,26.6,532,cruise,17.283,17.731,27.967,24.731,3.236,-0.448,1.577,27.967,17.283,3.236,-0.448,0.516,0.0,1,0.0
5,26.65,533,cruise,17.183,17.749,27.938,24.749,3.188,-0.566,1.574,27.938,17.183,3.188,-0.566,0.506,0.0,1,0.0
5,26.7,534,cruise,17.181,17.745,27.902,24.745,3.157,-0.564,1.572,27.902,17.181,3.157,-0.564,0.502,0.0,1,0.0
5,26.75,535,cruise,17.25,17.763,27.867,24.763,3.104,-0.514,1.569,27.867,17.25,3.104,-0.514,0.497,0.0,1,0.0
5,26.8,536,cruise,17.34,17.78,27.836,24.78,3.056,-0.441,1.566,27.836,17.34,3.056,-0.441,0.493,0.0,1,0.0
5,26.85,537,cruise,17.424,17.776,27.809,24.776,3.033,-0.352,1.564,26.96,17.34,2.184,-0.436,0.377,0.0,0,0.05
5,26.9,538,cruise,17.48,17.784,27.785,24.784,3.001,-0.303,1.562,27.785,17.48,3.001,-0.303,0.49,0.0,1,0.0
5,26.95,539,cruise,17.484,17.757,27.761,24.757,3.004,-0.273,1.563,27.761,17.484,3.004,-0.273,0.491,0.0,1,0.0
5,27.0,540,cruise,17.441,17.763,27.737,24.763,2.974,-0.322,1.562,26.887,17.484,2.124,-0.279,0.374,0.0,0,0.05
5,27.05,541,cruise,17.375,17.746,27.71,24.746,2.965,-0.371,1.562,27.71,17.375,2.965,-0.371,0.483,0.0,1,0.0
5,27.1,542,cruise,17.314,17.742,27.683,24.742,2.94,-0.428,1.56,27.683,17.314,2.94,-0.428,0.478,0.0,1,0.0
5,27.15,543,cruise,17.283,17.721,27.654,24.721,2.933,-0.438,1.561,27.654,17.283,2.933,-0.438,0.476,0.0,1,0.0
5,27.2,544,cruise,17.296,17.725,27.628,24.725,2.903,-0.429,1.559,27.628,17.296,2.903,-0.429,0.473,0.0,1,0.0
5,27.25,545,cruise,17.322,17.707,27.606,24.707,2.899,-0.385,1.559,27.606,17.322,2.899,-0.385,0.474,0.0,1,0.0
5,27.3,546,cruise,17.385,17.713,27.589,24.713,2.876,-0.328,1.558,27.589,17.385,2.876,-0.328,0.473,0.0,1,0.0
5,27.35,547,cruise,17.414,17.696,27.578,24.696,2.881,-0.282,1.558,27.578,17.414,2.881,-0.282,0.475,0.0,1,0.0
5,27.4,548,cruise,17.44,17.703,27.571,24.703,2.868,-0.263,1.557,27.571,17.44,2.868,-0.263,0.474,0.0,1,0.0
5,27.45,549,cruise,17.424,17.688,27.566,24.688,2.878,-0.264,1.558,27.566,17.424,2.878,-0.264,0.475,0.0,1,0.0
5,27.5,550,cruise,17.395,17.695,27.562,24.695,2.867,-0.3,1.558,27.562,17.395,2.867,-0.3,0.472,0.0,1,0.0
5,27.55,551,cruise,17.361,17.68,27.556,24.68,2.876,-0.319,1.559,26.692,17.395,2.012,-0.285,0.359,0.0,0,0.05
5,27.6,552,cruise,17.323,17.681,27.551,24.681,2.87,-0.358,1.558,27.551,17.323,2.87,-0.358,0.471,0.0,1,0.0
5,27.65,553,cruise,17.323,17.674,27.546,24.674,2.872,-0.351,1.559,27.546,17.323,2.872,-0.351,0.471,0.0,1,0.0
5,27.7,554,cruise,17.334,17.652,27.544,24.652,2.891,-0.318,1.56,26.678,17.323,2.026,-0.33,0.359,0.0,0,0.05
5,27.75,555,cruise,17.374,17.646,27.543,24.646,2.897,-0.273,1.561,25.81,17.323,1.164,-0.324,0.244,0.0,0,0.1
5,27.8,556,cruise,17.404,17.605,27.545,24.605,2.94,-0.201,1.565,27.545,17.404,2.94,-0.201,0.485,0.0,1,0.0
5,27.85,557,cruise,17.423,17.573,27.549,24.573,2.976,-0.151,1.568,27.549,17.423,2.976,-0.151,0.492,0.0,1,0.0
5,27.9,558,cruise,17.419,17.547,27.555,24.547,3.008,-0.128,1.57,26.684,17.423,2.137,-0.124,0.381,0.0,0,0.05
5,27.95,559,cruise,17.388,17.535,27.56,24.535,3.025,-0.147,1.572,27.56,17.388,3.025,-0.147,0.499,0.0,1,0.0
5,28.0,560,cruise,17.363,17.515,27.564,24.515,3.049,-0.153,1.574,27.564,17.363,3.049,-0.153,0.501,0.0,1,0.0
5,28.05,561,cruise,17.343,17.515,27.566,24.515,3.052,-0.171,1.574,27.566,17.343,3.052,-0.171,0.501,0.0,1,0.0
5,28.1,562,cruise,17.345,17.52,27.568,24.52,3.047,-0.176,1.573,27.568,17.345,3.047,-0.176,0.5,0.0,1,0.0
5,28.15,563,cruise,17.359,17.507,27.569,24.507,3.062,-0.148,1.575,27.569,17.359,3.062,-0.148,0.503,0.0,1,0.0
5,28.2,564,cruise,17.381,17.455,27.57,24.455,3.116,-0.073,1.58,26.703,17.359,2.248,-0.096,0.397,0.0,0,0.05
5,28.25,565,cruise,17.399,17.339,27.574,24.339,3.236,0.061,1.59,27.574,17.399,3.236,0.061,0.533,0.0,1,0.0
5,28.3,566,cruise,17.403,17.273,27.581,24.273,3.308,0.13,1.597,27.581,17.403,3.308,0.13,0.545,0.0,1,0.0
5,28.35,567,cruise,17.396,17.273,27.587,24.273,3.314,0.124,1.597,26.719,17.403,2.446,0.13,0.431,0.0,0,0.05
5,28.4,568,cruise,17.382,17.29,27.59,24.29,3.3,0.092,1.596,27.59,17.382,3.3,0.092,0.543,0.0,1,0.0
5,28.45,569,cruise,17.369,17.301,27.592,24.301,3.291,0.068,1.595,27.592,17.369,3.291,0.068,0.541,0.0,1,0.0
5,28.5,570,cruise,17.361,17.315,27.592,24.315,3.277,0.046,1.594,27.592,17.361,3.277,0.046,0.538,0.0,1,0.0
5,28.55,571,cruise,17.363,17.332,27.592,24.332,3.26,0.031,1.592,27.592,17.363,3.26,0.031,0.536,0.0,1,0.0
5,28.6,572,cruise,17.371,17.353,27.592,24.353,3.239,0.019,1.59,26.725,17.363,2.372,0.01,0.417,0.0,0,0.05
5,28.65,573,cruise,17.381,17.37,27.592,24.37,3.222,0.011,1.588,25.858,17.363,1.488,-0.007,0.298,0.0,0,0.1
5,28.7,574,cruise,17.389,17.37,27.593,24.37,3.223,0.019,1.589,27.593,17.389,3.223,0.019,0.53,0.0,1,0.0
5,28.75,575,cruise,17.39,17.359,27.595,24.359,3.236,0.031,1.59,27.595,17.39,3.236,0.031,0.533,0.0,1,0.0
5,28.8,576,cruise,17.386,17.361,27.599,24.361,3.238,0.025,1.59,27.599,17.386,3.238,0.025,0.533,0.0,1,0.0
5,28.85,577,cruise,17.379,17.354,27.603,24.354,3.249,0.025,1.591,27.603,17.379,3.249,0.025,0.534,0.0,1,0.0
5,28.9,578,cruise,17.373,17.373,27.607,24.373,3.234,0.0,1.589,26.739,17.379,2.366,0.007,0.416,0.0,0,0.05
5,28.95,579,cruise,17.37,17.363,27.609,24.363,3.246,0.006,1.59,25.874,17.379,1.511,0.016,0.302,0.0,0,0.1
5,29.0,580,cruise,17.371,17.362,27.612,24.362,3.25,0.009,1.59,27.612,17.371,3.25,0.009,0.534,0.0,1,0.0
5,29.05,581,cruise,17.375,17.339,27.616,24.339,3.277,0.036,1.593,27.616,17.375,3.277,0.036,0.538,0.0,1,0.0
5,29.1,582,cruise,17.38,17.34,27.62,24.34,3.28,0.041,1.593,26.752,17.375,2.412,0.036,0.423,0.0,0,0.05
5,29.15,583,cruise,17.384,17.343,27.625,24.343,3.281,0.04,1.593,27.625,17.384,3.281,0.04,0.539,0.0,1,0.0
5,29.2,584,cruise,17.384,17.332,27.629,24.332,3.297,0.052,1.594,26.76,17.384,2.428,0.051,0.425,0.0,0,0.05
5,29.25,585,cruise,17.382,17.34,27.633,24.34,3.293,0.042,1.594,27.633,17.382,3.293,0.042,0.54,0.0,1,0.0
5,29.3,586,cruise,17.378,17.334,27.637,24.334,3.303,0.045,1.594,26.768,17.382,2.434,0.048,0.426,0.0,0,0.05
5,29.35,587,cruise,17.375,17.344,27.64,24.344,3.296,0.031,1.594,27.64,17.375,3.296,0.031,0.54,0.0,1,0.0
5,29.4,588,cruise,17.374,17.346,27.642,24.346,3.296,0.028,1.594,27.642,17.374,3.296,0.028,0.54,0.0,1,0.0
5,29.45,589,cruise,17.375,17.363,27.644,24.363,3.281,0.012,1.592,26.776,17.374,2.412,0.011,0.422,0.0,0,0.05
5,29.5,590,cruise,17.377,17.379,27.645,24.379,3.266,-0.002,1.591,27.645,17.377,3.266,-0.002,0.535,0.0,1,0.0
5,29.55,591,cruise,17.38,17.381,27.646,24.381,3.265,-0.001,1.591,27.646,17.38,3.265,-0.001,0.535,0.0,1,0.0
5,29.6,592,cruise,17.381,17.4,27.646,24.4,3.246,-0.018,1.589,26.777,17.38,2.377,-0.02,0.416,0.0,0,0.05
5,29.65,593,cruise,17.381,17.411,27.645,24.411,3.234,-0.03,1.588,27.645,17.381,3.234,-0.03,0.53,0.0,1,0.0
5,29.7,594,cruise,17.38,17.423,27.644,24.423,3.221,-0.043,1.587,27.644,17.38,3.221,-0.043,0.528,0.0,1,0.0
5,29.75,595,cruise,17.378,17.438,27.641,24.438,3.203,-0.06,1.585,27.641,17.378,3.203,-0.06,0.525,0.0,1,0.0
5,29.8,596,cruise,17.377,17.459,27.638,24.459,3.179,-0.082,1.583,27.638,17.377,3.179,-0.082,0.521,0.0,1,0.0
5,29.85,597,cruise,17.376,17.479,27.633,24.479,3.154,-0.103,1.581,27.633,17.376,3.154,-0.103,0.517,0.0,1,0.0
5,29.9,598,cruise,17.377,17.502,27.628,24.502,3.125,-0.125,1.579,27.628,17.377,3.125,-0.125,0.513,0.0,1,0.0
5,29.95,599,cruise,17.378,17.525,27.621,24.525,3.096,-0.147,1.576,27.621,17.378,3.096,-0.147,0.508,0.0,1,0.0
5,30.0,600,cruise,17.379,17.545,27.613,24.545,3.068,-0.166,1.574,27.613,17.379,3.068,-0.166,0.504,0.0,1,0.0
5,30.05,601,cruise,17.38,17.566,27.604,24.566,3.039,-0.186,1.571,27.604,17.38,3.039,-0.186,0.499,0.0,1,0.0
5,30.1,602,cruise,17.38,17.585,27.594,24.585,3.01,-0.205,1.569,27.594,17.38,3.01,-0.205,0.494,0.0,1,0.0
5,30.15,603,cruise,17.379,17.603,27.584,24.603,2.981,-0.224,1.567,27.584,17.379,2.981,-0.224,0.49,0.0,1,0.0
5,30.2,604,cruise,17.378,17.619,27.572,24.619,2.953,-0.241,1.565,27.572,17.378,2.953,-0.241,0.486,0.0,1,0.0
5,30.25,605,cruise,17.377,17.634,27.56,24.634,2.925,-0.257,1.563,26.691,17.378,2.056,-0.256,0.366,0.0,0,0.05
5,30.3,606,cruise,17.377,17.641,27.546,24.641,2.906,-0.264,1.562,25.809,17.378,1.168,-0.263,0.247,0.0,0,0.1
5,30.35,607,cruise,17.378,17.628,27.534,24.628,2.906,-0.25,1.562,27.534,17.378,2.906,-0.25,0.479,0.0,1,0.0
5,30.4,608,cruise,17.378,17.602,27.522,24.602,2.92,-0.223,1.564,27.522,17.378,2.92,-0.223,0.482,0.0,1,0.0
5,30.45,609,cruise,17.379,17.587,27.511,24.587,2.924,-0.208,1.564,26.642,17.378,2.055,-0.209,0.367,0.0,0,0.05
5,30.5,610,cruise,17.379,17.575,27.501,24.575,2.926,-0.196,1.565,27.501,17.379,2.926,-0.196,0.484,0.0,1,0.0
5,30.55,611,cruise,17.379,17.563,27.492,24.563,2.929,-0.184,1.565,27.492,17.379,2.929,-0.184,0.484,0.0,1,0.0
5,30.6,612,cruise,17.379,17.559,27.483,24.559,2.924,-0.18,1.565,27.483,17.379,2.924,-0.18,0.484,0.0,1,0.0
5,30.65,613,cruise,17.378,17.561,27.474,24.561,2.913,-0.183,1.565,27.474,17.378,2.913,-0.183,0.482,0.0,1,0.0
5,30.7,614,cruise,17.378,17.566,27.465,24.566,2.899,-0.188,1.564,27.465,17.378,2.899,-0.188,0.48,0.0,1,0.0
5,30.75,615,cruise,17.378,17.573,27.455,24.573,2.882,-0.195,1.562,27.455,17.378,2.882,-0.195,0.478,0.0,1,0.0
5,30.8,616,cruise,17.378,17.581,27.445,24.581,2.864,-0.203,1.561,26.576,17.378,1.995,-0.203,0.359,0.0,0,0.05
5,30.85,617,cruise,17.378,17.582,27.435,24.582,2.852,-0.204,1.56,25.697,17.378,1.115,-0.205,0.242,0.0,0,0.1
5,30.9,618,cruise,17.379,17.565,27.425,24.565,2.86,-0.186,1.561,24.818,17.378,0.253,-0.187,0.128,0.0,0,0.15
5,30.95,619,cruise,17.379,17.522,27.417,24.522,2.895,-0.144,1.565,23.941,17.378,-0.581,-0.144,0.018,0.0,0,0.2
5,31.0,620,cruise,17.379,17.451,27.412,24.451,2.961,-0.072,1.571,23.067,17.378,-1.384,-0.073,0.0,0.065,0,0.25
5,31.05,621,cruise,17.378,17.343,27.411,24.343,3.068,0.035,1.58,22.198,17.378,-2.146,0.034,0.0,0.139,0,0.3
5,31.1,622,cruise,17.378,17.205,27.417,24.205,3.212,0.173,1.594,27.417,17.378,3.212,0.173,0.534,0.0,1,0.0
5,31.15,623,cruise,17.378,17.085,27.43,24.085,3.345,0.293,1.605,26.561,17.378,2.476,0.293,0.44,0.0,0,0.05
5,31.2,624,cruise,17.378,16.998,27.447,23.998,3.449,0.38,1.615,25.709,17.378,1.711,0.38,0.341,0.0,0,0.1
5,31.25,625,cruise,17.378,16.936,27.468,23.936,3.532,0.442,1.622,24.861,17.378,0.925,0.442,0.238,0.0,0,0.15
5,31.3,626,cruise,17.378,16.879,27.492,23.879,3.613,0.499,1.629,27.492,17.378,3.613,0.499,0.598,0.0,1,0.0
5,31.35,627,cruise,17.378,16.826,27.518,23.826,3.692,0.552,1.635,26.649,17.378,2.823,0.552,0.495,0.0,0,0.05
5,31.4,628,cruise,17.379,16.798,27.547,23.798,3.749,0.581,1.64,27.547,17.379,3.749,0.581,0.619,0.0,1,0.0
5,31.45,629,cruise,17.378,16.792,27.576,23.792,3.784,0.586,1.642,27.576,17.378,3.784,0.586,0.624,0.0,1,0.0
5,31.5,630,cruise,17.378,16.811,27.605,23.811,3.794,0.568,1.642,27.605,17.378,3.794,0.568,0.625,0.0,1,0.0
5,31.55,631,cruise,17.378,16.845,27.632,23.845,3.787,0.533,1.64,26.763,17.378,2.918,0.533,0.507,0.0,0,0.05
5,31.6,632,cruise,17.378,16.883,27.658,23.883,3.775,0.496,1.638,25.92,17.378,2.037,0.496,0.388,0.0,0,0.1
5,31.65,633,cruise,17.378,16.907,27.682,23.907,3.774,0.471,1.637,27.682,17.378,3.774,0.471,0.619,0.0,1,0.0
5,31.7,634,cruise,17.378,16.924,27.705,23.924,3.781,0.454,1.637,26.836,17.378,2.912,0.454,0.503,0.0,0,0.05
5,31.75,635,cruise,17.378,16.948,27.727,23.948,3.779,0.431,1.636,25.989,17.378,2.041,0.431,0.387,0.0,0,0.1
5,31.8,636,cruise,17.378,16.963,27.748,23.963,3.785,0.415,1.636,27.748,17.378,3.785,0.415,0.618,0.0,1,0.0
5,31.85,637,cruise,17.378,16.973,27.768,23.973,3.795,0.405,1.636,27.768,17.378,3.795,0.405,0.619,0.0,1,0.0
5,31.9,638,cruise,17.378,17.0,27.788,24.0,3.788,0.378,1.635,26.919,17.378,2.919,0.378,0.502,0.0,0,0.05
5,31.95,639,cruise,17.378,17.032,27.806,24.032,3.774,0.346,1.633,27.806,17.378,3.774,0.346,0.615,0.0,1,0.0
5,32.0,640,cruise,17.378,17.065,27.822,24.065,3.757,0.313,1.63,26.953,17.378,2.888,0.313,0.496,0.0,0,0.05
5,32.05,641,cruise,17.378,17.1,27.837,24.1,3.736,0.278,1.628,27.837,17.378,3.736,0.278,0.607,0.0,1,0.0
5,32.1,642,cruise,17.378,17.135,27.849,24.135,3.715,0.244,1.625,27.849,17.378,3.715,0.244,0.603,0.0,1,0.0
5,32.15,643,cruise,17.378,17.176,27.86,24.176,3.684,0.202,1.622,26.991,17.378,2.815,0.202,0.482,0.0,0,0.05
5,32.2,644,cruise,17.378,17.216,27.869,24.216,3.654,0.163,1.619,26.131,17.378,1.916,0.163,0.361,0.0,0,0.1
5,32.25,645,cruise,17.378,17.238,27.877,24.238,3.639,0.141,1.617,27.877,17.378,3.639,0.141,0.59,0.0,1,0.0
5,32.3,646,cruise,17.378,17.249,27.883,24.249,3.634,0.13,1.617,27.014,17.378,2.766,0.13,0.473,0.0,0,0.05
5,32.35,647,cruise,17.378,17.265,27.889,24.265,3.624,0.113,1.615,27.889,17.378,3.624,0.113,0.587,0.0,1,0.0
5,32.4,648,cruise,17.378,17.284,27.894,24.284,3.61,0.094,1.614,27.894,17.378,3.61,0.094,0.584,0.0,1,0.0
5,32.45,649,cruise,17.378,17.314,27.898,24.314,3.584,0.064,1.611,27.898,17.378,3.584,0.064,0.58,0.0,1,0.0
5,32.5,650,cruise,17.378,17.35,27.9,24.35,3.551,0.029,1.608,27.9,17.378,3.551,0.029,0.574,0.0,1,0.0
5,32.55,651,cruise,17.378,17.389,27.901,24.389,3.512,-0.01,1.605,27.901,17.378,3.512,-0.01,0.568,0.0,1,0.0
5,32.6,652,cruise,17.378,17.429,27.899,24.429,3.47,-0.051,1.601,27.03,17.378,2.601,-0.05,0.445,0.0,0,0.05
5,32.65,653,cruise,17.378,17.462,27.895,24.462,3.433,-0.084,1.597,27.895,17.378,3.433,-0.084,0.555,0.0,1,0.0
5,32.7,654,cruise,17.378,17.489,27.89,24.489,3.402,-0.11,1.595,27.022,17.378,2.533,-0.11,0.434,0.0,0,0.05
5,32.75,655,cruise,17.379,17.512,27.884,24.512,3.372,-0.133,1.592,27.884,17.379,3.372,-0.133,0.545,0.0,1,0.0
5,32.8,656,cruise,17.378,17.53,27.877,24.53,3.347,-0.152,1.59,27.877,17.378,3.347,-0.152,0.541,0.0,1,0.0
5,32.85,657,cruise,17.378,17.553,27.869,24.553,3.316,-0.175,1.588,27.0,17.378,2.447,-0.175,0.42,0.0,0,0.05
5,32.9,658,cruise,17.378,17.572,27.859,24.572,3.287,-0.194,1.585,26.121,17.378,1.549,-0.194,0.3,0.0,0,0.1
5,32.95,659,cruise,17.378,17.573,27.85,24.573,3.276,-0.195,1.585,25.243,17.378,0.67,-0.195,0.183,0.0,0,0.15
5,33.0,660,cruise,17.378,17.549,27.84,24.549,3.292,-0.17,1.586,27.84,17.378,3.292,-0.17,0.533,0.0,1,0.0
5,33.05,661,cruise,17.379,17.508,27.833,24.508,3.325,-0.13,1.59,26.964,17.378,2.456,-0.13,0.423,0.0,0,0.05
5,33.1,662,cruise,17.379,17.479,27.828,24.479,3.349,-0.1,1.592,27.828,17.379,3.349,-0.1,0.543,0.0,1,0.0
5,33.15,663,cruise,17.379,17.463,27.823,24.463,3.36,-0.085,1.593,27.823,17.379,3.36,-0.085,0.545,0.0,1,0.0
5,33.2,664,cruise,17.378,17.465,27.819,24.465,3.354,-0.086,1.593,26.95,17.379,2.485,-0.086,0.428,0.0,0,0.05
5,33.25,665,cruise,17.378,17.471,27.814,24.471,3.344,-0.093,1.592,27.814,17.378,3.344,-0.093,0.543,0.0,1,0.0
5,33.3,666,cruise,17.378,17.478,27.81,24.478,3.332,-0.1,1.591,27.81,17.378,3.332,-0.1,0.541,0.0,1,0.0
5,33.35,667,cruise,17.378,17.494,27.804,24.494,3.31,-0.116,1.589,27.804,17.378,3.31,-0.116,0.538,0.0,1,0.0
5,33.4,668,cruise,17.378,17.515,27.798,24.515,3.283,-0.137,1.587,27.798,17.378,3.283,-0.137,0.533,0.0,1,0.0
5,33.45,669,cruise,17.378,17.539,27.79,24.539,3.251,-0.161,1.584,26.921,17.378,2.382,-0.161,0.412,0.0,0,0.05
5,33.5,670,cruise,17.378,17.558,27.782,24.558,3.223,-0.18,1.582,26.044,17.378,1.486,-0.18,0.292,0.0,0,0.1
5,33.55,671,cruise,17.378,17.558,27.772,24.558,3.214,-0.18,1.582,27.772,17.378,3.214,-0.18,0.523,0.0,1,0.0
5,33.6,672,cruise,17.378,17.546,27.764,24.546,3.218,-0.168,1.582,27.764,17.378,3.218,-0.168,0.523,0.0,1,0.0
5,33.65,673,cruise,17.378,17.546,27.756,24.546,3.21,-0.168,1.582,26.887,17.378,2.341,-0.167,0.407,0.0,0,0.05
5,33.7,674,cruise,17.378,17.548,27.747,24.548,3.199,-0.17,1.581,26.009,17.378,1.461,-0.17,0.289,0.0,0,0.1
5,33.75,675,cruise,17.378,17.537,27.739,24.537,3.202,-0.159,1.582,25.132,17.378,0.595,-0.158,0.174,0.0,0,0.15
5,33.8,676,cruise,17.378,17.504,27.732,24.504,3.228,-0.125,1.584,27.732,17.378,3.228,-0.125,0.526,0.0,1,0.0
5,33.85,677,cruise,17.378,17.457,27.727,24.457,3.27,-0.079,1.588,26.858,17.378,2.401,-0.079,0.418,0.0,0,0.05
5,33.9,678,cruise,17.378,17.423,27.724,24.423,3.301,-0.045,1.591,27.724,17.378,3.301,-0.045,0.539,0.0,1,0.0
5,33.95,679,cruise,17.378,17.404,27.723,24.404,3.319,-0.025,1.593,27.723,17.378,3.319,-0.025,0.542,0.0,1,0.0
5,34.0,680,cruise,17.378,17.402,27.721,24.402,3.319,-0.024,1.593,26.853,17.378,2.45,-0.024,0.426,0.0,0,0.05
5,34.05,681,cruise,17.378,17.407,27.72,24.407,3.314,-0.028,1.593,25.982,17.378,1.576,-0.028,0.309,0.0,0,0.1
5,34.1,682,cruise,17.378,17.399,27.719,24.399,3.32,-0.021,1.593,25.112,17.378,0.713,-0.021,0.194,0.0,0,0.15
5,34.15,683,cruise,17.378,17.371,27.718,24.371,3.347,0.007,1.596,27.718,17.378,3.347,0.007,0.547,0.0,1,0.0
5,34.2,684,cruise,17.378,17.33,27.72,24.33,3.39,0.048,1.6,27.72,17.378,3.39,0.048,0.554,0.0,1,0.0
5,34.25,685,cruise,17.378,17.31,27.723,24.31,3.414,0.069,1.602,27.723,17.378,3.414,0.069,0.557,0.0,1,0.0
5,34.3,686,cruise,17.378,17.31,27.727,24.31,3.417,0.069,1.602,27.727,17.378,3.417,0.069,0.558,0.0,1,0.0
5,34.35,687,cruise,17.378,17.324,27.73,24.324,3.406,0.055,1.601,27.73,17.378,3.406,0.055,0.556,0.0,1,0.0
5,34.4,688,cruise,17.378,17.346,27.732,24.346,3.386,0.032,1.599,26.863,17.378,2.517,0.032,0.437,0.0,0,0.05
5,34.45,689,cruise,17.378,17.366,27.733,24.366,3.366,0.012,1.597,27.733,17.378,3.366,0.012,0.549,0.0,1,0.0
5,34.5,690,cruise,17.378,17.384,27.733,24.384,3.349,-0.005,1.595,26.864,17.378,2.48,-0.005,0.431,0.0,0,0.05
5,34.55,691,cruise,17.378,17.4,27.732,24.4,3.332,-0.022,1.594,27.732,17.378,3.332,-0.022,0.543,0.0,1,0.0
5,34.6,692,cruise,17.378,17.414,27.731,24.414,3.316,-0.036,1.592,27.731,17.378,3.316,-0.036,0.541,0.0,1,0.0
5,34.65,693,cruise,17.378,17.435,27.728,24.435,3.293,-0.057,1.59,27.728,17.378,3.293,-0.057,0.537,0.0,1,0.0
5,34.7,694,cruise,17.378,17.459,27.725,24.459,3.265,-0.081,1.588,27.725,17.378,3.265,-0.081,0.533,0.0,1,0.0
5,34.75,695,cruise,17.378,17.485,27.72,24.485,3.234,-0.107,1.585,26.851,17.378,2.366,-0.107,0.412,0.0,0,0.05
5,34.8,696,cruise,17.378,17.505,27.714,24.505,3.208,-0.127,1.583,25.976,17.378,1.471,-0.127,0.292,0.0,0,0.1
5,34.85,697,cruise,17.378,17.506,27.707,24.506,3.201,-0.128,1.583,27.707,17.378,3.201,-0.128,0.523,0.0,1,0.0
5,34.9,698,cruise,17.378,17.495,27.701,24.495,3.207,-0.116,1.583,26.832,17.378,2.338,-0.116,0.408,0.0,0,0.05
5,34.95,699,cruise,17.378,17.488,27.696,24.488,3.208,-0.11,1.584,27.696,17.378,3.208,-0.11,0.524,0.0,1,0.0
5,35.0,700,cruise,17.378,17.485,27.69,24.485,3.206,-0.106,1.584,27.69,17.378,3.206,-0.106,0.524,0.0,1,0.0
5,35.05,701,cruise,17.378,17.491,27.685,24.491,3.193,-0.113,1.583,27.685,17.378,3.193,-0.113,0.522,0.0,1,0.0
5,35.1,702,cruise,17.378,17.505,27.679,24.505,3.174,-0.127,1.581,26.81,17.378,2.305,-0.127,0.403,0.0,0,0.05
5,35.15,703,cruise,17.378,17.516,27.672,24.516,3.157,-0.137,1.58,25.934,17.378,1.419,-0.137,0.285,0.0,0,0.1
5,35.2,704,cruise,17.378,17.509,27.665,24.509,3.156,-0.131,1.58,27.665,17.378,3.156,-0.131,0.516,0.0,1,0.0
5,35.25,705,cruise,17.378,17.493,27.659,24.493,3.167,-0.114,1.581,27.659,17.378,3.167,-0.114,0.518,0.0,1,0.0
5,35.3,706,cruise,17.378,17.489,27.654,24.489,3.165,-0.111,1.581,27.654,17.378,3.165,-0.111,0.518,0.0,1,0.0
5,35.35,707,cruise,17.378,17.495,27.648,24.495,3.153,-0.117,1.58,27.648,17.378,3.153,-0.117,0.517,0.0,1,0.0
5,35.4,708,cruise,17.378,17.507,27.642,24.507,3.135,-0.129,1.579,26.773,17.378,2.266,-0.129,0.398,0.0,0,0.05
5,35.45,709,cruise,17.378,17.516,27.635,24.516,3.119,-0.138,1.578,27.635,17.378,3.119,-0.138,0.511,0.0,1,0.0
5,35.5,710,cruise,17.378,17.521,27.628,24.521,3.107,-0.143,1.577,27.628,17.378,3.107,-0.143,0.509,0.0,1,0.0
5,35.55,711,cruise,17.378,17.532,27.621,24.532,3.089,-0.154,1.575,26.752,17.378,2.22,-0.154,0.391,0.0,0,0.05
5,35.6,712,cruise,17.378,17.539,27.613,24.539,3.074,-0.161,1.574,27.613,17.378,3.074,-0.161,0.504,0.0,1,0.0
5,35.65,713,cruise,17.378,17.542,27.605,24.542,3.063,-0.164,1.574,26.736,17.378,2.194,-0.164,0.387,0.0,0,0.05
5,35.7,714,cruise,17.378,17.544,27.596,24.544,3.053,-0.165,1.573,27.596,17.378,3.053,-0.165,0.502,0.0,1,0.0
5,35.75,715,cruise,17.378,17.542,27.588,24.542,3.046,-0.164,1.573,27.588,17.378,3.046,-0.164,0.501,0.0,1,0.0
5,35.8,716,cruise,17.378,17.548,27.58,24.548,3.032,-0.17,1.572,26.711,17.378,2.163,-0.17,0.383,0.0,0,0.05
5,35.85,717,cruise,17.378,17.551,27.571,24.551,3.02,-0.173,1.571,27.571,17.378,3.02,-0.173,0.497,0.0,1,0.0
5,35.9,718,cruise,17.378,17.55,27.563,24.55,3.013,-0.172,1.571,27.563,17.378,3.013,-0.172,0.496,0.0,1,0.0
5,35.95,719,cruise,17.379,17.555,27.554,24.555,2.999,-0.176,1.57,27.554,17.379,2.999,-0.176,0.494,0.0,1,0.0
5,36.0,720,cruise,17.379,17.564,27.545,24.564,2.981,-0.185,1.568,27.545,17.379,2.981,-0.185,0.491,0.0,1,0.0
5,36.05,721,cruise,17.379,17.575,27.535,24.575,2.96,-0.196,1.567,26.666,17.379,2.092,-0.196,0.372,0.0,0,0.05
5,36.1,722,cruise,17.379,17.58,27.525,24.58,2.945,-0.201,1.566,27.525,17.379,2.945,-0.201,0.486,0.0,1,0.0
5,36.15,723,cruise,17.378,17.579,27.515,24.579,2.936,-0.201,1.565,27.515,17.378,2.936,-0.201,0.485,0.0,1,0.0
5,36.2,724,cruise,17.378,17.582,27.505,24.582,2.923,-0.205,1.564,27.505,17.378,2.923,-0.205,0.483,0.0,1,0.0
5,36.25,725,cruise,17.378,17.589,27.495,24.589,2.906,-0.211,1.563,27.495,17.378,2.906,-0.211,0.48,0.0,1,0.0
5,36.3,726,cruise,17.378,17.597,27.484,24.597,2.887,-0.218,1.562,26.615,17.378,2.018,-0.219,0.362,0.0,0,0.05
5,36.35,727,cruise,17.379,17.598,27.473,24.598,2.875,-0.22,1.561,27.473,17.379,2.875,-0.22,0.476,0.0,1,0.0
5,36.4,728,cruise,17.379,17.594,27.462,24.594,2.868,-0.215,1.561,26.593,17.379,1.999,-0.215,0.359,0.0,0,0.05
5,36.45,729,cruise,17.379,17.587,27.451,24.587,2.864,-0.209,1.561,27.451,17.379,2.864,-0.209,0.475,0.0,1,0.0
5,36.5,730,cruise,17.379,17.578,27.441,24.578,2.863,-0.199,1.561,27.441,17.379,2.863,-0.199,0.475,0.0,1,0.0
5,36.55,731,cruise,17.378,17.575,27.431,24.575,2.857,-0.196,1.561,27.431,17.378,2.857,-0.196,0.474,0.0,1,0.0
5,36.6,732,cruise,17.378,17.576,27.422,24.576,2.846,-0.197,1.56,26.553,17.378,1.977,-0.197,0.357,0.0,0,0.05
5,36.65,733,cruise,17.378,17.572,27.412,24.572,2.84,-0.194,1.56,27.412,17.378,2.84,-0.194,0.472,0.0,1,0.0
5,36.7,734,cruise,17.378,17.564,27.402,24.564,2.838,-0.186,1.56,27.402,17.378,2.838,-0.186,0.472,0.0,1,0.0
5,36.75,735,cruise,17.378,17.562,27.393,24.562,2.831,-0.183,1.56,27.393,17.378,2.831,-0.183,0.471,0.0,1,0.0
5,36.8,736,cruise,17.378,17.563,27.384,24.563,2.821,-0.184,1.559,27.384,17.378,2.821,-0.184,0.47,0.0,1,0.0
5,36.85,737,cruise,17.379,17.566,27.375,24.566,2.809,-0.187,1.558,27.375,17.379,2.809,-0.187,0.468,0.0,1,0.0
5,36.9,738,cruise,17.379,17.57,27.365,24.57,2.795,-0.192,1.557,27.365,17.379,2.795,-0.192,0.466,0.0,1,0.0
5,36.95,739,cruise,17.378,17.575,27.355,24.575,2.78,-0.196,1.557,26.486,17.379,1.912,-0.196,0.348,0.0,0,0.05
5,37.0,740,cruise,17.378,17.573,27.346,24.573,2.773,-0.195,1.556,27.346,17.378,2.773,-0.195,0.463,0.0,1,0.0
5,37.05,741,cruise,17.378,17.565,27.336,24.565,2.771,-0.187,1.556,26.467,17.378,1.902,-0.186,0.347,0.0,0,0.05
5,37.1,742,cruise,17.378,17.554,27.327,24.554,2.773,-0.176,1.557,27.327,17.378,2.773,-0.176,0.464,0.0,1,0.0
5,37.15,743,cruise,17.378,17.541,27.319,24.541,2.778,-0.162,1.557,26.45,17.378,1.909,-0.162,0.349,0.0,0,0.05
5,37.2,744,cruise,17.378,17.527,27.311,24.527,2.784,-0.149,1.558,25.573,17.378,1.046,-0.149,0.235,0.0,0,0.1
5,37.25,745,cruise,17.378,17.499,27.304,24.499,2.805,-0.121,1.56,24.698,17.378,0.198,-0.121,0.122,0.0,0,0.15
5,37.3,746,cruise,17.378,17.449,27.3,24.449,2.85,-0.071,1.564,27.3,17.378,2.85,-0.071,0.478,0.0,1,0.0
5,37.35,747,cruise,17.378,17.387,27.298,24.387,2.911,-0.008,1.57,27.298,17.378,2.911,-0.008,0.488,0.0,1,0.0
5,37.4,748,cruise,17.378,17.344,27.299,24.344,2.955,0.035,1.574,27.299,17.378,2.955,0.035,0.495,0.0,1,0.0
5,37.45,749,cruise,17.378,17.321,27.301,24.321,2.98,0.057,1.576,27.301,17.378,2.98,0.057,0.499,0.0,1,0.0
5,37.5,750,cruise,17.378,17.314,27.304,24.314,2.99,0.064,1.577,27.304,17.378,2.99,0.064,0.501,0.0,1,0.0
5,37.55,751,cruise,17.378,17.315,27.308,24.315,2.992,0.063,1.577,27.308,17.378,2.992,0.063,0.501,0.0,1,0.0
5,37.6,752,cruise,17.378,17.323,27.311,24.323,2.988,0.055,1.577,27.311,17.378,2.988,0.055,0.5,0.0,1,0.0
5,37.65,753,cruise,17.377,17.334,27.314,24.334,2.979,0.043,1.576,26.444,17.378,2.11,0.043,0.383,0.0,0,0.05
5,37.7,754,cruise,17.377,17.341,27.316,24.341,2.975,0.037,1.575,27.316,17.377,2.975,0.037,0.498,0.0,1,0.0
5,37.75,755,cruise,17.378,17.343,27.317,24.343,2.975,0.035,1.575,27.317,17.378,2.975,0.035,0.498,0.0,1,0.0
5,37.8,756,cruise,17.378,17.35,27.319,24.35,2.969,0.028,1.575,26.45,17.378,2.1,0.028,0.381,0.0,0,0.05
5,37.85,757,cruise,17.378,17.354,27.32,24.354,2.966,0.024,1.574,27.32,17.378,2.966,0.024,0.496,0.0,1,0.0
5,37.9,758,cruise,17.378,17.354,27.321,24.354,2.968,0.025,1.574,27.321,17.378,2.968,0.025,0.497,0.0,1,0.0
5,37.95,759,cruise,17.378,17.36,27.322,24.36,2.963,0.019,1.574,26.454,17.378,2.094,0.019,0.38,0.0,0,0.05
5,38.0,760,cruise,17.378,17.362,27.323,24.362,2.961,0.015,1.574,27.323,17.378,2.961,0.015,0.495,0.0,1,0.0
5,38.05,761,cruise,17.378,17.361,27.324,24.361,2.963,0.016,1.574,26.455,17.378,2.094,0.016,0.38,0.0,0,0.05
5,38.1,762,cruise,17.377,17.36,27.325,24.36,2.965,0.018,1.574,25.587,17.378,1.227,0.018,0.264,0.0,0,0.1
5,38.15,763,cruise,17.378,17.344,27.326,24.344,2.983,0.034,1.576,24.72,17.378,0.376,0.034,0.151,0.0,0,0.15
5,38.2,764,cruise,17.378,17.305,27.329,24.305,3.024,0.073,1.579,27.329,17.378,3.024,0.073,0.506,0.0,1,0.0
5,38.25,765,cruise,17.378,17.252,27.334,24.252,3.082,0.126,1.584,26.465,17.378,2.213,0.126,0.399,0.0,0,0.05
5,38.3,766,cruise,17.378,17.212,27.342,24.212,3.129,0.166,1.588,27.342,17.378,3.129,0.166,0.523,0.0,1,0.0
5,38.35,767,cruise,17.378,17.188,27.351,24.188,3.163,0.19,1.591,27.351,17.378,3.163,0.19,0.528,0.0,1,0.0
5,38.4,768,cruise,17.378,17.181,27.361,24.181,3.179,0.197,1.592,26.492,17.378,2.31,0.197,0.415,0.0,0,0.05
5,38.45,769,cruise,17.378,17.181,27.37,24.181,3.19,0.197,1.593,27.37,17.378,3.19,0.197,0.532,0.0,1,0.0
5,38.5,770,cruise,17.378,17.182,27.38,24.182,3.198,0.195,1.594,26.511,17.378,2.329,0.195,0.417,0.0,0,0.05
5,38.55,771,decelerate,17.378,17.187,27.39,24.187,3.203,0.19,1.594,27.39,17.378,3.203,0.19,0.533,0.0,1,0.0
5,38.6,772,decelerate,17.378,17.192,27.399,24.192,3.207,0.185,1.594,27.399,17.378,3.207,0.185,0.534,0.0,1,0.0
5,38.65,773,decelerate,17.339,17.206,27.407,24.206,3.201,0.133,1.593,27.407,17.339,3.201,0.133,0.531,0.0,1,0.0
5,38.7,774,decelerate,17.201,17.226,27.409,24.226,3.184,-0.024,1.591,27.409,17.201,3.184,-0.024,0.524,0.0,1,0.0
5,38.75,775,decelerate,16.984,17.248,27.401,24.248,3.152,-0.264,1.589,27.401,16.984,3.152,-0.264,0.512,0.0,1,0.0
5,38.8,776,decelerate,16.727,17.271,27.378,24.271,3.106,-0.545,1.585,26.538,16.984,2.266,-0.287,0.393,0.0,0,0.05
5,38.85,777,decelerate,16.524,17.287,27.342,24.287,3.055,-0.763,1.582,27.342,16.524,3.055,-0.763,0.482,0.0,1,0.0
5,38.9,778,decelerate,16.343,17.295,27.295,24.295,3.0,-0.952,1.578,26.477,16.524,2.182,-0.771,0.365,0.0,0,0.05
5,38.95,779,decelerate,16.16,17.297,27.239,24.297,2.942,-1.137,1.575,25.612,16.524,1.315,-0.773,0.25,0.0,0,0.1
5,39.0,780,decelerate,15.978,17.282,27.173,24.282,2.891,-1.303,1.572,24.748,16.524,0.466,-0.757,0.137,0.0,0,0.15
5,39.05,781,decelerate,15.801,17.241,27.099,24.241,2.858,-1.441,1.572,23.885,16.524,-0.357,-0.717,0.028,0.0,0,0.2
5,39.1,782,decelerate,15.626,17.174,27.019,24.174,2.845,-1.547,1.573,27.019,15.626,2.845,-1.547,0.428,0.0,1,0.0
5,39.15,783,decelerate,15.454,17.089,26.933,24.089,2.844,-1.636,1.576,26.163,15.626,2.074,-1.463,0.328,0.0,0,0.05
5,39.2,784,decelerate,15.281,17.018,26.843,24.018,2.824,-1.737,1.577,26.843,15.281,2.824,-1.737,0.419,0.0,1,0.0
5,39.25,785,decelerate,15.109,16.964,26.746,23.964,2.782,-1.855,1.577,25.994,15.281,2.03,-1.683,0.315,0.0,0,0.05
5,39.3,786,decelerate,14.936,16.92,26.644,23.92,2.723,-1.985,1.575,26.644,14.936,2.723,-1.985,0.397,0.0,1,0.0
5,39.35,787,decelerate,14.802,16.882,26.536,23.882,2.654,-2.079,1.572,26.536,14.802,2.654,-2.079,0.385,0.0,1,0.0
5,39.4,788,decelerate,14.702,16.851,26.425,23.851,2.574,-2.149,1.568,26.425,14.702,2.574,-2.149,0.372,0.0,1,0.0
5,39.45,789,decelerate,14.623,16.823,26.312,23.823,2.488,-2.2,1.564,26.312,14.623,2.488,-2.2,0.358,0.0,1,0.0
5,39.5,790,decelerate,14.217,16.796,26.186,23.796,2.389,-2.579,1.559,25.473,14.623,1.676,-2.173,0.251,0.0,0,0.05
5,39.55,791,decelerate,13.908,16.763,26.045,23.763,2.282,-2.855,1.554,26.045,13.908,2.282,-2.855,0.309,0.0,1,0.0
5,39.6,792,decelerate,13.652,16.723,25.894,23.723,2.172,-3.07,1.548,25.894,13.652,2.172,-3.07,0.287,0.0,1,0.0
5,39.65,793,decelerate,13.486,16.68,25.736,23.68,2.056,-3.194,1.543,25.736,13.486,2.056,-3.194,0.268,0.0,1,0.0
5,39.7,794,decelerate,13.397,16.634,25.575,23.634,1.942,-3.237,1.538,24.906,13.486,1.273,-3.148,0.165,0.0,0,0.05
5,39.75,795,decelerate,13.327,16.578,25.414,23.578,1.836,-3.251,1.533,24.079,13.486,0.501,-3.092,0.064,0.0,0,0.1
5,39.8,796,decelerate,13.239,16.506,25.254,23.506,1.748,-3.266,1.53,25.254,13.239,1.748,-3.266,0.224,0.0,1,0.0
5,39.85,797,decelerate,13.084,16.423,25.091,23.423,1.667,-3.339,1.528,24.434,13.239,1.011,-3.184,0.129,0.0,0,0.05
5,39.9,798,decelerate,12.892,16.342,24.924,23.342,1.582,-3.449,1.525,23.619,13.239,0.278,-3.102,0.034,0.0,0,0.1
5,39.95,799,decelerate,12.665,16.25,24.751,23.25,1.501,-3.585,1.523,22.809,13.239,-0.441,-3.011,0.0,0.044,0,0.15
5,40.0,800,decelerate,12.461,16.138,24.573,23.138,1.435,-3.677,1.523,22.003,13.239,-1.134,-2.898,0.0,0.111,0,0.2
5,40.05,801,decelerate,12.273,16.003,24.392,23.003,1.389,-3.73,1.524,24.392,12.273,1.389,-3.73,0.161,0.0,1,0.0
5,40.1,802,decelerate,12.082,15.887,24.208,22.887,1.321,-3.805,1.524,23.6,12.273,0.713,-3.614,0.075,0.0,0,0.05
5,40.15,803,decelerate,11.919,15.782,24.021,22.782,1.239,-3.863,1.522,24.021,11.919,1.239,-3.863,0.136,0.0,1,0.0
5,40.2,804,decelerate,11.749,15.68,23.831,22.68,1.151,-3.931,1.52,23.241,11.919,0.56,-3.761,0.049,0.0,0,0.05
5,40.25,805,decelerate,11.58,15.58,23.638,22.58,1.058,-3.999,1.517,23.638,11.58,1.058,-3.999,0.108,0.0,1,0.0
5,40.3,806,decelerate,11.395,15.479,23.441,22.479,0.962,-4.084,1.514,23.441,11.395,0.962,-4.084,0.092,0.0,1,0.0
5,40.35,807,decelerate,11.231,15.38,23.24,22.38,0.859,-4.149,1.511,22.676,11.395,0.296,-3.985,0.007,0.0,0,0.05
5,40.4,808,decelerate,11.153,15.255,23.037,22.255,0.782,-4.102,1.51,23.037,11.153,0.782,-4.102,0.068,0.0,1,0.0
5,40.45,809,decelerate,11.078,15.086,22.837,22.086,0.752,-4.008,1.514,22.837,11.078,0.752,-4.008,0.067,0.0,1,0.0
5,40.5,810,decelerate,10.758,14.899,22.637,21.899,0.738,-4.141,1.519,22.637,10.758,0.738,-4.141,0.06,0.0,1,0.0
5,40.55,811,decelerate,10.206,14.781,22.416,21.781,0.635,-4.575,1.517,21.897,10.758,0.116,-4.023,0.0,0.014,0,0.05
5,40.6,812,decelerate,9.786,14.678,22.176,21.678,0.498,-4.892,1.511,21.162,10.758,-0.517,-3.92,0.0,0.075,0,0.1
5,40.65,813,decelerate,9.488,14.555,21.925,21.555,0.37,-5.067,1.506,21.925,9.488,0.37,-5.067,0.0,0.015,1,0.0
5,40.7,814,decelerate,9.315,14.515,21.666,21.515,0.152,-5.2,1.493,21.666,9.315,0.152,-5.2,0.0,0.04,1,0.0
5,40.75,815,decelerate,9.234,14.482,21.403,21.482,-0.078,-5.247,1.478,20.941,9.315,-0.54,-5.167,0.0,0.108,0,0.05
5,40.8,816,decelerate,9.211,14.308,21.141,21.308,-0.166,-5.096,1.478,20.22,9.315,-1.088,-4.993,0.0,0.159,0,0.1
5,40.85,817,decelerate,9.246,13.979,20.896,20.979,-0.083,-4.733,1.495,20.896,9.246,-0.083,-4.733,0.0,0.052,1,0.0
5,40.9,818,decelerate,9.323,13.717,20.669,20.717,-0.048,-4.394,1.507,20.669,9.323,-0.048,-4.394,0.0,0.04,1,0.0
5,40.95,819,decelerate,9.398,13.488,20.459,20.488,-0.03,-4.09,1.517,19.991,9.323,-0.497,-4.166,0.0,0.079,0,0.05
5,41.0,820,decelerate,9.384,13.273,20.26,20.273,-0.013,-3.889,1.526,20.26,9.384,-0.013,-3.889,0.0,0.024,1,0.0
5,41.05,821,decelerate,9.286,13.078,20.069,20.078,-0.009,-3.792,1.535,19.604,9.384,-0.474,-3.694,0.0,0.065,0,0.05
5,41.1,822,decelerate,9.132,12.887,19.88,19.887,-0.006,-3.755,1.543,18.957,9.384,-0.93,-3.503,0.0,0.106,0,0.1
5,41.15,823,decelerate,8.938,12.692,19.693,19.692,0.001,-3.754,1.552,19.693,8.938,0.001,-3.754,0.0,0.019,1,0.0
5,41.2,824,decelerate,8.717,12.518,19.506,19.518,-0.012,-3.801,1.558,19.506,8.717,-0.012,-3.801,0.0,0.022,1,0.0
5,41.25,825,decelerate,8.479,12.347,19.315,19.347,-0.032,-3.868,1.564,19.315,8.479,-0.032,-3.868,0.0,0.025,1,0.0
5,41.3,826,decelerate,8.227,12.181,19.121,19.181,-0.06,-3.954,1.57,18.705,8.479,-0.476,-3.702,0.0,0.066,0,0.05
5,41.35,827,decelerate,7.975,12.01,18.923,19.01,-0.087,-4.035,1.576,18.923,7.975,-0.087,-4.035,0.0,0.035,1,0.0
5,41.4,828,decelerate,7.723,11.844,18.721,18.844,-0.123,-4.121,1.581,18.721,7.723,-0.123,-4.121,0.0,0.041,1,0.0
5,41.45,829,decelerate,7.471,11.667,18.515,18.667,-0.152,-4.195,1.587,18.137,7.723,-0.53,-3.944,0.0,0.077,0,0.05
5,41.5,830,decelerate,7.29,11.499,18.306,18.499,-0.193,-4.209,1.592,18.306,7.29,-0.193,-4.209,0.0,0.05,1,0.0
5,41.55,831,decelerate,7.2,11.342,18.1,18.342,-0.241,-4.142,1.596,17.739,7.29,-0.603,-4.052,0.0,0.087,0,0.05
5,41.6,832,decelerate,6.999,11.177,17.897,18.177,-0.279,-4.178,1.601,17.897,6.999,-0.279,-4.178,0.0,0.058,1,0.0
5,41.65,833,decelerate,6.512,11.144,17.676,18.144,-0.468,-4.631,1.586,17.341,6.999,-0.802,-4.145,0.0,0.11,0,0.05
5,41.7,834,decelerate,6.001,11.102,17.432,18.102,-0.671,-5.102,1.57,17.432,6.001,-0.671,-5.102,0.0,0.121,1,0.0
5,41.75,835,decelerate,5.627,10.624,17.179,17.624,-0.445,-4.998,1.617,16.891,6.001,-0.733,-4.624,0.0,0.115,0,0.05
5,41.8,836,decelerate,5.383,10.139,16.939,17.139,-0.199,-4.756,1.671,16.939,5.383,-0.199,-4.756,0.0,0.065,1,0.0
5,41.85,837,decelerate,5.235,9.724,16.711,16.724,-0.013,-4.489,1.718,16.446,5.383,-0.278,-4.341,0.0,0.062,0,0.05
5,41.9,838,decelerate,5.148,9.38,16.495,16.38,0.115,-4.232,1.758,16.495,5.148,0.115,-4.232,0.0,0.02,1,0.0
5,41.95,839,decelerate,5.094,9.084,16.292,16.084,0.208,-3.99,1.793,16.292,5.094,0.208,-3.99,0.0,0.005,1,0.0
5,42.0,840,decelerate,5.062,8.826,16.1,15.826,0.274,-3.765,1.824,15.846,5.094,0.02,-3.732,0.0,0.017,0,0.05
5,42.05,841,decelerate,5.053,8.582,15.92,15.582,0.337,-3.529,1.855,15.92,5.053,0.337,-3.529,0.026,0.0,1,0.0
5,42.1,842,decelerate,5.076,8.351,15.751,15.351,0.4,-3.276,1.886,15.751,5.076,0.4,-3.276,0.043,0.0,1,0.0
5,42.15,843,decelerate,5.122,8.134,15.596,15.134,0.462,-3.012,1.917,15.596,5.122,0.462,-3.012,0.06,0.0,1,0.0
5,42.2,844,decelerate,5.118,7.915,15.453,14.915,0.538,-2.796,1.952,15.453,5.118,0.538,-2.796,0.077,0.0,1,0.0
5,42.25,845,decelerate,5.061,7.72,15.318,14.72,0.598,-2.659,1.984,15.318,5.061,0.598,-2.659,0.09,0.0,1,0.0
5,42.3,846,decelerate,5.018,7.533,15.189,14.533,0.656,-2.515,2.016,15.189,5.018,0.656,-2.515,0.103,0.0,1,0.0
5,42.35,847,decelerate,4.856,7.358,15.067,14.358,0.708,-2.502,2.048,15.067,4.856,0.708,-2.502,0.11,0.0,1,0.0
5,42.4,848,decelerate,4.384,7.19,14.933,14.19,0.743,-2.805,2.077,14.933,4.384,0.743,-2.805,0.105,0.0,1,0.0
5,42.45,849,decelerate,3.884,7.029,14.783,14.029,0.754,-3.144,2.103,14.783,3.884,0.754,-3.144,0.095,0.0,1,0.0
5,42.5,850,decelerate,3.396,6.868,14.615,13.868,0.747,-3.472,2.128,14.615,3.396,0.747,-3.472,0.083,0.0,1,0.0
5,42.55,851,decelerate,3.287,6.7,14.441,13.7,0.741,-3.413,2.155,14.277,3.396,0.577,-3.304,0.066,0.0,0,0.05
5,42.6,852,decelerate,3.296,6.567,14.275,13.567,0.708,-3.271,2.174,14.275,3.296,0.708,-3.271,0.085,0.0,1,0.0
5,42.65,853,decelerate,3.313,6.563,14.112,13.563,0.549,-3.25,2.15,14.112,3.313,0.549,-3.25,0.065,0.0,1,0.0
5,42.7,854,decelerate,3.252,6.553,13.949,13.553,0.395,-3.301,2.128,13.949,3.252,0.395,-3.301,0.043,0.0,1,0.0
5,42.75,855,decelerate,3.123,6.036,13.795,13.036,0.759,-2.913,2.285,13.795,3.123,0.759,-2.913,0.104,0.0,1,0.0
5,42.8,856,decelerate,2.97,5.614,13.659,12.614,1.045,-2.644,2.433,13.659,2.97,1.045,-2.644,0.151,0.0,1,0.0
5,42.85,857,decelerate,2.804,5.298,13.531,12.298,1.234,-2.494,2.554,13.388,2.97,1.09,-2.328,0.168,0.0,0,0.05
5,42.9,858,decelerate,2.634,5.061,13.409,12.061,1.348,-2.427,2.649,13.409,2.634,1.348,-2.427,0.199,0.0,1,0.0
5,42.95,859,decelerate,2.463,4.825,13.289,11.825,1.465,-2.361,2.754,13.289,2.463,1.465,-2.361,0.217,0.0,1,0.0
5,43.0,860,decelerate,2.296,4.621,13.172,11.621,1.551,-2.325,2.85,13.172,2.296,1.551,-2.325,0.229,0.0,1,0.0
5,43.05,861,decelerate,2.131,4.465,13.056,11.465,1.591,-2.334,2.924,13.056,2.131,1.591,-2.334,0.234,0.0,1,0.0
5,43.1,862,decelerate,1.972,4.332,12.939,11.332,1.606,-2.36,2.986,12.939,1.972,1.606,-2.36,0.235,0.0,1,0.0
5,43.15,863,decelerate,1.624,4.226,12.817,11.226,1.59,-2.602,3.033,12.817,1.624,1.59,-2.602,0.225,0.0,1,0.0
5,43.2,864,decelerate,0.367,4.131,12.652,11.131,1.521,-3.764,3.063,12.652,0.367,1.521,-3.764,0.177,0.0,1,0.0
5,43.25,865,decelerate,0.001,4.036,12.45,11.036,1.414,-4.035,3.085,12.448,0.367,1.412,-3.669,0.166,0.0,0,0.05
5,43.3,866,decelerate,0.001,3.936,12.251,10.936,1.315,-3.935,3.113,12.249,0.367,1.314,-3.568,0.156,0.0,0,0.1
5,43.35,867,decelerate,0.001,3.831,12.058,10.831,1.226,-3.83,3.147,12.058,0.001,1.226,-3.83,0.136,0.0,1,0.0
5,43.4,868,decelerate,0.001,3.722,11.87,10.722,1.147,-3.721,3.189,11.87,0.001,1.147,-3.721,0.129,0.0,1,0.0
5,43.45,869,decelerate,0.001,3.61,11.687,10.61,1.077,-3.609,3.237,11.687,0.001,1.077,-3.609,0.123,0.0,1,0.0
5,43.5,870,decelerate,0.001,3.495,11.51,10.495,1.015,-3.495,3.293,11.51,0.001,1.015,-3.495,0.119,0.0,1,0.0
5,43.55,871,decelerate,0.001,3.38,11.339,10.38,0.959,-3.38,3.354,11.339,0.001,0.959,-3.38,0.115,0.0,0,0.05
5,43.6,872,decelerate,0.0,3.265,11.174,10.265,0.909,-3.265,3.422,11.173,0.001,0.908,-3.264,0.112,0.0,0,0.1
5,43.65,873,decelerate,0.0,3.151,11.014,10.151,0.863,-3.15,3.496,11.014,0.0,0.863,-3.15,0.11,0.0,1,0.0
5,43.7,874,decelerate,0.0,3.037,10.86,10.037,0.823,-3.037,3.576,10.86,0.0,0.823,-3.037,0.108,0.0,0,0.05
5,43.75,875,decelerate,0.0,2.925,10.711,9.925,0.786,-2.925,3.661,10.711,0.0,0.786,-2.925,0.107,0.0,1,0.0
5,43.8,876,decelerate,0.0,2.815,10.569,9.815,0.753,-2.815,3.754,10.568,0.0,0.753,-2.815,0.107,0.0,0,0.05
5,43.85,877,decelerate,0.0,2.704,10.431,9.704,0.727,-2.704,3.857,10.431,0.0,0.727,-2.704,0.107,0.0,1,0.0
5,43.9,878,decelerate,0.0,2.598,10.299,9.598,0.701,-2.598,3.964,10.299,0.0,0.701,-2.598,0.107,0.0,1,0.0
5,43.95,879,decelerate,0.0,2.495,10.172,9.495,0.677,-2.495,4.077,10.172,0.0,0.677,-2.495,0.107,0.0,1,0.0
5,44.0,880,decelerate,0.0,2.394,10.051,9.394,0.656,-2.394,4.197,10.051,0.0,0.656,-2.394,0.108,0.0,1,0.0
5,44.05,881,decelerate,0.0,2.297,9.934,9.297,0.637,-2.297,4.325,9.934,0.0,0.637,-2.297,0.108,0.0,1,0.0
5,44.1,882,decelerate,0.0,2.202,9.822,9.202,0.62,-2.202,4.46,9.822,0.0,0.62,-2.202,0.109,0.0,1,0.0
5,44.15,883,stopped,0.0,2.11,9.715,9.11,0.604,-2.11,4.603,9.715,0.0,0.604,-2.11,0.11,0.0,1,0.0
5,44.2,884,stopped,0.0,2.021,9.612,9.021,0.59,-2.021,4.755,9.612,0.0,0.59,-2.021,0.111,0.0,1,0.0
5,44.25,885,stopped,0.0,1.936,9.513,8.936,0.578,-1.936,4.915,9.513,0.0,0.578,-1.936,0.113,0.0,1,0.0
5,44.3,886,stopped,0.0,1.853,9.419,8.853,0.566,-1.853,5.083,9.419,0.0,0.566,-1.853,0.114,0.0,1,0.0
5,44.35,887,stopped,0.0,1.774,9.329,8.774,0.555,-1.774,5.259,9.329,0.0,0.555,-1.774,0.115,0.0,1,0.0
5,44.4,888,stopped,0.0,1.696,9.242,8.696,0.546,-1.696,5.448,9.242,0.0,0.546,-1.696,0.116,0.0,1,0.0
5,44.45,889,stopped,0.0,1.623,9.16,8.623,0.537,-1.623,5.645,9.16,0.0,0.537,-1.623,0.118,0.0,1,0.0
5,44.5,890,stopped,0.0,1.553,9.081,8.553,0.528,-1.553,5.848,9.081,0.0,0.528,-1.553,0.119,0.0,1,0.0
5,44.55,891,stopped,0.0,1.487,9.005,8.487,0.518,-1.487,6.057,9.005,0.0,0.518,-1.487,0.12,0.0,1,0.0
5,44.6,892,stopped,0.0,1.423,8.933,8.423,0.509,-1.423,6.275,8.933,0.0,0.509,-1.423,0.12,0.0,1,0.0
5,44.65,893,stopped,0.0,1.364,8.863,8.364,0.5,-1.363,6.5,8.863,0.0,0.5,-1.363,0.121,0.0,1,0.0
5,44.7,894,stopped,0.0,1.306,8.797,8.306,0.491,-1.306,6.736,8.797,0.0,0.491,-1.306,0.122,0.0,1,0.0
5,44.75,895,stopped,0.0,1.255,8.733,8.255,0.478,-1.255,6.959,8.733,0.0,0.478,-1.255,0.122,0.0,1,0.0
5,44.8,896,stopped,0.0,1.213,8.671,8.213,0.458,-1.213,7.149,8.671,0.0,0.458,-1.213,0.121,0.0,0,0.05
5,44.85,897,stopped,0.0,1.173,8.612,8.173,0.439,-1.173,7.34,8.612,0.0,0.439,-1.173,0.119,0.0,0,0.1
5,44.9,898,stopped,0.0,1.135,8.554,8.135,0.42,-1.135,7.539,8.554,0.0,0.42,-1.135,0.118,0.0,1,0.0
5,44.95,899,stopped,0.0,1.097,8.499,8.097,0.401,-1.097,7.745,8.499,0.0,0.401,-1.097,0.117,0.0,1,0.0
5,45.0,900,stopped,0.0,1.061,8.445,8.061,0.384,-1.061,7.96,8.445,0.0,0.384,-1.061,0.116,0.0,0,0.05
5,45.05,901,stopped,0.0,1.025,8.393,8.025,0.368,-1.025,8.189,8.393,0.0,0.368,-1.025,0.115,0.0,1,0.0
5,45.1,902,stopped,0.0,0.989,8.343,7.989,0.353,-0.989,8.432,8.343,0.0,0.353,-0.989,0.114,0.0,1,0.0
5,45.15,903,stopped,0.0,0.955,8.294,7.955,0.339,-0.955,8.684,8.294,0.0,0.339,-0.955,0.113,0.0,1,0.0
5,45.2,904,stopped,0.0,0.924,8.247,7.924,0.323,-0.924,8.922,8.247,0.0,0.323,-0.924,0.112,0.0,0,0.05
5,45.25,905,stopped,0.0,0.896,8.202,7.896,0.306,-0.896,9.154,8.202,0.0,0.306,-0.896,0.111,0.0,0,0.1
5,45.3,906,stopped,0.0,0.868,8.158,7.868,0.291,-0.868,9.401,8.158,0.0,0.291,-0.868,0.11,0.0,1,0.0
5,45.35,907,stopped,0.0,0.831,8.116,7.831,0.285,-0.831,9.766,8.116,0.0,0.285,-0.831,0.11,0.0,1,0.0
5,45.4,908,stopped,0.0,0.796,8.076,7.796,0.279,-0.796,10.143,8.076,0.0,0.279,-0.796,0.111,0.0,0,0.05
5,45.45,909,stopped,0.0,0.763,8.036,7.763,0.274,-0.763,10.538,8.036,0.0,0.274,-0.763,0.111,0.0,0,0.1
5,45.5,910,stopped,0.0,0.743,7.999,7.743,0.256,-0.743,10.768,7.999,0.0,0.256,-0.743,0.109,0.0,0,0.15
5,45.55,911,stopped,0.0,0.693,7.962,7.693,0.269,-0.693,11.49,7.962,0.0,0.269,-0.693,0.113,0.0,1,0.0
5,45.6,912,stopped,0.0,0.711,7.927,7.711,0.216,-0.711,11.15,7.927,0.0,0.216,-0.711,0.105,0.0,1,0.0
5,45.65,913,stopped,0.0,0.635,7.894,7.635,0.259,-0.635,12.434,7.894,0.0,0.259,-0.635,0.113,0.0,1,0.0
5,45.7,914,stopped,0.0,0.659,7.861,7.659,0.203,-0.659,11.93,7.861,0.0,0.203,-0.659,0.105,0.0,0,0.05
5,45.75,915,stopped,0.0,0.578,7.831,7.578,0.253,-0.578,13.556,7.831,0.0,0.253,-0.578,0.115,0.0,0,0.1
5,45.8,916,stopped,0.0,0.609,7.801,7.609,0.192,-0.609,12.814,7.801,0.0,0.192,-0.609,0.105,0.0,1,0.0
5,45.85,917,stopped,0.0,0.557,7.773,7.557,0.216,-0.557,13.965,7.773,0.0,0.216,-0.557,0.11,0.0,1,0.0
5,45.9,918,stopped,0.0,0.508,7.746,7.508,0.238,-0.508,15.251,7.746,0.0,0.238,-0.508,0.115,0.0,1,0.0
5,45.95,919,stopped,0.0,0.543,7.719,7.543,0.176,-0.543,14.215,7.719,0.0,0.176,-0.543,0.105,0.0,0,0.05
5,46.0,920,stopped,0.0,0.517,7.694,7.517,0.177,-0.517,14.877,7.694,0.0,0.177,-0.517,0.106,0.0,1,0.0
5,46.05,921,stopped,0.0,0.483,7.67,7.483,0.187,-0.483,15.883,7.67,0.0,0.187,-0.483,0.109,0.0,1,0.0
5,46.1,922,stopped,0.0,0.418,7.647,7.418,0.229,-0.418,18.278,7.647,0.0,0.229,-0.418,0.117,0.0,1,0.0
5,46.15,923,stopped,0.0,0.413,7.625,7.413,0.213,-0.413,18.475,7.625,0.0,0.213,-0.413,0.115,0.0,1,0.0
5,46.2,924,stopped,0.0,0.452,7.604,7.452,0.152,-0.452,16.825,7.604,0.0,0.152,-0.452,0.105,0.0,0,0.05
5,46.25,925,stopped,0.0,0.368,7.584,7.368,0.215,-0.368,20.602,7.584,0.0,0.215,-0.368,0.116,0.0,1,0.0
5,46.3,926,stopped,0.0,0.386,7.564,7.386,0.178,-0.386,19.601,7.564,0.0,0.178,-0.386,0.111,0.0,1,0.0
5,46.35,927,stopped,0.0,0.394,7.545,7.394,0.151,-0.394,19.152,7.545,0.0,0.151,-0.394,0.107,0.0,1,0.0
5,46.4,928,stopped,0.0,0.321,7.527,7.321,0.206,-0.321,23.435,7.527,0.0,0.206,-0.321,0.117,0.0,1,0.0
5,46.45,929,stopped,0.0,0.304,7.51,7.304,0.206,-0.304,24.718,7.51,0.0,0.206,-0.304,0.117,0.0,1,0.0
5,46.5,930,stopped,0.0,0.334,7.493,7.334,0.159,-0.334,22.462,7.493,0.0,0.159,-0.334,0.11,0.0,1,0.0
5,46.55,931,stopped,0.0,0.302,7.477,7.302,0.175,-0.302,24.724,7.477,0.0,0.175,-0.302,0.113,0.0,0,0.05
5,46.6,932,stopped,0.0,0.284,7.462,7.284,0.178,-0.284,26.297,7.462,0.0,0.178,-0.284,0.114,0.0,1,0.0
5,46.65,933,stopped,0.0,0.289,7.447,7.289,0.158,-0.289,25.773,7.447,0.0,0.158,-0.289,0.111,0.0,0,0.05
5,46.7,934,stopped,0.0,0.278,7.432,7.278,0.154,-0.278,26.718,7.432,0.0,0.154,-0.278,0.111,0.0,0,0.1
5,46.75,935,stopped,0.0,0.305,7.418,7.305,0.113,-0.305,24.34,7.418,0.0,0.113,-0.305,0.105,0.0,1,0.0
5,46.8,936,stopped,0.0,0.252,7.405,7.252,0.153,-0.252,29.354,7.405,0.0,0.153,-0.252,0.112,0.0,1,0.0
5,46.85,937,stopped,0.0,0.216,7.393,7.216,0.177,-0.216,34.276,7.393,0.0,0.177,-0.216,0.116,0.0,1,0.0
5,46.9,938,stopped,0.0,0.22,7.381,7.22,0.161,-0.22,33.579,7.381,0.0,0.161,-0.22,0.114,0.0,0,0.05
5,46.95,939,stopped,0.0,0.195,7.369,7.195,0.174,-0.195,37.738,7.369,0.0,0.174,-0.195,0.117,0.0,1,0.0
5,47.0,940,stopped,0.0,0.245,7.358,7.245,0.112,-0.245,29.981,7.358,0.0,0.112,-0.245,0.107,0.0,1,0.0
5,47.05,941,stopped,0.0,0.208,7.347,7.208,0.139,-0.208,35.363,7.347,0.0,0.139,-0.208,0.112,0.0,1,0.0
5,47.1,942,stopped,0.0,0.193,7.337,7.193,0.144,-0.193,38.029,7.337,0.0,0.144,-0.193,0.113,0.0,1,0.0
5,47.15,943,stopped,0.0,0.157,7.327,7.157,0.17,-0.157,46.673,7.327,0.0,0.17,-0.157,0.117,0.0,0,0.05
5,47.2,944,stopped,0.0,0.205,7.318,7.205,0.113,-0.205,35.733,7.318,0.0,0.113,-0.205,0.108,0.0,0,0.1
