episode,time_sec,tick,leader_phase,leader_speed_mps,follower_speed_mps,distance_m,desired_distance_m,spacing_error_m,relative_velocity_mps,thw_sec,observed_distance_m,observed_lead_speed_mps,control_spacing_error_m,control_relative_velocity_mps,throttle,brake,comm_success,time_since_last_comm_success_sec
1,0.05,1,accelerate,0.0,0.0,12.825,7.0,5.825,0.0,128.247,12.825,0.0,5.825,0.0,0.778,0.0,0,0.05
1,0.1,2,accelerate,0.003,0.003,12.825,7.003,5.822,0.0,128.247,12.825,0.003,5.822,0.0,0.778,0.0,1,0.0
1,0.15,3,accelerate,0.001,0.001,12.825,7.001,5.824,0.0,128.247,12.825,0.001,5.824,0.0,0.779,0.0,1,0.0
1,0.2,4,accelerate,0.0,0.0,12.825,7.0,5.825,-0.0,128.247,12.825,0.0,5.825,-0.0,0.78,0.0,1,0.0
1,0.25,5,accelerate,0.0,0.001,12.825,7.001,5.824,-0.0,128.247,12.825,0.0,5.824,-0.0,0.781,0.0,1,0.0
1,0.3,6,accelerate,0.001,0.001,12.825,7.001,5.824,-0.0,128.247,12.825,0.0,5.824,-0.0,0.782,0.0,0,0.05
1,0.35,7,accelerate,0.001,0.001,12.825,7.001,5.824,-0.0,128.247,12.825,0.001,5.824,-0.0,0.783,0.0,1,0.0
1,0.4,8,accelerate,0.0,0.0,12.825,7.0,5.824,-0.0,128.247,12.825,0.001,5.824,0.0,0.784,0.0,0,0.05
1,0.45,9,accelerate,0.0,0.0,12.825,7.0,5.824,-0.0,128.247,12.825,0.0,5.824,-0.0,0.785,0.0,1,0.0
1,0.5,10,accelerate,0.0,0.0,12.825,7.0,5.825,-0.0,128.247,12.825,0.0,5.825,0.0,0.786,0.0,0,0.05
1,0.55,11,accelerate,0.0,0.0,12.825,7.0,5.825,-0.0,128.247,12.825,0.0,5.825,0.0,0.787,0.0,0,0.1
1,0.6,12,accelerate,0.0,0.0,12.825,7.0,5.825,-0.0,128.247,12.825,0.0,5.825,-0.0,0.788,0.0,1,0.0
1,0.65,13,accelerate,0.158,0.305,12.82,7.305,5.515,-0.146,42.097,12.818,0.0,5.514,-0.304,0.738,0.0,0,0.05
1,0.7,14,accelerate,0.518,0.628,12.815,7.628,5.187,-0.11,20.408,12.794,0.0,5.166,-0.628,0.681,0.0,0,0.1
1,0.75,15,accelerate,0.821,0.892,12.812,7.892,4.92,-0.071,14.365,12.757,0.0,4.865,-0.892,0.633,0.0,0,0.15
1,0.8,16,accelerate,1.035,0.976,12.814,7.976,4.838,0.059,13.128,12.711,0.0,4.735,-0.976,0.614,0.0,0,0.2
1,0.85,17,accelerate,1.162,1.139,12.816,8.139,4.677,0.024,11.254,12.816,1.162,4.677,0.024,0.64,0.0,1,0.0
1,0.9,18,accelerate,1.301,1.189,12.821,8.189,4.633,0.113,10.788,12.821,1.301,4.633,0.113,0.638,0.0,1,0.0
1,0.95,19,accelerate,1.417,1.347,12.827,8.347,4.48,0.07,9.52,12.759,1.301,4.412,-0.046,0.604,0.0,0,0.05
1,1.0,20,accelerate,1.543,1.404,12.834,8.404,4.431,0.139,9.142,12.834,1.543,4.431,0.139,0.613,0.0,1,0.0
1,1.05,21,accelerate,1.645,1.516,12.844,8.516,4.327,0.128,8.471,12.764,1.543,4.248,0.026,0.586,0.0,0,0.05
1,1.1,22,accelerate,1.806,1.586,12.855,8.586,4.269,0.22,8.107,12.855,1.806,4.269,0.22,0.596,0.0,1,0.0
1,1.15,23,accelerate,1.917,1.693,12.868,8.693,4.175,0.224,7.599,12.868,1.917,4.175,0.224,0.584,0.0,1,0.0
1,1.2,24,accelerate,2.082,1.746,12.885,8.746,4.139,0.336,7.379,12.885,2.082,4.139,0.336,0.584,0.0,1,0.0
1,1.25,25,accelerate,2.228,1.821,12.907,8.821,4.086,0.408,7.089,12.907,2.228,4.086,0.408,0.58,0.0,1,0.0
1,1.3,26,accelerate,2.418,1.868,12.934,8.868,4.065,0.55,6.923,12.934,2.418,4.065,0.55,0.583,0.0,1,0.0
1,1.35,27,accelerate,2.584,1.955,12.966,8.955,4.011,0.629,6.632,12.966,2.584,4.011,0.629,0.579,0.0,1,0.0
1,1.4,28,accelerate,2.755,2.015,13.004,9.015,3.988,0.74,6.452,13.004,2.755,3.988,0.74,0.58,0.0,1,0.0
1,1.45,29,accelerate,2.842,2.111,13.043,9.111,3.932,0.731,6.177,13.043,2.842,3.932,0.731,0.573,0.0,1,0.0
1,1.5,30,accelerate,2.887,2.181,13.082,9.181,3.901,0.706,5.999,12.939,2.842,3.758,0.662,0.548,0.0,0,0.05
1,1.55,31,accelerate,2.886,2.279,13.117,9.279,3.838,0.607,5.755,13.117,2.886,3.838,0.607,0.557,0.0,1,0.0
1,1.6,32,accelerate,2.919,2.35,13.149,9.35,3.8,0.569,5.596,13.005,2.886,3.655,0.537,0.531,0.0,0,0.05
1,1.65,33,accelerate,2.98,2.431,13.18,9.431,3.749,0.549,5.422,13.18,2.98,3.749,0.549,0.545,0.0,1,0.0
1,1.7,34,accelerate,3.108,2.476,13.212,9.476,3.736,0.633,5.337,13.212,3.108,3.736,0.633,0.547,0.0,1,0.0
1,1.75,35,accelerate,3.256,2.556,13.248,9.556,3.692,0.7,5.184,13.088,3.108,3.533,0.553,0.517,0.0,0,0.05
1,1.8,36,accelerate,3.447,2.631,13.288,9.631,3.657,0.815,5.05,13.288,3.447,3.657,0.815,0.543,0.0,1,0.0
1,1.85,37,accelerate,3.624,2.725,13.333,9.725,3.608,0.899,4.892,13.333,3.624,3.608,0.899,0.54,0.0,1,0.0
1,1.9,38,accelerate,3.752,2.798,13.382,9.798,3.584,0.953,4.782,13.197,3.624,3.399,0.826,0.51,0.0,0,0.05
1,1.95,39,accelerate,3.783,2.888,13.43,9.888,3.542,0.895,4.65,13.43,3.783,3.542,0.895,0.532,0.0,1,0.0
1,2.0,40,accelerate,3.783,2.957,13.474,9.957,3.516,0.825,4.556,13.285,3.783,3.328,0.826,0.502,0.0,0,0.05
1,2.05,41,accelerate,3.797,3.042,13.514,10.042,3.472,0.755,4.442,13.514,3.797,3.472,0.755,0.519,0.0,1,0.0
1,2.1,42,accelerate,3.888,3.108,13.553,10.108,3.446,0.781,4.361,13.553,3.888,3.446,0.781,0.517,0.0,1,0.0
1,2.15,43,accelerate,4.026,3.19,13.595,10.19,3.405,0.836,4.262,13.595,4.026,3.405,0.836,0.514,0.0,1,0.0
1,2.2,44,accelerate,4.199,3.256,13.641,10.256,3.385,0.943,4.19,13.641,4.199,3.385,0.943,0.516,0.0,1,0.0
1,2.25,45,accelerate,4.381,3.337,13.692,10.337,3.355,1.044,4.103,13.692,4.381,3.355,1.044,0.516,0.0,1,0.0
1,2.3,46,accelerate,4.541,3.405,13.749,10.405,3.344,1.136,4.038,13.749,4.541,3.344,1.136,0.518,0.0,1,0.0
1,2.35,47,accelerate,4.619,3.486,13.807,10.486,3.321,1.132,3.96,13.577,4.541,3.091,1.055,0.482,0.0,0,0.05
1,2.4,48,accelerate,4.628,3.551,13.863,10.551,3.312,1.076,3.903,13.863,4.628,3.312,1.076,0.513,0.0,1,0.0
1,2.45,49,accelerate,4.627,3.626,13.915,10.626,3.29,1.001,3.838,13.915,4.627,3.29,1.001,0.508,0.0,1,0.0
1,2.5,50,accelerate,4.685,3.677,13.966,10.677,3.289,1.008,3.798,13.966,4.685,3.289,1.008,0.509,0.0,1,0.0
1,2.55,51,accelerate,4.803,3.75,14.019,10.75,3.269,1.053,3.738,14.019,4.803,3.269,1.053,0.508,0.0,1,0.0
1,2.6,52,accelerate,4.956,3.817,14.074,10.817,3.257,1.139,3.687,14.074,4.956,3.257,1.139,0.51,0.0,1,0.0
1,2.65,53,accelerate,5.128,3.891,14.135,10.891,3.245,1.237,3.633,14.135,5.128,3.245,1.237,0.512,0.0,1,0.0
1,2.7,54,accelerate,5.243,3.956,14.2,10.956,3.244,1.287,3.59,13.939,5.128,2.984,1.172,0.475,0.0,0,0.05
1,2.75,55,accelerate,5.09,4.022,14.258,11.022,3.236,1.068,3.545,13.74,5.128,2.718,1.106,0.438,0.0,0,0.1
1,2.8,56,accelerate,5.093,4.07,14.31,11.07,3.24,1.023,3.516,14.31,5.093,3.24,1.023,0.506,0.0,1,0.0
1,2.85,57,accelerate,5.0,4.121,14.357,11.121,3.237,0.879,3.484,14.357,5.0,3.237,0.879,0.501,0.0,1,0.0
1,2.9,58,accelerate,5.459,4.172,14.415,11.172,3.243,1.287,3.455,14.415,5.459,3.243,1.287,0.516,0.0,1,0.0
1,2.95,59,accelerate,5.818,4.219,14.49,11.219,3.271,1.599,3.435,14.49,5.818,3.271,1.599,0.531,0.0,1,0.0
1,3.0,60,accelerate,5.924,4.285,14.571,11.285,3.286,1.638,3.4,14.571,5.924,3.286,1.638,0.534,0.0,1,0.0
1,3.05,61,accelerate,5.894,4.358,14.651,11.358,3.293,1.535,3.362,14.651,5.894,3.293,1.535,0.532,0.0,1,0.0
1,3.1,62,accelerate,5.845,4.43,14.724,11.43,3.294,1.416,3.324,14.724,5.845,3.294,1.416,0.529,0.0,1,0.0
1,3.15,63,accelerate,5.815,4.504,14.792,11.504,3.288,1.311,3.284,14.792,5.815,3.288,1.311,0.525,0.0,1,0.0
1,3.2,64,accelerate,5.815,4.575,14.856,11.575,3.28,1.239,3.247,14.565,5.815,2.99,1.24,0.484,0.0,0,0.05
1,3.25,65,accelerate,5.848,4.64,14.917,11.64,3.276,1.207,3.215,14.917,5.848,3.276,1.207,0.521,0.0,1,0.0
1,3.3,66,accelerate,5.915,4.701,14.978,11.701,3.277,1.214,3.186,14.683,5.848,2.983,1.147,0.481,0.0,0,0.05
1,3.35,67,accelerate,6.014,4.744,15.04,11.744,3.296,1.271,3.171,14.447,5.848,2.704,1.104,0.443,0.0,0,0.1
1,3.4,68,accelerate,6.142,4.792,15.106,11.792,3.314,1.35,3.152,15.106,6.142,3.314,1.35,0.533,0.0,1,0.0
1,3.45,69,accelerate,6.136,4.838,15.172,11.838,3.334,1.298,3.136,15.172,6.136,3.334,1.298,0.534,0.0,1,0.0
1,3.5,70,accelerate,6.131,4.895,15.236,11.895,3.341,1.236,3.112,14.929,6.136,3.034,1.241,0.493,0.0,0,0.05
1,3.55,71,accelerate,6.633,4.953,15.307,11.953,3.355,1.681,3.091,14.683,6.136,2.73,1.183,0.451,0.0,0,0.1
1,3.6,72,accelerate,7.16,4.999,15.406,11.999,3.407,2.16,3.082,15.406,7.16,3.407,2.16,0.574,0.0,1,0.0
1,3.65,73,accelerate,7.555,5.049,15.526,12.049,3.477,2.507,3.075,15.526,7.555,3.477,2.507,0.596,0.0,1,0.0
1,3.7,74,accelerate,7.722,5.011,15.658,12.011,3.646,2.711,3.124,15.658,7.722,3.646,2.711,0.626,0.0,1,0.0
1,3.75,75,accelerate,7.703,5.046,15.792,12.046,3.746,2.657,3.13,15.792,7.703,3.746,2.657,0.638,0.0,1,0.0
1,3.8,76,accelerate,7.626,5.082,15.923,12.082,3.841,2.543,3.133,15.923,7.626,3.841,2.543,0.647,0.0,1,0.0
1,3.85,77,accelerate,7.518,5.088,16.046,12.088,3.957,2.43,3.154,16.046,7.518,3.957,2.43,0.66,0.0,1,0.0
1,3.9,78,accelerate,7.405,5.05,16.165,12.05,4.114,2.355,3.201,16.165,7.405,4.114,2.355,0.679,0.0,1,0.0
1,3.95,79,accelerate,7.305,5.029,16.28,12.029,4.251,2.276,3.237,16.28,7.305,4.251,2.276,0.695,0.0,1,0.0
1,4.0,80,accelerate,7.248,5.025,16.392,12.025,4.367,2.222,3.262,16.392,7.248,4.367,2.222,0.709,0.0,1,0.0
1,4.05,81,accelerate,7.239,5.047,16.502,12.047,4.455,2.192,3.27,16.14,7.248,4.093,2.201,0.673,0.0,0,0.05
1,4.1,82,accelerate,7.276,5.092,16.612,12.092,4.52,2.184,3.263,15.887,7.248,3.795,2.156,0.632,0.0,0,0.1
1,4.15,83,accelerate,7.341,5.159,16.721,12.159,4.562,2.182,3.241,16.721,7.341,4.562,2.182,0.736,0.0,1,0.0
1,4.2,84,accelerate,7.448,5.244,16.83,12.244,4.586,2.204,3.209,16.83,7.448,4.586,2.204,0.741,0.0,1,0.0
1,4.25,85,accelerate,7.583,5.361,16.941,12.361,4.58,2.222,3.16,16.941,7.583,4.58,2.222,0.741,0.0,1,0.0
1,4.3,86,accelerate,7.741,5.504,17.053,12.504,4.548,2.236,3.098,17.053,7.741,4.548,2.236,0.739,0.0,1,0.0
1,4.35,87,accelerate,7.905,5.67,17.164,12.67,4.494,2.236,3.027,17.164,7.905,4.494,2.236,0.732,0.0,1,0.0
1,4.4,88,accelerate,8.086,5.695,17.279,12.695,4.585,2.392,3.034,17.279,8.086,4.585,2.392,0.75,0.0,1,0.0
1,4.45,89,accelerate,8.279,5.692,17.405,12.692,4.713,2.587,3.058,17.405,8.279,4.713,2.587,0.774,0.0,1,0.0
1,4.5,90,accelerate,8.479,6.083,17.533,13.083,4.451,2.396,2.883,17.533,8.479,4.451,2.396,0.734,0.0,1,0.0
1,4.55,91,accelerate,8.672,6.748,17.637,13.748,3.889,1.924,2.614,17.208,8.479,3.46,1.731,0.58,0.0,0,0.05
1,4.6,92,accelerate,8.875,7.164,17.724,14.164,3.56,1.711,2.474,17.724,8.875,3.56,1.711,0.594,0.0,1,0.0
1,4.65,93,accelerate,9.083,7.465,17.805,14.465,3.34,1.618,2.385,17.805,9.083,3.34,1.618,0.562,0.0,1,0.0
1,4.7,94,accelerate,9.294,7.626,17.886,14.626,3.259,1.668,2.345,17.886,9.294,3.259,1.668,0.553,0.0,1,0.0
1,4.75,95,accelerate,9.471,7.761,17.969,14.761,3.207,1.71,2.315,17.5,9.294,2.739,1.533,0.48,0.0,0,0.05
1,4.8,96,accelerate,9.572,7.872,18.051,14.872,3.179,1.7,2.293,17.109,9.294,2.237,1.422,0.409,0.0,0,0.1
1,4.85,97,accelerate,9.588,7.954,18.132,14.954,3.178,1.633,2.28,18.132,9.588,3.178,1.633,0.542,0.0,1,0.0
1,4.9,98,accelerate,9.536,8.016,18.206,15.016,3.191,1.521,2.271,18.206,9.536,3.191,1.521,0.541,0.0,1,0.0
1,4.95,99,accelerate,9.505,8.077,18.275,15.077,3.198,1.428,2.263,18.275,9.505,3.198,1.428,0.539,0.0,1,0.0
1,5.0,100,accelerate,9.53,8.138,18.34,15.138,3.202,1.392,2.254,18.34,9.53,3.202,1.392,0.539,0.0,1,0.0
1,5.05,101,accelerate,9.595,8.199,18.404,15.199,3.206,1.396,2.245,18.404,9.595,3.206,1.396,0.54,0.0,1,0.0
1,5.1,102,accelerate,9.682,8.259,18.469,15.259,3.21,1.423,2.236,18.469,9.682,3.21,1.423,0.542,0.0,1,0.0
1,5.15,103,accelerate,9.807,8.319,18.535,15.319,3.215,1.488,2.228,18.535,9.807,3.215,1.488,0.546,0.0,1,0.0
1,5.2,104,accelerate,9.966,8.38,18.604,15.38,3.224,1.586,2.22,18.604,9.966,3.224,1.586,0.551,0.0,1,0.0
1,5.25,105,accelerate,10.118,8.441,18.677,15.441,3.235,1.677,2.213,18.677,10.118,3.235,1.677,0.556,0.0,1,0.0
1,5.3,106,accelerate,10.302,8.504,18.753,15.504,3.249,1.798,2.205,18.753,10.302,3.249,1.798,0.562,0.0,1,0.0
1,5.35,107,accelerate,10.492,8.569,18.835,15.569,3.266,1.923,2.198,18.835,10.492,3.266,1.923,0.569,0.0,1,0.0
1,5.4,108,accelerate,10.664,8.636,18.921,15.636,3.286,2.028,2.191,18.406,10.492,2.77,1.856,0.501,0.0,0,0.05
1,5.45,109,accelerate,10.69,8.701,19.007,15.701,3.306,1.99,2.185,19.007,10.69,3.306,1.99,0.578,0.0,1,0.0
1,5.5,110,accelerate,10.644,8.761,19.088,15.761,3.327,1.883,2.179,18.572,10.69,2.811,1.929,0.51,0.0,0,0.05
1,5.55,111,accelerate,10.944,8.823,19.173,15.823,3.35,2.121,2.173,19.173,10.944,3.35,2.121,0.589,0.0,1,0.0
1,5.6,112,accelerate,11.276,8.883,19.272,15.883,3.39,2.393,2.17,18.733,10.944,2.851,2.061,0.521,0.0,0,0.05
1,5.65,113,accelerate,11.476,8.945,19.379,15.945,3.434,2.531,2.166,19.379,11.476,3.434,2.531,0.615,0.0,1,0.0
1,5.7,114,accelerate,11.466,9.008,19.483,16.008,3.475,2.459,2.163,18.934,11.476,2.927,2.469,0.546,0.0,0,0.05
1,5.75,115,accelerate,11.413,9.077,19.58,16.077,3.503,2.336,2.157,19.58,11.413,3.503,2.336,0.619,0.0,1,0.0
1,5.8,116,accelerate,11.355,9.148,19.672,16.148,3.524,2.207,2.15,19.672,11.355,3.524,2.207,0.618,0.0,1,0.0
1,5.85,117,accelerate,11.294,9.229,19.757,16.229,3.528,2.066,2.141,19.219,11.355,2.991,2.126,0.544,0.0,0,0.05
1,5.9,118,accelerate,11.275,9.311,19.834,16.311,3.524,1.964,2.13,18.763,11.355,2.453,2.044,0.47,0.0,0,0.1
1,5.95,119,accelerate,11.316,9.376,19.91,16.376,3.534,1.94,2.123,18.303,11.355,1.927,1.979,0.399,0.0,0,0.15
1,6.0,120,accelerate,11.396,9.422,19.987,16.422,3.565,1.974,2.121,17.841,11.355,1.419,1.933,0.329,0.0,0,0.2
1,6.05,121,accelerate,11.469,9.439,20.068,16.439,3.628,2.029,2.126,20.068,11.469,3.628,2.029,0.628,0.0,1,0.0
1,6.1,122,accelerate,11.57,9.44,20.151,16.44,3.711,2.13,2.135,19.61,11.469,3.17,2.029,0.567,0.0,0,0.05
1,6.15,123,accelerate,11.639,9.443,20.236,16.443,3.792,2.196,2.143,20.236,11.639,3.792,2.196,0.656,0.0,1,0.0
1,6.2,124,accelerate,11.773,9.48,20.322,16.48,3.842,2.293,2.144,20.322,11.773,3.842,2.293,0.667,0.0,1,0.0
1,6.25,125,accelerate,11.913,9.541,20.416,16.541,3.875,2.372,2.14,19.865,11.773,3.324,2.232,0.596,0.0,0,0.05
1,6.3,126,accelerate,12.031,9.619,20.514,16.619,3.895,2.412,2.133,20.514,12.031,3.895,2.412,0.679,0.0,1,0.0
1,6.35,127,accelerate,12.157,9.696,20.613,16.696,3.917,2.462,2.126,20.613,12.157,3.917,2.462,0.684,0.0,1,0.0
1,6.4,128,accelerate,12.305,9.799,20.715,16.799,3.915,2.506,2.114,20.715,12.305,3.915,2.506,0.686,0.0,1,0.0
1,6.45,129,accelerate,12.41,9.918,20.818,16.918,3.899,2.492,2.099,20.247,12.305,3.328,2.386,0.605,0.0,0,0.05
1,6.5,130,accelerate,12.543,10.028,20.919,17.028,3.892,2.515,2.086,20.919,12.543,3.892,2.515,0.685,0.0,1,0.0
1,6.55,131,accelerate,12.688,10.148,21.024,17.148,3.876,2.539,2.072,21.024,12.688,3.876,2.539,0.684,0.0,1,0.0
1,6.6,132,accelerate,12.796,10.281,21.13,17.281,3.849,2.515,2.055,21.13,12.796,3.849,2.515,0.68,0.0,1,0.0
1,6.65,133,accelerate,12.924,10.403,21.234,17.403,3.831,2.521,2.041,21.234,12.924,3.831,2.521,0.679,0.0,1,0.0
1,6.7,134,accelerate,13.005,10.543,21.334,17.543,3.792,2.462,2.024,21.334,13.005,3.792,2.462,0.672,0.0,1,0.0
1,6.75,135,accelerate,13.139,10.683,21.433,17.683,3.751,2.456,2.006,20.839,13.005,3.157,2.322,0.583,0.0,0,0.05
1,6.8,136,accelerate,13.289,10.795,21.536,17.795,3.741,2.495,1.995,20.337,13.005,2.542,2.21,0.498,0.0,0,0.1
1,6.85,137,accelerate,13.401,10.894,21.639,17.894,3.746,2.507,1.986,21.639,13.401,3.746,2.507,0.669,0.0,1,0.0
1,6.9,138,accelerate,13.524,10.98,21.745,17.98,3.764,2.543,1.98,21.745,13.524,3.764,2.543,0.673,0.0,1,0.0
1,6.95,139,accelerate,13.598,11.075,21.851,18.075,3.775,2.523,1.973,21.238,13.524,3.163,2.448,0.591,0.0,0,0.05
1,7.0,140,accelerate,13.729,11.158,21.956,18.158,3.798,2.571,1.968,21.956,13.729,3.798,2.571,0.68,0.0,1,0.0
1,7.05,141,accelerate,13.878,11.249,22.067,18.249,3.818,2.629,1.962,22.067,13.878,3.818,2.629,0.685,0.0,1,0.0
1,7.1,142,accelerate,13.987,11.365,22.181,18.365,3.817,2.622,1.952,21.552,13.878,3.187,2.514,0.598,0.0,0,0.05
1,7.15,143,accelerate,14.108,11.45,22.296,18.45,3.846,2.658,1.947,22.296,14.108,3.846,2.658,0.691,0.0,1,0.0
1,7.2,144,accelerate,14.177,11.506,22.408,18.506,3.902,2.672,1.948,22.408,14.177,3.902,2.672,0.7,0.0,1,0.0
1,7.25,145,accelerate,14.301,11.487,22.526,18.487,4.039,2.814,1.961,22.526,14.301,4.039,2.814,0.723,0.0,1,0.0
1,7.3,146,accelerate,14.446,11.555,22.654,18.555,4.098,2.891,1.96,22.654,14.446,4.098,2.891,0.734,0.0,1,0.0
1,7.35,147,accelerate,14.541,11.913,22.775,18.913,3.862,2.629,1.912,22.775,14.541,3.862,2.629,0.695,0.0,1,0.0
1,7.4,148,accelerate,14.638,12.142,22.886,19.142,3.744,2.496,1.885,22.231,14.541,3.089,2.399,0.585,0.0,0,0.05
1,7.45,149,accelerate,14.677,12.359,22.989,19.359,3.63,2.318,1.86,22.989,14.677,3.63,2.318,0.655,0.0,1,0.0
1,7.5,150,accelerate,14.762,12.537,23.09,19.537,3.552,2.225,1.842,23.09,14.762,3.552,2.225,0.642,0.0,1,0.0
1,7.55,151,accelerate,14.873,12.657,23.195,19.657,3.538,2.217,1.833,23.195,14.873,3.538,2.217,0.64,0.0,1,0.0
1,7.6,152,accelerate,14.968,12.767,23.302,19.767,3.535,2.201,1.825,23.302,14.968,3.535,2.201,0.64,0.0,1,0.0
1,7.65,153,accelerate,15.096,12.82,23.411,19.82,3.591,2.276,1.826,23.411,15.096,3.591,2.276,0.65,0.0,1,0.0
1,7.7,154,accelerate,15.202,12.919,23.524,19.919,3.605,2.283,1.821,23.524,15.202,3.605,2.283,0.653,0.0,1,0.0
1,7.75,155,accelerate,15.338,13.029,23.643,20.029,3.614,2.309,1.815,23.643,15.338,3.614,2.309,0.656,0.0,1,0.0
1,7.8,156,accelerate,15.45,13.101,23.769,20.101,3.668,2.349,1.814,23.769,15.45,3.668,2.349,0.665,0.0,1,0.0
1,7.85,157,accelerate,15.552,13.184,23.9,20.184,3.716,2.368,1.813,23.181,15.45,2.997,2.266,0.573,0.0,0,0.05
1,7.9,158,accelerate,15.632,13.278,24.038,20.278,3.76,2.354,1.81,24.038,15.632,3.76,2.354,0.678,0.0,1,0.0
1,7.95,159,accelerate,15.689,13.328,24.179,20.328,3.851,2.361,1.814,24.179,15.689,3.851,2.361,0.692,0.0,1,0.0
1,8.0,160,accelerate,15.771,13.409,24.323,20.409,3.915,2.362,1.814,24.323,15.771,3.915,2.362,0.701,0.0,1,0.0
1,8.05,161,accelerate,15.866,13.45,24.471,20.45,4.021,2.416,1.819,24.471,15.866,4.021,2.416,0.717,0.0,1,0.0
1,8.1,162,accelerate,15.981,13.549,24.622,20.549,4.073,2.432,1.817,24.622,15.981,4.073,2.432,0.724,0.0,1,0.0
1,8.15,163,accelerate,16.008,13.671,24.778,20.671,4.107,2.337,1.812,24.778,16.008,4.107,2.337,0.725,0.0,1,0.0
1,8.2,164,accelerate,16.003,13.76,24.932,20.76,4.172,2.243,1.812,24.932,16.003,4.172,2.243,0.731,0.0,1,0.0
1,8.25,165,accelerate,16.106,13.862,25.083,20.862,4.221,2.243,1.809,25.083,16.106,4.221,2.243,0.738,0.0,1,0.0
1,8.3,166,accelerate,16.314,13.921,25.24,20.921,4.319,2.393,1.813,25.24,16.314,4.319,2.393,0.756,0.0,1,0.0
1,8.35,167,accelerate,16.49,14.04,25.402,21.04,4.362,2.45,1.809,24.601,16.314,3.562,2.274,0.651,0.0,0,0.05
1,8.4,168,accelerate,16.643,14.174,25.568,21.174,4.394,2.469,1.804,25.568,16.643,4.394,2.469,0.768,0.0,1,0.0
1,8.45,169,accelerate,16.774,14.263,25.737,21.263,4.473,2.511,1.804,25.737,16.774,4.473,2.511,0.78,0.0,1,0.0
1,8.5,170,accelerate,16.87,14.375,25.905,21.375,4.53,2.495,1.802,25.077,16.774,3.702,2.399,0.674,0.0,0,0.05
1,8.55,171,accelerate,16.934,14.437,26.071,21.437,4.634,2.497,1.806,26.071,16.934,4.634,2.497,0.801,0.0,1,0.0
1,8.6,172,accelerate,16.988,14.553,26.233,21.553,4.679,2.435,1.803,26.233,16.988,4.679,2.435,0.805,0.0,1,0.0
1,8.65,173,accelerate,17.05,14.631,26.39,21.631,4.759,2.419,1.804,26.39,17.05,4.759,2.419,0.815,0.0,1,0.0
1,8.7,174,accelerate,17.129,14.77,26.542,21.77,4.771,2.359,1.797,26.542,17.129,4.771,2.359,0.815,0.0,1,0.0
1,8.75,175,accelerate,17.219,14.863,26.689,21.863,4.826,2.356,1.796,26.689,17.219,4.826,2.356,0.822,0.0,1,0.0
1,8.8,176,accelerate,17.316,15.014,26.831,22.014,4.817,2.302,1.787,25.972,17.219,3.958,2.205,0.701,0.0,0,0.05
1,8.85,177,accelerate,17.417,15.183,26.968,22.183,4.785,2.234,1.776,25.244,17.219,3.06,2.035,0.576,0.0,0,0.1
1,8.9,178,accelerate,17.522,15.291,27.102,22.291,4.811,2.231,1.772,27.102,17.522,4.811,2.231,0.816,0.0,1,0.0
1,8.95,179,accelerate,17.629,15.394,27.234,22.394,4.84,2.235,1.769,27.234,17.629,4.84,2.235,0.82,0.0,1,0.0
1,9.0,180,accelerate,17.737,15.466,27.363,22.466,4.897,2.271,1.769,27.363,17.737,4.897,2.271,0.829,0.0,1,0.0
1,9.05,181,accelerate,17.846,15.466,27.493,22.466,5.028,2.381,1.778,27.493,17.846,5.028,2.381,0.85,0.0,1,0.0
1,9.1,182,accelerate,17.955,15.392,27.628,22.392,5.236,2.563,1.795,27.628,17.955,5.236,2.563,0.884,0.0,1,0.0
1,9.15,183,accelerate,18.065,15.545,27.765,22.545,5.22,2.52,1.786,26.865,17.955,4.32,2.41,0.756,0.0,0,0.05
1,9.2,184,accelerate,18.176,15.772,27.895,22.772,5.123,2.404,1.769,27.895,18.176,5.123,2.404,0.863,0.0,1,0.0
1,9.25,185,accelerate,18.286,15.94,28.019,22.94,5.079,2.346,1.758,28.019,18.286,5.079,2.346,0.855,0.0,1,0.0
1,9.3,186,accelerate,18.397,16.123,28.139,23.123,5.016,2.274,1.745,28.139,18.397,5.016,2.274,0.845,0.0,1,0.0
1,9.35,187,accelerate,18.508,16.268,28.255,23.268,4.988,2.24,1.737,28.255,18.508,4.988,2.24,0.84,0.0,1,0.0
1,9.4,188,accelerate,18.616,16.433,28.369,23.433,4.936,2.183,1.726,28.369,18.616,4.936,2.183,0.831,0.0,1,0.0
1,9.45,189,accelerate,18.718,16.573,28.479,23.573,4.906,2.145,1.718,28.479,18.718,4.906,2.145,0.826,0.0,1,0.0
1,9.5,190,accelerate,18.813,16.728,28.587,23.728,4.859,2.085,1.709,28.587,18.813,4.859,2.085,0.817,0.0,1,0.0
1,9.55,191,accelerate,18.904,16.877,28.691,23.877,4.814,2.027,1.7,28.691,18.904,4.814,2.027,0.809,0.0,1,0.0
1,9.6,192,accelerate,18.996,17.004,28.793,24.004,4.789,1.992,1.693,28.793,18.996,4.789,1.992,0.805,0.0,1,0.0
1,9.65,193,accelerate,19.092,17.147,28.892,24.147,4.745,1.945,1.685,28.892,19.092,4.745,1.945,0.798,0.0,1,0.0
1,9.7,194,accelerate,19.192,17.278,28.989,24.278,4.711,1.915,1.678,28.989,19.192,4.711,1.915,0.792,0.0,1,0.0
1,9.75,195,accelerate,19.297,17.414,29.085,24.414,4.671,1.883,1.67,28.122,19.192,3.708,1.778,0.654,0.0,0,0.05
1,9.8,196,cruise,19.403,17.534,29.179,24.534,4.645,1.868,1.664,27.248,19.192,2.714,1.658,0.517,0.0,0,0.1
1,9.85,197,cruise,19.509,17.634,29.273,24.634,4.639,1.875,1.66,26.369,19.192,1.735,1.558,0.383,0.0,0,0.15
1,9.9,198,cruise,19.615,17.695,29.368,24.695,4.673,1.92,1.66,29.368,19.615,4.673,1.92,0.787,0.0,1,0.0
1,9.95,199,cruise,19.722,17.735,29.467,24.735,4.731,1.987,1.661,29.467,19.722,4.731,1.987,0.797,0.0,1,0.0
1,10.0,200,cruise,19.831,17.79,29.568,24.79,4.778,2.041,1.662,28.579,19.722,3.789,1.932,0.67,0.0,0,0.05
1,10.05,201,cruise,19.933,17.864,29.671,24.864,4.807,2.069,1.661,29.671,19.933,4.807,2.069,0.81,0.0,1,0.0
1,10.1,202,cruise,20.007,17.945,29.775,24.945,4.83,2.062,1.659,29.775,20.007,4.83,2.062,0.813,0.0,1,0.0
1,10.15,203,cruise,20.016,18.045,29.876,25.045,4.831,1.972,1.656,28.875,20.007,3.83,1.962,0.676,0.0,0,0.05
1,10.2,204,cruise,19.955,18.149,29.97,25.149,4.821,1.806,1.651,27.97,20.007,2.821,1.858,0.538,0.0,0,0.1
1,10.25,205,cruise,19.867,18.236,30.055,25.236,4.819,1.631,1.648,30.055,19.867,4.819,1.631,0.797,0.0,1,0.0
1,10.3,206,cruise,19.781,18.311,30.131,25.311,4.82,1.47,1.646,30.131,19.781,4.82,1.47,0.792,0.0,1,0.0
1,10.35,207,cruise,19.73,18.401,30.2,25.401,4.8,1.33,1.641,30.2,19.73,4.8,1.33,0.784,0.0,1,0.0
1,10.4,208,cruise,19.73,18.503,30.264,25.503,4.761,1.227,1.636,29.277,19.73,3.774,1.227,0.644,0.0,0,0.05
1,10.45,209,cruise,19.767,18.604,30.323,25.604,4.719,1.163,1.63,30.323,19.767,4.719,1.163,0.768,0.0,1,0.0
1,10.5,210,cruise,19.828,18.701,30.38,25.701,4.679,1.127,1.625,29.39,19.767,3.689,1.066,0.627,0.0,0,0.05
1,10.55,211,cruise,19.899,18.796,30.436,25.796,4.64,1.102,1.619,28.452,19.767,2.656,0.971,0.486,0.0,0,0.1
1,10.6,212,cruise,19.954,18.872,30.49,25.872,4.619,1.082,1.616,30.49,19.954,4.619,1.082,0.752,0.0,1,0.0
1,10.65,213,cruise,19.966,18.93,30.543,25.93,4.613,1.036,1.613,29.545,19.954,3.615,1.023,0.616,0.0,0,0.05
1,10.7,214,cruise,19.933,18.996,30.592,25.996,4.597,0.937,1.61,28.597,19.954,2.601,0.958,0.479,0.0,0,0.1
1,10.75,215,cruise,19.875,19.05,30.636,26.05,4.586,0.825,1.608,30.636,19.875,4.586,0.825,0.739,0.0,1,0.0
1,10.8,216,cruise,19.817,19.095,30.674,26.095,4.579,0.722,1.606,29.682,19.875,3.587,0.78,0.604,0.0,0,0.05
1,10.85,217,cruise,19.785,19.149,30.707,26.149,4.559,0.636,1.604,30.707,19.785,4.559,0.636,0.729,0.0,1,0.0
1,10.9,218,cruise,19.794,19.208,30.738,26.208,4.529,0.585,1.6,30.738,19.794,4.529,0.585,0.723,0.0,1,0.0
1,10.95,219,cruise,19.836,19.282,30.766,26.282,4.484,0.555,1.596,30.766,19.836,4.484,0.555,0.716,0.0,1,0.0
1,11.0,220,cruise,19.893,19.363,30.793,26.363,4.43,0.53,1.59,30.793,19.893,4.43,0.53,0.708,0.0,1,0.0
1,11.05,221,cruise,19.936,19.449,30.818,26.449,4.369,0.487,1.585,30.818,19.936,4.369,0.487,0.699,0.0,1,0.0
1,11.1,222,cruise,19.945,19.536,30.84,26.536,4.304,0.408,1.579,30.84,19.945,4.304,0.408,0.687,0.0,1,0.0
1,11.15,223,cruise,19.918,19.624,30.858,26.624,4.234,0.294,1.572,29.861,19.945,3.237,0.321,0.542,0.0,0,0.05
1,11.2,224,cruise,19.872,19.701,30.868,26.701,4.167,0.171,1.567,28.877,19.945,2.176,0.243,0.398,0.0,0,0.1
1,11.25,225,cruise,19.828,19.753,30.874,26.753,4.121,0.075,1.563,30.874,19.828,4.121,0.075,0.652,0.0,1,0.0
1,11.3,226,cruise,19.806,19.784,30.876,26.784,4.092,0.022,1.561,30.876,19.806,4.092,0.022,0.646,0.0,1,0.0
1,11.35,227,cruise,19.817,19.825,30.876,26.825,4.051,-0.008,1.557,30.876,19.817,4.051,-0.008,0.64,0.0,1,0.0
1,11.4,228,cruise,19.853,19.874,30.875,26.874,4.001,-0.022,1.554,30.875,19.853,4.001,-0.022,0.633,0.0,1,0.0
1,11.45,229,cruise,19.895,19.928,30.874,26.928,3.946,-0.033,1.549,29.88,19.853,2.952,-0.075,0.491,0.0,0,0.05
1,11.5,230,cruise,19.923,19.976,30.872,26.976,3.895,-0.054,1.545,30.872,19.923,3.895,-0.054,0.618,0.0,1,0.0
1,11.55,231,cruise,19.923,20.016,30.868,27.016,3.852,-0.093,1.542,30.868,19.923,3.852,-0.093,0.61,0.0,1,0.0
1,11.6,232,cruise,19.899,20.06,30.861,27.06,3.801,-0.162,1.538,30.861,19.899,3.801,-0.162,0.601,0.0,1,0.0
1,11.65,233,cruise,19.864,20.106,30.851,27.106,3.744,-0.243,1.534,30.851,19.864,3.744,-0.243,0.591,0.0,1,0.0
1,11.7,234,cruise,19.835,20.153,30.836,27.153,3.684,-0.318,1.53,29.844,19.864,2.691,-0.289,0.449,0.0,0,0.05
1,11.75,235,cruise,19.826,20.19,30.819,27.19,3.629,-0.364,1.526,28.835,19.864,1.645,-0.326,0.309,0.0,0,0.1
1,11.8,236,cruise,19.839,20.202,30.801,27.202,3.598,-0.363,1.525,30.801,19.839,3.598,-0.363,0.568,0.0,1,0.0
1,11.85,237,cruise,19.867,20.195,30.783,27.195,3.588,-0.328,1.524,30.783,19.867,3.588,-0.328,0.567,0.0,1,0.0
1,11.9,238,cruise,19.894,20.2,30.768,27.2,3.568,-0.306,1.523,29.774,19.867,2.573,-0.333,0.432,0.0,0,0.05
1,11.95,239,cruise,19.907,20.208,30.753,27.208,3.545,-0.3,1.522,30.753,19.907,3.545,-0.3,0.563,0.0,1,0.0
1,12.0,240,cruise,19.902,20.213,30.738,27.213,3.525,-0.311,1.521,29.742,19.907,2.53,-0.306,0.427,0.0,0,0.05
1,12.05,241,cruise,19.882,20.219,30.721,27.219,3.502,-0.337,1.519,30.721,19.882,3.502,-0.337,0.556,0.0,1,0.0
1,12.1,242,cruise,19.86,20.223,30.704,27.223,3.48,-0.363,1.518,30.704,19.86,3.48,-0.363,0.552,0.0,1,0.0
1,12.15,243,cruise,19.845,20.236,30.685,27.236,3.449,-0.391,1.516,30.685,19.845,3.449,-0.391,0.547,0.0,1,0.0
1,12.2,244,cruise,19.845,20.254,30.664,27.254,3.411,-0.409,1.514,29.672,19.845,2.419,-0.408,0.409,0.0,0,0.05
1,12.25,245,cruise,19.857,20.266,30.644,27.266,3.377,-0.409,1.512,30.644,19.857,3.377,-0.409,0.537,0.0,1,0.0
1,12.3,246,cruise,19.875,20.272,30.624,27.272,3.352,-0.397,1.511,29.63,19.857,2.359,-0.415,0.401,0.0,0,0.05
1,12.35,247,cruise,19.889,20.275,30.604,27.275,3.329,-0.386,1.509,30.604,19.889,3.329,-0.386,0.531,0.0,1,0.0
1,12.4,248,cruise,19.893,20.273,30.585,27.273,3.312,-0.38,1.509,30.585,19.893,3.312,-0.38,0.529,0.0,1,0.0
1,12.45,249,cruise,19.887,20.279,30.566,27.279,3.287,-0.392,1.507,29.571,19.893,2.292,-0.385,0.393,0.0,0,0.05
1,12.5,250,cruise,19.873,20.282,30.546,27.282,3.264,-0.408,1.506,30.546,19.873,3.264,-0.408,0.522,0.0,1,0.0
1,12.55,251,cruise,19.861,20.278,30.525,27.278,3.247,-0.418,1.505,30.525,19.861,3.247,-0.418,0.519,0.0,1,0.0
1,12.6,252,cruise,19.855,20.282,30.504,27.282,3.222,-0.427,1.504,30.504,19.855,3.222,-0.427,0.515,0.0,1,0.0
1,12.65,253,cruise,19.857,20.289,30.482,27.289,3.193,-0.432,1.502,29.49,19.855,2.201,-0.434,0.379,0.0,0,0.05
1,12.7,254,cruise,19.867,20.291,30.461,27.291,3.17,-0.424,1.501,30.461,19.867,3.17,-0.424,0.509,0.0,1,0.0
1,12.75,255,cruise,19.877,20.285,30.44,27.285,3.155,-0.408,1.501,30.44,19.877,3.155,-0.408,0.507,0.0,1,0.0
1,12.8,256,cruise,19.884,20.285,30.42,27.285,3.135,-0.402,1.5,30.42,19.884,3.135,-0.402,0.505,0.0,1,0.0
1,12.85,257,cruise,19.884,20.289,30.4,27.289,3.111,-0.406,1.498,30.4,19.884,3.111,-0.406,0.501,0.0,1,0.0
1,12.9,258,cruise,19.878,20.295,30.379,27.295,3.084,-0.417,1.497,30.379,19.878,3.084,-0.417,0.497,0.0,1,0.0
1,12.95,259,cruise,19.869,20.302,30.358,27.302,3.057,-0.432,1.495,30.358,19.869,3.057,-0.432,0.493,0.0,1,0.0
1,13.0,260,cruise,19.863,20.308,30.336,27.308,3.028,-0.445,1.494,30.336,19.863,3.028,-0.445,0.489,0.0,1,0.0
1,13.05,261,cruise,19.861,20.314,30.314,27.314,3.0,-0.452,1.492,30.314,19.861,3.0,-0.452,0.485,0.0,1,0.0
1,13.1,262,cruise,19.865,20.319,30.291,27.319,2.972,-0.454,1.491,30.291,19.865,2.972,-0.454,0.481,0.0,1,0.0
1,13.15,263,cruise,19.871,20.323,30.268,27.323,2.946,-0.452,1.489,29.275,19.865,1.952,-0.458,0.345,0.0,0,0.05
1,13.2,264,cruise,19.877,20.318,30.246,27.318,2.928,-0.441,1.489,28.259,19.865,0.941,-0.453,0.21,0.0,0,0.1
1,13.25,265,cruise,19.879,20.289,30.225,27.289,2.936,-0.41,1.49,27.244,19.865,-0.046,-0.424,0.08,0.0,0,0.15
1,13.3,266,cruise,19.878,20.229,30.206,27.229,2.976,-0.352,1.493,30.206,19.878,2.976,-0.352,0.485,0.0,1,0.0
1,13.35,267,cruise,19.873,20.149,30.191,27.149,3.042,-0.275,1.498,29.197,19.878,2.048,-0.271,0.364,0.0,0,0.05
1,13.4,268,cruise,19.869,20.079,30.179,27.079,3.1,-0.211,1.503,28.192,19.878,1.112,-0.202,0.242,0.0,0,0.1
1,13.45,269,cruise,19.866,20.014,30.17,27.014,3.156,-0.148,1.507,30.17,19.866,3.156,-0.148,0.516,0.0,1,0.0
1,13.5,270,cruise,19.866,19.95,30.165,26.95,3.215,-0.084,1.512,30.165,19.866,3.215,-0.084,0.526,0.0,1,0.0
1,13.55,271,cruise,19.869,19.911,30.162,26.911,3.251,-0.042,1.515,29.169,19.866,2.258,-0.045,0.4,0.0,0,0.05
1,13.6,272,cruise,19.873,19.886,30.161,26.886,3.275,-0.013,1.517,30.161,19.873,3.275,-0.013,0.536,0.0,1,0.0
1,13.65,273,cruise,19.875,19.866,30.161,26.866,3.295,0.01,1.518,29.167,19.873,2.301,0.007,0.407,0.0,0,0.05
1,13.7,274,cruise,19.876,19.854,30.162,26.854,3.308,0.022,1.519,28.174,19.873,1.32,0.019,0.277,0.0,0,0.1
1,13.75,275,cruise,19.874,19.83,30.163,26.83,3.334,0.045,1.521,30.163,19.874,3.334,0.045,0.546,0.0,1,0.0
1,13.8,276,cruise,19.872,19.797,30.167,26.797,3.37,0.075,1.524,30.167,19.872,3.37,0.075,0.552,0.0,1,0.0
1,13.85,277,cruise,19.869,19.782,30.171,26.782,3.389,0.087,1.525,30.171,19.869,3.389,0.087,0.555,0.0,1,0.0
1,13.9,278,cruise,19.868,19.783,30.175,26.783,3.392,0.085,1.525,29.182,19.869,2.398,0.086,0.423,0.0,0,0.05
1,13.95,279,cruise,19.869,19.787,30.179,26.787,3.392,0.082,1.525,28.192,19.869,1.405,0.082,0.29,0.0,0,0.1
1,14.0,280,cruise,19.871,19.775,30.183,26.775,3.408,0.096,1.526,30.183,19.871,3.408,0.096,0.558,0.0,1,0.0
1,14.05,281,cruise,19.873,19.752,30.189,26.752,3.437,0.121,1.528,29.195,19.871,2.444,0.119,0.43,0.0,0,0.05
1,14.1,282,cruise,19.874,19.737,30.196,26.737,3.459,0.137,1.53,30.196,19.874,3.459,0.137,0.566,0.0,1,0.0
1,14.15,283,cruise,19.874,19.729,30.203,26.729,3.474,0.145,1.531,30.203,19.874,3.474,0.145,0.568,0.0,1,0.0
1,14.2,284,cruise,19.873,19.735,30.21,26.735,3.475,0.137,1.531,30.21,19.873,3.475,0.137,0.568,0.0,1,0.0
1,14.25,285,cruise,19.871,19.752,30.216,26.752,3.464,0.119,1.53,30.216,19.871,3.464,0.119,0.566,0.0,1,0.0
1,14.3,286,cruise,19.87,19.775,30.221,26.775,3.446,0.094,1.528,30.221,19.87,3.446,0.094,0.563,0.0,1,0.0
1,14.35,287,cruise,19.869,19.803,30.225,26.803,3.423,0.067,1.526,29.232,19.87,2.429,0.067,0.426,0.0,0,0.05
1,14.4,288,cruise,19.87,19.824,30.228,26.824,3.404,0.046,1.525,30.228,19.87,3.404,0.046,0.555,0.0,1,0.0
1,14.45,289,cruise,19.872,19.838,30.23,26.838,3.392,0.034,1.524,30.23,19.872,3.392,0.034,0.553,0.0,1,0.0
1,14.5,290,cruise,19.873,19.857,30.231,26.857,3.373,0.015,1.522,29.237,19.872,2.38,0.014,0.418,0.0,0,0.05
1,14.55,291,cruise,19.873,19.873,30.231,26.873,3.358,0.0,1.521,30.231,19.873,3.358,0.0,0.548,0.0,1,0.0
1,14.6,292,cruise,19.873,19.881,30.231,26.881,3.349,-0.008,1.521,30.231,19.873,3.349,-0.008,0.546,0.0,1,0.0
1,14.65,293,cruise,19.872,19.897,30.23,26.897,3.333,-0.024,1.519,29.236,19.873,2.34,-0.023,0.411,0.0,0,0.05
1,14.7,294,cruise,19.871,19.908,30.228,26.908,3.32,-0.037,1.518,30.228,19.871,3.32,-0.037,0.541,0.0,1,0.0
1,14.75,295,cruise,19.87,19.913,30.226,26.913,3.313,-0.043,1.518,30.226,19.87,3.313,-0.043,0.54,0.0,1,0.0
1,14.8,296,cruise,19.87,19.926,30.224,26.926,3.298,-0.056,1.517,30.224,19.87,3.298,-0.056,0.538,0.0,1,0.0
1,14.85,297,cruise,19.87,19.942,30.221,26.942,3.279,-0.072,1.515,30.221,19.87,3.279,-0.072,0.535,0.0,1,0.0
1,14.9,298,cruise,19.871,19.961,30.217,26.961,3.256,-0.09,1.514,29.223,19.87,2.262,-0.091,0.399,0.0,0,0.05
1,14.95,299,cruise,19.872,19.973,30.212,26.973,3.239,-0.101,1.513,30.212,19.872,3.239,-0.101,0.529,0.0,1,0.0
1,15.0,300,cruise,19.873,19.977,30.207,26.977,3.23,-0.104,1.512,29.213,19.872,2.236,-0.105,0.395,0.0,0,0.05
1,15.05,301,cruise,19.873,19.979,30.201,26.979,3.223,-0.106,1.512,28.214,19.872,1.236,-0.106,0.261,0.0,0,0.1
1,15.1,302,cruise,19.872,19.961,30.196,26.961,3.235,-0.089,1.513,27.216,19.872,0.254,-0.089,0.131,0.0,0,0.15
1,15.15,303,cruise,19.871,19.916,30.193,26.916,3.278,-0.045,1.516,30.193,19.871,3.278,-0.045,0.536,0.0,1,0.0
1,15.2,304,cruise,19.87,19.851,30.193,26.851,3.342,0.02,1.521,30.193,19.87,3.342,0.02,0.546,0.0,1,0.0
1,15.25,305,cruise,19.87,19.805,30.196,26.805,3.391,0.065,1.525,30.196,19.87,3.391,0.065,0.554,0.0,1,0.0
1,15.3,306,cruise,19.871,19.785,30.199,26.785,3.414,0.085,1.526,29.206,19.87,2.421,0.085,0.426,0.0,0,0.05
1,15.35,307,cruise,19.871,19.776,30.204,26.776,3.428,0.096,1.527,30.204,19.871,3.428,0.096,0.56,0.0,1,0.0
1,15.4,308,cruise,19.872,19.77,30.209,26.77,3.439,0.102,1.528,29.215,19.871,2.446,0.102,0.429,0.0,0,0.05
1,15.45,309,cruise,19.872,19.77,30.214,26.77,3.444,0.103,1.528,30.214,19.872,3.444,0.103,0.563,0.0,1,0.0
1,15.5,310,cruise,19.872,19.77,30.219,26.77,3.449,0.102,1.529,30.219,19.872,3.449,0.102,0.563,0.0,1,0.0
1,15.55,311,cruise,19.872,19.782,30.224,26.782,3.442,0.089,1.528,30.224,19.872,3.442,0.089,0.562,0.0,1,0.0
1,15.6,312,cruise,19.871,19.802,30.228,26.802,3.426,0.069,1.527,29.234,19.872,2.432,0.07,0.427,0.0,0,0.05
1,15.65,313,cruise,19.871,19.819,30.231,26.819,3.412,0.052,1.525,30.231,19.871,3.412,0.052,0.557,0.0,1,0.0
1,15.7,314,cruise,19.871,19.829,30.233,26.829,3.404,0.041,1.525,30.233,19.871,3.404,0.041,0.555,0.0,1,0.0
1,15.75,315,cruise,19.871,19.847,30.234,26.847,3.387,0.024,1.523,30.234,19.871,3.387,0.024,0.552,0.0,1,0.0
1,15.8,316,cruise,19.872,19.869,30.235,26.869,3.366,0.002,1.522,30.235,19.872,3.366,0.002,0.549,0.0,1,0.0
1,15.85,317,cruise,19.872,19.894,30.234,26.894,3.341,-0.022,1.52,30.234,19.872,3.341,-0.022,0.545,0.0,1,0.0
1,15.9,318,cruise,19.872,19.919,30.233,26.919,3.314,-0.047,1.518,29.239,19.872,2.32,-0.047,0.408,0.0,0,0.05
1,15.95,319,cruise,19.872,19.937,30.23,26.937,3.293,-0.065,1.516,30.23,19.872,3.293,-0.065,0.537,0.0,1,0.0
1,16.0,320,cruise,19.872,19.946,30.226,26.946,3.28,-0.074,1.515,30.226,19.872,3.28,-0.074,0.535,0.0,1,0.0
1,16.05,321,cruise,19.871,19.959,30.222,26.959,3.263,-0.088,1.514,30.222,19.871,3.263,-0.088,0.532,0.0,1,0.0
1,16.1,322,cruise,19.871,19.976,30.217,26.976,3.241,-0.105,1.513,29.224,19.871,2.247,-0.105,0.396,0.0,0,0.05
1,16.15,323,cruise,19.871,19.987,30.212,26.987,3.224,-0.116,1.512,28.225,19.871,1.237,-0.116,0.261,0.0,0,0.1
1,16.2,324,cruise,19.871,19.976,30.206,26.976,3.23,-0.105,1.512,30.206,19.871,3.23,-0.105,0.527,0.0,1,0.0
1,16.25,325,cruise,19.872,19.949,30.202,26.949,3.253,-0.077,1.514,29.209,19.871,2.26,-0.078,0.399,0.0,0,0.05
1,16.3,326,cruise,19.872,19.927,30.199,26.927,3.271,-0.056,1.515,30.199,19.872,3.271,-0.056,0.534,0.0,1,0.0
1,16.35,327,cruise,19.872,19.91,30.196,26.91,3.286,-0.038,1.517,30.196,19.872,3.286,-0.038,0.537,0.0,1,0.0
1,16.4,328,cruise,19.872,19.907,30.194,26.907,3.288,-0.035,1.517,30.194,19.872,3.288,-0.035,0.537,0.0,1,0.0
1,16.45,329,cruise,19.871,19.913,30.192,26.913,3.279,-0.041,1.516,29.199,19.872,2.286,-0.041,0.403,0.0,0,0.05
1,16.5,330,cruise,19.871,19.917,30.19,26.917,3.273,-0.046,1.516,30.19,19.871,3.273,-0.046,0.535,0.0,1,0.0
1,16.55,331,cruise,19.871,19.917,30.188,26.917,3.271,-0.046,1.516,30.188,19.871,3.271,-0.046,0.535,0.0,1,0.0
1,16.6,332,cruise,19.871,19.925,30.185,26.925,3.261,-0.053,1.515,29.192,19.871,2.267,-0.054,0.4,0.0,0,0.05
1,16.65,333,cruise,19.871,19.93,30.182,26.93,3.253,-0.058,1.514,30.182,19.871,3.253,-0.058,0.532,0.0,1,0.0
1,16.7,334,cruise,19.872,19.93,30.18,26.93,3.25,-0.058,1.514,30.18,19.872,3.25,-0.058,0.531,0.0,1,0.0
1,16.75,335,cruise,19.872,19.937,30.176,26.937,3.24,-0.065,1.514,30.176,19.872,3.24,-0.065,0.53,0.0,1,0.0
1,16.8,336,cruise,19.872,19.949,30.173,26.949,3.224,-0.077,1.513,30.173,19.872,3.224,-0.077,0.527,0.0,1,0.0
1,16.85,337,cruise,19.872,19.963,30.169,26.963,3.205,-0.092,1.511,30.169,19.872,3.205,-0.092,0.524,0.0,1,0.0
1,16.9,338,cruise,19.871,19.98,30.163,26.98,3.184,-0.108,1.51,29.17,19.872,2.19,-0.108,0.388,0.0,0,0.05
1,16.95,339,cruise,19.871,19.989,30.158,26.989,3.169,-0.118,1.509,30.158,19.871,3.169,-0.118,0.519,0.0,1,0.0
1,17.0,340,cruise,19.871,19.99,30.152,26.99,3.162,-0.118,1.508,30.152,19.871,3.162,-0.118,0.518,0.0,1,0.0
1,17.05,341,cruise,19.871,19.996,30.146,26.996,3.15,-0.124,1.508,30.146,19.871,3.15,-0.124,0.516,0.0,1,0.0
1,17.1,342,cruise,19.871,20.005,30.139,27.005,3.134,-0.134,1.507,30.139,19.871,3.134,-0.134,0.513,0.0,1,0.0
1,17.15,343,cruise,19.872,20.016,30.132,27.016,3.116,-0.145,1.505,30.132,19.872,3.116,-0.145,0.511,0.0,1,0.0
1,17.2,344,cruise,19.872,20.028,30.125,27.028,3.096,-0.157,1.504,30.125,19.872,3.096,-0.157,0.508,0.0,1,0.0
1,17.25,345,cruise,19.872,20.041,30.117,27.041,3.076,-0.169,1.503,29.123,19.872,2.082,-0.169,0.372,0.0,0,0.05
1,17.3,346,cruise,19.868,20.045,30.108,27.045,3.063,-0.177,1.502,30.108,19.868,3.063,-0.177,0.502,0.0,1,0.0
1,17.35,347,cruise,19.868,20.04,30.099,27.04,3.059,-0.172,1.502,30.099,19.868,3.059,-0.172,0.502,0.0,1,0.0
1,17.4,348,cruise,19.848,20.041,30.09,27.041,3.049,-0.193,1.501,29.097,19.868,2.056,-0.172,0.368,0.0,0,0.05
1,17.45,349,cruise,19.855,20.037,30.08,27.037,3.044,-0.182,1.501,30.08,19.855,3.044,-0.182,0.5,0.0,1,0.0
1,17.5,350,cruise,19.849,20.026,30.071,27.026,3.045,-0.178,1.502,29.079,19.855,2.052,-0.172,0.368,0.0,0,0.05
1,17.55,351,cruise,19.867,20.015,30.062,27.015,3.047,-0.149,1.502,30.062,19.867,3.047,-0.149,0.501,0.0,1,0.0
1,17.6,352,cruise,19.855,20.0,30.054,27.0,3.054,-0.145,1.503,29.062,19.867,2.062,-0.134,0.37,0.0,0,0.05
1,17.65,353,cruise,19.841,19.986,30.045,26.986,3.058,-0.145,1.503,30.045,19.841,3.058,-0.145,0.503,0.0,1,0.0
1,17.7,354,cruise,19.851,19.97,30.033,26.97,3.063,-0.119,1.504,29.046,19.841,2.076,-0.129,0.372,0.0,0,0.05
1,17.75,355,cruise,19.868,19.956,30.024,26.956,3.068,-0.087,1.505,28.048,19.841,1.092,-0.114,0.242,0.0,0,0.1
1,17.8,356,cruise,19.838,19.925,30.016,26.925,3.09,-0.087,1.506,27.051,19.841,0.125,-0.084,0.114,0.0,0,0.15
1,17.85,357,cruise,19.844,19.869,30.01,26.869,3.14,-0.026,1.51,30.01,19.844,3.14,-0.026,0.518,0.0,1,0.0
1,17.9,358,cruise,19.869,19.796,30.005,26.796,3.209,0.073,1.516,30.005,19.869,3.209,0.073,0.53,0.0,1,0.0
1,17.95,359,cruise,19.892,19.743,30.004,26.743,3.261,0.149,1.52,29.018,19.869,2.275,0.126,0.407,0.0,0,0.05
1,18.0,360,cruise,19.9,19.709,30.004,26.709,3.295,0.191,1.522,30.004,19.9,3.295,0.191,0.546,0.0,1,0.0
1,18.05,361,cruise,19.889,19.685,30.006,26.685,3.32,0.204,1.524,30.006,19.889,3.32,0.204,0.55,0.0,1,0.0
1,18.1,362,cruise,19.863,19.68,30.007,26.68,3.328,0.184,1.525,30.007,19.863,3.328,0.184,0.55,0.0,1,0.0
1,18.15,363,cruise,19.849,19.686,30.009,26.686,3.323,0.163,1.524,29.024,19.863,2.338,0.177,0.418,0.0,0,0.05
1,18.2,364,cruise,19.833,19.693,30.01,26.693,3.318,0.141,1.524,28.041,19.863,1.348,0.171,0.285,0.0,0,0.1
1,18.25,365,cruise,19.847,19.682,30.013,26.682,3.331,0.165,1.525,27.058,19.863,0.376,0.181,0.156,0.0,0,0.15
1,18.3,366,cruise,19.853,19.644,30.02,26.644,3.376,0.209,1.528,30.02,19.853,3.376,0.209,0.557,0.0,1,0.0
1,18.35,367,cruise,19.879,19.588,30.032,26.588,3.444,0.291,1.533,30.032,19.879,3.444,0.291,0.569,0.0,1,0.0
1,18.4,368,cruise,19.884,19.551,30.048,26.551,3.497,0.333,1.537,30.048,19.884,3.497,0.333,0.577,0.0,1,0.0
1,18.45,369,cruise,19.892,19.54,30.067,26.54,3.527,0.352,1.539,30.067,19.892,3.527,0.352,0.582,0.0,1,0.0
1,18.5,370,cruise,19.876,19.548,30.087,26.548,3.539,0.328,1.539,29.094,19.892,2.546,0.344,0.451,0.0,0,0.05
1,18.55,371,cruise,19.868,19.56,30.106,26.56,3.547,0.308,1.539,30.106,19.868,3.547,0.308,0.583,0.0,1,0.0
1,18.6,372,cruise,19.851,19.571,30.125,26.571,3.554,0.28,1.539,30.125,19.851,3.554,0.28,0.583,0.0,1,0.0
1,18.65,373,cruise,19.853,19.593,30.144,26.593,3.551,0.26,1.538,29.151,19.851,2.558,0.258,0.45,0.0,0,0.05
1,18.7,374,cruise,19.856,19.614,30.161,26.614,3.547,0.242,1.538,30.161,19.856,3.547,0.242,0.581,0.0,1,0.0
1,18.75,375,cruise,19.871,19.631,30.179,26.631,3.548,0.24,1.537,30.179,19.871,3.548,0.24,0.581,0.0,1,0.0
1,18.8,376,cruise,19.879,19.652,30.196,26.652,3.544,0.226,1.537,30.196,19.879,3.544,0.226,0.58,0.0,1,0.0
1,18.85,377,cruise,19.886,19.683,30.212,26.683,3.529,0.203,1.535,30.212,19.886,3.529,0.203,0.577,0.0,1,0.0
1,18.9,378,cruise,19.882,19.717,30.227,26.717,3.51,0.165,1.533,30.227,19.882,3.51,0.165,0.573,0.0,1,0.0
1,18.95,379,cruise,19.875,19.731,30.239,26.731,3.508,0.144,1.533,29.246,19.882,2.515,0.15,0.44,0.0,0,0.05
1,19.0,380,cruise,19.865,19.76,30.249,26.76,3.489,0.105,1.531,30.249,19.865,3.489,0.105,0.569,0.0,1,0.0
1,19.05,381,cruise,19.861,19.755,30.257,26.755,3.502,0.105,1.532,30.257,19.861,3.502,0.105,0.57,0.0,1,0.0
1,19.1,382,cruise,19.86,19.78,30.263,26.78,3.484,0.081,1.53,30.263,19.86,3.484,0.081,0.567,0.0,1,0.0
1,19.15,383,cruise,19.866,19.777,30.268,26.777,3.491,0.089,1.53,30.268,19.866,3.491,0.089,0.568,0.0,1,0.0
1,19.2,384,cruise,19.873,19.793,30.274,26.793,3.48,0.08,1.529,30.274,19.873,3.48,0.08,0.567,0.0,1,0.0
1,19.25,385,cruise,19.879,19.795,30.278,26.795,3.483,0.084,1.53,29.286,19.873,2.491,0.078,0.435,0.0,0,0.05
1,19.3,386,cruise,19.88,19.812,30.279,26.812,3.467,0.068,1.528,30.279,19.88,3.467,0.068,0.564,0.0,1,0.0
1,19.35,387,cruise,19.877,19.774,30.278,26.774,3.504,0.103,1.531,30.278,19.877,3.504,0.103,0.571,0.0,1,0.0
1,19.4,388,cruise,19.872,19.781,30.278,26.781,3.497,0.09,1.531,30.278,19.872,3.497,0.09,0.569,0.0,1,0.0
1,19.45,389,cruise,19.867,19.806,30.28,26.806,3.474,0.061,1.529,30.28,19.867,3.474,0.061,0.565,0.0,1,0.0
1,19.5,390,cruise,19.865,19.833,30.281,26.833,3.448,0.032,1.527,29.29,19.867,2.457,0.034,0.429,0.0,0,0.05
1,19.55,391,cruise,19.866,19.851,30.282,26.851,3.431,0.015,1.525,30.282,19.866,3.431,0.015,0.558,0.0,1,0.0
1,19.6,392,cruise,19.87,19.858,30.284,26.858,3.426,0.012,1.525,30.284,19.87,3.426,0.012,0.557,0.0,1,0.0
1,19.65,393,cruise,19.874,19.867,30.287,26.867,3.42,0.007,1.525,29.295,19.87,2.428,0.003,0.424,0.0,0,0.05
1,19.7,394,cruise,19.876,19.856,30.29,26.856,3.434,0.02,1.525,30.29,19.876,3.434,0.02,0.558,0.0,1,0.0
1,19.75,395,cruise,19.876,19.868,30.293,26.868,3.426,0.008,1.525,30.293,19.876,3.426,0.008,0.557,0.0,1,0.0
1,19.8,396,cruise,19.874,19.883,30.296,26.883,3.413,-0.009,1.524,30.296,19.874,3.413,-0.009,0.555,0.0,1,0.0
1,19.85,397,cruise,19.87,19.898,30.298,26.898,3.4,-0.028,1.523,30.298,19.87,3.4,-0.028,0.552,0.0,1,0.0
1,19.9,398,cruise,19.868,19.913,30.299,26.913,3.386,-0.045,1.522,30.299,19.868,3.386,-0.045,0.55,0.0,1,0.0
1,19.95,399,cruise,19.867,19.939,30.298,26.939,3.36,-0.071,1.52,30.298,19.867,3.36,-0.071,0.546,0.0,1,0.0
1,20.0,400,cruise,19.869,19.947,30.297,26.947,3.35,-0.078,1.519,30.297,19.869,3.35,-0.078,0.544,0.0,1,0.0
1,20.05,401,cruise,19.871,19.974,30.294,26.974,3.32,-0.102,1.517,29.301,19.869,2.327,-0.105,0.407,0.0,0,0.05
1,20.1,402,cruise,19.868,19.98,30.29,26.98,3.31,-0.112,1.516,30.29,19.868,3.31,-0.112,0.538,0.0,1,0.0
1,20.15,403,cruise,19.87,19.989,30.285,26.989,3.296,-0.119,1.515,30.285,19.87,3.296,-0.119,0.535,0.0,1,0.0
1,20.2,404,cruise,19.86,19.994,30.28,26.994,3.285,-0.134,1.514,30.28,19.86,3.285,-0.134,0.534,0.0,1,0.0
1,20.25,405,cruise,19.843,20.011,30.272,27.011,3.261,-0.168,1.513,30.272,19.843,3.261,-0.168,0.529,0.0,1,0.0
1,20.3,406,cruise,19.855,20.023,30.264,27.023,3.241,-0.168,1.511,29.272,19.843,2.249,-0.18,0.394,0.0,0,0.05
1,20.35,407,cruise,19.855,20.034,30.255,27.034,3.221,-0.179,1.51,30.255,19.855,3.221,-0.179,0.523,0.0,1,0.0
1,20.4,408,cruise,19.874,20.032,30.246,27.032,3.213,-0.158,1.51,30.246,19.874,3.213,-0.158,0.523,0.0,1,0.0
1,20.45,409,cruise,19.868,20.04,30.236,27.04,3.196,-0.172,1.509,30.236,19.868,3.196,-0.172,0.52,0.0,1,0.0
1,20.5,410,cruise,19.822,20.048,30.224,27.048,3.176,-0.226,1.508,30.224,19.822,3.176,-0.226,0.516,0.0,1,0.0
1,20.55,411,cruise,19.829,20.061,30.208,27.061,3.147,-0.232,1.506,30.208,19.829,3.147,-0.232,0.512,0.0,1,0.0
1,20.6,412,cruise,19.828,20.072,30.191,27.072,3.119,-0.244,1.504,29.206,19.829,2.134,-0.243,0.376,0.0,0,0.05
1,20.65,413,cruise,19.868,20.077,30.174,27.077,3.097,-0.21,1.503,30.174,19.868,3.097,-0.21,0.506,0.0,1,0.0
1,20.7,414,cruise,19.873,20.073,30.157,27.073,3.084,-0.199,1.502,30.157,19.873,3.084,-0.199,0.505,0.0,1,0.0
1,20.75,415,cruise,19.896,20.074,30.139,27.074,3.065,-0.178,1.501,30.139,19.896,3.065,-0.178,0.503,0.0,1,0.0
1,20.8,416,cruise,19.871,20.078,30.119,27.078,3.041,-0.207,1.5,30.119,19.871,3.041,-0.207,0.499,0.0,1,0.0
1,20.85,417,cruise,19.786,20.084,30.093,27.084,3.009,-0.298,1.498,30.093,19.786,3.009,-0.298,0.491,0.0,1,0.0
1,20.9,418,cruise,19.769,20.09,30.061,27.09,2.971,-0.321,1.496,30.061,19.769,2.971,-0.321,0.485,0.0,1,0.0
1,20.95,419,cruise,19.757,20.096,30.026,27.096,2.93,-0.339,1.494,30.026,19.757,2.93,-0.339,0.479,0.0,1,0.0
1,21.0,420,cruise,19.811,20.1,29.99,27.1,2.89,-0.289,1.492,29.99,19.811,2.89,-0.289,0.476,0.0,1,0.0
1,21.05,421,cruise,19.839,20.103,29.954,27.103,2.851,-0.264,1.49,29.954,19.839,2.851,-0.264,0.471,0.0,1,0.0
1,21.1,422,cruise,19.832,20.104,29.913,27.104,2.809,-0.272,1.488,29.913,19.832,2.809,-0.272,0.466,0.0,1,0.0
1,21.15,423,cruise,19.877,20.104,29.872,27.104,2.768,-0.227,1.486,29.872,19.877,2.768,-0.227,0.461,0.0,1,0.0
1,21.2,424,cruise,19.877,20.102,29.829,27.102,2.727,-0.226,1.484,29.829,19.877,2.727,-0.226,0.456,0.0,1,0.0
1,21.25,425,cruise,19.898,20.099,29.785,27.099,2.687,-0.201,1.482,28.832,19.877,1.733,-0.222,0.324,0.0,0,0.05
1,21.3,426,cruise,19.86,20.086,29.741,27.086,2.655,-0.226,1.481,29.741,19.86,2.655,-0.226,0.446,0.0,1,0.0
1,21.35,427,cruise,19.768,20.064,29.69,27.064,2.625,-0.297,1.48,28.748,19.86,1.684,-0.204,0.318,0.0,0,0.05
1,21.4,428,cruise,19.752,20.039,29.636,27.039,2.597,-0.287,1.479,29.636,19.752,2.597,-0.287,0.437,0.0,1,0.0
1,21.45,429,cruise,19.733,20.008,29.582,27.008,2.575,-0.275,1.479,29.582,19.733,2.575,-0.275,0.434,0.0,1,0.0
1,21.5,430,cruise,19.785,19.983,29.532,26.983,2.55,-0.198,1.478,29.532,19.785,2.55,-0.198,0.433,0.0,1,0.0
1,21.55,431,cruise,19.806,19.961,29.486,26.961,2.525,-0.155,1.477,29.486,19.806,2.525,-0.155,0.431,0.0,1,0.0
1,21.6,432,cruise,19.799,19.936,29.439,26.936,2.503,-0.137,1.477,29.439,19.799,2.503,-0.137,0.429,0.0,1,0.0
1,21.65,433,cruise,19.862,19.918,29.396,26.918,2.478,-0.056,1.476,29.396,19.862,2.478,-0.056,0.429,0.0,1,0.0
1,21.7,434,cruise,19.885,19.887,29.358,26.887,2.47,-0.002,1.476,29.358,19.885,2.47,-0.002,0.429,0.0,1,0.0
1,21.75,435,cruise,19.927,19.87,29.326,26.87,2.456,0.057,1.476,29.326,19.927,2.456,0.057,0.429,0.0,1,0.0
1,21.8,436,cruise,19.89,19.833,29.298,26.833,2.465,0.057,1.477,29.298,19.89,2.465,0.057,0.431,0.0,1,0.0
1,21.85,437,cruise,19.787,19.783,29.266,26.783,2.483,0.004,1.479,29.266,19.787,2.483,0.004,0.431,0.0,1,0.0
1,21.9,438,cruise,19.751,19.766,29.235,26.766,2.468,-0.016,1.479,29.235,19.751,2.468,-0.016,0.429,0.0,1,0.0
1,21.95,439,cruise,19.725,19.731,29.206,26.731,2.475,-0.006,1.48,29.206,19.725,2.475,-0.006,0.43,0.0,1,0.0
1,22.0,440,cruise,19.769,19.715,29.185,26.715,2.47,0.055,1.48,29.185,19.769,2.47,0.055,0.431,0.0,1,0.0
1,22.05,441,cruise,19.797,19.672,29.171,26.672,2.499,0.125,1.483,28.263,19.769,1.591,0.097,0.315,0.0,0,0.05
1,22.1,442,cruise,19.875,19.649,29.169,26.649,2.52,0.226,1.484,29.169,19.875,2.52,0.226,0.443,0.0,1,0.0
1,22.15,443,cruise,19.909,19.593,29.176,26.593,2.583,0.316,1.489,29.176,19.909,2.583,0.316,0.455,0.0,1,0.0
1,22.2,444,cruise,19.95,19.497,29.193,26.497,2.696,0.452,1.497,28.272,19.909,1.775,0.412,0.35,0.0,0,0.05
1,22.25,445,cruise,19.915,19.452,29.217,26.452,2.765,0.463,1.502,29.217,19.915,2.765,0.463,0.484,0.0,1,0.0
1,22.3,446,cruise,19.883,19.376,29.246,26.376,2.871,0.508,1.509,28.321,19.915,1.946,0.54,0.377,0.0,0,0.05
1,22.35,447,cruise,19.814,19.346,29.28,26.346,2.934,0.468,1.513,27.425,19.915,1.079,0.569,0.263,0.0,0,0.1
1,22.4,448,cruise,19.721,19.274,29.313,26.274,3.038,0.446,1.521,26.528,19.915,0.253,0.641,0.155,0.0,0,0.15
1,22.45,449,cruise,19.719,19.216,29.35,26.216,3.133,0.503,1.527,29.35,19.719,3.133,0.503,0.535,0.0,1,0.0
1,22.5,450,cruise,19.739,19.109,29.395,26.109,3.285,0.63,1.538,29.395,19.739,3.285,0.63,0.559,0.0,1,0.0
1,22.55,451,cruise,19.807,18.984,29.449,25.984,3.465,0.823,1.551,29.449,19.807,3.465,0.823,0.589,0.0,1,0.0
1,22.6,452,cruise,19.859,18.947,29.51,25.947,3.564,0.912,1.558,28.577,19.807,2.63,0.86,0.479,0.0,0,0.05
1,22.65,453,cruise,19.931,18.896,29.579,25.896,3.683,1.035,1.565,29.579,19.931,3.683,1.035,0.626,0.0,1,0.0
1,22.7,454,cruise,19.947,18.896,29.654,25.896,3.758,1.051,1.569,29.654,19.947,3.758,1.051,0.636,0.0,1,0.0
1,22.75,455,cruise,19.942,18.873,29.732,25.873,3.859,1.069,1.575,29.732,19.942,3.859,1.069,0.65,0.0,1,0.0
1,22.8,456,cruise,19.873,18.903,29.809,25.903,3.906,0.97,1.577,28.861,19.942,2.959,1.039,0.529,0.0,0,0.05
1,22.85,457,cruise,19.823,18.898,29.885,25.898,3.987,0.926,1.581,29.885,19.823,3.987,0.926,0.662,0.0,1,0.0
1,22.9,458,cruise,19.767,18.931,29.96,25.931,4.029,0.836,1.583,29.96,19.767,4.029,0.836,0.665,0.0,1,0.0
1,22.95,459,cruise,19.776,18.939,30.035,25.939,4.096,0.838,1.586,30.035,19.776,4.096,0.838,0.674,0.0,1,0.0
1,23.0,460,cruise,19.791,18.892,30.111,25.892,4.218,0.899,1.594,30.111,19.791,4.218,0.899,0.692,0.0,1,0.0
1,23.05,461,cruise,19.855,18.916,30.188,25.916,4.271,0.939,1.596,30.188,19.855,4.271,0.939,0.701,0.0,1,0.0
1,23.1,462,cruise,19.898,18.926,30.265,25.926,4.339,0.971,1.599,30.265,19.898,4.339,0.971,0.711,0.0,1,0.0
1,23.15,463,cruise,19.906,18.993,30.339,25.993,4.346,0.913,1.597,30.339,19.906,4.346,0.913,0.71,0.0,1,0.0
1,23.2,464,cruise,19.919,19.028,30.41,26.028,4.382,0.891,1.598,29.447,19.906,3.419,0.878,0.585,0.0,0,0.05
1,23.25,465,cruise,19.894,19.033,30.476,26.033,4.443,0.861,1.601,28.548,19.906,2.515,0.873,0.464,0.0,0,0.1
1,23.3,466,cruise,19.869,19.076,30.539,26.076,4.464,0.793,1.601,30.539,19.869,4.464,0.793,0.722,0.0,1,0.0
1,23.35,467,cruise,19.825,19.064,30.598,26.064,4.534,0.761,1.605,30.598,19.825,4.534,0.761,0.73,0.0,1,0.0
1,23.4,468,cruise,19.819,19.112,30.652,26.112,4.541,0.707,1.604,30.652,19.819,4.541,0.707,0.729,0.0,1,0.0
1,23.45,469,cruise,19.806,19.13,30.703,26.13,4.573,0.677,1.605,30.703,19.806,4.573,0.677,0.732,0.0,1,0.0
1,23.5,470,cruise,19.847,19.201,30.75,26.201,4.55,0.646,1.602,29.785,19.806,3.584,0.606,0.598,0.0,0,0.05
1,23.55,471,cruise,19.87,19.23,30.795,26.23,4.565,0.639,1.601,30.795,19.87,4.565,0.639,0.73,0.0,1,0.0
1,23.6,472,cruise,19.909,19.298,30.839,26.298,4.541,0.612,1.598,30.839,19.909,4.541,0.612,0.726,0.0,1,0.0
1,23.65,473,cruise,19.902,19.335,30.879,26.335,4.544,0.567,1.597,29.907,19.909,3.573,0.574,0.596,0.0,0,0.05
1,23.7,474,cruise,19.897,19.41,30.915,26.41,4.506,0.487,1.593,30.915,19.897,4.506,0.487,0.717,0.0,1,0.0
1,23.75,475,cruise,19.856,19.443,30.947,26.443,4.504,0.413,1.592,29.975,19.897,3.533,0.454,0.586,0.0,0,0.05
1,23.8,476,cruise,19.839,19.459,30.974,26.459,4.514,0.38,1.592,29.03,19.897,2.571,0.438,0.457,0.0,0,0.1
1,23.85,477,cruise,19.814,19.509,30.996,26.509,4.487,0.305,1.589,30.996,19.814,4.487,0.305,0.708,0.0,1,0.0
1,23.9,478,cruise,19.835,19.526,31.017,26.526,4.491,0.309,1.589,31.017,19.835,4.491,0.309,0.709,0.0,1,0.0
1,23.95,479,cruise,19.845,19.581,31.036,26.581,4.455,0.264,1.585,31.036,19.845,4.455,0.264,0.703,0.0,1,0.0
1,24.0,480,cruise,19.862,19.618,31.053,26.618,4.435,0.245,1.583,31.053,19.862,4.435,0.245,0.699,0.0,1,0.0
1,24.05,481,cruise,19.896,19.692,31.068,26.692,4.376,0.204,1.578,30.094,19.862,3.402,0.17,0.559,0.0,0,0.05
1,24.1,482,cruise,19.906,19.734,31.082,26.734,4.348,0.172,1.575,31.082,19.906,4.348,0.172,0.685,0.0,1,0.0
1,24.15,483,cruise,19.904,19.798,31.095,26.798,4.297,0.106,1.571,31.095,19.904,4.297,0.106,0.676,0.0,1,0.0
1,24.2,484,cruise,19.875,19.832,31.104,26.832,4.271,0.042,1.568,31.104,19.875,4.271,0.042,0.671,0.0,1,0.0
1,24.25,485,cruise,19.854,19.904,31.109,26.904,4.206,-0.05,1.563,30.134,19.875,3.23,-0.029,0.53,0.0,0,0.05
1,24.3,486,cruise,19.815,19.938,31.111,26.938,4.173,-0.123,1.56,31.111,19.815,4.173,-0.123,0.652,0.0,1,0.0
1,24.35,487,cruise,19.75,19.942,31.105,26.942,4.163,-0.192,1.56,31.105,19.75,4.163,-0.192,0.649,0.0,1,0.0
1,24.4,488,cruise,19.656,19.998,31.09,26.998,4.092,-0.342,1.555,31.09,19.656,4.092,-0.342,0.634,0.0,1,0.0
1,24.45,489,cruise,19.655,20.042,31.067,27.042,4.025,-0.387,1.55,31.067,19.655,4.025,-0.387,0.624,0.0,1,0.0
1,24.5,490,cruise,19.721,20.101,31.041,27.101,3.94,-0.38,1.544,31.041,19.721,3.94,-0.38,0.613,0.0,1,0.0
1,24.55,491,cruise,19.808,20.136,31.018,27.136,3.882,-0.328,1.54,31.018,19.808,3.882,-0.328,0.607,0.0,1,0.0
1,24.6,492,cruise,19.895,20.191,30.996,27.191,3.805,-0.296,1.535,30.996,19.895,3.805,-0.296,0.597,0.0,1,0.0
1,24.65,493,cruise,19.966,20.214,30.975,27.214,3.762,-0.248,1.532,30.975,19.966,3.762,-0.248,0.593,0.0,1,0.0
1,24.7,494,cruise,19.988,20.263,30.955,27.263,3.691,-0.276,1.528,29.985,19.966,2.721,-0.298,0.453,0.0,0,0.05
1,24.75,495,cruise,19.952,20.275,30.932,27.275,3.657,-0.323,1.526,30.932,19.952,3.657,-0.323,0.577,0.0,1,0.0
1,24.8,496,cruise,19.882,20.303,30.906,27.303,3.603,-0.421,1.522,30.906,19.882,3.603,-0.421,0.566,0.0,1,0.0
1,24.85,497,cruise,19.809,20.307,30.876,27.307,3.569,-0.499,1.52,30.876,19.809,3.569,-0.499,0.559,0.0,1,0.0
1,24.9,498,cruise,19.762,20.302,30.845,27.302,3.542,-0.54,1.519,29.882,19.809,2.58,-0.494,0.428,0.0,0,0.05
1,24.95,499,cruise,19.748,20.325,30.814,27.325,3.489,-0.577,1.516,28.886,19.809,1.561,-0.517,0.291,0.0,0,0.1
1,25.0,500,cruise,19.786,20.31,30.788,27.31,3.477,-0.524,1.516,30.788,19.786,3.477,-0.524,0.546,0.0,1,0.0
1,25.05,501,cruise,19.83,20.292,30.768,27.292,3.476,-0.463,1.516,30.768,19.83,3.476,-0.463,0.548,0.0,1,0.0
1,25.1,502,cruise,19.901,20.265,30.756,27.265,3.491,-0.364,1.518,30.756,19.901,3.491,-0.364,0.553,0.0,1,0.0
1,25.15,503,cruise,19.945,20.27,30.75,27.27,3.48,-0.325,1.517,30.75,19.945,3.48,-0.325,0.553,0.0,1,0.0
1,25.2,504,cruise,19.957,20.253,30.748,27.253,3.495,-0.296,1.518,30.748,19.957,3.495,-0.296,0.556,0.0,1,0.0
1,25.25,505,cruise,19.917,20.271,30.746,27.271,3.475,-0.355,1.517,30.746,19.917,3.475,-0.355,0.552,0.0,1,0.0
1,25.3,506,cruise,19.865,20.267,30.743,27.267,3.476,-0.402,1.517,30.743,19.865,3.476,-0.402,0.55,0.0,1,0.0
1,25.35,507,cruise,19.807,20.291,30.738,27.291,3.447,-0.484,1.515,29.75,19.865,2.459,-0.426,0.414,0.0,0,0.05
1,25.4,508,cruise,19.786,20.283,30.731,27.283,3.448,-0.496,1.515,30.731,19.786,3.448,-0.496,0.543,0.0,1,0.0
1,25.45,509,cruise,19.796,20.262,30.724,27.262,3.462,-0.466,1.516,30.724,19.796,3.462,-0.466,0.546,0.0,1,0.0
1,25.5,510,cruise,19.846,20.277,30.718,27.277,3.442,-0.431,1.515,30.718,19.846,3.442,-0.431,0.545,0.0,1,0.0
1,25.55,511,cruise,19.898,20.283,30.714,27.283,3.432,-0.385,1.514,29.721,19.846,2.438,-0.437,0.41,0.0,0,0.05
1,25.6,512,cruise,19.939,20.295,30.712,27.295,3.417,-0.355,1.513,30.712,19.939,3.417,-0.355,0.544,0.0,1,0.0
1,25.65,513,cruise,19.94,20.285,30.71,27.285,3.425,-0.345,1.514,30.71,19.94,3.425,-0.345,0.545,0.0,1,0.0
1,25.7,514,cruise,19.911,20.297,30.706,27.297,3.409,-0.386,1.513,30.706,19.911,3.409,-0.386,0.542,0.0,1,0.0
1,25.75,515,cruise,19.864,20.3,30.698,27.3,3.398,-0.436,1.512,30.698,19.864,3.398,-0.436,0.539,0.0,1,0.0
1,25.8,516,cruise,19.824,20.319,30.687,27.319,3.368,-0.496,1.51,30.687,19.824,3.368,-0.496,0.533,0.0,1,0.0
1,25.85,517,cruise,19.806,20.311,30.672,27.311,3.361,-0.505,1.51,30.672,19.806,3.361,-0.505,0.531,0.0,1,0.0
1,25.9,518,cruise,19.822,20.257,30.657,27.257,3.4,-0.436,1.513,29.668,19.806,2.41,-0.452,0.406,0.0,0,0.05
1,25.95,519,cruise,19.859,20.14,30.644,27.14,3.505,-0.281,1.522,30.644,19.859,3.505,-0.281,0.558,0.0,1,0.0
1,26.0,520,cruise,19.901,20.081,30.636,27.081,3.555,-0.18,1.526,29.643,19.859,2.562,-0.222,0.434,0.0,0,0.05
1,26.05,521,cruise,19.924,20.074,30.628,27.074,3.553,-0.15,1.526,30.628,19.924,3.553,-0.15,0.569,0.0,1,0.0
1,26.1,522,cruise,19.92,20.077,30.619,27.077,3.542,-0.157,1.525,30.619,19.92,3.542,-0.157,0.567,0.0,1,0.0
1,26.15,523,cruise,19.893,20.085,30.608,27.085,3.522,-0.192,1.524,30.608,19.893,3.522,-0.192,0.563,0.0,1,0.0
1,26.2,524,cruise,19.859,20.096,30.594,27.096,3.498,-0.238,1.522,30.594,19.859,3.498,-0.238,0.558,0.0,1,0.0
1,26.25,525,cruise,19.833,20.11,30.579,27.11,3.469,-0.278,1.521,30.579,19.833,3.469,-0.278,0.553,0.0,1,0.0
1,26.3,526,cruise,19.827,20.127,30.563,27.127,3.435,-0.3,1.518,30.563,19.827,3.435,-0.3,0.548,0.0,1,0.0
1,26.35,527,cruise,19.843,20.148,30.547,27.148,3.399,-0.305,1.516,30.547,19.843,3.399,-0.305,0.543,0.0,1,0.0
1,26.4,528,cruise,19.871,20.17,30.532,27.17,3.362,-0.299,1.514,30.532,19.871,3.362,-0.299,0.538,0.0,1,0.0
1,26.45,529,cruise,19.897,20.183,30.519,27.183,3.336,-0.286,1.512,30.519,19.897,3.336,-0.286,0.535,0.0,1,0.0
1,26.5,530,cruise,19.907,20.207,30.506,27.207,3.299,-0.3,1.51,29.512,19.897,2.305,-0.31,0.397,0.0,0,0.05
1,26.55,531,cruise,19.899,20.209,30.492,27.209,3.284,-0.309,1.509,30.492,19.899,3.284,-0.309,0.528,0.0,1,0.0
1,26.6,532,cruise,19.879,20.214,30.478,27.214,3.264,-0.335,1.508,30.478,19.879,3.264,-0.335,0.524,0.0,1,0.0
1,26.65,533,cruise,19.857,20.215,30.463,27.215,3.248,-0.358,1.507,29.47,19.879,2.255,-0.336,0.39,0.0,0,0.05
1,26.7,534,cruise,19.844,20.219,30.447,27.219,3.227,-0.375,1.506,28.462,19.879,1.243,-0.34,0.254,0.0,0,0.1
1,26.75,535,cruise,19.846,20.191,30.431,27.191,3.239,-0.346,1.507,27.455,19.879,0.263,-0.312,0.125,0.0,0,0.15
1,26.8,536,cruise,19.86,20.145,30.417,27.145,3.272,-0.285,1.51,30.417,19.86,3.272,-0.285,0.527,0.0,1,0.0
1,26.85,537,cruise,19.877,20.067,30.407,27.067,3.341,-0.189,1.515,29.414,19.86,2.348,-0.207,0.406,0.0,0,0.05
1,26.9,538,cruise,19.891,20.011,30.402,27.011,3.391,-0.121,1.519,30.402,19.891,3.391,-0.121,0.548,0.0,1,0.0
1,26.95,539,cruise,19.893,19.964,30.399,26.964,3.435,-0.071,1.523,30.399,19.893,3.435,-0.071,0.556,0.0,1,0.0
1,27.0,540,cruise,19.885,19.949,30.397,26.949,3.448,-0.064,1.524,30.397,19.885,3.448,-0.064,0.558,0.0,1,0.0
1,27.05,541,cruise,19.871,19.943,30.394,26.943,3.451,-0.072,1.524,30.394,19.871,3.451,-0.072,0.558,0.0,1,0.0
1,27.1,542,cruise,19.859,19.955,30.391,26.955,3.436,-0.095,1.523,30.391,19.859,3.436,-0.095,0.555,0.0,1,0.0
1,27.15,543,cruise,19.855,19.968,30.386,26.968,3.418,-0.114,1.522,30.386,19.855,3.418,-0.114,0.552,0.0,1,0.0
1,27.2,544,cruise,19.859,19.99,30.38,26.99,3.39,-0.132,1.52,30.38,19.859,3.39,-0.132,0.548,0.0,1,0.0
1,27.25,545,cruise,19.868,20.011,30.374,27.011,3.363,-0.143,1.518,30.374,19.868,3.363,-0.143,0.544,0.0,1,0.0
1,27.3,546,cruise,19.878,20.036,30.367,27.036,3.33,-0.158,1.516,30.367,19.878,3.33,-0.158,0.539,0.0,1,0.0
1,27.35,547,cruise,19.884,20.059,30.358,27.059,3.3,-0.175,1.513,30.358,19.884,3.3,-0.175,0.534,0.0,1,0.0
1,27.4,548,cruise,19.883,20.083,30.349,27.083,3.266,-0.2,1.511,30.349,19.883,3.266,-0.2,0.529,0.0,1,0.0
1,27.45,549,cruise,19.877,20.105,30.339,27.105,3.234,-0.228,1.509,30.339,19.877,3.234,-0.228,0.524,0.0,1,0.0
1,27.5,550,cruise,19.868,20.126,30.326,27.126,3.2,-0.258,1.507,30.326,19.868,3.2,-0.258,0.518,0.0,1,0.0
1,27.55,551,cruise,19.863,20.145,30.313,27.145,3.168,-0.282,1.505,30.313,19.863,3.168,-0.282,0.513,0.0,1,0.0
1,27.6,552,cruise,19.862,20.163,30.298,27.163,3.136,-0.301,1.503,29.305,19.863,2.142,-0.3,0.376,0.0,0,0.05
1,27.65,553,cruise,19.866,20.171,30.283,27.171,3.113,-0.305,1.501,28.297,19.863,1.126,-0.308,0.24,0.0,0,0.1
1,27.7,554,cruise,19.872,20.155,30.269,27.155,3.114,-0.283,1.502,27.289,19.863,0.134,-0.292,0.108,0.0,0,0.15
1,27.75,555,cruise,19.877,20.107,30.256,27.107,3.15,-0.229,1.505,30.256,19.877,3.15,-0.229,0.512,0.0,1,0.0
1,27.8,556,cruise,19.879,20.037,30.247,27.037,3.21,-0.158,1.51,29.253,19.877,2.216,-0.16,0.39,0.0,0,0.05
1,27.85,557,cruise,19.877,19.978,30.241,26.978,3.263,-0.101,1.514,28.253,19.877,1.275,-0.1,0.267,0.0,0,0.1
1,27.9,558,cruise,19.873,19.922,30.237,26.922,3.315,-0.05,1.518,30.237,19.873,3.315,-0.05,0.54,0.0,1,0.0
1,27.95,559,cruise,19.868,19.868,30.237,26.868,3.369,0.0,1.522,30.237,19.868,3.369,0.0,0.549,0.0,1,0.0
1,28.0,560,cruise,19.866,19.838,30.237,26.838,3.399,0.027,1.524,29.244,19.868,2.406,0.03,0.422,0.0,0,0.05
1,28.05,561,cruise,19.866,19.822,30.239,26.822,3.417,0.044,1.526,30.239,19.866,3.417,0.044,0.557,0.0,1,0.0
1,28.1,562,cruise,19.869,19.811,30.242,26.811,3.431,0.058,1.527,29.249,19.866,2.438,0.055,0.427,0.0,0,0.05
1,28.15,563,cruise,19.873,19.807,30.245,26.807,3.438,0.066,1.527,30.245,19.873,3.438,0.066,0.561,0.0,1,0.0
1,28.2,564,cruise,19.876,19.805,30.249,26.805,3.444,0.071,1.527,30.249,19.876,3.444,0.071,0.561,0.0,1,0.0
1,28.25,565,cruise,19.876,19.815,30.252,26.815,3.437,0.061,1.527,30.252,19.876,3.437,0.061,0.56,0.0,1,0.0
1,28.3,566,cruise,19.874,19.833,30.254,26.833,3.421,0.041,1.525,30.254,19.874,3.421,0.041,0.558,0.0,1,0.0
1,28.35,567,cruise,19.871,19.856,30.256,26.856,3.4,0.015,1.524,29.262,19.874,2.406,0.018,0.421,0.0,0,0.05
1,28.4,568,cruise,19.869,19.874,30.256,26.874,3.382,-0.005,1.522,30.256,19.869,3.382,-0.005,0.551,0.0,1,0.0
1,28.45,569,cruise,19.868,19.885,30.255,26.885,3.37,-0.017,1.522,29.262,19.869,2.377,-0.016,0.416,0.0,0,0.05
1,28.5,570,cruise,19.869,19.894,30.254,26.894,3.36,-0.025,1.521,30.254,19.869,3.36,-0.025,0.547,0.0,1,0.0
1,28.55,571,cruise,19.871,19.899,30.253,26.899,3.354,-0.028,1.52,30.253,19.871,3.354,-0.028,0.546,0.0,1,0.0
1,28.6,572,cruise,19.873,19.911,30.251,26.911,3.34,-0.038,1.519,30.251,19.873,3.34,-0.038,0.544,0.0,1,0.0
1,28.65,573,cruise,19.874,19.929,30.249,26.929,3.32,-0.055,1.518,30.249,19.874,3.32,-0.055,0.541,0.0,1,0.0
1,28.7,574,cruise,19.874,19.949,30.245,26.949,3.296,-0.075,1.516,30.245,19.874,3.296,-0.075,0.537,0.0,1,0.0
1,28.75,575,cruise,19.872,19.97,30.241,26.97,3.27,-0.098,1.514,30.241,19.872,3.27,-0.098,0.533,0.0,1,0.0
1,28.8,576,cruise,19.871,19.992,30.235,26.992,3.243,-0.122,1.512,30.235,19.871,3.243,-0.122,0.528,0.0,1,0.0
1,28.85,577,cruise,19.87,20.014,30.228,27.014,3.214,-0.144,1.51,29.235,19.871,2.221,-0.143,0.391,0.0,0,0.05
1,28.9,578,cruise,19.869,20.027,30.221,27.027,3.194,-0.157,1.509,30.221,19.869,3.194,-0.157,0.521,0.0,1,0.0
1,28.95,579,cruise,19.87,20.03,30.213,27.03,3.182,-0.16,1.508,29.219,19.869,2.189,-0.161,0.386,0.0,0,0.05
1,29.0,580,cruise,19.872,20.031,30.205,27.031,3.174,-0.159,1.508,30.205,19.872,3.174,-0.159,0.518,0.0,1,0.0
1,29.05,581,cruise,19.873,20.026,30.197,27.026,3.171,-0.153,1.508,30.197,19.873,3.171,-0.153,0.518,0.0,1,0.0
1,29.1,582,cruise,19.873,20.028,30.189,27.028,3.162,-0.155,1.507,30.189,19.873,3.162,-0.155,0.516,0.0,1,0.0
1,29.15,583,cruise,19.873,20.034,30.181,27.034,3.147,-0.162,1.506,30.181,19.873,3.147,-0.162,0.514,0.0,1,0.0
1,29.2,584,cruise,19.872,20.044,30.173,27.044,3.129,-0.172,1.505,29.179,19.873,2.135,-0.171,0.379,0.0,0,0.05
1,29.25,585,cruise,19.871,20.048,30.164,27.048,3.117,-0.177,1.505,30.164,19.871,3.117,-0.177,0.51,0.0,1,0.0
1,29.3,586,cruise,19.87,20.043,30.155,27.043,3.112,-0.173,1.505,30.155,19.87,3.112,-0.173,0.509,0.0,1,0.0
1,29.35,587,cruise,19.87,20.045,30.147,27.045,3.102,-0.175,1.504,30.147,19.87,3.102,-0.175,0.508,0.0,1,0.0
1,29.4,588,cruise,19.871,20.05,30.138,27.05,3.088,-0.179,1.503,30.138,19.871,3.088,-0.179,0.506,0.0,1,0.0
1,29.45,589,cruise,19.872,20.058,30.129,27.058,3.071,-0.186,1.502,30.129,19.872,3.071,-0.186,0.503,0.0,1,0.0
1,29.5,590,cruise,19.872,20.066,30.119,27.066,3.053,-0.194,1.501,30.119,19.872,3.053,-0.194,0.501,0.0,1,0.0
1,29.55,591,cruise,19.872,20.075,30.109,27.075,3.034,-0.203,1.5,30.109,19.872,3.034,-0.203,0.498,0.0,1,0.0
1,29.6,592,cruise,19.872,20.084,30.099,27.084,3.014,-0.212,1.499,30.099,19.872,3.014,-0.212,0.495,0.0,1,0.0
1,29.65,593,cruise,19.871,20.093,30.088,27.093,2.995,-0.222,1.497,30.088,19.871,2.995,-0.222,0.492,0.0,1,0.0
1,29.7,594,cruise,19.871,20.1,30.077,27.1,2.976,-0.229,1.496,30.077,19.871,2.976,-0.229,0.489,0.0,1,0.0
1,29.75,595,cruise,19.871,20.107,30.065,27.107,2.958,-0.236,1.495,29.071,19.871,1.964,-0.236,0.354,0.0,0,0.05
1,29.8,596,cruise,19.871,20.105,30.053,27.105,2.947,-0.234,1.495,30.053,19.871,2.947,-0.234,0.485,0.0,1,0.0
1,29.85,597,cruise,19.871,20.095,30.042,27.095,2.947,-0.223,1.495,30.042,19.871,2.947,-0.223,0.485,0.0,1,0.0
1,29.9,598,cruise,19.871,20.089,30.031,27.089,2.942,-0.217,1.495,30.031,19.871,2.942,-0.217,0.485,0.0,1,0.0
1,29.95,599,cruise,19.872,20.086,30.02,27.086,2.934,-0.214,1.495,30.02,19.872,2.934,-0.214,0.484,0.0,1,0.0
1,30.0,600,cruise,19.872,20.085,30.009,27.085,2.924,-0.214,1.494,30.009,19.872,2.924,-0.214,0.483,0.0,1,0.0
1,30.05,601,cruise,19.872,20.086,29.999,27.086,2.913,-0.214,1.494,29.005,19.872,1.919,-0.214,0.349,0.0,0,0.05
1,30.1,602,cruise,19.872,20.079,29.988,27.079,2.909,-0.208,1.493,29.988,19.872,2.909,-0.208,0.481,0.0,1,0.0
1,30.15,603,cruise,19.871,20.065,29.978,27.065,2.913,-0.194,1.494,28.984,19.872,1.92,-0.193,0.35,0.0,0,0.05
1,30.2,604,cruise,19.871,20.048,29.969,27.048,2.92,-0.177,1.495,29.969,19.871,2.92,-0.177,0.483,0.0,1,0.0
1,30.25,605,cruise,19.871,20.028,29.961,27.028,2.933,-0.156,1.496,28.967,19.871,1.939,-0.156,0.353,0.0,0,0.05
1,30.3,606,cruise,19.871,20.008,29.953,27.008,2.946,-0.136,1.497,29.953,19.871,2.946,-0.136,0.488,0.0,1,0.0
1,30.35,607,cruise,19.872,19.986,29.947,26.986,2.962,-0.114,1.498,29.947,19.872,2.962,-0.114,0.491,0.0,1,0.0
1,30.4,608,cruise,19.872,19.973,29.942,26.973,2.969,-0.101,1.499,29.942,19.872,2.969,-0.101,0.493,0.0,1,0.0
1,30.45,609,cruise,19.872,19.967,29.937,26.967,2.97,-0.095,1.499,29.937,19.872,2.97,-0.095,0.493,0.0,1,0.0
1,30.5,610,cruise,19.872,19.965,29.932,26.965,2.967,-0.094,1.499,29.932,19.872,2.967,-0.094,0.492,0.0,1,0.0
1,30.55,611,cruise,19.871,19.967,29.928,26.967,2.961,-0.095,1.499,29.928,19.871,2.961,-0.095,0.492,0.0,1,0.0
1,30.6,612,cruise,19.871,19.97,29.923,26.97,2.953,-0.098,1.498,29.923,19.871,2.953,-0.098,0.49,0.0,1,0.0
1,30.65,613,cruise,19.871,19.974,29.918,26.974,2.944,-0.103,1.498,28.924,19.871,1.95,-0.102,0.357,0.0,0,0.05
1,30.7,614,cruise,19.871,19.971,29.913,26.971,2.942,-0.099,1.498,27.926,19.871,0.955,-0.099,0.224,0.0,0,0.1
1,30.75,615,cruise,19.871,19.946,29.908,26.946,2.963,-0.074,1.499,26.928,19.871,-0.018,-0.074,0.095,0.0,0,0.15
1,30.8,616,cruise,19.872,19.891,29.906,26.891,3.016,-0.019,1.504,29.906,19.872,3.016,-0.019,0.501,0.0,1,0.0
1,30.85,617,cruise,19.872,19.815,29.908,26.815,3.092,0.056,1.509,29.908,19.872,3.092,0.056,0.514,0.0,1,0.0
1,30.9,618,cruise,19.872,19.759,29.912,26.759,3.153,0.113,1.514,29.912,19.872,3.153,0.113,0.524,0.0,1,0.0
1,30.95,619,cruise,19.871,19.728,29.919,26.728,3.191,0.143,1.517,28.925,19.872,2.197,0.143,0.398,0.0,0,0.05
1,31.0,620,cruise,19.871,19.708,29.927,26.708,3.219,0.164,1.519,27.939,19.872,1.232,0.164,0.27,0.0,0,0.1
1,31.05,621,cruise,19.871,19.678,29.936,26.678,3.258,0.194,1.521,26.955,19.872,0.277,0.194,0.143,0.0,0,0.15
1,31.1,622,cruise,19.871,19.626,29.947,26.626,3.321,0.245,1.526,29.947,19.871,3.321,0.245,0.551,0.0,1,0.0
1,31.15,623,cruise,19.871,19.559,29.961,26.559,3.402,0.313,1.532,28.967,19.871,2.408,0.313,0.432,0.0,0,0.05
1,31.2,624,cruise,19.871,19.508,29.978,26.508,3.47,0.364,1.537,29.978,19.871,3.47,0.364,0.575,0.0,1,0.0
1,31.25,625,cruise,19.872,19.477,29.997,26.477,3.521,0.395,1.54,29.997,19.872,3.521,0.395,0.583,0.0,1,0.0
1,31.3,626,cruise,19.872,19.471,30.018,26.471,3.547,0.401,1.542,29.024,19.872,2.553,0.401,0.454,0.0,0,0.05
1,31.35,627,cruise,19.871,19.474,30.038,26.474,3.564,0.398,1.542,30.038,19.871,3.564,0.398,0.588,0.0,1,0.0
1,31.4,628,cruise,19.871,19.48,30.057,26.48,3.578,0.392,1.543,29.064,19.871,2.584,0.392,0.458,0.0,0,0.05
1,31.45,629,cruise,19.871,19.491,30.076,26.491,3.585,0.38,1.543,28.089,19.871,1.598,0.38,0.326,0.0,0,0.1
1,31.5,630,cruise,19.871,19.489,30.095,26.489,3.606,0.382,1.544,27.115,19.871,0.625,0.382,0.196,0.0,0,0.15
1,31.55,631,cruise,19.871,19.462,30.115,26.462,3.653,0.409,1.547,26.141,19.871,-0.321,0.409,0.071,0.0,0,0.2
1,31.6,632,cruise,19.871,19.403,30.137,26.403,3.734,0.468,1.553,30.137,19.871,3.734,0.468,0.613,0.0,1,0.0
1,31.65,633,cruise,19.871,19.324,30.163,26.324,3.839,0.547,1.561,30.163,19.871,3.839,0.547,0.63,0.0,1,0.0
1,31.7,634,cruise,19.871,19.265,30.192,26.265,3.928,0.607,1.567,30.192,19.871,3.928,0.607,0.644,0.0,1,0.0
1,31.75,635,cruise,19.871,19.245,30.223,26.245,3.978,0.626,1.57,30.223,19.871,3.978,0.626,0.651,0.0,1,0.0
1,31.8,636,cruise,19.871,19.256,30.254,26.256,3.998,0.615,1.571,29.261,19.871,3.005,0.615,0.521,0.0,0,0.05
1,31.85,637,cruise,19.871,19.28,30.284,26.28,4.005,0.592,1.571,30.284,19.871,4.005,0.592,0.654,0.0,1,0.0
1,31.9,638,cruise,19.871,19.308,30.313,26.308,4.005,0.563,1.57,30.313,19.871,4.005,0.563,0.653,0.0,1,0.0
1,31.95,639,cruise,19.871,19.351,30.34,26.351,3.99,0.521,1.568,29.347,19.871,2.996,0.521,0.517,0.0,0,0.05
1,32.0,640,cruise,19.871,19.395,30.365,26.395,3.97,0.477,1.566,28.378,19.871,1.983,0.477,0.38,0.0,0,0.1
1,32.05,641,cruise,19.871,19.421,30.388,26.421,3.966,0.45,1.565,30.388,19.871,3.966,0.45,0.644,0.0,1,0.0
1,32.1,642,cruise,19.871,19.435,30.41,26.435,3.975,0.437,1.565,29.416,19.871,2.981,0.437,0.512,0.0,0,0.05
1,32.15,643,cruise,19.871,19.456,30.431,26.456,3.975,0.416,1.564,30.431,19.871,3.975,0.416,0.644,0.0,1,0.0
1,32.2,644,cruise,19.871,19.481,30.451,26.481,3.97,0.39,1.563,30.451,19.871,3.97,0.39,0.642,0.0,1,0.0
1,32.25,645,cruise,19.871,19.52,30.469,26.52,3.949,0.351,1.561,30.469,19.871,3.949,0.351,0.638,0.0,1,0.0
1,32.3,646,cruise,19.871,19.568,30.486,26.568,3.918,0.303,1.558,30.486,19.871,3.918,0.303,0.632,0.0,1,0.0
1,32.35,647,cruise,19.871,19.621,30.499,26.621,3.878,0.25,1.554,29.506,19.871,2.885,0.25,0.493,0.0,0,0.05
1,32.4,648,cruise,19.871,19.669,30.51,26.669,3.841,0.202,1.551,30.51,19.871,3.841,0.202,0.619,0.0,1,0.0
1,32.45,649,cruise,19.871,19.709,30.519,26.709,3.81,0.162,1.548,29.526,19.871,2.817,0.162,0.481,0.0,0,0.05
1,32.5,650,cruise,19.871,19.746,30.526,26.746,3.78,0.125,1.546,30.526,19.871,3.78,0.125,0.608,0.0,1,0.0
1,32.55,651,cruise,19.871,19.778,30.532,26.778,3.754,0.093,1.544,29.538,19.871,2.76,0.094,0.471,0.0,0,0.05
1,32.6,652,cruise,19.872,19.808,30.535,26.808,3.727,0.064,1.542,28.548,19.871,1.74,0.063,0.334,0.0,0,0.1
1,32.65,653,cruise,19.872,19.819,30.538,26.819,3.719,0.052,1.541,27.557,19.871,0.738,0.052,0.2,0.0,0,0.15
1,32.7,654,cruise,19.872,19.801,30.541,26.801,3.74,0.071,1.542,30.541,19.872,3.74,0.071,0.601,0.0,1,0.0
1,32.75,655,cruise,19.871,19.761,30.546,26.761,3.784,0.11,1.546,30.546,19.871,3.784,0.11,0.608,0.0,1,0.0
1,32.8,656,cruise,19.871,19.741,30.552,26.741,3.811,0.13,1.548,30.552,19.871,3.811,0.13,0.613,0.0,1,0.0
1,32.85,657,cruise,19.871,19.745,30.558,26.745,3.813,0.126,1.548,30.558,19.871,3.813,0.126,0.613,0.0,1,0.0
1,32.9,658,cruise,19.871,19.767,30.564,26.767,3.797,0.104,1.546,29.571,19.871,2.804,0.104,0.477,0.0,0,0.05
1,32.95,659,cruise,19.872,19.792,30.569,26.792,3.777,0.08,1.545,28.581,19.871,1.79,0.08,0.341,0.0,0,0.1
1,33.0,660,cruise,19.872,19.8,30.572,26.8,3.772,0.072,1.544,30.572,19.872,3.772,0.072,0.605,0.0,1,0.0
1,33.05,661,cruise,19.872,19.796,30.576,26.796,3.78,0.076,1.545,30.576,19.872,3.78,0.076,0.607,0.0,1,0.0
1,33.1,662,cruise,19.872,19.808,30.579,26.808,3.772,0.064,1.544,29.586,19.872,2.778,0.064,0.473,0.0,0,0.05
1,33.15,663,cruise,19.871,19.825,30.582,26.825,3.757,0.046,1.543,30.582,19.871,3.757,0.046,0.602,0.0,1,0.0
1,33.2,664,cruise,19.871,19.843,30.584,26.843,3.741,0.028,1.541,30.584,19.871,3.741,0.028,0.6,0.0,1,0.0
1,33.25,665,cruise,19.871,19.871,30.584,26.871,3.713,0.0,1.539,30.584,19.871,3.713,0.0,0.595,0.0,1,0.0
1,33.3,666,cruise,19.871,19.906,30.583,26.906,3.678,-0.035,1.536,30.583,19.871,3.678,-0.035,0.589,0.0,1,0.0
1,33.35,667,cruise,19.871,19.944,30.581,26.944,3.637,-0.073,1.533,30.581,19.871,3.637,-0.073,0.582,0.0,1,0.0
1,33.4,668,cruise,19.872,19.984,30.576,26.984,3.592,-0.112,1.53,30.576,19.872,3.592,-0.112,0.575,0.0,1,0.0
1,33.45,669,cruise,19.872,20.023,30.569,27.023,3.546,-0.152,1.527,29.575,19.872,2.552,-0.152,0.435,0.0,0,0.05
1,33.5,670,cruise,19.872,20.054,30.56,27.054,3.506,-0.183,1.524,30.56,19.872,3.506,-0.183,0.561,0.0,1,0.0
1,33.55,671,cruise,19.872,20.075,30.551,27.075,3.475,-0.204,1.522,30.551,19.872,3.475,-0.204,0.557,0.0,1,0.0
1,33.6,672,cruise,19.871,20.1,30.54,27.1,3.44,-0.228,1.519,29.546,19.872,2.447,-0.228,0.419,0.0,0,0.05
1,33.65,673,cruise,19.871,20.118,30.528,27.118,3.41,-0.247,1.517,30.528,19.871,3.41,-0.247,0.546,0.0,1,0.0
1,33.7,674,cruise,19.871,20.129,30.515,27.129,3.386,-0.257,1.516,30.515,19.871,3.386,-0.257,0.543,0.0,1,0.0
1,33.75,675,cruise,19.871,20.144,30.502,27.144,3.357,-0.273,1.514,29.508,19.871,2.364,-0.273,0.406,0.0,0,0.05
1,33.8,676,cruise,19.871,20.156,30.488,27.156,3.332,-0.284,1.513,28.501,19.871,1.345,-0.284,0.27,0.0,0,0.1
1,33.85,677,cruise,19.872,20.145,30.474,27.145,3.328,-0.274,1.513,30.474,19.872,3.328,-0.274,0.535,0.0,1,0.0
1,33.9,678,cruise,19.872,20.12,30.461,27.12,3.341,-0.248,1.514,30.461,19.872,3.341,-0.248,0.537,0.0,1,0.0
1,33.95,679,cruise,19.872,20.108,30.449,27.108,3.341,-0.237,1.514,29.455,19.872,2.347,-0.236,0.405,0.0,0,0.05
1,34.0,680,cruise,19.871,20.101,30.437,27.101,3.336,-0.23,1.514,30.437,19.871,3.336,-0.23,0.537,0.0,1,0.0
1,34.05,681,cruise,19.871,20.093,30.426,27.093,3.333,-0.223,1.514,29.432,19.871,2.339,-0.222,0.404,0.0,0,0.05
1,34.1,682,cruise,19.87,20.089,30.415,27.089,3.327,-0.218,1.514,28.428,19.871,1.339,-0.217,0.271,0.0,0,0.1
1,34.15,683,cruise,19.87,20.069,30.405,27.069,3.336,-0.198,1.515,27.424,19.871,0.355,-0.197,0.141,0.0,0,0.15
1,34.2,684,cruise,19.871,20.022,30.397,27.022,3.375,-0.151,1.518,26.422,19.871,-0.6,-0.151,0.015,0.0,0,0.2
1,34.25,685,cruise,19.871,19.943,30.391,26.943,3.448,-0.072,1.524,25.423,19.871,-1.52,-0.072,0.0,0.079,0,0.25
1,34.3,686,cruise,19.871,19.823,30.391,26.823,3.568,0.048,1.533,30.391,19.871,3.568,0.048,0.577,0.0,1,0.0
1,34.35,687,cruise,19.872,19.702,30.397,26.702,3.696,0.17,1.543,30.397,19.872,3.696,0.17,0.598,0.0,1,0.0
1,34.4,688,cruise,19.871,19.608,30.409,26.608,3.801,0.264,1.551,30.409,19.871,3.801,0.264,0.616,0.0,1,0.0
1,34.45,689,cruise,19.871,19.56,30.424,26.56,3.864,0.311,1.555,30.424,19.871,3.864,0.311,0.626,0.0,1,0.0
1,34.5,690,cruise,19.871,19.548,30.44,26.548,3.892,0.323,1.557,29.446,19.871,2.898,0.323,0.497,0.0,0,0.05
1,34.55,691,cruise,19.87,19.553,30.456,26.553,3.902,0.317,1.558,30.456,19.87,3.902,0.317,0.631,0.0,1,0.0
1,34.6,692,cruise,19.871,19.567,30.471,26.567,3.904,0.304,1.557,30.471,19.871,3.904,0.304,0.631,0.0,1,0.0
1,34.65,693,cruise,19.871,19.596,30.485,26.596,3.889,0.275,1.556,29.492,19.871,2.896,0.274,0.495,0.0,0,0.05
1,34.7,694,cruise,19.871,19.629,30.498,26.629,3.869,0.242,1.554,30.498,19.871,3.869,0.242,0.624,0.0,1,0.0
1,34.75,695,cruise,19.871,19.659,30.509,26.659,3.85,0.212,1.552,30.509,19.871,3.85,0.212,0.62,0.0,1,0.0
1,34.8,696,cruise,19.871,19.699,30.519,26.699,3.82,0.173,1.549,29.525,19.871,2.827,0.173,0.483,0.0,0,0.05
1,34.85,697,cruise,19.871,19.736,30.526,26.736,3.79,0.135,1.547,28.539,19.871,1.803,0.135,0.345,0.0,0,0.1
1,34.9,698,cruise,19.871,19.753,30.532,26.753,3.779,0.118,1.546,30.532,19.871,3.779,0.118,0.608,0.0,1,0.0
1,34.95,699,cruise,19.847,19.756,30.537,26.756,3.782,0.091,1.546,30.537,19.847,3.782,0.091,0.607,0.0,1,0.0
1,35.0,700,cruise,19.785,19.772,30.539,26.772,3.768,0.013,1.545,29.549,19.847,2.777,0.075,0.473,0.0,0,0.05
1,35.05,701,cruise,19.727,19.792,30.536,26.792,3.744,-0.065,1.543,28.56,19.847,1.768,0.055,0.338,0.0,0,0.1
1,35.1,702,cruise,19.756,19.797,30.531,26.797,3.734,-0.042,1.542,30.531,19.756,3.734,-0.042,0.596,0.0,1,0.0
1,35.15,703,cruise,19.825,19.791,30.53,26.791,3.739,0.035,1.543,29.542,19.756,2.751,-0.035,0.466,0.0,0,0.05
1,35.2,704,cruise,19.9,19.793,30.531,26.793,3.738,0.107,1.543,28.552,19.756,1.76,-0.037,0.333,0.0,0,0.1
1,35.25,705,cruise,19.954,19.785,30.534,26.785,3.749,0.169,1.543,27.563,19.756,0.778,-0.029,0.203,0.0,0,0.15
1,35.3,706,cruise,19.962,19.754,30.539,26.754,3.785,0.208,1.546,30.539,19.962,3.785,0.208,0.612,0.0,1,0.0
1,35.35,707,cruise,19.924,19.708,30.545,26.708,3.836,0.216,1.55,29.553,19.962,2.845,0.254,0.488,0.0,0,0.05
1,35.4,708,cruise,19.863,19.677,30.548,26.677,3.871,0.186,1.552,28.569,19.962,1.892,0.285,0.362,0.0,0,0.1
1,35.45,709,cruise,19.806,19.652,30.549,26.652,3.898,0.154,1.555,30.549,19.806,3.898,0.154,0.625,0.0,1,0.0
1,35.5,710,cruise,19.777,19.629,30.55,26.629,3.921,0.148,1.556,30.55,19.777,3.921,0.148,0.628,0.0,1,0.0
1,35.55,711,cruise,19.789,19.632,30.551,26.632,3.919,0.158,1.556,30.551,19.789,3.919,0.158,0.628,0.0,1,0.0
1,35.6,712,cruise,19.815,19.653,30.553,26.653,3.899,0.162,1.555,30.553,19.815,3.899,0.162,0.625,0.0,1,0.0
1,35.65,713,cruise,19.875,19.688,30.557,26.688,3.869,0.187,1.552,30.557,19.875,3.869,0.187,0.622,0.0,1,0.0
1,35.7,714,cruise,19.903,19.73,30.563,26.73,3.833,0.173,1.549,30.563,19.903,3.833,0.173,0.617,0.0,1,0.0
1,35.75,715,cruise,19.928,19.777,30.569,26.777,3.792,0.151,1.546,30.569,19.928,3.792,0.151,0.611,0.0,1,0.0
1,35.8,716,cruise,19.91,19.826,30.574,26.826,3.749,0.084,1.542,30.574,19.91,3.749,0.084,0.603,0.0,1,0.0
1,35.85,717,cruise,19.88,19.875,30.576,26.875,3.701,0.004,1.538,30.576,19.88,3.701,0.004,0.594,0.0,1,0.0
1,35.9,718,cruise,19.835,19.924,30.575,26.924,3.651,-0.089,1.535,30.575,19.835,3.651,-0.089,0.584,0.0,1,0.0
1,35.95,719,cruise,19.815,19.97,30.57,26.97,3.6,-0.156,1.531,30.57,19.815,3.6,-0.156,0.575,0.0,1,0.0
1,36.0,720,cruise,19.807,20.014,30.564,27.014,3.549,-0.208,1.527,30.564,19.807,3.549,-0.208,0.566,0.0,1,0.0
1,36.05,721,cruise,19.839,20.056,30.556,27.056,3.501,-0.217,1.524,30.556,19.839,3.501,-0.217,0.56,0.0,1,0.0
1,36.1,722,cruise,19.871,20.094,30.549,27.094,3.456,-0.222,1.52,30.549,19.871,3.456,-0.222,0.553,0.0,1,0.0
1,36.15,723,cruise,19.907,20.129,30.542,27.129,3.413,-0.222,1.517,29.548,19.871,2.419,-0.257,0.414,0.0,0,0.05
1,36.2,724,cruise,19.913,20.154,30.535,27.154,3.381,-0.241,1.515,28.545,19.871,1.391,-0.282,0.276,0.0,0,0.1
1,36.25,725,cruise,19.901,20.153,30.526,27.153,3.374,-0.252,1.515,30.526,19.901,3.374,-0.252,0.541,0.0,1,0.0
1,36.3,726,cruise,19.868,20.134,30.518,27.134,3.384,-0.266,1.516,29.524,19.901,2.39,-0.233,0.411,0.0,0,0.05
1,36.35,727,cruise,19.84,20.119,30.509,27.119,3.39,-0.279,1.516,28.523,19.901,1.404,-0.218,0.28,0.0,0,0.1
1,36.4,728,cruise,19.823,20.093,30.499,27.093,3.406,-0.27,1.518,30.499,19.823,3.406,-0.27,0.545,0.0,1,0.0
1,36.45,729,cruise,19.831,20.059,30.491,27.059,3.432,-0.228,1.52,30.491,19.831,3.432,-0.228,0.55,0.0,1,0.0
1,36.5,730,cruise,19.853,20.019,30.484,27.019,3.465,-0.166,1.523,30.484,19.853,3.465,-0.166,0.556,0.0,1,0.0
1,36.55,731,cruise,19.881,19.952,30.479,26.952,3.528,-0.071,1.528,29.488,19.853,2.536,-0.099,0.435,0.0,0,0.05
1,36.6,732,cruise,19.897,19.871,30.478,26.871,3.607,0.026,1.534,30.478,19.897,3.607,0.026,0.582,0.0,1,0.0
1,36.65,733,cruise,19.897,19.851,30.478,26.851,3.627,0.046,1.535,30.478,19.897,3.627,0.046,0.585,0.0,1,0.0
1,36.7,734,cruise,19.88,19.867,30.477,26.867,3.609,0.013,1.534,29.485,19.897,2.617,0.03,0.45,0.0,0,0.05
1,36.75,735,cruise,19.859,19.882,30.473,26.882,3.592,-0.022,1.533,28.49,19.897,1.609,0.015,0.315,0.0,0,0.1
1,36.8,736,cruise,19.842,19.875,30.469,26.875,3.594,-0.033,1.533,30.469,19.842,3.594,-0.033,0.578,0.0,1,0.0
1,36.85,737,cruise,19.839,19.853,30.465,26.853,3.612,-0.014,1.535,30.465,19.839,3.612,-0.014,0.581,0.0,1,0.0
1,36.9,738,cruise,19.848,19.846,30.462,26.846,3.616,0.002,1.535,30.462,19.848,3.616,0.002,0.582,0.0,1,0.0
1,36.95,739,cruise,19.865,19.855,30.462,26.855,3.607,0.011,1.534,30.462,19.865,3.607,0.011,0.581,0.0,1,0.0
1,37.0,740,cruise,19.88,19.873,30.462,26.873,3.59,0.008,1.533,29.471,19.865,2.598,-0.007,0.446,0.0,0,0.05
1,37.05,741,cruise,19.886,19.889,30.464,26.889,3.575,-0.003,1.532,30.464,19.886,3.575,-0.003,0.577,0.0,1,0.0
1,37.1,742,cruise,19.881,19.886,30.466,26.886,3.58,-0.005,1.532,30.466,19.881,3.58,-0.005,0.577,0.0,1,0.0
1,37.15,743,cruise,19.869,19.906,30.467,26.906,3.561,-0.037,1.531,30.467,19.869,3.561,-0.037,0.574,0.0,1,0.0
1,37.2,744,cruise,19.856,19.908,30.467,26.908,3.559,-0.052,1.53,30.467,19.856,3.559,-0.052,0.573,0.0,1,0.0
1,37.25,745,cruise,19.849,19.935,30.466,26.935,3.531,-0.086,1.528,29.475,19.856,2.539,-0.079,0.436,0.0,0,0.05
1,37.3,746,cruise,19.85,19.945,30.464,26.945,3.518,-0.095,1.527,30.464,19.85,3.518,-0.095,0.566,0.0,1,0.0
1,37.35,747,cruise,19.859,19.957,30.461,26.957,3.505,-0.098,1.526,29.47,19.85,2.513,-0.106,0.432,0.0,0,0.05
1,37.4,748,cruise,19.869,19.955,30.46,26.955,3.505,-0.085,1.526,30.46,19.869,3.505,-0.085,0.564,0.0,1,0.0
1,37.45,749,cruise,19.876,19.96,30.458,26.96,3.498,-0.084,1.526,30.458,19.876,3.498,-0.084,0.564,0.0,1,0.0
1,37.5,750,cruise,19.877,19.959,30.456,26.959,3.497,-0.082,1.526,30.456,19.877,3.497,-0.082,0.564,0.0,1,0.0
1,37.55,751,cruise,19.872,19.978,30.453,26.978,3.475,-0.106,1.524,29.46,19.877,2.482,-0.101,0.428,0.0,0,0.05
1,37.6,752,cruise,19.864,19.981,30.449,26.981,3.468,-0.117,1.524,28.463,19.877,1.481,-0.104,0.294,0.0,0,0.1
1,37.65,753,cruise,19.857,19.975,30.445,26.975,3.47,-0.118,1.524,27.465,19.877,0.491,-0.097,0.162,0.0,0,0.15
1,37.7,754,cruise,19.855,19.93,30.441,26.93,3.511,-0.075,1.527,30.441,19.855,3.511,-0.075,0.566,0.0,1,0.0
1,37.75,755,cruise,19.858,19.872,30.44,26.872,3.568,-0.015,1.532,30.44,19.858,3.568,-0.015,0.575,0.0,1,0.0
1,37.8,756,cruise,19.864,19.826,30.442,26.826,3.615,0.037,1.535,29.449,19.858,2.622,0.031,0.451,0.0,0,0.05
1,37.85,757,cruise,19.87,19.803,30.445,26.803,3.641,0.067,1.537,30.445,19.87,3.641,0.067,0.588,0.0,1,0.0
1,37.9,758,cruise,19.872,19.786,30.448,26.786,3.663,0.087,1.539,29.455,19.87,2.669,0.084,0.459,0.0,0,0.05
1,37.95,759,cruise,19.871,19.782,30.453,26.782,3.671,0.09,1.539,30.453,19.871,3.671,0.09,0.592,0.0,1,0.0
1,38.0,760,cruise,19.864,19.778,30.457,26.778,3.679,0.085,1.54,29.464,19.871,2.686,0.093,0.461,0.0,0,0.05
1,38.05,761,cruise,19.86,19.784,30.461,26.784,3.678,0.076,1.54,28.475,19.871,1.692,0.088,0.328,0.0,0,0.1
1,38.1,762,cruise,19.851,19.773,30.465,26.773,3.692,0.078,1.541,30.465,19.851,3.692,0.078,0.595,0.0,1,0.0
1,38.15,763,cruise,19.843,19.754,30.469,26.754,3.715,0.089,1.542,29.478,19.851,2.723,0.097,0.466,0.0,0,0.05
1,38.2,764,cruise,19.853,19.744,30.474,26.744,3.73,0.109,1.543,28.49,19.851,1.746,0.107,0.336,0.0,0,0.1
1,38.25,765,cruise,19.856,19.724,30.479,26.724,3.755,0.132,1.545,30.479,19.856,3.755,0.132,0.605,0.0,1,0.0
1,38.3,766,cruise,19.871,19.7,30.486,26.7,3.787,0.171,1.548,30.486,19.871,3.787,0.171,0.611,0.0,1,0.0
1,38.35,767,cruise,19.86,19.695,30.494,26.695,3.799,0.165,1.548,30.494,19.86,3.799,0.165,0.612,0.0,1,0.0
1,38.4,768,cruise,19.866,19.708,30.501,26.708,3.793,0.159,1.548,30.501,19.866,3.793,0.159,0.611,0.0,1,0.0
1,38.45,769,cruise,19.845,19.731,30.506,26.731,3.775,0.114,1.546,30.506,19.845,3.775,0.114,0.607,0.0,1,0.0
1,38.5,770,cruise,19.851,19.762,30.509,26.762,3.748,0.09,1.544,30.509,19.851,3.748,0.09,0.603,0.0,1,0.0
1,38.55,771,cruise,19.836,19.796,30.51,26.796,3.714,0.04,1.541,30.51,19.836,3.714,0.04,0.597,0.0,1,0.0
1,38.6,772,cruise,19.853,19.831,30.509,26.831,3.677,0.021,1.538,30.509,19.853,3.677,0.021,0.591,0.0,1,0.0
1,38.65,773,cruise,19.847,19.867,30.505,26.867,3.637,-0.02,1.535,29.516,19.853,2.649,-0.015,0.453,0.0,0,0.05
1,38.7,774,cruise,19.821,19.895,30.497,26.895,3.601,-0.074,1.533,28.522,19.853,1.627,-0.043,0.315,0.0,0,0.1
1,38.75,775,cruise,19.845,19.899,30.487,26.899,3.588,-0.054,1.532,30.487,19.845,3.588,-0.054,0.577,0.0,1,0.0
1,38.8,776,cruise,19.856,19.886,30.477,26.886,3.592,-0.03,1.533,29.493,19.845,2.607,-0.041,0.446,0.0,0,0.05
1,38.85,777,cruise,19.882,19.876,30.469,26.876,3.593,0.006,1.533,30.469,19.882,3.593,0.006,0.579,0.0,1,0.0
1,38.9,778,cruise,19.869,19.87,30.461,26.87,3.59,-0.001,1.533,30.461,19.869,3.59,-0.001,0.579,0.0,1,0.0
1,38.95,779,cruise,19.873,19.877,30.451,26.877,3.574,-0.003,1.532,30.451,19.873,3.574,-0.003,0.576,0.0,1,0.0
1,39.0,780,cruise,19.842,19.891,30.439,26.891,3.547,-0.05,1.53,29.458,19.873,2.567,-0.018,0.442,0.0,0,0.05
1,39.05,781,cruise,19.841,19.904,30.424,26.904,3.521,-0.062,1.529,28.465,19.873,1.562,-0.03,0.307,0.0,0,0.1
1,39.1,782,cruise,19.821,19.896,30.409,26.896,3.513,-0.075,1.528,30.409,19.821,3.513,-0.075,0.566,0.0,1,0.0
1,39.15,783,cruise,19.768,19.874,30.389,26.874,3.516,-0.106,1.529,30.389,19.768,3.516,-0.106,0.565,0.0,1,0.0
1,39.2,784,cruise,19.795,19.866,30.37,26.866,3.504,-0.07,1.529,29.4,19.768,2.534,-0.098,0.435,0.0,0,0.05
1,39.25,785,cruise,19.827,19.862,30.35,26.862,3.488,-0.035,1.528,30.35,19.827,3.488,-0.035,0.564,0.0,1,0.0
1,39.3,786,cruise,19.892,19.857,30.334,26.857,3.477,0.035,1.528,29.363,19.827,2.506,-0.03,0.433,0.0,0,0.05
1,39.35,787,cruise,19.912,19.855,30.319,26.855,3.464,0.057,1.527,30.319,19.912,3.464,0.057,0.564,0.0,1,0.0
1,39.4,788,cruise,19.924,19.851,30.306,26.851,3.455,0.072,1.527,30.306,19.924,3.455,0.072,0.563,0.0,1,0.0
1,39.45,789,cruise,19.874,19.857,30.291,26.857,3.434,0.017,1.525,29.323,19.924,2.466,0.067,0.431,0.0,0,0.05
1,39.5,790,cruise,19.776,19.862,30.272,26.862,3.409,-0.086,1.524,28.34,19.924,1.478,0.062,0.299,0.0,0,0.1
1,39.55,791,cruise,19.748,19.845,30.248,26.845,3.403,-0.097,1.524,27.358,19.924,0.513,0.079,0.171,0.0,0,0.15
1,39.6,792,cruise,19.733,19.796,30.226,26.796,3.43,-0.063,1.527,26.378,19.924,-0.419,0.128,0.048,0.0,0,0.2
1,39.65,793,cruise,19.776,19.72,30.21,26.72,3.489,0.055,1.532,25.401,19.924,-1.32,0.203,0.0,0.052,0,0.25
1,39.7,794,cruise,19.798,19.596,30.201,26.596,3.605,0.202,1.541,30.201,19.798,3.605,0.202,0.587,0.0,1,0.0
1,39.75,795,cruise,19.871,19.473,30.202,26.473,3.729,0.398,1.551,29.244,19.798,2.771,0.325,0.48,0.0,0,0.05
1,39.8,796,decelerate,19.904,19.359,30.212,26.359,3.854,0.545,1.561,30.212,19.904,3.854,0.545,0.632,0.0,1,0.0
1,39.85,797,decelerate,19.938,19.299,30.23,26.299,3.931,0.64,1.566,29.269,19.904,2.97,0.605,0.516,0.0,0,0.05
1,39.9,798,decelerate,19.869,19.25,30.25,26.25,4.0,0.619,1.571,30.25,19.869,4.0,0.619,0.654,0.0,1,0.0
1,39.95,799,decelerate,19.671,19.242,30.264,26.242,4.022,0.43,1.573,30.264,19.671,4.022,0.43,0.651,0.0,1,0.0
1,40.0,800,decelerate,19.488,19.231,30.269,26.231,4.038,0.258,1.574,30.269,19.488,4.038,0.258,0.647,0.0,1,0.0
1,40.05,801,decelerate,19.261,19.261,30.264,26.261,4.003,0.001,1.571,30.264,19.261,4.003,0.001,0.634,0.0,1,0.0
1,40.1,802,decelerate,19.052,19.272,30.249,26.272,3.977,-0.22,1.57,30.249,19.052,3.977,-0.22,0.623,0.0,1,0.0
1,40.15,803,decelerate,18.83,19.314,30.227,26.314,3.912,-0.484,1.565,29.316,19.052,3.001,-0.263,0.491,0.0,0,0.05
1,40.2,804,decelerate,18.615,19.325,30.195,26.325,3.87,-0.71,1.562,30.195,18.615,3.87,-0.71,0.592,0.0,1,0.0
1,40.25,805,decelerate,18.427,19.353,30.155,26.353,3.802,-0.926,1.558,29.263,18.615,2.909,-0.738,0.463,0.0,0,0.05
1,40.3,806,decelerate,18.22,19.355,30.105,26.355,3.751,-1.135,1.555,28.329,18.615,1.974,-0.74,0.339,0.0,0,0.1
1,40.35,807,decelerate,18.06,19.299,30.047,26.299,3.748,-1.24,1.557,27.393,18.615,1.094,-0.684,0.223,0.0,0,0.15
1,40.4,808,decelerate,17.876,19.264,29.982,26.264,3.718,-1.388,1.556,26.457,18.615,0.193,-0.649,0.104,0.0,0,0.2
1,40.45,809,decelerate,17.73,19.185,29.912,26.185,3.726,-1.456,1.559,29.912,17.73,3.726,-1.456,0.548,0.0,1,0.0
1,40.5,810,decelerate,17.551,19.107,29.837,26.107,3.73,-1.556,1.562,29.837,17.551,3.73,-1.556,0.546,0.0,1,0.0
1,40.55,811,decelerate,17.401,19.015,29.759,26.015,3.743,-1.614,1.565,28.919,17.551,2.904,-1.464,0.438,0.0,0,0.05
1,40.6,812,decelerate,17.209,18.975,29.674,25.975,3.699,-1.766,1.564,28.003,17.551,2.027,-1.424,0.323,0.0,0,0.1
1,40.65,813,decelerate,17.052,18.905,29.584,25.905,3.679,-1.853,1.565,29.584,17.052,3.679,-1.853,0.529,0.0,1,0.0
1,40.7,814,decelerate,16.885,18.864,29.492,25.864,3.628,-1.979,1.563,29.492,16.885,3.628,-1.979,0.518,0.0,1,0.0
1,40.75,815,decelerate,16.701,18.812,29.395,25.812,3.582,-2.112,1.563,29.395,16.701,3.582,-2.112,0.507,0.0,1,0.0
1,40.8,816,decelerate,16.532,18.799,29.291,25.799,3.491,-2.268,1.558,29.291,16.532,3.491,-2.268,0.49,0.0,1,0.0
1,40.85,817,decelerate,16.331,18.761,29.179,25.761,3.418,-2.429,1.555,29.179,16.331,3.418,-2.429,0.475,0.0,1,0.0
1,40.9,818,decelerate,16.178,18.752,29.061,25.752,3.308,-2.574,1.55,29.061,16.178,3.308,-2.574,0.455,0.0,1,0.0
1,40.95,819,decelerate,16.021,18.71,28.939,25.71,3.229,-2.689,1.547,28.939,16.021,3.229,-2.689,0.441,0.0,1,0.0
1,41.0,820,decelerate,15.826,18.697,28.81,25.697,3.113,-2.871,1.541,28.81,15.826,3.113,-2.871,0.419,0.0,1,0.0
1,41.05,821,decelerate,15.665,18.649,28.675,25.649,3.026,-2.984,1.538,27.913,15.826,2.265,-2.822,0.308,0.0,0,0.05
1,41.1,822,decelerate,15.5,18.619,28.535,25.619,2.916,-3.118,1.533,28.535,15.5,2.916,-3.118,0.385,0.0,1,0.0
1,41.15,823,decelerate,15.306,18.55,28.389,25.55,2.839,-3.244,1.53,28.389,15.306,2.839,-3.244,0.37,0.0,1,0.0
1,41.2,824,decelerate,15.144,18.509,28.237,25.509,2.728,-3.364,1.526,28.237,15.144,2.728,-3.364,0.352,0.0,1,0.0
1,41.25,825,decelerate,14.953,18.436,28.079,25.436,2.643,-3.483,1.523,28.079,14.953,2.643,-3.483,0.336,0.0,1,0.0
1,41.3,826,decelerate,14.798,18.387,27.916,25.387,2.529,-3.589,1.518,27.193,14.953,1.806,-3.433,0.226,0.0,0,0.05
1,41.35,827,decelerate,14.713,18.301,27.751,25.301,2.45,-3.587,1.516,27.751,14.713,2.45,-3.587,0.307,0.0,1,0.0
1,41.4,828,decelerate,14.594,18.233,27.585,25.233,2.351,-3.639,1.513,27.585,14.594,2.351,-3.639,0.292,0.0,1,0.0
1,41.45,829,decelerate,14.364,18.135,27.415,25.135,2.28,-3.772,1.512,27.415,14.364,2.28,-3.772,0.278,0.0,1,0.0
1,41.5,830,decelerate,14.0,18.067,27.233,25.067,2.166,-4.067,1.507,27.233,14.0,2.166,-4.067,0.253,0.0,1,0.0
1,41.55,831,decelerate,13.711,17.964,27.038,24.964,2.074,-4.253,1.505,27.038,13.711,2.074,-4.253,0.235,0.0,1,0.0
1,41.6,832,decelerate,13.514,17.886,26.836,24.886,1.95,-4.372,1.5,26.17,13.711,1.284,-4.175,0.132,0.0,0,0.05
1,41.65,833,decelerate,13.395,17.772,26.631,24.772,1.858,-4.378,1.498,26.631,13.395,1.858,-4.378,0.202,0.0,1,0.0
1,41.7,834,decelerate,13.313,17.677,26.425,24.677,1.748,-4.364,1.495,26.425,13.313,1.748,-4.364,0.188,0.0,1,0.0
1,41.75,835,decelerate,13.261,17.551,26.222,24.551,1.67,-4.291,1.494,26.222,13.261,1.67,-4.291,0.18,0.0,1,0.0
1,41.8,836,decelerate,13.144,17.455,26.019,24.455,1.564,-4.311,1.491,25.37,13.261,0.914,-4.195,0.082,0.0,0,0.05
1,41.85,837,decelerate,12.944,17.321,25.813,24.321,1.492,-4.377,1.49,24.521,13.261,0.2,-4.06,0.0,0.006,0,0.1
1,41.9,838,decelerate,12.739,17.204,25.601,24.204,1.397,-4.465,1.488,25.601,12.739,1.397,-4.465,0.138,0.0,1,0.0
1,41.95,839,decelerate,12.528,17.081,25.387,24.081,1.306,-4.553,1.486,24.765,12.739,0.684,-4.342,0.047,0.0,0,0.05
1,42.0,840,decelerate,12.322,16.941,25.169,23.941,1.228,-4.619,1.486,25.169,12.322,1.228,-4.619,0.11,0.0,1,0.0
1,42.05,841,decelerate,12.126,16.815,24.948,23.815,1.134,-4.689,1.484,24.948,12.126,1.134,-4.689,0.095,0.0,1,0.0
1,42.1,842,decelerate,11.964,16.653,24.723,23.653,1.071,-4.688,1.485,24.723,11.964,1.071,-4.688,0.086,0.0,1,0.0
1,42.15,843,decelerate,11.792,16.532,24.497,23.532,0.966,-4.74,1.482,23.911,11.964,0.379,-4.567,0.0,0.001,0,0.05
1,42.2,844,decelerate,11.625,16.377,24.269,23.377,0.892,-4.752,1.482,23.103,11.964,-0.274,-4.413,0.0,0.063,0,0.1
1,42.25,845,decelerate,11.436,16.233,24.037,23.233,0.804,-4.797,1.481,24.037,11.436,0.804,-4.797,0.047,0.0,1,0.0
1,42.3,846,decelerate,11.272,16.101,23.804,23.101,0.703,-4.829,1.478,23.804,11.272,0.703,-4.829,0.033,0.0,1,0.0
1,42.35,847,decelerate,11.148,15.954,23.57,22.954,0.616,-4.805,1.477,23.57,11.148,0.616,-4.805,0.022,0.0,1,0.0
1,42.4,848,decelerate,11.072,15.823,23.34,22.823,0.517,-4.751,1.475,22.788,11.148,-0.034,-4.674,0.0,0.045,0,0.05
1,42.45,849,decelerate,10.965,15.652,23.11,22.652,0.458,-4.686,1.476,23.11,10.965,0.458,-4.686,0.005,0.0,1,0.0
1,42.5,850,decelerate,10.367,15.517,22.866,22.517,0.348,-5.15,1.474,22.866,10.367,0.348,-5.15,0.0,0.019,1,0.0
1,42.55,851,decelerate,9.916,15.385,22.604,22.385,0.219,-5.469,1.469,22.604,9.916,0.219,-5.469,0.0,0.04,1,0.0
1,42.6,852,decelerate,9.594,15.224,22.33,22.224,0.106,-5.63,1.467,22.33,9.594,0.106,-5.63,0.0,0.055,1,0.0
1,42.65,853,decelerate,9.401,15.082,22.052,22.082,-0.031,-5.681,1.462,22.052,9.401,-0.031,-5.681,0.0,0.07,1,0.0
1,42.7,854,decelerate,9.3,14.938,21.773,21.938,-0.165,-5.638,1.458,21.773,9.3,-0.165,-5.638,0.0,0.082,1,0.0
1,42.75,855,decelerate,9.278,14.772,21.499,21.772,-0.273,-5.494,1.455,21.499,9.278,-0.273,-5.494,0.0,0.09,1,0.0
1,42.8,856,decelerate,9.305,14.667,21.233,21.667,-0.435,-5.362,1.448,20.77,9.278,-0.897,-5.389,0.0,0.15,0,0.05
1,42.85,857,decelerate,9.374,14.598,20.972,21.598,-0.626,-5.224,1.437,20.044,9.278,-1.553,-5.319,0.0,0.214,0,0.1
1,42.9,858,decelerate,9.429,14.434,20.718,21.434,-0.716,-5.005,1.435,19.322,9.278,-2.112,-5.156,0.0,0.266,0,0.15
1,42.95,859,decelerate,9.408,14.075,20.48,21.075,-0.595,-4.667,1.455,20.48,9.408,-0.595,-4.667,0.0,0.102,1,0.0
1,43.0,860,decelerate,9.302,13.765,20.255,20.765,-0.51,-4.464,1.471,19.791,9.408,-0.975,-4.357,0.0,0.132,0,0.05
1,43.05,861,decelerate,9.14,13.507,20.037,20.507,-0.469,-4.366,1.484,19.114,9.408,-1.392,-4.099,0.0,0.168,0,0.1
1,43.1,862,decelerate,8.927,13.263,19.822,20.263,-0.441,-4.336,1.495,19.822,8.927,-0.441,-4.336,0.0,0.079,1,0.0
1,43.15,863,decelerate,8.708,13.046,19.606,20.046,-0.439,-4.337,1.503,19.606,8.708,-0.439,-4.337,0.0,0.078,1,0.0
1,43.2,864,decelerate,8.469,12.823,19.39,19.823,-0.433,-4.355,1.512,18.964,8.708,-0.859,-4.115,0.0,0.115,0,0.05
1,43.25,865,decelerate,8.221,12.621,19.172,19.621,-0.448,-4.4,1.519,18.332,8.708,-1.288,-3.912,0.0,0.153,0,0.1
1,43.3,866,decelerate,7.967,12.419,18.952,19.419,-0.467,-4.451,1.526,18.952,7.967,-0.467,-4.451,0.0,0.084,1,0.0
1,43.35,867,decelerate,7.72,12.206,18.73,19.206,-0.476,-4.485,1.534,18.73,7.72,-0.476,-4.485,0.0,0.086,1,0.0
1,43.4,868,decelerate,7.46,12.027,18.504,19.027,-0.523,-4.568,1.538,18.504,7.46,-0.523,-4.568,0.0,0.093,1,0.0
1,43.45,869,decelerate,7.287,11.836,18.276,18.836,-0.561,-4.549,1.544,17.911,7.46,-0.925,-4.377,0.0,0.129,0,0.05
1,43.5,870,decelerate,7.213,11.672,18.052,18.672,-0.62,-4.46,1.547,17.327,7.46,-1.345,-4.213,0.0,0.167,0,0.1
1,43.55,871,decelerate,7.016,11.451,17.833,18.451,-0.618,-4.435,1.557,16.752,7.46,-1.699,-3.991,0.0,0.197,0,0.15
1,43.6,872,decelerate,6.538,11.277,17.603,18.277,-0.674,-4.739,1.561,17.603,6.538,-0.674,-4.739,0.0,0.113,1,0.0
1,43.65,873,decelerate,6.042,11.189,17.355,18.189,-0.834,-5.147,1.551,17.355,6.042,-0.834,-5.147,0.0,0.139,1,0.0
1,43.7,874,decelerate,5.674,11.166,17.088,18.166,-1.079,-5.492,1.53,17.088,5.674,-1.079,-5.492,0.0,0.173,1,0.0
1,43.75,875,decelerate,5.423,10.724,16.816,17.724,-0.908,-5.301,1.568,16.542,5.674,-1.182,-5.049,0.0,0.172,0,0.05
1,43.8,876,decelerate,5.263,10.218,16.563,17.218,-0.655,-4.955,1.621,16.024,5.674,-1.194,-4.544,0.0,0.161,0,0.1
1,43.85,877,decelerate,5.18,9.767,16.328,16.767,-0.439,-4.587,1.672,15.528,5.674,-1.239,-4.093,0.0,0.154,0,0.15
1,43.9,878,decelerate,5.121,9.443,16.107,16.443,-0.335,-4.321,1.706,16.107,5.121,-0.335,-4.321,0.0,0.069,1,0.0
1,43.95,879,decelerate,5.09,9.105,15.902,16.105,-0.203,-4.015,1.747,15.648,5.121,-0.457,-3.983,0.0,0.073,0,0.05
1,44.0,880,decelerate,5.085,8.867,15.709,15.867,-0.158,-3.782,1.772,15.202,5.121,-0.665,-3.745,0.0,0.088,0,0.1
1,44.05,881,decelerate,5.113,8.551,15.531,15.551,-0.02,-3.438,1.816,14.769,5.121,-0.782,-3.429,0.0,0.092,0,0.15
1,44.1,882,decelerate,5.166,8.34,15.368,15.34,0.027,-3.175,1.843,15.368,5.166,0.027,-3.175,0.0,0.005,1,0.0
1,44.15,883,decelerate,5.169,8.07,15.218,15.07,0.149,-2.9,1.886,15.218,5.169,0.149,-2.9,0.019,0.0,1,0.0
1,44.2,884,decelerate,5.117,7.892,15.078,14.892,0.186,-2.775,1.91,15.078,5.117,0.186,-2.775,0.028,0.0,1,0.0
1,44.25,885,decelerate,5.043,7.636,14.946,14.636,0.31,-2.593,1.957,14.693,5.117,0.057,-2.519,0.02,0.0,0,0.05
1,44.3,886,decelerate,4.979,7.481,14.819,14.481,0.338,-2.502,1.981,14.819,4.979,0.338,-2.502,0.058,0.0,1,0.0
1,44.35,887,decelerate,4.9,7.224,14.7,14.224,0.475,-2.324,2.035,14.7,4.9,0.475,-2.324,0.082,0.0,1,0.0
1,44.4,888,decelerate,4.739,7.086,14.583,14.086,0.498,-2.347,2.058,14.344,4.9,0.258,-2.185,0.058,0.0,0,0.05
1,44.45,889,decelerate,4.537,6.937,14.466,13.937,0.529,-2.4,2.085,14.466,4.537,0.529,-2.4,0.087,0.0,1,0.0
1,44.5,890,decelerate,4.317,6.968,14.339,13.968,0.371,-2.651,2.058,14.339,4.317,0.371,-2.651,0.057,0.0,1,0.0
1,44.55,891,decelerate,4.092,6.766,14.203,13.766,0.437,-2.674,2.099,14.203,4.092,0.437,-2.674,0.065,0.0,1,0.0
1,44.6,892,decelerate,3.868,6.191,14.081,13.191,0.889,-2.323,2.274,14.081,3.868,0.889,-2.323,0.138,0.0,1,0.0
1,44.65,893,decelerate,3.652,5.788,13.971,12.788,1.183,-2.135,2.414,13.971,3.652,1.183,-2.135,0.183,0.0,1,0.0
1,44.7,894,decelerate,3.451,5.456,13.869,12.456,1.412,-2.005,2.542,13.869,3.451,1.412,-2.005,0.218,0.0,1,0.0
1,44.75,895,decelerate,3.255,5.218,13.77,12.218,1.553,-1.962,2.639,13.77,3.255,1.553,-1.962,0.239,0.0,1,0.0
1,44.8,896,decelerate,3.064,5.006,13.673,12.006,1.668,-1.942,2.732,13.673,3.064,1.668,-1.942,0.255,0.0,1,0.0
1,44.85,897,decelerate,2.878,4.811,13.577,11.811,1.766,-1.933,2.822,13.577,2.878,1.766,-1.933,0.269,0.0,1,0.0
1,44.9,898,decelerate,2.698,4.668,13.48,11.668,1.812,-1.97,2.888,13.48,2.698,1.812,-1.97,0.274,0.0,1,0.0
1,44.95,899,decelerate,2.524,4.554,13.38,11.554,1.826,-2.03,2.938,13.25,2.698,1.697,-1.856,0.263,0.0,0,0.05
1,45.0,900,decelerate,2.355,4.457,13.277,11.457,1.82,-2.102,2.979,13.277,2.355,1.82,-2.102,0.271,0.0,1,0.0
1,45.05,901,decelerate,2.192,4.37,13.169,11.37,1.799,-2.178,3.013,13.057,2.355,1.686,-2.015,0.257,0.0,0,0.05
1,45.1,902,decelerate,2.035,4.29,13.059,11.29,1.769,-2.255,3.044,12.841,2.355,1.551,-1.935,0.241,0.0,0,0.1
1,45.15,903,decelerate,1.832,4.21,12.944,11.21,1.733,-2.379,3.074,12.944,1.832,1.733,-2.379,0.251,0.0,1,0.0
1,45.2,904,decelerate,0.642,4.133,12.793,11.133,1.66,-3.491,3.095,12.793,0.642,1.66,-3.491,0.205,0.0,1,0.0
1,45.25,905,decelerate,0.001,4.053,12.595,11.053,1.543,-4.052,3.108,12.59,0.642,1.537,-3.41,0.191,0.0,0,0.05
1,45.3,906,decelerate,0.001,3.965,12.396,10.965,1.431,-3.965,3.126,12.396,0.001,1.431,-3.965,0.159,0.0,1,0.0
1,45.35,907,decelerate,0.001,3.87,12.202,10.87,1.332,-3.869,3.153,12.202,0.001,1.332,-3.869,0.149,0.0,1,0.0
1,45.4,908,decelerate,0.001,3.759,12.012,10.759,1.254,-3.758,3.196,12.012,0.001,1.254,-3.758,0.142,0.0,1,0.0
1,45.45,909,decelerate,0.001,3.653,11.829,10.653,1.176,-3.652,3.238,11.829,0.001,1.176,-3.652,0.135,0.0,1,0.0
1,45.5,910,decelerate,0.001,3.544,11.65,10.544,1.106,-3.544,3.287,11.65,0.001,1.106,-3.544,0.129,0.0,1,0.0
1,45.55,911,decelerate,0.0,3.432,11.477,10.432,1.045,-3.431,3.344,11.477,0.0,1.045,-3.431,0.125,0.0,1,0.0
1,45.6,912,decelerate,0.0,3.319,11.309,10.319,0.99,-3.319,3.407,11.309,0.0,0.99,-3.319,0.121,0.0,1,0.0
1,45.65,913,decelerate,0.0,3.206,11.147,10.206,0.941,-3.205,3.477,11.147,0.0,0.941,-3.205,0.119,0.0,1,0.0
1,45.7,914,decelerate,0.0,3.094,10.99,10.094,0.897,-3.094,3.552,10.99,0.0,0.897,-3.094,0.116,0.0,1,0.0
1,45.75,915,decelerate,0.0,2.982,10.84,9.982,0.857,-2.982,3.634,10.84,0.0,0.857,-2.982,0.115,0.0,1,0.0
1,45.8,916,decelerate,0.0,2.873,10.694,9.873,0.821,-2.873,3.722,10.694,0.0,0.821,-2.873,0.114,0.0,1,0.0
1,45.85,917,decelerate,0.0,2.766,10.554,9.766,0.789,-2.765,3.816,10.554,0.0,0.789,-2.765,0.113,0.0,1,0.0
1,45.9,918,decelerate,0.0,2.662,10.419,9.662,0.758,-2.662,3.914,10.419,0.0,0.758,-2.662,0.112,0.0,1,0.0
1,45.95,919,decelerate,0.0,2.56,10.29,9.56,0.73,-2.56,4.02,10.29,0.0,0.73,-2.56,0.112,0.0,1,0.0
1,46.0,920,decelerate,0.0,2.46,10.165,9.46,0.705,-2.46,4.132,10.165,0.0,0.705,-2.46,0.112,0.0,1,0.0
1,46.05,921,decelerate,0.0,2.363,10.046,9.363,0.683,-2.363,4.252,10.046,0.0,0.683,-2.363,0.112,0.0,1,0.0
1,46.1,922,decelerate,0.0,2.268,9.931,9.268,0.663,-2.268,4.379,9.931,0.0,0.663,-2.268,0.113,0.0,1,0.0
1,46.15,923,decelerate,0.0,2.175,9.821,9.175,0.646,-2.175,4.515,9.821,0.0,0.646,-2.175,0.114,0.0,1,0.0
1,46.2,924,stopped,0.0,2.085,9.715,9.085,0.63,-2.085,4.659,9.715,0.0,0.63,-2.085,0.114,0.0,0,0.05
1,46.25,925,stopped,0.0,1.998,9.614,8.998,0.616,-1.998,4.812,9.614,0.0,0.616,-1.998,0.116,0.0,0,0.1
1,46.3,926,stopped,0.0,1.914,9.517,8.914,0.603,-1.914,4.973,9.517,0.0,0.603,-1.914,0.117,0.0,1,0.0
1,46.35,927,stopped,0.0,1.833,9.424,8.833,0.591,-1.833,5.141,9.424,0.0,0.591,-1.833,0.118,0.0,1,0.0
1,46.4,928,stopped,0.0,1.756,9.335,8.756,0.579,-1.756,5.316,9.335,0.0,0.579,-1.756,0.119,0.0,1,0.0
1,46.45,929,stopped,0.0,1.681,9.249,8.681,0.568,-1.681,5.502,9.249,0.0,0.568,-1.681,0.12,0.0,0,0.05
1,46.5,930,stopped,0.0,1.61,9.168,8.61,0.558,-1.61,5.695,9.168,0.0,0.558,-1.61,0.121,0.0,1,0.0
1,46.55,931,stopped,0.0,1.538,9.089,8.538,0.551,-1.538,5.91,9.089,0.0,0.551,-1.538,0.122,0.0,1,0.0
1,46.6,932,stopped,0.0,1.475,9.014,8.475,0.539,-1.475,6.112,9.014,0.0,0.539,-1.475,0.123,0.0,0,0.05
1,46.65,933,stopped,0.0,1.414,8.943,8.414,0.528,-1.414,6.324,8.943,0.0,0.528,-1.414,0.123,0.0,1,0.0
1,46.7,934,stopped,0.0,1.357,8.874,8.357,0.517,-1.357,6.541,8.874,0.0,0.517,-1.357,0.124,0.0,1,0.0
1,46.75,935,stopped,0.0,1.301,8.808,8.301,0.507,-1.301,6.771,8.808,0.0,0.507,-1.301,0.124,0.0,0,0.05
1,46.8,936,stopped,0.0,1.253,8.744,8.253,0.491,-1.253,6.978,8.744,0.0,0.491,-1.253,0.124,0.0,1,0.0
1,46.85,937,stopped,0.0,1.214,8.683,8.214,0.469,-1.214,7.153,8.683,0.0,0.469,-1.214,0.122,0.0,1,0.0
1,46.9,938,stopped,0.0,1.176,8.623,8.176,0.447,-1.176,7.331,8.623,0.0,0.447,-1.176,0.12,0.0,1,0.0
1,46.95,939,stopped,0.0,1.139,8.566,8.139,0.427,-1.139,7.518,8.566,0.0,0.427,-1.139,0.119,0.0,1,0.0
1,47.0,940,stopped,0.0,1.104,8.51,8.104,0.406,-1.104,7.709,8.51,0.0,0.406,-1.104,0.117,0.0,0,0.05
1,47.05,941,stopped,0.0,1.069,8.456,8.069,0.387,-1.069,7.912,8.456,0.0,0.387,-1.069,0.116,0.0,1,0.0
1,47.1,942,stopped,0.0,1.034,8.404,8.034,0.37,-1.034,8.125,8.404,0.0,0.37,-1.034,0.115,0.0,1,0.0
1,47.15,943,stopped,0.0,1.0,8.353,8.0,0.353,-1.0,8.352,8.353,0.0,0.353,-1.0,0.114,0.0,1,0.0
1,47.2,944,stopped,0.0,0.967,8.304,7.967,0.337,-0.967,8.585,8.304,0.0,0.337,-0.967,0.113,0.0,1,0.0
1,47.25,945,stopped,0.0,0.937,8.257,7.937,0.321,-0.937,8.815,8.257,0.0,0.321,-0.937,0.112,0.0,0,0.05
1,47.3,946,stopped,0.0,0.91,8.211,7.91,0.302,-0.91,9.027,8.211,0.0,0.302,-0.91,0.11,0.0,1,0.0
1,47.35,947,stopped,0.0,0.885,8.167,7.885,0.282,-0.885,9.225,8.167,0.0,0.282,-0.885,0.108,0.0,1,0.0
1,47.4,948,stopped,0.0,0.857,8.124,7.857,0.267,-0.857,9.476,8.124,0.0,0.267,-0.857,0.107,0.0,1,0.0
1,47.45,949,stopped,0.0,0.819,8.083,7.819,0.263,-0.819,9.866,8.083,0.0,0.263,-0.819,0.108,0.0,1,0.0
1,47.5,950,stopped,0.0,0.789,8.043,7.789,0.254,-0.789,10.199,8.043,0.0,0.254,-0.789,0.108,0.0,0,0.05
1,47.55,951,stopped,0.0,0.751,8.005,7.751,0.254,-0.751,10.661,8.005,0.0,0.254,-0.751,0.109,0.0,1,0.0
1,47.6,952,stopped,0.0,0.752,7.968,7.752,0.216,-0.752,10.6,7.968,0.0,0.216,-0.752,0.104,0.0,1,0.0
1,47.65,953,stopped,0.0,0.678,7.932,7.678,0.254,-0.678,11.699,7.932,0.0,0.254,-0.678,0.111,0.0,1,0.0
1,47.7,954,stopped,0.0,0.702,7.898,7.702,0.196,-0.702,11.254,7.898,0.0,0.196,-0.702,0.103,0.0,1,0.0
1,47.75,955,stopped,0.0,0.629,7.865,7.629,0.236,-0.629,12.507,7.865,0.0,0.236,-0.629,0.111,0.0,1,0.0
1,47.8,956,stopped,0.0,0.654,7.833,7.654,0.179,-0.654,11.976,7.833,0.0,0.179,-0.654,0.102,0.0,1,0.0
1,47.85,957,stopped,0.0,0.579,7.802,7.579,0.223,-0.579,13.472,7.802,0.0,0.223,-0.579,0.11,0.0,1,0.0
1,47.9,958,stopped,0.0,0.614,7.772,7.614,0.159,-0.613,12.669,7.772,0.0,0.159,-0.613,0.101,0.0,1,0.0
1,47.95,959,stopped,0.0,0.547,7.744,7.547,0.197,-0.547,14.165,7.744,0.0,0.197,-0.547,0.108,0.0,1,0.0
1,48.0,960,stopped,0.0,0.566,7.716,7.566,0.15,-0.566,13.639,7.716,0.0,0.15,-0.566,0.101,0.0,1,0.0
1,48.05,961,stopped,0.0,0.52,7.69,7.52,0.17,-0.52,14.8,7.69,0.0,0.17,-0.52,0.105,0.0,1,0.0
1,48.1,962,stopped,0.0,0.531,7.664,7.531,0.133,-0.531,14.43,7.664,0.0,0.133,-0.531,0.1,0.0,1,0.0
1,48.15,963,stopped,0.0,0.475,7.64,7.475,0.165,-0.475,16.068,7.64,0.0,0.165,-0.475,0.106,0.0,1,0.0
1,48.2,964,stopped,0.0,0.473,7.617,7.473,0.143,-0.473,16.097,7.617,0.0,0.143,-0.473,0.103,0.0,1,0.0
1,48.25,965,stopped,0.0,0.483,7.593,7.483,0.111,-0.483,15.736,7.593,0.0,0.111,-0.483,0.099,0.0,0,0.05
1,48.3,966,stopped,0.0,0.469,7.571,7.469,0.101,-0.469,16.136,7.571,0.0,0.101,-0.469,0.098,0.0,1,0.0
1,48.35,967,stopped,0.0,0.393,7.549,7.393,0.157,-0.393,19.23,7.549,0.0,0.157,-0.393,0.108,0.0,0,0.05
1,48.4,968,stopped,0.0,0.441,7.528,7.441,0.087,-0.441,17.081,7.528,0.0,0.087,-0.441,0.097,0.0,0,0.1
1,48.45,969,stopped,0.0,0.423,7.508,7.423,0.085,-0.423,17.752,7.508,0.0,0.085,-0.423,0.097,0.0,0,0.15
1,48.5,970,stopped,0.0,0.368,7.49,7.368,0.122,-0.368,20.37,7.49,0.0,0.122,-0.368,0.104,0.0,0,0.2
1,48.55,971,stopped,0.0,0.368,7.471,7.368,0.104,-0.368,20.306,7.471,0.0,0.104,-0.368,0.102,0.0,0,0.25
1,48.6,972,stopped,0.0,0.315,7.455,7.315,0.14,-0.315,23.659,7.455,0.0,0.14,-0.315,0.108,0.0,0,0.3
1,48.65,973,stopped,0.0,0.317,7.438,7.317,0.122,-0.317,23.476,7.438,0.0,0.122,-0.317,0.106,0.0,0,0.35
1,48.7,974,stopped,0.0,0.298,7.423,7.298,0.125,-0.298,24.915,7.423,0.0,0.125,-0.298,0.107,0.0,1,0.0
1,48.75,975,stopped,0.0,0.308,7.408,7.308,0.1,-0.308,24.084,7.408,0.0,0.1,-0.308,0.103,0.0,0,0.05
1,48.8,976,stopped,0.0,0.309,7.393,7.309,0.084,-0.309,23.935,7.393,0.0,0.084,-0.309,0.101,0.0,1,0.0
1,48.85,977,stopped,0.0,0.287,7.378,7.287,0.092,-0.287,25.719,7.378,0.0,0.092,-0.287,0.103,0.0,0,0.05
1,48.9,978,stopped,0.0,0.267,7.365,7.267,0.098,-0.267,27.602,7.365,0.0,0.098,-0.267,0.104,0.0,1,0.0
1,48.95,979,stopped,0.0,0.239,7.351,7.239,0.112,-0.239,30.751,7.351,0.0,0.112,-0.239,0.107,0.0,0,0.05
1,49.0,980,stopped,0.0,0.258,7.338,7.258,0.08,-0.258,28.469,7.338,0.0,0.08,-0.258,0.102,0.0,0,0.1
1,49.05,981,stopped,0.0,0.256,7.325,7.256,0.068,-0.256,28.569,7.325,0.0,0.068,-0.256,0.101,0.0,1,0.0
1,49.1,982,stopped,0.0,0.246,7.312,7.246,0.066,-0.246,29.722,7.312,0.0,0.066,-0.246,0.101,0.0,1,0.0
1,49.15,983,stopped,0.0,0.223,7.301,7.223,0.078,-0.223,32.716,7.301,0.0,0.078,-0.223,0.103,0.0,1,0.0
1,49.2,984,stopped,0.0,0.214,7.29,7.214,0.076,-0.214,34.014,7.29,0.0,0.076,-0.214,0.103,0.0,0,0.05
1,49.25,985,stopped,0.0,0.19,7.279,7.19,0.089,-0.19,38.307,7.279,0.0,0.089,-0.19,0.106,0.0,1,0.0
1,49.3,986,stopped,0.0,0.238,7.268,7.238,0.031,-0.238,30.584,7.268,0.0,0.031,-0.238,0.096,0.0,1,0.0
1,49.35,987,stopped,0.0,0.195,7.258,7.195,0.063,-0.195,37.3,7.258,0.0,0.063,-0.195,0.102,0.0,0,0.05
1,49.4,988,stopped,0.0,0.179,7.249,7.179,0.069,-0.179,40.39,7.249,0.0,0.069,-0.179,0.103,0.0,1,0.0
1,49.45,989,stopped,0.0,0.161,7.24,7.161,0.08,-0.161,45.026,7.24,0.0,0.08,-0.161,0.105,0.0,1,0.0
