episode,time_sec,tick,leader_phase,leader_speed_mps,follower_speed_mps,distance_m,desired_distance_m,spacing_error_m,relative_velocity_mps,thw_sec,observed_distance_m,observed_lead_speed_mps,control_spacing_error_m,control_relative_velocity_mps,throttle,brake,comm_success,time_since_last_comm_success_sec
12,0.05,1,accelerate,0.0,0.0,12.825,7.0,5.825,0.0,128.247,12.825,0.0,5.825,0.0,0.778,0.0,0,0.05
12,0.1,2,accelerate,0.003,0.003,12.825,7.003,5.822,0.0,128.247,12.825,0.003,5.822,0.0,0.778,0.0,1,0.0
12,0.15,3,accelerate,0.001,0.001,12.825,7.001,5.824,0.0,128.247,12.825,0.001,5.824,0.0,0.779,0.0,1,0.0
12,0.2,4,accelerate,0.0,0.0,12.825,7.0,5.825,-0.0,128.247,12.825,0.0,5.825,-0.0,0.78,0.0,1,0.0
12,0.25,5,accelerate,0.0,0.001,12.825,7.001,5.824,-0.0,128.247,12.825,0.0,5.824,-0.0,0.781,0.0,1,0.0
12,0.3,6,accelerate,0.001,0.001,12.825,7.001,5.824,-0.0,128.247,12.825,0.001,5.824,-0.0,0.782,0.0,1,0.0
12,0.35,7,accelerate,0.001,0.001,12.825,7.001,5.824,-0.0,128.247,12.825,0.001,5.824,0.0,0.783,0.0,0,0.05
12,0.4,8,accelerate,0.0,0.0,12.825,7.0,5.824,-0.0,128.247,12.825,0.001,5.824,0.0,0.784,0.0,0,0.1
12,0.45,9,accelerate,0.0,0.0,12.825,7.0,5.824,-0.0,128.247,12.825,0.0,5.824,-0.0,0.785,0.0,1,0.0
12,0.5,10,accelerate,0.0,0.0,12.825,7.0,5.825,-0.0,128.247,12.825,0.0,5.825,0.0,0.786,0.0,0,0.05
12,0.55,11,accelerate,0.0,0.0,12.825,7.0,5.825,-0.0,128.247,12.825,0.0,5.825,-0.0,0.787,0.0,1,0.0
12,0.6,12,accelerate,0.0,0.0,12.825,7.0,5.825,-0.0,128.247,12.825,0.0,5.825,-0.0,0.788,0.0,1,0.0
12,0.65,13,accelerate,0.158,0.305,12.82,7.305,5.515,-0.146,42.097,12.82,0.158,5.515,-0.146,0.743,0.0,1,0.0
12,0.7,14,accelerate,0.518,0.628,12.815,7.628,5.187,-0.11,20.405,12.796,0.158,5.168,-0.47,0.687,0.0,0,0.05
12,0.75,15,accelerate,0.821,0.893,12.812,7.893,4.919,-0.072,14.351,12.812,0.821,4.919,-0.072,0.668,0.0,1,0.0
12,0.8,16,accelerate,1.035,1.026,12.814,8.026,4.788,0.009,12.495,12.766,0.821,4.741,-0.204,0.64,0.0,0,0.05
12,0.85,17,accelerate,1.162,1.144,12.816,8.144,4.672,0.018,11.202,12.816,1.162,4.672,0.018,0.639,0.0,1,0.0
12,0.9,18,accelerate,1.301,1.26,12.82,8.26,4.56,0.041,10.172,12.82,1.301,4.56,0.041,0.626,0.0,1,0.0
12,0.95,19,accelerate,1.417,1.334,12.826,8.334,4.491,0.083,9.614,12.758,1.301,4.424,-0.033,0.606,0.0,0,0.05
12,1.0,20,accelerate,1.543,1.461,12.831,8.461,4.37,0.081,8.782,12.831,1.543,4.37,0.081,0.603,0.0,1,0.0
12,1.05,21,accelerate,1.645,1.514,12.839,8.514,4.325,0.13,8.48,12.839,1.645,4.325,0.13,0.6,0.0,1,0.0
12,1.1,22,accelerate,1.806,1.585,12.851,8.585,4.266,0.221,8.109,12.851,1.806,4.266,0.221,0.596,0.0,1,0.0
12,1.15,23,accelerate,1.917,1.64,12.866,8.64,4.226,0.277,7.845,12.866,1.917,4.226,0.277,0.593,0.0,1,0.0
12,1.2,24,accelerate,2.082,1.769,12.883,8.769,4.114,0.313,7.283,12.883,2.082,4.114,0.313,0.58,0.0,1,0.0
12,1.25,25,accelerate,2.228,1.821,12.904,8.821,4.083,0.407,7.087,12.904,2.228,4.083,0.407,0.58,0.0,1,0.0
12,1.3,26,accelerate,2.418,1.915,12.929,8.915,4.014,0.503,6.75,12.813,2.228,3.898,0.313,0.552,0.0,0,0.05
12,1.35,27,accelerate,2.584,1.97,12.96,8.97,3.99,0.614,6.578,12.96,2.584,3.99,0.614,0.575,0.0,1,0.0
12,1.4,28,accelerate,2.755,2.055,12.996,9.055,3.941,0.7,6.324,12.863,2.584,3.807,0.529,0.549,0.0,0,0.05
12,1.45,29,accelerate,2.842,2.113,13.035,9.113,3.922,0.729,6.168,13.035,2.842,3.922,0.729,0.571,0.0,1,0.0
12,1.5,30,accelerate,2.887,2.204,13.073,9.204,3.869,0.683,5.931,13.073,2.887,3.869,0.683,0.563,0.0,1,0.0
12,1.55,31,accelerate,2.886,2.27,13.108,9.27,3.838,0.616,5.774,13.108,2.886,3.838,0.616,0.558,0.0,1,0.0
12,1.6,32,accelerate,2.919,2.366,13.14,9.366,3.774,0.553,5.554,12.996,2.886,3.63,0.521,0.527,0.0,0,0.05
12,1.65,33,accelerate,2.98,2.42,13.17,9.42,3.751,0.56,5.443,13.17,2.98,3.751,0.56,0.545,0.0,1,0.0
12,1.7,34,accelerate,3.108,2.487,13.202,9.487,3.715,0.621,5.308,13.05,2.98,3.563,0.492,0.519,0.0,0,0.05
12,1.75,35,accelerate,3.256,2.542,13.238,9.542,3.697,0.714,5.209,12.927,2.98,3.386,0.438,0.494,0.0,0,0.1
12,1.8,36,accelerate,3.447,2.633,13.279,9.633,3.646,0.814,5.044,12.8,2.98,3.167,0.347,0.462,0.0,0,0.15
12,1.85,37,accelerate,3.624,2.692,13.325,9.692,3.633,0.932,4.949,13.325,3.624,3.633,0.932,0.544,0.0,1,0.0
12,1.9,38,accelerate,3.752,2.768,13.375,9.768,3.607,0.983,4.832,13.375,3.752,3.607,0.983,0.543,0.0,1,0.0
12,1.95,39,accelerate,3.783,2.83,13.425,9.83,3.595,0.953,4.744,13.425,3.783,3.595,0.953,0.541,0.0,1,0.0
12,2.0,40,accelerate,3.783,2.916,13.472,9.916,3.556,0.867,4.621,13.472,3.783,3.556,0.867,0.534,0.0,1,0.0
12,2.05,41,accelerate,3.797,2.985,13.515,9.985,3.53,0.813,4.528,13.515,3.797,3.53,0.813,0.529,0.0,1,0.0
12,2.1,42,accelerate,3.888,3.073,13.556,10.073,3.484,0.816,4.412,13.556,3.888,3.484,0.816,0.524,0.0,1,0.0
12,2.15,43,accelerate,4.026,3.143,13.6,10.143,3.457,0.882,4.327,13.6,4.026,3.457,0.882,0.523,0.0,1,0.0
12,2.2,44,accelerate,4.199,3.23,13.648,10.23,3.418,0.969,4.226,13.648,4.199,3.418,0.969,0.521,0.0,1,0.0
12,2.25,45,accelerate,4.381,3.3,13.701,10.3,3.4,1.08,4.151,13.701,4.381,3.4,1.08,0.523,0.0,1,0.0
12,2.3,46,accelerate,4.541,3.386,13.758,10.386,3.372,1.155,4.063,13.758,4.541,3.372,1.155,0.522,0.0,1,0.0
12,2.35,47,accelerate,4.619,3.458,13.818,10.458,3.36,1.161,3.996,13.818,4.619,3.36,1.161,0.521,0.0,1,0.0
12,2.4,48,accelerate,4.628,3.543,13.875,10.543,3.332,1.085,3.916,13.875,4.628,3.332,1.085,0.516,0.0,1,0.0
12,2.45,49,accelerate,4.627,3.615,13.928,10.615,3.313,1.012,3.853,13.928,4.627,3.313,1.012,0.511,0.0,1,0.0
12,2.5,50,accelerate,4.685,3.695,13.978,10.695,3.283,0.989,3.783,13.746,4.627,3.051,0.931,0.474,0.0,0,0.05
12,2.55,51,accelerate,4.803,3.748,14.031,10.748,3.283,1.055,3.744,14.031,4.803,3.283,1.055,0.51,0.0,1,0.0
12,2.6,52,accelerate,4.956,3.816,14.087,10.816,3.271,1.14,3.692,13.842,4.803,3.027,0.987,0.474,0.0,0,0.05
12,2.65,53,accelerate,5.128,3.876,14.148,10.876,3.271,1.252,3.65,14.148,5.128,3.271,1.252,0.516,0.0,1,0.0
12,2.7,54,accelerate,5.243,3.942,14.213,10.942,3.271,1.301,3.606,13.953,5.128,3.011,1.186,0.479,0.0,0,0.05
12,2.75,55,accelerate,5.09,3.999,14.272,10.999,3.273,1.091,3.569,14.272,5.09,3.273,1.091,0.512,0.0,1,0.0
12,2.8,56,accelerate,5.093,4.061,14.325,11.061,3.264,1.032,3.527,14.325,5.093,3.264,1.032,0.509,0.0,1,0.0
12,2.85,57,accelerate,5.0,4.12,14.373,11.12,3.252,0.879,3.488,14.373,5.0,3.252,0.879,0.503,0.0,1,0.0
12,2.9,58,accelerate,5.459,4.185,14.43,11.185,3.245,1.274,3.448,14.166,5.0,2.98,0.814,0.465,0.0,0,0.05
12,2.95,59,accelerate,5.818,4.227,14.504,11.227,3.277,1.591,3.431,14.504,5.818,3.277,1.591,0.531,0.0,1,0.0
12,3.0,60,accelerate,5.924,4.289,14.586,11.289,3.297,1.635,3.401,14.292,5.818,3.002,1.529,0.493,0.0,0,0.05
12,3.05,61,accelerate,5.894,4.349,14.665,11.349,3.316,1.544,3.372,14.665,5.894,3.316,1.544,0.536,0.0,1,0.0
12,3.1,62,accelerate,5.845,4.414,14.739,11.414,3.326,1.432,3.34,14.446,5.894,3.033,1.48,0.496,0.0,0,0.05
12,3.15,63,accelerate,5.815,4.476,14.808,11.476,3.332,1.338,3.308,14.808,5.815,3.332,1.338,0.532,0.0,1,0.0
12,3.2,64,accelerate,5.815,4.541,14.873,11.541,3.333,1.274,3.275,14.873,5.815,3.333,1.274,0.531,0.0,1,0.0
12,3.25,65,accelerate,5.848,4.608,14.936,11.608,3.328,1.24,3.241,14.645,5.815,3.037,1.206,0.489,0.0,0,0.05
12,3.3,66,accelerate,5.915,4.672,14.999,11.672,3.326,1.243,3.21,14.999,5.915,3.326,1.243,0.53,0.0,1,0.0
12,3.35,67,accelerate,6.014,4.719,15.062,11.719,3.343,1.295,3.192,15.062,6.014,3.343,1.295,0.534,0.0,1,0.0
12,3.4,68,accelerate,6.142,4.789,15.129,11.789,3.34,1.353,3.159,15.129,6.142,3.34,1.353,0.536,0.0,1,0.0
12,3.45,69,accelerate,6.136,4.86,15.195,11.86,3.335,1.276,3.127,14.888,6.142,3.028,1.282,0.493,0.0,0,0.05
12,3.5,70,accelerate,6.131,4.925,15.256,11.925,3.331,1.206,3.098,15.256,6.131,3.331,1.206,0.531,0.0,1,0.0
12,3.55,71,accelerate,6.633,4.987,15.327,11.987,3.339,1.646,3.073,15.327,6.633,3.339,1.646,0.548,0.0,1,0.0
12,3.6,72,accelerate,7.16,5.055,15.424,12.055,3.369,2.105,3.051,15.424,7.16,3.369,2.105,0.568,0.0,1,0.0
12,3.65,73,accelerate,7.555,5.085,15.54,12.085,3.455,2.47,3.056,15.169,7.16,3.084,2.075,0.529,0.0,0,0.05
12,3.7,74,accelerate,7.722,4.989,15.673,11.989,3.683,2.733,3.141,15.673,7.722,3.683,2.733,0.632,0.0,1,0.0
12,3.75,75,accelerate,7.703,5.042,15.806,12.042,3.764,2.661,3.135,15.806,7.703,3.764,2.661,0.641,0.0,1,0.0
12,3.8,76,accelerate,7.626,5.04,15.938,12.04,3.898,2.585,3.162,15.555,7.703,3.515,2.662,0.608,0.0,0,0.05
12,3.85,77,accelerate,7.518,5.138,16.059,12.138,3.92,2.379,3.125,16.059,7.518,3.92,2.379,0.653,0.0,1,0.0
12,3.9,78,accelerate,7.405,5.103,16.175,12.103,4.072,2.302,3.17,16.175,7.405,4.072,2.302,0.672,0.0,1,0.0
12,3.95,79,accelerate,7.305,5.079,16.288,12.079,4.209,2.226,3.207,16.288,7.305,4.209,2.226,0.688,0.0,1,0.0
12,4.0,80,accelerate,7.248,5.075,16.397,12.075,4.322,2.172,3.231,16.397,7.248,4.322,2.172,0.702,0.0,1,0.0
12,4.05,81,accelerate,7.239,5.094,16.505,12.094,4.412,2.146,3.24,16.505,7.239,4.412,2.146,0.714,0.0,1,0.0
12,4.1,82,accelerate,7.276,5.137,16.612,12.137,4.476,2.139,3.234,16.249,7.239,4.113,2.103,0.673,0.0,0,0.05
12,4.15,83,accelerate,7.341,5.211,16.719,12.211,4.508,2.13,3.208,15.99,7.239,3.779,2.029,0.627,0.0,0,0.1
12,4.2,84,accelerate,7.448,5.302,16.826,12.302,4.524,2.146,3.173,16.826,7.448,4.524,2.146,0.731,0.0,1,0.0
12,4.25,85,accelerate,7.583,5.405,16.934,12.405,4.529,2.178,3.133,16.557,7.448,4.153,2.043,0.679,0.0,0,0.05
12,4.3,86,accelerate,7.741,5.53,17.044,12.53,4.513,2.21,3.082,17.044,7.741,4.513,2.21,0.733,0.0,1,0.0
12,4.35,87,accelerate,7.905,5.67,17.155,12.67,4.484,2.235,3.025,17.155,7.905,4.484,2.235,0.731,0.0,1,0.0
12,4.4,88,accelerate,8.086,5.83,17.267,12.83,4.437,2.257,2.962,17.267,8.086,4.437,2.257,0.726,0.0,1,0.0
12,4.45,89,accelerate,8.279,5.82,17.385,12.82,4.565,2.458,2.987,16.976,8.086,4.155,2.266,0.689,0.0,0,0.05
12,4.5,90,accelerate,8.479,5.815,17.514,12.815,4.7,2.664,3.012,16.685,8.086,3.87,2.272,0.652,0.0,0,0.1
12,4.55,91,accelerate,8.672,6.332,17.641,13.332,4.309,2.34,2.786,16.383,8.086,3.051,1.754,0.526,0.0,0,0.15
12,4.6,92,accelerate,8.875,6.842,17.745,13.842,3.903,2.033,2.593,17.745,8.875,3.903,2.033,0.65,0.0,1,0.0
12,4.65,93,accelerate,9.083,7.203,17.84,14.203,3.637,1.88,2.477,17.84,9.083,3.637,1.88,0.61,0.0,1,0.0
12,4.7,94,accelerate,9.294,7.437,17.931,14.437,3.493,1.857,2.411,17.931,9.294,3.493,1.857,0.59,0.0,1,0.0
12,4.75,95,accelerate,9.471,7.596,18.023,14.596,3.427,1.875,2.373,18.023,9.471,3.427,1.875,0.583,0.0,1,0.0
12,4.8,96,accelerate,9.572,7.737,18.113,14.737,3.375,1.835,2.341,18.113,9.572,3.375,1.835,0.575,0.0,1,0.0
12,4.85,97,accelerate,9.588,7.864,18.198,14.864,3.335,1.724,2.314,17.722,9.572,2.859,1.709,0.502,0.0,0,0.05
12,4.9,98,accelerate,9.536,7.973,18.276,14.973,3.303,1.563,2.292,17.326,9.572,2.353,1.599,0.432,0.0,0,0.1
12,4.95,99,accelerate,9.505,8.057,18.346,15.057,3.288,1.448,2.277,18.346,9.505,3.288,1.448,0.552,0.0,1,0.0
12,5.0,100,accelerate,9.53,8.124,18.412,15.124,3.288,1.406,2.266,17.941,9.505,2.817,1.381,0.487,0.0,0,0.05
12,5.05,101,accelerate,9.595,8.186,18.477,15.186,3.291,1.409,2.257,18.477,9.595,3.291,1.409,0.552,0.0,1,0.0
12,5.1,102,accelerate,9.682,8.243,18.542,15.243,3.299,1.439,2.249,18.066,9.595,2.823,1.352,0.488,0.0,0,0.05
12,5.15,103,accelerate,9.807,8.298,18.609,15.298,3.31,1.509,2.242,18.609,9.807,3.31,1.509,0.559,0.0,1,0.0
12,5.2,104,accelerate,9.966,8.351,18.679,15.351,3.328,1.615,2.237,18.679,9.966,3.328,1.615,0.565,0.0,1,0.0
12,5.25,105,accelerate,10.118,8.408,18.753,15.408,3.345,1.71,2.23,18.753,10.118,3.345,1.71,0.571,0.0,1,0.0
12,5.3,106,accelerate,10.302,8.471,18.831,15.471,3.361,1.831,2.223,18.332,10.118,2.861,1.648,0.505,0.0,0,0.05
12,5.35,107,accelerate,10.492,8.533,18.915,15.533,3.382,1.959,2.217,17.908,10.118,2.375,1.586,0.439,0.0,0,0.1
12,5.4,108,accelerate,10.664,8.583,19.004,15.583,3.421,2.081,2.214,19.004,10.664,3.421,2.081,0.595,0.0,1,0.0
12,5.45,109,accelerate,10.69,8.626,19.092,15.626,3.466,2.064,2.213,19.092,10.69,3.466,2.064,0.601,0.0,1,0.0
12,5.5,110,accelerate,10.644,8.681,19.178,15.681,3.496,1.963,2.209,19.178,10.644,3.496,1.963,0.603,0.0,1,0.0
12,5.55,111,accelerate,10.944,8.747,19.266,15.747,3.519,2.196,2.203,19.266,10.944,3.519,2.196,0.614,0.0,1,0.0
12,5.6,112,accelerate,11.276,8.823,19.369,15.823,3.546,2.453,2.195,19.369,11.276,3.546,2.453,0.627,0.0,1,0.0
12,5.65,113,accelerate,11.476,8.908,19.477,15.908,3.57,2.569,2.187,18.929,11.276,3.021,2.368,0.554,0.0,0,0.05
12,5.7,114,accelerate,11.466,8.995,19.582,15.995,3.587,2.471,2.177,19.582,11.466,3.587,2.471,0.634,0.0,1,0.0
12,5.75,115,accelerate,11.413,9.082,19.679,16.082,3.597,2.331,2.167,19.135,11.466,3.054,2.385,0.56,0.0,0,0.05
12,5.8,116,accelerate,11.355,9.171,19.77,16.171,3.599,2.183,2.156,18.684,11.466,2.513,2.295,0.486,0.0,0,0.1
12,5.85,117,accelerate,11.294,9.249,19.854,16.249,3.605,2.045,2.147,19.854,11.294,3.605,2.045,0.624,0.0,1,0.0
12,5.9,118,accelerate,11.275,9.318,19.93,16.318,3.613,1.957,2.139,19.93,11.275,3.613,1.957,0.622,0.0,1,0.0
12,5.95,119,accelerate,11.316,9.394,20.005,16.394,3.611,1.922,2.13,20.005,11.316,3.611,1.922,0.622,0.0,1,0.0
12,6.0,120,accelerate,11.396,9.481,20.08,16.481,3.599,1.914,2.118,20.08,11.396,3.599,1.914,0.62,0.0,1,0.0
12,6.05,121,accelerate,11.469,9.575,20.155,16.575,3.58,1.894,2.105,20.155,11.469,3.58,1.894,0.618,0.0,1,0.0
12,6.1,122,accelerate,11.57,9.672,20.229,16.672,3.557,1.899,2.092,20.229,11.57,3.557,1.899,0.615,0.0,1,0.0
12,6.15,123,accelerate,11.639,9.759,20.299,16.759,3.541,1.88,2.08,19.758,11.57,2.999,1.811,0.539,0.0,0,0.05
12,6.2,124,accelerate,11.773,9.853,20.369,16.853,3.515,1.919,2.067,20.369,11.773,3.515,1.919,0.612,0.0,1,0.0
12,6.25,125,accelerate,11.913,9.94,20.444,16.94,3.504,1.973,2.057,19.892,11.773,2.952,1.833,0.534,0.0,0,0.05
12,6.3,126,accelerate,12.031,10.01,20.521,17.01,3.511,2.021,2.05,20.521,12.031,3.511,2.021,0.615,0.0,1,0.0
12,6.35,127,accelerate,12.157,10.088,20.599,17.088,3.511,2.069,2.042,20.04,12.031,2.951,1.943,0.539,0.0,0,0.05
12,6.4,128,accelerate,12.305,10.165,20.683,17.165,3.518,2.14,2.035,19.555,12.031,2.39,1.866,0.462,0.0,0,0.1
12,6.45,129,accelerate,12.41,10.228,20.77,17.228,3.542,2.182,2.031,20.77,12.41,3.542,2.182,0.626,0.0,1,0.0
12,6.5,130,accelerate,12.543,10.266,20.86,17.266,3.594,2.277,2.032,20.86,12.543,3.594,2.277,0.637,0.0,1,0.0
12,6.55,131,accelerate,12.688,10.33,20.956,17.33,3.625,2.357,2.029,20.374,12.543,3.044,2.213,0.562,0.0,0,0.05
12,6.6,132,accelerate,12.796,10.404,21.055,17.404,3.651,2.392,2.024,21.055,12.796,3.651,2.392,0.65,0.0,1,0.0
12,6.65,133,accelerate,12.924,10.464,21.155,17.464,3.691,2.459,2.022,20.566,12.796,3.101,2.332,0.575,0.0,0,0.05
12,6.7,134,accelerate,13.005,10.546,21.255,17.546,3.708,2.458,2.015,21.255,13.005,3.708,2.458,0.661,0.0,1,0.0
12,6.75,135,accelerate,13.139,10.637,21.355,17.637,3.719,2.502,2.008,20.761,13.005,3.125,2.368,0.58,0.0,0,0.05
12,6.8,136,accelerate,13.289,10.71,21.462,17.71,3.753,2.58,2.004,20.263,13.005,2.553,2.295,0.502,0.0,0,0.1
12,6.85,137,accelerate,13.401,10.786,21.571,17.786,3.785,2.615,2.0,19.759,13.005,1.972,2.218,0.422,0.0,0,0.15
12,6.9,138,accelerate,13.524,10.837,21.683,17.837,3.846,2.686,2.001,21.683,13.524,3.846,2.686,0.689,0.0,1,0.0
12,6.95,139,accelerate,13.598,10.877,21.798,17.877,3.921,2.722,2.004,21.185,13.524,3.309,2.647,0.616,0.0,0,0.05
12,7.0,140,accelerate,13.729,10.913,21.915,17.913,4.002,2.816,2.008,21.915,13.729,4.002,2.816,0.715,0.0,1,0.0
12,7.05,141,accelerate,13.878,10.981,22.038,17.981,4.057,2.897,2.007,21.414,13.729,3.433,2.747,0.637,0.0,0,0.05
12,7.1,142,accelerate,13.987,11.076,22.165,18.076,4.089,2.911,2.001,20.909,13.729,2.833,2.652,0.555,0.0,0,0.1
12,7.15,143,accelerate,14.108,11.145,22.293,18.145,4.148,2.963,2.0,22.293,14.108,4.148,2.963,0.741,0.0,1,0.0
12,7.2,144,accelerate,14.177,11.23,22.418,18.23,4.189,2.948,1.996,22.418,14.177,4.189,2.948,0.747,0.0,1,0.0
12,7.25,145,accelerate,14.301,11.352,22.544,18.352,4.193,2.949,1.986,22.544,14.301,4.193,2.949,0.748,0.0,1,0.0
12,7.3,146,accelerate,14.446,11.301,22.68,18.301,4.378,3.145,2.007,22.68,14.446,4.378,3.145,0.78,0.0,1,0.0
12,7.35,147,accelerate,14.541,11.292,22.822,18.292,4.53,3.249,2.021,22.822,14.541,4.53,3.249,0.804,0.0,1,0.0
12,7.4,148,accelerate,14.638,11.634,22.963,18.634,4.329,3.004,1.974,22.963,14.638,4.329,3.004,0.77,0.0,1,0.0
12,7.45,149,accelerate,14.677,11.935,23.091,18.935,4.156,2.741,1.935,23.091,14.677,4.156,2.741,0.739,0.0,1,0.0
12,7.5,150,accelerate,14.762,12.201,23.208,19.201,4.007,2.561,1.902,23.208,14.762,4.007,2.561,0.714,0.0,1,0.0
12,7.55,151,accelerate,14.873,12.374,23.325,19.374,3.952,2.5,1.885,22.657,14.762,3.284,2.389,0.612,0.0,0,0.05
12,7.6,152,accelerate,14.968,12.555,23.441,19.555,3.886,2.414,1.867,23.441,14.968,3.886,2.414,0.694,0.0,1,0.0
12,7.65,153,accelerate,15.096,12.715,23.56,19.715,3.845,2.381,1.853,23.56,15.096,3.845,2.381,0.688,0.0,1,0.0
12,7.7,154,accelerate,15.202,12.828,23.682,19.828,3.854,2.374,1.846,22.992,15.096,3.164,2.269,0.594,0.0,0,0.05
12,7.75,155,accelerate,15.338,12.933,23.807,19.933,3.874,2.405,1.841,22.414,15.096,2.48,2.163,0.5,0.0,0,0.1
12,7.8,156,accelerate,15.45,12.968,23.937,19.968,3.969,2.482,1.846,23.937,15.45,3.969,2.482,0.709,0.0,1,0.0
12,7.85,157,accelerate,15.552,13.041,24.072,20.041,4.031,2.511,1.846,24.072,15.552,4.031,2.511,0.719,0.0,1,0.0
12,7.9,158,accelerate,15.632,13.143,24.215,20.143,4.073,2.49,1.843,23.488,15.552,3.345,2.409,0.625,0.0,0,0.05
12,7.95,159,accelerate,15.689,13.211,24.361,20.211,4.15,2.477,1.844,24.361,15.689,4.15,2.477,0.735,0.0,1,0.0
12,8.0,160,accelerate,15.771,13.294,24.51,20.294,4.216,2.477,1.844,24.51,15.771,4.216,2.477,0.745,0.0,1,0.0
12,8.05,161,accelerate,15.866,13.408,24.663,20.408,4.256,2.458,1.839,24.663,15.866,4.256,2.458,0.749,0.0,1,0.0
12,8.1,162,accelerate,15.981,13.49,24.821,20.49,4.331,2.491,1.84,24.821,15.981,4.331,2.491,0.761,0.0,1,0.0
12,8.15,163,accelerate,16.008,13.604,24.981,20.604,4.377,2.404,1.836,24.214,15.981,3.61,2.377,0.661,0.0,0,0.05
12,8.2,164,accelerate,16.003,13.668,25.136,20.668,4.468,2.334,1.839,25.136,16.003,4.468,2.334,0.774,0.0,1,0.0
12,8.25,165,accelerate,16.106,13.783,25.29,20.783,4.507,2.322,1.835,24.515,16.003,3.732,2.219,0.672,0.0,0,0.05
12,8.3,166,accelerate,16.314,13.916,25.451,20.916,4.535,2.397,1.829,25.451,16.314,4.535,2.397,0.785,0.0,1,0.0
12,8.35,167,accelerate,16.49,14.01,25.619,21.01,4.609,2.48,1.829,25.619,16.49,4.609,2.48,0.797,0.0,1,0.0
12,8.4,168,accelerate,16.643,14.126,25.789,21.126,4.663,2.517,1.826,24.978,16.49,3.853,2.364,0.692,0.0,0,0.05
12,8.45,169,accelerate,16.774,14.194,25.96,21.194,4.765,2.58,1.829,25.96,16.774,4.765,2.58,0.821,0.0,1,0.0
12,8.5,170,accelerate,16.87,14.319,26.131,21.319,4.812,2.551,1.825,26.131,16.87,4.812,2.551,0.827,0.0,1,0.0
12,8.55,171,cruise,16.934,14.406,26.297,21.406,4.891,2.528,1.825,26.297,16.934,4.891,2.528,0.836,0.0,1,0.0
12,8.6,172,cruise,16.988,14.556,26.459,21.556,4.903,2.432,1.818,26.459,16.988,4.903,2.432,0.835,0.0,1,0.0
12,8.65,173,cruise,17.05,14.735,26.615,21.735,4.88,2.315,1.806,26.615,17.05,4.88,2.315,0.828,0.0,1,0.0
12,8.7,174,cruise,17.129,14.881,26.767,21.881,4.886,2.248,1.799,26.767,17.129,4.886,2.248,0.826,0.0,1,0.0
12,8.75,175,cruise,17.219,14.951,26.914,21.951,4.963,2.267,1.8,26.914,17.219,4.963,2.267,0.837,0.0,1,0.0
12,8.8,176,cruise,17.316,14.856,27.065,21.856,5.209,2.46,1.822,26.206,17.219,4.35,2.363,0.759,0.0,0,0.05
12,8.85,177,cruise,17.413,14.902,27.219,21.902,5.316,2.511,1.826,25.495,17.219,3.593,2.317,0.656,0.0,0,0.1
12,8.9,178,cruise,17.494,15.066,27.365,22.066,5.299,2.428,1.816,27.365,17.494,5.299,2.428,0.887,0.0,1,0.0
12,8.95,179,cruise,17.52,15.241,27.503,22.241,5.262,2.279,1.805,27.503,17.52,5.262,2.279,0.878,0.0,1,0.0
12,9.0,180,cruise,17.475,15.347,27.629,22.347,5.281,2.128,1.8,27.629,17.475,5.281,2.128,0.875,0.0,1,0.0
12,9.05,181,cruise,17.403,15.501,27.741,22.501,5.24,1.902,1.79,26.871,17.475,4.371,1.974,0.749,0.0,0,0.05
12,9.1,182,cruise,17.325,15.668,27.839,22.668,5.171,1.657,1.777,26.103,17.475,3.435,1.806,0.618,0.0,0,0.1
12,9.15,183,cruise,17.272,15.773,27.925,22.773,5.153,1.5,1.77,27.925,17.272,5.153,1.5,0.837,0.0,1,0.0
12,9.2,184,cruise,17.265,15.891,28.003,22.891,5.112,1.373,1.762,28.003,17.265,5.112,1.373,0.827,0.0,1,0.0
12,9.25,185,cruise,17.298,15.991,28.075,22.991,5.084,1.307,1.756,27.212,17.265,4.221,1.274,0.705,0.0,0,0.05
12,9.3,186,cruise,17.357,16.115,28.142,23.115,5.027,1.241,1.746,26.413,17.265,3.298,1.149,0.578,0.0,0,0.1
12,9.35,187,cruise,17.421,16.199,28.207,23.199,5.008,1.222,1.741,28.207,17.421,5.008,1.222,0.808,0.0,1,0.0
12,9.4,188,cruise,17.461,16.294,28.27,23.294,4.976,1.167,1.735,27.398,17.421,4.104,1.127,0.685,0.0,0,0.05
12,9.45,189,cruise,17.459,16.392,28.328,23.392,4.936,1.067,1.728,26.583,17.421,3.191,1.029,0.56,0.0,0,0.1
12,9.5,190,cruise,17.422,16.456,28.38,23.456,4.924,0.967,1.725,28.38,17.422,4.924,0.967,0.789,0.0,1,0.0
12,9.55,191,cruise,17.37,16.535,28.426,23.535,4.891,0.836,1.719,28.426,17.37,4.891,0.836,0.78,0.0,1,0.0
12,9.6,192,cruise,17.326,16.615,28.465,23.615,4.851,0.711,1.713,28.465,17.326,4.851,0.711,0.77,0.0,1,0.0
12,9.65,193,cruise,17.307,16.718,28.498,23.718,4.78,0.59,1.705,28.498,17.307,4.78,0.59,0.757,0.0,1,0.0
12,9.7,194,cruise,17.323,16.818,28.526,23.818,4.708,0.505,1.696,28.526,17.323,4.708,0.505,0.745,0.0,1,0.0
12,9.75,195,cruise,17.362,16.927,28.549,23.927,4.622,0.435,1.687,27.682,17.323,3.755,0.396,0.614,0.0,0,0.05
12,9.8,196,cruise,17.404,17.028,28.57,24.028,4.542,0.376,1.678,28.57,17.404,4.542,0.376,0.718,0.0,1,0.0
12,9.85,197,cruise,17.43,17.111,28.588,24.111,4.477,0.319,1.671,28.588,17.43,4.477,0.319,0.708,0.0,1,0.0
12,9.9,198,cruise,17.429,17.205,28.602,24.205,4.396,0.224,1.662,28.602,17.429,4.396,0.224,0.694,0.0,1,0.0
12,9.95,199,cruise,17.406,17.295,28.61,24.295,4.315,0.111,1.654,28.61,17.406,4.315,0.111,0.679,0.0,1,0.0
12,10.0,200,cruise,17.373,17.386,28.612,24.386,4.226,-0.013,1.646,27.743,17.406,3.357,0.02,0.548,0.0,0,0.05
12,10.05,201,cruise,17.347,17.464,28.608,24.464,4.144,-0.117,1.638,28.608,17.347,4.144,-0.117,0.649,0.0,1,0.0
12,10.1,202,cruise,17.337,17.534,28.6,24.534,4.067,-0.196,1.631,28.6,17.337,4.067,-0.196,0.636,0.0,1,0.0
12,10.15,203,cruise,17.348,17.601,28.589,24.601,3.987,-0.254,1.624,28.589,17.348,3.987,-0.254,0.623,0.0,1,0.0
12,10.2,204,cruise,17.371,17.669,28.575,24.669,3.906,-0.298,1.617,28.575,17.371,3.906,-0.298,0.611,0.0,1,0.0
12,10.25,205,cruise,17.394,17.732,28.559,24.732,3.827,-0.338,1.611,28.559,17.394,3.827,-0.338,0.599,0.0,1,0.0
12,10.3,206,cruise,17.407,17.793,28.541,24.793,3.748,-0.386,1.604,28.541,17.407,3.748,-0.386,0.587,0.0,1,0.0
12,10.35,207,cruise,17.405,17.85,28.52,24.85,3.67,-0.445,1.598,27.649,17.407,2.799,-0.443,0.458,0.0,0,0.05
12,10.4,208,cruise,17.391,17.895,28.496,24.895,3.601,-0.504,1.592,28.496,17.391,3.601,-0.504,0.563,0.0,1,0.0
12,10.45,209,cruise,17.374,17.931,28.469,24.931,3.538,-0.557,1.588,28.469,17.374,3.538,-0.557,0.553,0.0,1,0.0
12,10.5,210,cruise,17.361,17.966,28.44,24.966,3.474,-0.605,1.583,27.572,17.374,2.605,-0.592,0.428,0.0,0,0.05
12,10.55,211,cruise,17.358,17.994,28.409,24.994,3.414,-0.636,1.579,28.409,17.358,3.414,-0.636,0.534,0.0,1,0.0
12,10.6,212,cruise,17.364,18.014,28.376,25.014,3.363,-0.65,1.575,27.508,17.358,2.494,-0.656,0.411,0.0,0,0.05
12,10.65,213,cruise,17.376,18.029,28.344,25.029,3.315,-0.653,1.572,26.607,17.358,1.578,-0.671,0.288,0.0,0,0.1
12,10.7,214,cruise,17.387,18.025,28.312,25.025,3.287,-0.638,1.571,28.312,17.387,3.287,-0.638,0.517,0.0,1,0.0
12,10.75,215,cruise,17.393,18.01,28.28,25.01,3.271,-0.617,1.57,27.411,17.387,2.401,-0.622,0.399,0.0,0,0.05
12,10.8,216,cruise,17.391,17.999,28.25,24.999,3.251,-0.608,1.57,26.511,17.387,1.511,-0.612,0.281,0.0,0,0.1
12,10.85,217,cruise,17.384,17.979,28.22,24.979,3.241,-0.595,1.57,28.22,17.384,3.241,-0.595,0.512,0.0,1,0.0
12,10.9,218,cruise,17.375,17.952,28.191,24.952,3.239,-0.577,1.57,28.191,17.375,3.239,-0.577,0.513,0.0,1,0.0
12,10.95,219,cruise,17.369,17.94,28.162,24.94,3.222,-0.571,1.57,28.162,17.369,3.222,-0.571,0.511,0.0,1,0.0
12,11.0,220,cruise,17.368,17.94,28.134,24.94,3.194,-0.572,1.568,28.134,17.368,3.194,-0.572,0.507,0.0,1,0.0
12,11.05,221,cruise,17.372,17.946,28.105,24.946,3.158,-0.574,1.566,28.105,17.372,3.158,-0.574,0.502,0.0,1,0.0
12,11.1,222,cruise,17.378,17.957,28.076,24.957,3.119,-0.579,1.564,28.076,17.378,3.119,-0.579,0.497,0.0,1,0.0
12,11.15,223,cruise,17.383,17.969,28.047,24.969,3.078,-0.586,1.561,27.178,17.378,2.209,-0.591,0.375,0.0,0,0.05
12,11.2,224,cruise,17.386,17.975,28.017,24.975,3.043,-0.589,1.559,28.017,17.386,3.043,-0.589,0.486,0.0,1,0.0
12,11.25,225,cruise,17.384,17.974,27.988,24.974,3.014,-0.59,1.557,27.119,17.386,2.144,-0.589,0.366,0.0,0,0.05
12,11.3,226,cruise,17.38,17.971,27.958,24.971,2.988,-0.59,1.556,27.958,17.38,2.988,-0.59,0.479,0.0,1,0.0
12,11.35,227,cruise,17.376,17.963,27.929,24.963,2.966,-0.587,1.555,27.929,17.376,2.966,-0.587,0.476,0.0,1,0.0
12,11.4,228,cruise,17.374,17.961,27.9,24.961,2.939,-0.587,1.553,27.9,17.374,2.939,-0.587,0.472,0.0,1,0.0
12,11.45,229,cruise,17.373,17.962,27.87,24.962,2.909,-0.588,1.552,27.002,17.374,2.04,-0.588,0.352,0.0,0,0.05
12,11.5,230,cruise,17.376,17.958,27.841,24.958,2.883,-0.582,1.55,27.841,17.376,2.883,-0.582,0.465,0.0,1,0.0
12,11.55,231,cruise,17.379,17.948,27.812,24.948,2.865,-0.569,1.55,27.812,17.379,2.865,-0.569,0.463,0.0,1,0.0
12,11.6,232,cruise,17.381,17.943,27.784,24.943,2.842,-0.561,1.548,26.915,17.379,1.973,-0.564,0.344,0.0,0,0.05
12,11.65,233,cruise,17.382,17.933,27.756,24.933,2.823,-0.551,1.548,26.018,17.379,1.085,-0.555,0.226,0.0,0,0.1
12,11.7,234,cruise,17.381,17.907,27.729,24.907,2.822,-0.526,1.549,27.729,17.381,2.822,-0.526,0.459,0.0,1,0.0
12,11.75,235,cruise,17.379,17.87,27.704,24.87,2.834,-0.491,1.55,27.704,17.379,2.834,-0.491,0.462,0.0,1,0.0
12,11.8,236,cruise,17.377,17.846,27.68,24.846,2.835,-0.469,1.551,27.68,17.377,2.835,-0.469,0.462,0.0,1,0.0
12,11.85,237,cruise,17.376,17.831,27.657,24.831,2.826,-0.455,1.551,26.789,17.377,1.958,-0.454,0.346,0.0,0,0.05
12,11.9,238,cruise,17.376,17.816,27.635,24.816,2.819,-0.44,1.551,25.898,17.377,1.081,-0.439,0.23,0.0,0,0.1
12,11.95,239,cruise,17.377,17.787,27.614,24.787,2.827,-0.409,1.553,27.614,17.377,2.827,-0.409,0.463,0.0,1,0.0
12,12.0,240,cruise,17.379,17.748,27.595,24.748,2.846,-0.37,1.555,27.595,17.379,2.846,-0.37,0.467,0.0,1,0.0
12,12.05,241,cruise,17.38,17.724,27.577,24.724,2.853,-0.344,1.556,27.577,17.38,2.853,-0.344,0.469,0.0,1,0.0
12,12.1,242,cruise,17.38,17.71,27.56,24.71,2.85,-0.33,1.556,27.56,17.38,2.85,-0.33,0.469,0.0,1,0.0
12,12.15,243,cruise,17.38,17.704,27.544,24.704,2.84,-0.324,1.556,26.675,17.38,1.971,-0.324,0.352,0.0,0,0.05
12,12.2,244,cruise,17.379,17.695,27.528,24.695,2.833,-0.316,1.556,27.528,17.379,2.833,-0.316,0.467,0.0,1,0.0
12,12.25,245,cruise,17.378,17.683,27.513,24.683,2.83,-0.305,1.556,26.644,17.379,1.961,-0.304,0.351,0.0,0,0.05
12,12.3,246,cruise,17.377,17.67,27.498,24.67,2.828,-0.293,1.556,27.498,17.377,2.828,-0.293,0.467,0.0,1,0.0
12,12.35,247,cruise,17.377,17.655,27.483,24.655,2.828,-0.278,1.557,27.483,17.377,2.828,-0.278,0.468,0.0,1,0.0
12,12.4,248,cruise,17.378,17.648,27.47,24.648,2.822,-0.27,1.557,26.601,17.377,1.953,-0.27,0.351,0.0,0,0.05
12,12.45,249,cruise,17.379,17.638,27.457,24.638,2.818,-0.26,1.557,25.719,17.377,1.081,-0.261,0.235,0.0,0,0.1
12,12.5,250,cruise,17.379,17.613,27.444,24.613,2.831,-0.234,1.558,27.444,17.379,2.831,-0.234,0.47,0.0,1,0.0
12,12.55,251,cruise,17.379,17.579,27.434,24.579,2.855,-0.199,1.561,27.434,17.379,2.855,-0.199,0.474,0.0,1,0.0
12,12.6,252,cruise,17.379,17.558,27.424,24.558,2.867,-0.179,1.562,27.424,17.379,2.867,-0.179,0.476,0.0,1,0.0
12,12.65,253,cruise,17.378,17.547,27.416,24.547,2.869,-0.169,1.562,26.547,17.379,2.0,-0.168,0.361,0.0,0,0.05
12,12.7,254,cruise,17.378,17.537,27.408,24.537,2.87,-0.159,1.563,27.408,17.378,2.87,-0.159,0.477,0.0,1,0.0
12,12.75,255,cruise,17.378,17.525,27.4,24.525,2.874,-0.148,1.563,27.4,17.378,2.874,-0.148,0.478,0.0,1,0.0
12,12.8,256,cruise,17.378,17.521,27.393,24.521,2.871,-0.144,1.563,27.393,17.378,2.871,-0.144,0.478,0.0,1,0.0
12,12.85,257,cruise,17.378,17.522,27.386,24.522,2.863,-0.144,1.563,27.386,17.378,2.863,-0.144,0.477,0.0,1,0.0
12,12.9,258,cruise,17.379,17.526,27.378,24.526,2.852,-0.148,1.562,27.378,17.379,2.852,-0.148,0.475,0.0,1,0.0
12,12.95,259,cruise,17.379,17.532,27.371,24.532,2.839,-0.153,1.561,26.502,17.379,1.97,-0.154,0.358,0.0,0,0.05
12,13.0,260,cruise,17.379,17.532,27.363,24.532,2.831,-0.153,1.561,27.363,17.379,2.831,-0.153,0.472,0.0,1,0.0
12,13.05,261,cruise,17.379,17.526,27.355,24.526,2.829,-0.147,1.561,27.355,17.379,2.829,-0.147,0.472,0.0,1,0.0
12,13.1,262,cruise,17.378,17.525,27.348,24.525,2.823,-0.147,1.561,26.479,17.379,1.954,-0.146,0.356,0.0,0,0.05
12,13.15,263,cruise,17.378,17.52,27.341,24.52,2.821,-0.142,1.561,27.341,17.378,2.821,-0.142,0.471,0.0,1,0.0
12,13.2,264,cruise,17.378,17.511,27.334,24.511,2.823,-0.133,1.561,27.334,17.378,2.823,-0.133,0.472,0.0,1,0.0
12,13.25,265,cruise,17.378,17.508,27.328,24.508,2.819,-0.13,1.561,26.459,17.378,1.95,-0.13,0.356,0.0,0,0.05
12,13.3,266,cruise,17.378,17.502,27.321,24.502,2.819,-0.124,1.561,27.321,17.378,2.819,-0.124,0.472,0.0,1,0.0
12,13.35,267,cruise,17.378,17.492,27.315,24.492,2.823,-0.114,1.562,27.315,17.378,2.823,-0.114,0.473,0.0,1,0.0
12,13.4,268,cruise,17.379,17.489,27.31,24.489,2.821,-0.11,1.562,27.31,17.379,2.821,-0.11,0.472,0.0,1,0.0
12,13.45,269,cruise,17.379,17.49,27.304,24.49,2.815,-0.111,1.561,27.304,17.379,2.815,-0.111,0.472,0.0,1,0.0
12,13.5,270,cruise,17.378,17.493,27.299,24.493,2.806,-0.114,1.561,27.299,17.378,2.806,-0.114,0.47,0.0,1,0.0
12,13.55,271,cruise,17.378,17.497,27.293,24.497,2.795,-0.119,1.56,27.293,17.378,2.795,-0.119,0.469,0.0,1,0.0
12,13.6,272,cruise,17.378,17.503,27.287,24.503,2.784,-0.124,1.559,27.287,17.378,2.784,-0.124,0.467,0.0,1,0.0
12,13.65,273,cruise,17.378,17.508,27.28,24.508,2.772,-0.13,1.558,27.28,17.378,2.772,-0.13,0.465,0.0,1,0.0
12,13.7,274,cruise,17.378,17.514,27.274,24.514,2.76,-0.135,1.557,27.274,17.378,2.76,-0.135,0.463,0.0,1,0.0
12,13.75,275,cruise,17.378,17.519,27.267,24.519,2.748,-0.141,1.556,27.267,17.378,2.748,-0.141,0.462,0.0,1,0.0
12,13.8,276,cruise,17.378,17.524,27.259,24.524,2.736,-0.145,1.556,27.259,17.378,2.736,-0.145,0.46,0.0,1,0.0
12,13.85,277,cruise,17.378,17.528,27.252,24.528,2.724,-0.15,1.555,27.252,17.378,2.724,-0.15,0.458,0.0,1,0.0
12,13.9,278,cruise,17.378,17.532,27.244,24.532,2.713,-0.153,1.554,26.376,17.378,1.844,-0.153,0.341,0.0,0,0.05
12,13.95,279,cruise,17.378,17.528,27.237,24.528,2.708,-0.15,1.554,25.499,17.378,0.971,-0.15,0.224,0.0,0,0.1
12,14.0,280,cruise,17.378,17.506,27.23,24.506,2.724,-0.128,1.555,27.23,17.378,2.724,-0.128,0.459,0.0,1,0.0
12,14.05,281,cruise,17.378,17.472,27.225,24.472,2.753,-0.094,1.558,27.225,17.378,2.753,-0.094,0.464,0.0,1,0.0
12,14.1,282,cruise,17.378,17.45,27.221,24.45,2.771,-0.072,1.56,27.221,17.378,2.771,-0.072,0.467,0.0,1,0.0
12,14.15,283,cruise,17.378,17.438,27.217,24.438,2.779,-0.06,1.561,27.217,17.378,2.779,-0.06,0.469,0.0,1,0.0
12,14.2,284,cruise,17.378,17.433,27.215,24.433,2.782,-0.055,1.561,27.215,17.378,2.782,-0.055,0.469,0.0,1,0.0
12,14.25,285,cruise,17.378,17.432,27.212,24.432,2.78,-0.054,1.561,26.343,17.378,1.911,-0.054,0.353,0.0,0,0.05
12,14.3,286,cruise,17.378,17.427,27.209,24.427,2.782,-0.049,1.561,25.472,17.378,1.044,-0.049,0.238,0.0,0,0.1
12,14.35,287,cruise,17.378,17.405,27.207,24.405,2.802,-0.027,1.563,27.207,17.378,2.802,-0.027,0.473,0.0,1,0.0
12,14.4,288,cruise,17.378,17.374,27.207,24.374,2.834,0.005,1.566,27.207,17.378,2.834,0.005,0.478,0.0,1,0.0
12,14.45,289,cruise,17.378,17.355,27.208,24.355,2.853,0.023,1.568,26.339,17.378,1.984,0.023,0.365,0.0,0,0.05
12,14.5,290,cruise,17.378,17.34,27.21,24.34,2.869,0.038,1.569,27.21,17.378,2.869,0.038,0.484,0.0,1,0.0
12,14.55,291,cruise,17.378,17.327,27.212,24.327,2.885,0.051,1.571,26.343,17.378,2.016,0.051,0.371,0.0,0,0.05
12,14.6,292,cruise,17.378,17.316,27.215,24.316,2.899,0.062,1.572,27.215,17.378,2.899,0.062,0.489,0.0,1,0.0
12,14.65,293,cruise,17.378,17.305,27.218,24.305,2.913,0.073,1.573,27.218,17.378,2.913,0.073,0.491,0.0,1,0.0
12,14.7,294,cruise,17.378,17.304,27.222,24.304,2.918,0.075,1.573,27.222,17.378,2.918,0.075,0.492,0.0,1,0.0
12,14.75,295,cruise,17.378,17.308,27.226,24.308,2.918,0.07,1.573,26.357,17.378,2.049,0.07,0.375,0.0,0,0.05
12,14.8,296,cruise,17.378,17.309,27.229,24.309,2.92,0.069,1.573,25.491,17.378,1.182,0.069,0.26,0.0,0,0.1
12,14.85,297,cruise,17.378,17.295,27.233,24.295,2.938,0.084,1.575,27.233,17.378,2.938,0.084,0.495,0.0,1,0.0
12,14.9,298,cruise,17.378,17.27,27.238,24.27,2.968,0.108,1.577,26.369,17.378,2.099,0.108,0.383,0.0,0,0.05
12,14.95,299,cruise,17.378,17.252,27.244,24.252,2.992,0.126,1.579,27.244,17.378,2.992,0.126,0.503,0.0,1,0.0
12,15.0,300,cruise,17.378,17.239,27.251,24.239,3.012,0.14,1.581,27.251,17.378,3.012,0.14,0.506,0.0,1,0.0
12,15.05,301,cruise,17.378,17.237,27.258,24.237,3.02,0.141,1.581,27.258,17.378,3.02,0.141,0.507,0.0,1,0.0
12,15.1,302,cruise,17.378,17.244,27.265,24.244,3.021,0.135,1.581,27.265,17.378,3.021,0.135,0.507,0.0,1,0.0
12,15.15,303,cruise,17.378,17.255,27.271,24.255,3.016,0.123,1.58,26.402,17.378,2.147,0.123,0.39,0.0,0,0.05
12,15.2,304,cruise,17.378,17.263,27.277,24.263,3.014,0.115,1.58,27.277,17.378,3.014,0.115,0.506,0.0,1,0.0
12,15.25,305,cruise,17.378,17.267,27.283,24.267,3.016,0.111,1.58,26.414,17.378,2.147,0.111,0.39,0.0,0,0.05
12,15.3,306,cruise,17.378,17.27,27.288,24.27,3.018,0.109,1.58,27.288,17.378,3.018,0.109,0.506,0.0,1,0.0
12,15.35,307,cruise,17.379,17.27,27.293,24.27,3.023,0.109,1.58,27.293,17.379,3.023,0.109,0.507,0.0,1,0.0
12,15.4,308,cruise,17.379,17.278,27.298,24.278,3.021,0.102,1.58,26.43,17.379,2.152,0.102,0.39,0.0,0,0.05
12,15.45,309,cruise,17.379,17.283,27.303,24.283,3.02,0.096,1.58,27.303,17.379,3.02,0.096,0.506,0.0,1,0.0
12,15.5,310,cruise,17.378,17.285,27.308,24.285,3.023,0.093,1.58,26.439,17.379,2.154,0.094,0.39,0.0,0,0.05
12,15.55,311,cruise,17.377,17.287,27.313,24.287,3.026,0.091,1.58,27.313,17.377,3.026,0.091,0.506,0.0,1,0.0
12,15.6,312,cruise,17.377,17.286,27.317,24.286,3.031,0.091,1.58,27.317,17.377,3.031,0.091,0.507,0.0,1,0.0
12,15.65,313,cruise,17.378,17.293,27.322,24.293,3.029,0.084,1.58,27.322,17.378,3.029,0.084,0.507,0.0,1,0.0
12,15.7,314,cruise,17.378,17.305,27.326,24.305,3.021,0.073,1.579,27.326,17.378,3.021,0.073,0.505,0.0,1,0.0
12,15.75,315,cruise,17.379,17.32,27.329,24.32,3.009,0.059,1.578,27.329,17.379,3.009,0.059,0.503,0.0,1,0.0
12,15.8,316,cruise,17.379,17.336,27.332,24.336,2.995,0.043,1.577,26.463,17.379,2.126,0.043,0.385,0.0,0,0.05
12,15.85,317,cruise,17.379,17.347,27.333,24.347,2.987,0.032,1.576,27.333,17.379,2.987,0.032,0.499,0.0,1,0.0
12,15.9,318,cruise,17.379,17.351,27.335,24.351,2.984,0.028,1.575,27.335,17.379,2.984,0.028,0.499,0.0,1,0.0
12,15.95,319,cruise,17.378,17.36,27.336,24.36,2.976,0.018,1.575,26.467,17.379,2.107,0.019,0.382,0.0,0,0.05
12,16.0,320,cruise,17.378,17.365,27.337,24.365,2.972,0.013,1.574,27.337,17.378,2.972,0.013,0.497,0.0,1,0.0
12,16.05,321,cruise,17.378,17.366,27.337,24.366,2.972,0.012,1.574,26.468,17.378,2.103,0.012,0.381,0.0,0,0.05
12,16.1,322,cruise,17.378,17.365,27.338,24.365,2.973,0.013,1.574,27.338,17.378,2.973,0.013,0.497,0.0,1,0.0
12,16.15,323,cruise,17.378,17.362,27.339,24.362,2.976,0.016,1.575,26.47,17.378,2.107,0.016,0.381,0.0,0,0.05
12,16.2,324,cruise,17.379,17.36,27.339,24.36,2.98,0.019,1.575,25.602,17.378,1.242,0.018,0.266,0.0,0,0.1
12,16.25,325,cruise,17.379,17.343,27.341,24.343,2.998,0.036,1.576,27.341,17.379,2.998,0.036,0.501,0.0,1,0.0
12,16.3,326,cruise,17.379,17.318,27.343,24.318,3.025,0.061,1.579,26.474,17.379,2.157,0.061,0.39,0.0,0,0.05
12,16.35,327,cruise,17.379,17.3,27.347,24.3,3.047,0.078,1.581,27.347,17.379,3.047,0.078,0.509,0.0,1,0.0
12,16.4,328,cruise,17.378,17.288,27.351,24.288,3.063,0.09,1.582,27.351,17.378,3.063,0.09,0.511,0.0,1,0.0
12,16.45,329,cruise,17.378,17.288,27.356,24.288,3.068,0.09,1.582,27.356,17.378,3.068,0.09,0.512,0.0,1,0.0
12,16.5,330,cruise,17.378,17.295,27.36,24.295,3.065,0.083,1.582,27.36,17.378,3.065,0.083,0.511,0.0,1,0.0
12,16.55,331,cruise,17.378,17.308,27.364,24.308,3.055,0.07,1.581,27.364,17.378,3.055,0.07,0.51,0.0,1,0.0
12,16.6,332,cruise,17.378,17.324,27.367,24.324,3.043,0.054,1.58,27.367,17.378,3.043,0.054,0.507,0.0,1,0.0
12,16.65,333,cruise,17.378,17.342,27.369,24.342,3.027,0.036,1.578,27.369,17.378,3.027,0.036,0.505,0.0,1,0.0
12,16.7,334,cruise,17.379,17.36,27.37,24.36,3.01,0.018,1.577,27.37,17.379,3.01,0.018,0.502,0.0,1,0.0
12,16.75,335,cruise,17.379,17.379,27.371,24.379,2.992,-0.0,1.575,27.371,17.379,2.992,-0.0,0.499,0.0,1,0.0
12,16.8,336,cruise,17.378,17.397,27.37,24.397,2.973,-0.019,1.573,27.37,17.378,2.973,-0.019,0.496,0.0,1,0.0
12,16.85,337,cruise,17.378,17.415,27.369,24.415,2.954,-0.036,1.572,27.369,17.378,2.954,-0.036,0.493,0.0,1,0.0
12,16.9,338,cruise,17.378,17.432,27.366,24.432,2.935,-0.054,1.57,26.497,17.378,2.066,-0.053,0.374,0.0,0,0.05
12,16.95,339,cruise,17.378,17.441,27.364,24.441,2.922,-0.063,1.569,27.364,17.378,2.922,-0.063,0.488,0.0,1,0.0
12,17.0,340,cruise,17.378,17.444,27.361,24.444,2.917,-0.066,1.568,26.492,17.378,2.048,-0.066,0.371,0.0,0,0.05
12,17.05,341,cruise,17.378,17.443,27.357,24.443,2.915,-0.064,1.568,27.357,17.378,2.915,-0.064,0.486,0.0,1,0.0
12,17.1,342,cruise,17.378,17.438,27.354,24.438,2.916,-0.06,1.569,27.354,17.378,2.916,-0.06,0.487,0.0,1,0.0
12,17.15,343,cruise,17.378,17.44,27.351,24.44,2.911,-0.062,1.568,27.351,17.378,2.911,-0.062,0.486,0.0,1,0.0
12,17.2,344,cruise,17.378,17.445,27.347,24.445,2.902,-0.067,1.568,26.479,17.378,2.033,-0.067,0.369,0.0,0,0.05
12,17.25,345,cruise,17.378,17.447,27.344,24.447,2.897,-0.068,1.567,25.606,17.378,1.159,-0.068,0.252,0.0,0,0.1
12,17.3,346,cruise,17.378,17.431,27.341,24.431,2.91,-0.052,1.569,27.341,17.378,2.91,-0.052,0.486,0.0,1,0.0
12,17.35,347,cruise,17.378,17.404,27.339,24.404,2.935,-0.026,1.571,26.47,17.378,2.066,-0.026,0.375,0.0,0,0.05
12,17.4,348,cruise,17.378,17.384,27.339,24.384,2.955,-0.005,1.573,27.339,17.378,2.955,-0.005,0.494,0.0,1,0.0
12,17.45,349,cruise,17.378,17.367,27.339,24.367,2.971,0.011,1.574,27.339,17.378,2.971,0.011,0.497,0.0,1,0.0
12,17.5,350,cruise,17.378,17.363,27.34,24.363,2.977,0.016,1.575,27.34,17.378,2.977,0.016,0.497,0.0,1,0.0
12,17.55,351,cruise,17.378,17.366,27.34,24.366,2.975,0.013,1.574,26.471,17.378,2.106,0.013,0.381,0.0,0,0.05
12,17.6,352,cruise,17.378,17.367,27.341,24.367,2.974,0.012,1.574,27.341,17.378,2.974,0.012,0.497,0.0,1,0.0
12,17.65,353,cruise,17.378,17.365,27.341,24.365,2.977,0.013,1.575,27.341,17.378,2.977,0.013,0.497,0.0,1,0.0
12,17.7,354,cruise,17.378,17.37,27.342,24.37,2.972,0.009,1.574,27.342,17.378,2.972,0.009,0.497,0.0,1,0.0
12,17.75,355,cruise,17.378,17.379,27.342,24.379,2.964,-0.0,1.573,26.473,17.378,2.095,-0.0,0.379,0.0,0,0.05
12,17.8,356,cruise,17.378,17.383,27.342,24.383,2.959,-0.005,1.573,27.342,17.378,2.959,-0.005,0.494,0.0,1,0.0
12,17.85,357,cruise,17.378,17.383,27.342,24.383,2.958,-0.005,1.573,27.342,17.378,2.958,-0.005,0.494,0.0,1,0.0
12,17.9,358,cruise,17.378,17.389,27.341,24.389,2.952,-0.011,1.572,27.341,17.378,2.952,-0.011,0.493,0.0,1,0.0
12,17.95,359,cruise,17.378,17.398,27.341,24.398,2.942,-0.02,1.571,27.341,17.378,2.942,-0.02,0.492,0.0,1,0.0
12,18.0,360,cruise,17.378,17.41,27.339,24.41,2.93,-0.031,1.57,27.339,17.378,2.93,-0.031,0.49,0.0,1,0.0
12,18.05,361,cruise,17.378,17.422,27.337,24.422,2.916,-0.043,1.569,27.337,17.378,2.916,-0.043,0.487,0.0,1,0.0
12,18.1,362,cruise,17.378,17.435,27.335,24.435,2.9,-0.056,1.568,27.335,17.378,2.9,-0.056,0.485,0.0,1,0.0
12,18.15,363,cruise,17.378,17.447,27.332,24.447,2.885,-0.069,1.567,26.463,17.378,2.016,-0.069,0.366,0.0,0,0.05
12,18.2,364,cruise,17.378,17.453,27.328,24.453,2.876,-0.074,1.566,25.59,17.378,1.138,-0.074,0.249,0.0,0,0.1
12,18.25,365,cruise,17.378,17.439,27.325,24.439,2.886,-0.061,1.567,27.325,17.378,2.886,-0.061,0.483,0.0,1,0.0
12,18.3,366,cruise,17.378,17.413,27.323,24.413,2.909,-0.035,1.569,27.323,17.378,2.909,-0.035,0.487,0.0,1,0.0
12,18.35,367,cruise,17.378,17.4,27.321,24.4,2.921,-0.022,1.57,27.321,17.378,2.921,-0.022,0.489,0.0,1,0.0
12,18.4,368,cruise,17.378,17.396,27.32,24.396,2.924,-0.018,1.57,27.32,17.378,2.924,-0.018,0.489,0.0,1,0.0
12,18.45,369,cruise,17.378,17.399,27.319,24.399,2.921,-0.02,1.57,27.319,17.378,2.921,-0.02,0.489,0.0,1,0.0
12,18.5,370,cruise,17.374,17.405,27.318,24.405,2.913,-0.032,1.57,27.318,17.374,2.913,-0.032,0.487,0.0,1,0.0
12,18.55,371,cruise,17.375,17.414,27.316,24.414,2.902,-0.04,1.569,27.316,17.375,2.902,-0.04,0.486,0.0,1,0.0
12,18.6,372,cruise,17.355,17.425,27.313,24.425,2.888,-0.07,1.567,27.313,17.355,2.888,-0.07,0.483,0.0,1,0.0
12,18.65,373,cruise,17.362,17.436,27.309,24.436,2.874,-0.074,1.566,27.309,17.362,2.874,-0.074,0.481,0.0,1,0.0
12,18.7,374,cruise,17.375,17.447,27.306,24.447,2.859,-0.072,1.565,27.306,17.375,2.859,-0.072,0.479,0.0,1,0.0
12,18.75,375,cruise,17.37,17.457,27.301,24.457,2.844,-0.088,1.564,27.301,17.37,2.844,-0.088,0.476,0.0,1,0.0
12,18.8,376,cruise,17.375,17.468,27.296,24.468,2.828,-0.092,1.563,27.296,17.375,2.828,-0.092,0.474,0.0,1,0.0
12,18.85,377,cruise,17.371,17.477,27.288,24.477,2.811,-0.106,1.561,27.288,17.371,2.811,-0.106,0.471,0.0,1,0.0
12,18.9,378,cruise,17.306,17.486,27.277,24.486,2.791,-0.18,1.56,27.277,17.306,2.791,-0.18,0.466,0.0,1,0.0
12,18.95,379,cruise,17.302,17.494,27.264,24.494,2.769,-0.193,1.558,26.402,17.306,1.908,-0.188,0.348,0.0,0,0.05
12,19.0,380,cruise,17.344,17.494,27.252,24.494,2.758,-0.15,1.558,25.528,17.306,1.033,-0.188,0.231,0.0,0,0.1
12,19.05,381,cruise,17.395,17.475,27.245,24.475,2.77,-0.081,1.559,27.245,17.395,2.77,-0.081,0.467,0.0,1,0.0
12,19.1,382,cruise,17.403,17.444,27.239,24.444,2.795,-0.041,1.561,27.239,17.403,2.795,-0.041,0.471,0.0,1,0.0
12,19.15,383,cruise,17.414,17.425,27.231,24.425,2.806,-0.011,1.563,26.367,17.403,1.942,-0.022,0.358,0.0,0,0.05
12,19.2,384,cruise,17.403,17.409,27.222,24.409,2.813,-0.006,1.564,27.222,17.403,2.813,-0.006,0.475,0.0,1,0.0
12,19.25,385,cruise,17.387,17.394,27.213,24.394,2.819,-0.007,1.565,27.213,17.387,2.819,-0.007,0.476,0.0,1,0.0
12,19.3,386,cruise,17.362,17.387,27.203,24.387,2.817,-0.025,1.565,27.203,17.362,2.817,-0.025,0.475,0.0,1,0.0
12,19.35,387,cruise,17.348,17.386,27.194,24.386,2.808,-0.038,1.564,27.194,17.348,2.808,-0.038,0.473,0.0,1,0.0
12,19.4,388,cruise,17.337,17.389,27.184,24.389,2.796,-0.052,1.563,27.184,17.337,2.796,-0.052,0.471,0.0,1,0.0
12,19.45,389,cruise,17.355,17.393,27.176,24.393,2.783,-0.038,1.562,27.176,17.355,2.783,-0.038,0.47,0.0,1,0.0
12,19.5,390,cruise,17.367,17.398,27.169,24.398,2.771,-0.031,1.562,27.169,17.367,2.771,-0.031,0.468,0.0,1,0.0
12,19.55,391,cruise,17.393,17.404,27.165,24.404,2.76,-0.012,1.561,27.165,17.393,2.76,-0.012,0.468,0.0,1,0.0
12,19.6,392,cruise,17.407,17.411,27.162,24.411,2.752,-0.004,1.56,27.162,17.407,2.752,-0.004,0.467,0.0,1,0.0
12,19.65,393,cruise,17.388,17.417,27.161,24.417,2.744,-0.029,1.559,27.161,17.388,2.744,-0.029,0.465,0.0,1,0.0
12,19.7,394,cruise,17.379,17.423,27.16,24.423,2.737,-0.044,1.559,26.293,17.388,1.871,-0.034,0.348,0.0,0,0.05
12,19.75,395,cruise,17.348,17.421,27.159,24.421,2.738,-0.073,1.559,27.159,17.348,2.738,-0.073,0.463,0.0,1,0.0
12,19.8,396,cruise,17.349,17.414,27.159,24.414,2.745,-0.065,1.56,27.159,17.349,2.745,-0.065,0.464,0.0,1,0.0
12,19.85,397,cruise,17.352,17.411,27.16,24.411,2.75,-0.059,1.56,27.16,17.352,2.75,-0.059,0.465,0.0,1,0.0
12,19.9,398,cruise,17.374,17.411,27.163,24.411,2.752,-0.037,1.56,27.163,17.374,2.752,-0.037,0.466,0.0,1,0.0
12,19.95,399,cruise,17.384,17.413,27.167,24.413,2.754,-0.029,1.56,27.167,17.384,2.754,-0.029,0.466,0.0,1,0.0
12,20.0,400,cruise,17.397,17.416,27.172,24.416,2.756,-0.019,1.56,27.172,17.397,2.756,-0.019,0.467,0.0,1,0.0
12,20.05,401,cruise,17.4,17.416,27.177,24.416,2.761,-0.016,1.56,26.307,17.397,1.891,-0.019,0.351,0.0,0,0.05
12,20.1,402,cruise,17.38,17.414,27.181,24.414,2.767,-0.034,1.561,27.181,17.38,2.767,-0.034,0.468,0.0,1,0.0
12,20.15,403,cruise,17.37,17.406,27.185,24.406,2.779,-0.036,1.562,26.317,17.38,1.91,-0.026,0.354,0.0,0,0.05
12,20.2,404,cruise,17.361,17.377,27.188,24.377,2.812,-0.016,1.565,27.188,17.361,2.812,-0.016,0.474,0.0,1,0.0
12,20.25,405,cruise,17.363,17.365,27.192,24.365,2.827,-0.002,1.566,27.192,17.363,2.827,-0.002,0.477,0.0,1,0.0
12,20.3,406,cruise,17.37,17.336,27.196,24.336,2.86,0.034,1.569,27.196,17.37,2.86,0.034,0.482,0.0,1,0.0
12,20.35,407,cruise,17.381,17.336,27.2,24.336,2.864,0.045,1.569,27.2,17.381,2.864,0.045,0.483,0.0,1,0.0
12,20.4,408,cruise,17.389,17.345,27.204,24.345,2.859,0.044,1.568,26.337,17.381,1.992,0.036,0.367,0.0,0,0.05
12,20.45,409,cruise,17.388,17.328,27.21,24.328,2.882,0.06,1.57,27.21,17.388,2.882,0.06,0.486,0.0,1,0.0
12,20.5,410,cruise,17.385,17.248,27.215,24.248,2.966,0.137,1.578,27.215,17.385,2.966,0.137,0.5,0.0,1,0.0
12,20.55,411,cruise,17.378,17.232,27.219,24.232,2.988,0.146,1.58,27.219,17.378,2.988,0.146,0.503,0.0,1,0.0
12,20.6,412,cruise,17.373,17.238,27.221,24.238,2.983,0.135,1.579,26.355,17.378,2.117,0.14,0.387,0.0,0,0.05
12,20.65,413,cruise,17.37,17.204,27.224,24.204,3.02,0.166,1.582,25.492,17.378,1.288,0.174,0.278,0.0,0,0.1
12,20.7,414,cruise,17.372,17.188,27.23,24.188,3.042,0.184,1.584,24.632,17.378,0.444,0.19,0.165,0.0,0,0.15
12,20.75,415,cruise,17.377,17.153,27.239,24.153,3.086,0.224,1.588,27.239,17.377,3.086,0.224,0.519,0.0,1,0.0
12,20.8,416,cruise,17.38,17.104,27.251,24.104,3.147,0.276,1.593,27.251,17.38,3.147,0.276,0.529,0.0,1,0.0
12,20.85,417,cruise,17.383,17.073,27.267,24.073,3.194,0.31,1.597,27.267,17.383,3.194,0.31,0.536,0.0,1,0.0
12,20.9,418,cruise,17.383,17.06,27.284,24.06,3.224,0.323,1.599,27.284,17.383,3.224,0.323,0.541,0.0,1,0.0
12,20.95,419,cruise,17.381,17.063,27.303,24.063,3.24,0.319,1.6,27.303,17.381,3.24,0.319,0.543,0.0,1,0.0
12,21.0,420,cruise,17.378,17.063,27.321,24.063,3.258,0.315,1.601,27.321,17.378,3.258,0.315,0.545,0.0,1,0.0
12,21.05,421,cruise,17.376,17.085,27.34,24.085,3.255,0.291,1.6,27.34,17.376,3.255,0.291,0.544,0.0,1,0.0
12,21.1,422,cruise,17.375,17.095,27.358,24.095,3.263,0.28,1.6,27.358,17.375,3.263,0.28,0.544,0.0,1,0.0
12,21.15,423,cruise,17.376,17.124,27.375,24.124,3.251,0.251,1.599,26.507,17.375,2.383,0.25,0.426,0.0,0,0.05
12,21.2,424,cruise,17.378,17.126,27.391,24.126,3.265,0.252,1.599,25.655,17.375,1.529,0.249,0.312,0.0,0,0.1
12,21.25,425,cruise,17.379,17.132,27.406,24.132,3.274,0.247,1.6,27.406,17.379,3.274,0.247,0.545,0.0,1,0.0
12,21.3,426,cruise,17.381,17.125,27.422,24.125,3.296,0.255,1.601,27.422,17.381,3.296,0.255,0.548,0.0,1,0.0
12,21.35,427,cruise,17.381,17.114,27.437,24.114,3.323,0.266,1.603,27.437,17.381,3.323,0.266,0.552,0.0,1,0.0
12,21.4,428,cruise,17.38,17.132,27.452,24.132,3.321,0.248,1.602,27.452,17.38,3.321,0.248,0.551,0.0,1,0.0
12,21.45,429,cruise,17.378,17.139,27.466,24.139,3.328,0.239,1.603,27.466,17.378,3.328,0.239,0.552,0.0,1,0.0
12,21.5,430,cruise,17.377,17.168,27.479,24.168,3.311,0.209,1.601,27.479,17.377,3.311,0.209,0.548,0.0,1,0.0
12,21.55,431,cruise,17.377,17.191,27.49,24.191,3.299,0.186,1.599,26.621,17.377,2.431,0.186,0.43,0.0,0,0.05
12,21.6,432,cruise,17.377,17.217,27.5,24.217,3.283,0.16,1.597,25.762,17.377,1.546,0.16,0.311,0.0,0,0.1
12,21.65,433,cruise,17.378,17.216,27.508,24.216,3.292,0.161,1.598,27.508,17.378,3.292,0.161,0.544,0.0,1,0.0
12,21.7,434,cruise,17.372,17.212,27.517,24.212,3.305,0.16,1.599,27.517,17.372,3.305,0.16,0.546,0.0,1,0.0
12,21.75,435,cruise,17.374,17.22,27.526,24.22,3.306,0.155,1.599,26.657,17.372,2.438,0.153,0.43,0.0,0,0.05
12,21.8,436,cruise,17.364,17.222,27.533,24.222,3.312,0.143,1.599,27.533,17.364,3.312,0.143,0.546,0.0,1,0.0
12,21.85,437,cruise,17.37,17.232,27.54,24.232,3.308,0.138,1.598,27.54,17.37,3.308,0.138,0.546,0.0,1,0.0
12,21.9,438,cruise,17.359,17.248,27.546,24.248,3.298,0.111,1.597,27.546,17.359,3.298,0.111,0.543,0.0,1,0.0
12,21.95,439,cruise,17.37,17.272,27.551,24.272,3.279,0.098,1.595,27.551,17.37,3.279,0.098,0.54,0.0,1,0.0
12,22.0,440,cruise,17.362,17.297,27.554,24.297,3.257,0.065,1.593,27.554,17.362,3.257,0.065,0.536,0.0,1,0.0
12,22.05,441,cruise,17.377,17.326,27.556,24.326,3.23,0.051,1.59,27.556,17.377,3.23,0.051,0.532,0.0,1,0.0
12,22.1,442,cruise,17.37,17.355,27.556,24.355,3.201,0.015,1.588,27.556,17.37,3.201,0.015,0.527,0.0,1,0.0
12,22.15,443,cruise,17.38,17.381,27.555,24.381,3.174,-0.001,1.585,27.555,17.38,3.174,-0.001,0.523,0.0,1,0.0
12,22.2,444,cruise,17.361,17.409,27.551,24.409,3.142,-0.048,1.583,26.685,17.38,2.276,-0.029,0.403,0.0,0,0.05
12,22.25,445,cruise,17.368,17.428,27.545,24.428,3.117,-0.06,1.58,27.545,17.368,3.117,-0.06,0.514,0.0,1,0.0
12,22.3,446,cruise,17.348,17.441,27.537,24.441,3.096,-0.093,1.579,27.537,17.348,3.096,-0.093,0.51,0.0,1,0.0
12,22.35,447,cruise,17.362,17.456,27.527,24.456,3.071,-0.094,1.577,27.527,17.362,3.071,-0.094,0.506,0.0,1,0.0
12,22.4,448,cruise,17.349,17.473,27.515,24.473,3.042,-0.124,1.575,27.515,17.349,3.042,-0.124,0.501,0.0,1,0.0
12,22.45,449,cruise,17.279,17.49,27.497,24.49,3.007,-0.212,1.572,27.497,17.279,3.007,-0.212,0.494,0.0,1,0.0
12,22.5,450,cruise,17.28,17.508,27.474,24.508,2.966,-0.228,1.569,26.623,17.279,2.115,-0.229,0.374,0.0,0,0.05
12,22.55,451,cruise,17.3,17.517,27.448,24.517,2.931,-0.217,1.567,25.748,17.279,1.231,-0.238,0.256,0.0,0,0.1
12,22.6,452,cruise,17.374,17.506,27.423,24.506,2.917,-0.132,1.566,27.423,17.374,2.917,-0.132,0.484,0.0,1,0.0
12,22.65,453,cruise,17.415,17.483,27.399,24.483,2.916,-0.069,1.567,27.399,17.415,2.916,-0.069,0.487,0.0,1,0.0
12,22.7,454,cruise,17.455,17.472,27.377,24.472,2.905,-0.016,1.567,27.377,17.455,2.905,-0.016,0.487,0.0,1,0.0
12,22.75,455,cruise,17.423,17.469,27.353,24.469,2.884,-0.046,1.566,26.506,17.455,2.038,-0.014,0.371,0.0,0,0.05
12,22.8,456,cruise,17.393,17.465,27.326,24.465,2.861,-0.072,1.565,25.636,17.455,1.171,-0.01,0.256,0.0,0,0.1
12,22.85,457,cruise,17.328,17.446,27.296,24.446,2.85,-0.118,1.565,27.296,17.328,2.85,-0.118,0.476,0.0,1,0.0
12,22.9,458,cruise,17.307,17.418,27.264,24.418,2.847,-0.111,1.565,26.43,17.328,2.012,-0.09,0.365,0.0,0,0.05
12,22.95,459,cruise,17.289,17.395,27.233,24.395,2.838,-0.106,1.566,25.566,17.328,1.17,-0.067,0.254,0.0,0,0.1
12,23.0,460,cruise,17.326,17.365,27.204,24.365,2.84,-0.039,1.567,27.204,17.326,2.84,-0.039,0.477,0.0,1,0.0
12,23.05,461,cruise,17.341,17.329,27.178,24.329,2.849,0.012,1.568,27.178,17.341,2.849,0.012,0.48,0.0,1,0.0
12,23.1,462,cruise,17.391,17.309,27.155,24.309,2.847,0.082,1.569,27.155,17.391,2.847,0.082,0.482,0.0,1,0.0
12,23.15,463,cruise,17.387,17.3,27.134,24.3,2.835,0.087,1.568,27.134,17.387,2.835,0.087,0.481,0.0,1,0.0
12,23.2,464,cruise,17.402,17.298,27.115,24.298,2.816,0.104,1.567,27.115,17.402,2.816,0.104,0.479,0.0,1,0.0
12,23.25,465,cruise,17.361,17.295,27.094,24.295,2.799,0.066,1.567,27.094,17.361,2.799,0.066,0.475,0.0,1,0.0
12,23.3,466,cruise,17.352,17.301,27.074,24.301,2.773,0.052,1.565,26.25,17.361,1.95,0.06,0.362,0.0,0,0.05
12,23.35,467,cruise,17.31,17.288,27.052,24.288,2.764,0.022,1.565,27.052,17.31,2.764,0.022,0.469,0.0,1,0.0
12,23.4,468,cruise,17.324,17.283,27.031,24.283,2.748,0.041,1.564,27.031,17.324,2.748,0.041,0.468,0.0,1,0.0
12,23.45,469,cruise,17.312,17.262,27.012,24.262,2.749,0.05,1.565,27.012,17.312,2.749,0.05,0.468,0.0,1,0.0
12,23.5,470,cruise,17.355,17.264,26.994,24.264,2.729,0.091,1.564,26.994,17.355,2.729,0.091,0.467,0.0,1,0.0
12,23.55,471,cruise,17.356,17.247,26.978,24.247,2.731,0.109,1.564,26.978,17.356,2.731,0.109,0.468,0.0,1,0.0
12,23.6,472,cruise,17.39,17.252,26.964,24.252,2.712,0.139,1.563,26.964,17.39,2.712,0.139,0.466,0.0,1,0.0
12,23.65,473,cruise,17.366,17.238,26.951,24.238,2.714,0.128,1.564,26.14,17.39,1.903,0.153,0.359,0.0,0,0.05
12,23.7,474,cruise,17.373,17.237,26.939,24.237,2.702,0.136,1.563,25.317,17.39,1.08,0.153,0.249,0.0,0,0.1
12,23.75,475,cruise,17.332,17.194,26.928,24.194,2.735,0.138,1.566,26.928,17.332,2.735,0.138,0.469,0.0,1,0.0
12,23.8,476,cruise,17.337,17.165,26.919,24.165,2.755,0.173,1.568,26.919,17.337,2.755,0.173,0.473,0.0,1,0.0
12,23.85,477,cruise,17.311,17.119,26.912,24.119,2.793,0.192,1.572,26.111,17.337,1.992,0.219,0.373,0.0,0,0.05
12,23.9,478,cruise,17.341,17.104,26.908,24.104,2.803,0.237,1.573,26.908,17.341,2.803,0.237,0.482,0.0,1,0.0
12,23.95,479,cruise,17.347,17.06,26.906,24.06,2.845,0.287,1.577,26.106,17.341,2.046,0.28,0.382,0.0,0,0.05
12,24.0,480,cruise,17.392,17.049,26.909,24.049,2.86,0.343,1.578,26.909,17.392,2.86,0.343,0.493,0.0,1,0.0
12,24.05,481,cruise,17.398,17.006,26.917,24.006,2.911,0.392,1.583,26.917,17.398,2.911,0.392,0.501,0.0,1,0.0
12,24.1,482,cruise,17.413,17.004,26.929,24.004,2.926,0.41,1.584,26.929,17.413,2.926,0.41,0.504,0.0,1,0.0
12,24.15,483,cruise,17.377,16.973,26.944,23.973,2.971,0.404,1.587,26.139,17.413,2.166,0.44,0.403,0.0,0,0.05
12,24.2,484,cruise,17.365,16.975,26.962,23.975,2.987,0.39,1.588,25.347,17.413,1.372,0.438,0.298,0.0,0,0.1
12,24.25,485,cruise,17.33,16.927,26.983,23.927,3.056,0.403,1.594,24.554,17.413,0.626,0.486,0.2,0.0,0,0.15
12,24.3,486,cruise,17.339,16.894,27.009,23.894,3.115,0.446,1.599,27.009,17.339,3.115,0.446,0.53,0.0,1,0.0
12,24.35,487,cruise,17.337,16.813,27.041,23.813,3.228,0.524,1.608,27.041,17.337,3.228,0.524,0.548,0.0,1,0.0
12,24.4,488,cruise,17.372,16.787,27.079,23.787,3.292,0.585,1.613,27.079,17.372,3.292,0.585,0.558,0.0,1,0.0
12,24.45,489,cruise,17.379,16.744,27.123,23.744,3.379,0.635,1.62,27.123,17.379,3.379,0.635,0.572,0.0,1,0.0
12,24.5,490,cruise,17.403,16.753,27.171,23.753,3.418,0.65,1.622,26.349,17.379,2.596,0.626,0.467,0.0,0,0.05
12,24.55,491,cruise,17.412,16.772,27.227,23.772,3.455,0.639,1.623,25.573,17.379,1.801,0.607,0.36,0.0,0,0.1
12,24.6,492,cruise,17.382,16.751,27.286,23.751,3.535,0.631,1.629,27.286,17.382,3.535,0.631,0.592,0.0,1,0.0
12,24.65,493,cruise,17.367,16.736,27.346,23.736,3.61,0.63,1.634,27.346,17.367,3.61,0.63,0.602,0.0,1,0.0
12,24.7,494,cruise,17.328,16.695,27.407,23.695,3.712,0.632,1.642,26.576,17.367,2.88,0.671,0.506,0.0,0,0.05
12,24.75,495,cruise,17.333,16.709,27.469,23.709,3.76,0.625,1.644,27.469,17.333,3.76,0.625,0.622,0.0,1,0.0
12,24.8,496,cruise,17.337,16.683,27.531,23.683,3.847,0.654,1.65,27.531,17.337,3.847,0.654,0.635,0.0,1,0.0
12,24.85,497,cruise,17.374,16.714,27.594,23.714,3.88,0.66,1.651,26.757,17.337,3.043,0.623,0.526,0.0,0,0.05
12,24.9,498,cruise,17.39,16.701,27.658,23.701,3.956,0.689,1.656,25.977,17.337,2.276,0.636,0.425,0.0,0,0.1
12,24.95,499,cruise,17.41,16.72,27.721,23.72,4.001,0.69,1.658,25.193,17.337,1.472,0.617,0.317,0.0,0,0.15
12,25.0,500,cruise,17.389,16.673,27.783,23.673,4.11,0.716,1.666,27.783,17.389,4.11,0.716,0.672,0.0,1,0.0
12,25.05,501,cruise,17.381,16.658,27.845,23.658,4.187,0.724,1.672,27.845,17.381,4.187,0.724,0.682,0.0,1,0.0
12,25.1,502,cruise,17.348,16.616,27.904,23.616,4.288,0.732,1.679,27.904,17.348,4.288,0.732,0.696,0.0,1,0.0
12,25.15,503,cruise,17.348,16.643,27.96,23.643,4.317,0.704,1.68,27.96,17.348,4.317,0.704,0.699,0.0,1,0.0
12,25.2,504,cruise,17.36,16.647,28.015,23.647,4.368,0.713,1.683,27.168,17.348,3.52,0.7,0.593,0.0,0,0.05
12,25.25,505,cruise,17.36,16.701,28.066,23.701,4.365,0.658,1.68,28.066,17.36,4.365,0.658,0.704,0.0,1,0.0
12,25.3,506,cruise,17.379,16.716,28.114,23.716,4.398,0.663,1.682,28.114,17.379,4.398,0.663,0.709,0.0,1,0.0
12,25.35,507,cruise,17.368,16.783,28.157,23.783,4.374,0.585,1.678,28.157,17.368,4.374,0.585,0.703,0.0,1,0.0
12,25.4,508,cruise,17.381,16.821,28.196,23.821,4.375,0.56,1.676,28.196,17.381,4.375,0.56,0.702,0.0,1,0.0
12,25.45,509,cruise,17.372,16.902,28.23,23.902,4.328,0.47,1.67,27.379,17.381,3.477,0.479,0.58,0.0,0,0.05
12,25.5,510,cruise,17.38,16.947,28.259,23.947,4.312,0.433,1.668,26.555,17.381,2.609,0.434,0.462,0.0,0,0.1
12,25.55,511,cruise,17.364,17.007,28.285,24.007,4.278,0.357,1.663,28.285,17.364,4.278,0.357,0.682,0.0,1,0.0
12,25.6,512,cruise,17.37,17.023,28.307,24.023,4.284,0.347,1.663,27.456,17.364,3.432,0.34,0.569,0.0,0,0.05
12,25.65,513,cruise,17.357,17.075,28.327,24.075,4.252,0.282,1.659,28.327,17.357,4.252,0.282,0.676,0.0,1,0.0
12,25.7,514,cruise,17.37,17.099,28.344,24.099,4.245,0.27,1.658,28.344,17.37,4.245,0.27,0.675,0.0,1,0.0
12,25.75,515,cruise,17.362,17.163,28.359,24.163,4.196,0.199,1.652,28.359,17.362,4.196,0.199,0.666,0.0,1,0.0
12,25.8,516,cruise,17.377,17.204,28.37,24.204,4.166,0.173,1.649,27.518,17.362,3.314,0.158,0.547,0.0,0,0.05
12,25.85,517,cruise,17.369,17.269,28.379,24.269,4.11,0.1,1.643,28.379,17.369,4.11,0.1,0.651,0.0,1,0.0
12,25.9,518,cruise,17.38,17.302,28.385,24.302,4.083,0.078,1.641,27.532,17.369,3.23,0.067,0.533,0.0,0,0.05
12,25.95,519,cruise,17.388,17.359,28.391,24.359,4.032,0.029,1.635,26.682,17.369,2.322,0.01,0.41,0.0,0,0.1
12,26.0,520,cruise,17.371,17.373,28.394,24.373,4.021,-0.002,1.634,28.394,17.371,4.021,-0.002,0.636,0.0,1,0.0
12,26.05,521,cruise,17.371,17.401,28.396,24.401,3.995,-0.03,1.632,28.396,17.371,3.995,-0.03,0.632,0.0,1,0.0
12,26.1,522,cruise,17.35,17.415,28.395,24.415,3.98,-0.065,1.631,28.395,17.35,3.98,-0.065,0.629,0.0,1,0.0
12,26.15,523,cruise,17.36,17.463,28.392,24.463,3.93,-0.103,1.626,28.392,17.36,3.93,-0.103,0.621,0.0,1,0.0
12,26.2,524,cruise,17.364,17.49,28.388,24.49,3.898,-0.126,1.623,28.388,17.364,3.898,-0.126,0.616,0.0,1,0.0
12,26.25,525,cruise,17.382,17.545,28.382,24.545,3.837,-0.163,1.618,28.382,17.382,3.837,-0.163,0.606,0.0,1,0.0
12,26.3,526,cruise,17.385,17.6,28.376,24.6,3.776,-0.215,1.612,28.376,17.385,3.776,-0.215,0.596,0.0,1,0.0
12,26.35,527,cruise,17.392,17.636,28.368,24.636,3.732,-0.244,1.609,28.368,17.392,3.732,-0.244,0.59,0.0,1,0.0
12,26.4,528,cruise,17.391,17.686,28.359,24.686,3.673,-0.295,1.603,28.359,17.391,3.673,-0.295,0.58,0.0,1,0.0
12,26.45,529,cruise,17.371,17.704,28.347,24.704,3.644,-0.333,1.601,28.347,17.371,3.644,-0.333,0.575,0.0,1,0.0
12,26.5,530,cruise,17.365,17.751,28.333,24.751,3.582,-0.386,1.596,28.333,17.365,3.582,-0.386,0.565,0.0,1,0.0
12,26.55,531,cruise,17.345,17.772,28.317,24.772,3.544,-0.428,1.593,28.317,17.345,3.544,-0.428,0.558,0.0,1,0.0
12,26.6,532,cruise,17.283,17.816,28.294,24.816,3.478,-0.533,1.588,28.294,17.283,3.478,-0.533,0.546,0.0,1,0.0
12,26.65,533,cruise,17.183,17.836,28.262,24.836,3.426,-0.654,1.585,27.417,17.283,2.58,-0.554,0.426,0.0,0,0.05
12,26.7,534,cruise,17.181,17.867,28.223,24.867,3.356,-0.686,1.58,28.223,17.181,3.356,-0.686,0.525,0.0,1,0.0
12,26.75,535,cruise,17.25,17.863,28.184,24.863,3.321,-0.613,1.578,28.184,17.25,3.321,-0.613,0.522,0.0,1,0.0
12,26.8,536,cruise,17.34,17.885,28.148,24.885,3.263,-0.546,1.574,28.148,17.34,3.263,-0.546,0.517,0.0,1,0.0
12,26.85,537,cruise,17.424,17.88,28.116,24.88,3.236,-0.456,1.572,28.116,17.424,3.236,-0.456,0.516,0.0,1,0.0
12,26.9,538,cruise,17.48,17.902,28.086,24.902,3.184,-0.422,1.569,27.236,17.424,2.333,-0.478,0.395,0.0,0,0.05
12,26.95,539,cruise,17.484,17.892,28.056,24.892,3.164,-0.408,1.568,28.056,17.484,3.164,-0.408,0.508,0.0,1,0.0
12,27.0,540,cruise,17.441,17.9,28.025,24.9,3.125,-0.459,1.566,28.025,17.441,3.125,-0.459,0.501,0.0,1,0.0
12,27.05,541,cruise,17.375,17.887,27.991,24.887,3.104,-0.512,1.565,27.991,17.375,3.104,-0.512,0.497,0.0,1,0.0
12,27.1,542,cruise,17.314,17.9,27.956,24.9,3.056,-0.586,1.562,27.111,17.375,2.211,-0.525,0.377,0.0,0,0.05
12,27.15,543,cruise,17.283,17.883,27.919,24.883,3.036,-0.599,1.561,27.919,17.283,3.036,-0.599,0.485,0.0,1,0.0
12,27.2,544,cruise,17.296,17.883,27.884,24.883,3.001,-0.587,1.559,27.884,17.296,3.001,-0.587,0.481,0.0,1,0.0
12,27.25,545,cruise,17.322,17.863,27.854,24.863,2.99,-0.541,1.559,27.854,17.322,2.99,-0.541,0.481,0.0,1,0.0
12,27.3,546,cruise,17.385,17.869,27.829,24.869,2.96,-0.484,1.557,27.829,17.385,2.96,-0.484,0.479,0.0,1,0.0
12,27.35,547,cruise,17.414,17.853,27.81,24.853,2.957,-0.438,1.558,27.81,17.414,2.957,-0.438,0.48,0.0,1,0.0
12,27.4,548,cruise,17.44,17.86,27.794,24.86,2.935,-0.42,1.556,27.794,17.44,2.935,-0.42,0.477,0.0,1,0.0
12,27.45,549,cruise,17.424,17.845,27.782,24.845,2.936,-0.422,1.557,27.782,17.424,2.936,-0.422,0.477,0.0,1,0.0
12,27.5,550,cruise,17.395,17.853,27.769,24.853,2.916,-0.458,1.555,27.769,17.395,2.916,-0.458,0.474,0.0,1,0.0
12,27.55,551,cruise,17.361,17.86,27.757,24.86,2.897,-0.499,1.554,27.757,17.361,2.897,-0.499,0.47,0.0,1,0.0
12,27.6,552,cruise,17.323,17.847,27.744,24.847,2.898,-0.524,1.555,27.744,17.323,2.898,-0.524,0.469,0.0,1,0.0
12,27.65,553,cruise,17.323,17.852,27.732,24.852,2.88,-0.529,1.553,27.732,17.323,2.88,-0.529,0.466,0.0,1,0.0
12,27.7,554,cruise,17.334,17.831,27.72,24.831,2.889,-0.497,1.555,26.855,17.323,2.024,-0.508,0.353,0.0,0,0.05
12,27.75,555,cruise,17.374,17.829,27.71,24.829,2.881,-0.455,1.554,27.71,17.374,2.881,-0.455,0.469,0.0,1,0.0
12,27.8,556,cruise,17.404,17.808,27.703,24.808,2.895,-0.404,1.556,27.703,17.404,2.895,-0.404,0.473,0.0,1,0.0
12,27.85,557,cruise,17.423,17.805,27.697,24.805,2.892,-0.382,1.556,27.697,17.423,2.892,-0.382,0.473,0.0,1,0.0
12,27.9,558,cruise,17.419,17.794,27.691,24.794,2.897,-0.374,1.556,26.82,17.423,2.026,-0.371,0.358,0.0,0,0.05
12,27.95,559,cruise,17.388,17.79,27.683,24.79,2.894,-0.401,1.556,25.942,17.423,1.153,-0.367,0.241,0.0,0,0.1
12,28.0,560,cruise,17.363,17.759,27.675,24.759,2.916,-0.397,1.558,27.675,17.363,2.916,-0.397,0.476,0.0,1,0.0
12,28.05,561,cruise,17.343,17.727,27.666,24.727,2.939,-0.384,1.561,26.799,17.363,2.072,-0.365,0.364,0.0,0,0.05
12,28.1,562,cruise,17.345,17.702,27.658,24.702,2.957,-0.357,1.562,25.925,17.363,1.224,-0.339,0.252,0.0,0,0.1
12,28.15,563,cruise,17.359,17.645,27.652,24.645,3.007,-0.286,1.567,27.652,17.359,3.007,-0.286,0.491,0.0,1,0.0
12,28.2,564,cruise,17.381,17.543,27.648,24.543,3.105,-0.162,1.576,26.78,17.359,2.238,-0.184,0.392,0.0,0,0.05
12,28.25,565,cruise,17.399,17.392,27.649,24.392,3.257,0.008,1.59,27.649,17.399,3.257,0.008,0.535,0.0,1,0.0
12,28.3,566,cruise,17.403,17.302,27.653,24.302,3.351,0.101,1.598,27.653,17.403,3.351,0.101,0.55,0.0,1,0.0
12,28.35,567,cruise,17.396,17.287,27.658,24.287,3.371,0.109,1.6,27.658,17.396,3.371,0.109,0.553,0.0,1,0.0
12,28.4,568,cruise,17.382,17.302,27.661,24.302,3.359,0.08,1.599,27.661,17.382,3.359,0.08,0.551,0.0,1,0.0
12,28.45,569,cruise,17.369,17.321,27.662,24.321,3.341,0.047,1.597,27.662,17.369,3.341,0.047,0.547,0.0,1,0.0
12,28.5,570,cruise,17.361,17.342,27.661,24.342,3.319,0.02,1.595,27.661,17.361,3.319,0.02,0.543,0.0,1,0.0
12,28.55,571,cruise,17.363,17.363,27.659,24.363,3.296,-0.0,1.593,26.793,17.361,2.43,-0.002,0.424,0.0,0,0.05
12,28.6,572,cruise,17.371,17.38,27.658,24.38,3.277,-0.009,1.591,27.658,17.371,3.277,-0.009,0.537,0.0,1,0.0
12,28.65,573,cruise,17.381,17.394,27.656,24.394,3.262,-0.013,1.59,26.789,17.371,2.395,-0.023,0.419,0.0,0,0.05
12,28.7,574,cruise,17.389,17.407,27.656,24.407,3.249,-0.018,1.589,27.656,17.389,3.249,-0.018,0.533,0.0,1,0.0
12,28.75,575,cruise,17.39,17.417,27.656,24.417,3.239,-0.027,1.588,27.656,17.39,3.239,-0.027,0.531,0.0,1,0.0
12,28.8,576,cruise,17.386,17.434,27.656,24.434,3.223,-0.047,1.586,27.656,17.386,3.223,-0.047,0.528,0.0,1,0.0
12,28.85,577,cruise,17.379,17.436,27.656,24.436,3.22,-0.057,1.586,26.788,17.386,2.352,-0.05,0.412,0.0,0,0.05
12,28.9,578,cruise,17.373,17.453,27.656,24.453,3.203,-0.08,1.585,27.656,17.373,3.203,-0.08,0.524,0.0,1,0.0
12,28.95,579,cruise,17.37,17.44,27.655,24.44,3.215,-0.07,1.586,26.787,17.373,2.347,-0.067,0.411,0.0,0,0.05
12,29.0,580,cruise,17.371,17.45,27.653,24.45,3.204,-0.079,1.585,27.653,17.371,3.204,-0.079,0.525,0.0,1,0.0
12,29.05,581,cruise,17.375,17.445,27.652,24.445,3.207,-0.07,1.585,27.652,17.375,3.207,-0.07,0.525,0.0,1,0.0
12,29.1,582,cruise,17.38,17.457,27.651,24.457,3.193,-0.077,1.584,26.782,17.375,2.325,-0.082,0.407,0.0,0,0.05
12,29.15,583,cruise,17.384,17.467,27.649,24.467,3.182,-0.083,1.583,27.649,17.384,3.182,-0.083,0.522,0.0,1,0.0
12,29.2,584,cruise,17.384,17.457,27.647,24.457,3.19,-0.073,1.584,27.647,17.384,3.19,-0.073,0.523,0.0,1,0.0
12,29.25,585,cruise,17.382,17.47,27.645,24.47,3.175,-0.088,1.582,26.776,17.384,2.306,-0.086,0.405,0.0,0,0.05
12,29.3,586,cruise,17.378,17.467,27.642,24.467,3.175,-0.088,1.583,25.904,17.384,1.438,-0.083,0.289,0.0,0,0.1
12,29.35,587,cruise,17.375,17.462,27.639,24.462,3.177,-0.086,1.583,27.639,17.375,3.177,-0.086,0.521,0.0,1,0.0
12,29.4,588,cruise,17.374,17.439,27.636,24.439,3.197,-0.065,1.585,27.636,17.374,3.197,-0.065,0.524,0.0,1,0.0
12,29.45,589,cruise,17.375,17.436,27.634,24.436,3.197,-0.061,1.585,27.634,17.375,3.197,-0.061,0.524,0.0,1,0.0
12,29.5,590,cruise,17.377,17.438,27.632,24.438,3.193,-0.061,1.585,27.632,17.377,3.193,-0.061,0.524,0.0,1,0.0
12,29.55,591,cruise,17.38,17.453,27.629,24.453,3.176,-0.073,1.583,27.629,17.38,3.176,-0.073,0.521,0.0,1,0.0
12,29.6,592,cruise,17.381,17.471,27.625,24.471,3.155,-0.089,1.581,27.625,17.381,3.155,-0.089,0.518,0.0,1,0.0
12,29.65,593,cruise,17.381,17.484,27.621,24.484,3.137,-0.103,1.58,27.621,17.381,3.137,-0.103,0.515,0.0,1,0.0
12,29.7,594,cruise,17.38,17.505,27.615,24.505,3.11,-0.125,1.578,26.746,17.381,2.241,-0.124,0.395,0.0,0,0.05
12,29.75,595,cruise,17.378,17.517,27.609,24.517,3.091,-0.139,1.576,27.609,17.378,3.091,-0.139,0.508,0.0,1,0.0
12,29.8,596,cruise,17.377,17.525,27.602,24.525,3.076,-0.149,1.575,27.602,17.377,3.076,-0.149,0.505,0.0,1,0.0
12,29.85,597,cruise,17.376,17.536,27.594,24.536,3.058,-0.16,1.574,27.594,17.376,3.058,-0.16,0.502,0.0,1,0.0
12,29.9,598,cruise,17.377,17.55,27.586,24.55,3.036,-0.173,1.572,27.586,17.377,3.036,-0.173,0.499,0.0,1,0.0
12,29.95,599,cruise,17.378,17.566,27.577,24.566,3.012,-0.188,1.57,26.708,17.377,2.143,-0.189,0.379,0.0,0,0.05
12,30.0,600,cruise,17.379,17.572,27.568,24.572,2.995,-0.193,1.569,27.568,17.379,2.995,-0.193,0.493,0.0,1,0.0
12,30.05,601,cruise,17.38,17.575,27.558,24.575,2.983,-0.195,1.568,27.558,17.38,2.983,-0.195,0.491,0.0,1,0.0
12,30.1,602,cruise,17.38,17.581,27.548,24.581,2.967,-0.201,1.567,27.548,17.38,2.967,-0.201,0.489,0.0,1,0.0
12,30.15,603,cruise,17.379,17.59,27.538,24.59,2.948,-0.211,1.566,26.669,17.38,2.079,-0.21,0.37,0.0,0,0.05
12,30.2,604,cruise,17.378,17.593,27.527,24.593,2.934,-0.215,1.565,27.527,17.378,2.934,-0.215,0.484,0.0,1,0.0
12,30.25,605,cruise,17.377,17.591,27.517,24.591,2.926,-0.213,1.564,26.648,17.378,2.057,-0.213,0.367,0.0,0,0.05
12,30.3,606,cruise,17.377,17.587,27.506,24.587,2.92,-0.209,1.564,27.506,17.377,2.92,-0.209,0.482,0.0,1,0.0
12,30.35,607,cruise,17.378,17.579,27.496,24.579,2.917,-0.202,1.564,27.496,17.378,2.917,-0.202,0.482,0.0,1,0.0
12,30.4,608,cruise,17.378,17.579,27.486,24.579,2.907,-0.2,1.564,27.486,17.378,2.907,-0.2,0.481,0.0,1,0.0
12,30.45,609,cruise,17.379,17.581,27.476,24.581,2.894,-0.203,1.563,27.476,17.379,2.894,-0.203,0.479,0.0,1,0.0
12,30.5,610,cruise,17.379,17.587,27.466,24.587,2.878,-0.208,1.562,27.466,17.379,2.878,-0.208,0.477,0.0,1,0.0
12,30.55,611,cruise,17.379,17.594,27.455,24.594,2.861,-0.215,1.56,26.586,17.379,1.992,-0.215,0.358,0.0,0,0.05
12,30.6,612,cruise,17.379,17.595,27.444,24.595,2.849,-0.216,1.56,27.444,17.379,2.849,-0.216,0.473,0.0,1,0.0
12,30.65,613,cruise,17.378,17.589,27.434,24.589,2.844,-0.211,1.56,26.565,17.379,1.975,-0.211,0.356,0.0,0,0.05
12,30.7,614,cruise,17.378,17.582,27.423,24.582,2.841,-0.204,1.56,25.685,17.379,1.103,-0.203,0.24,0.0,0,0.1
12,30.75,615,cruise,17.378,17.559,27.414,24.559,2.855,-0.181,1.561,24.807,17.379,0.248,-0.18,0.127,0.0,0,0.15
12,30.8,616,cruise,17.378,17.512,27.406,24.512,2.894,-0.134,1.565,23.93,17.379,-0.582,-0.134,0.018,0.0,0,0.2
12,30.85,617,cruise,17.378,17.439,27.401,24.439,2.963,-0.06,1.571,27.401,17.378,2.963,-0.06,0.493,0.0,1,0.0
12,30.9,618,cruise,17.379,17.349,27.401,24.349,3.052,0.029,1.579,26.532,17.378,2.183,0.029,0.392,0.0,0,0.05
12,30.95,619,cruise,17.379,17.278,27.405,24.278,3.127,0.101,1.586,25.667,17.378,1.389,0.101,0.289,0.0,0,0.1
12,31.0,620,cruise,17.379,17.22,27.412,24.22,3.192,0.159,1.592,27.412,17.379,3.192,0.159,0.531,0.0,1,0.0
12,31.05,621,cruise,17.378,17.172,27.421,24.172,3.249,0.206,1.597,27.421,17.378,3.249,0.206,0.54,0.0,1,0.0
12,31.1,622,cruise,17.378,17.151,27.432,24.151,3.281,0.228,1.599,26.563,17.378,2.413,0.228,0.429,0.0,0,0.05
12,31.15,623,cruise,17.378,17.142,27.444,24.142,3.302,0.236,1.601,27.444,17.378,3.302,0.236,0.548,0.0,1,0.0
12,31.2,624,cruise,17.378,17.14,27.456,24.14,3.315,0.238,1.602,27.456,17.378,3.315,0.238,0.55,0.0,1,0.0
12,31.25,625,cruise,17.378,17.152,27.467,24.152,3.315,0.226,1.601,26.598,17.378,2.446,0.226,0.434,0.0,0,0.05
12,31.3,626,cruise,17.378,17.166,27.478,24.166,3.312,0.213,1.601,25.74,17.378,1.575,0.213,0.317,0.0,0,0.1
12,31.35,627,cruise,17.378,17.166,27.489,24.166,3.323,0.213,1.601,27.489,17.378,3.323,0.213,0.55,0.0,1,0.0
12,31.4,628,cruise,17.379,17.157,27.5,24.157,3.342,0.221,1.603,27.5,17.379,3.342,0.221,0.553,0.0,1,0.0
12,31.45,629,cruise,17.378,17.164,27.51,24.164,3.347,0.215,1.603,27.51,17.378,3.347,0.215,0.553,0.0,1,0.0
12,31.5,630,cruise,17.378,17.181,27.521,24.181,3.34,0.198,1.602,27.521,17.378,3.34,0.198,0.552,0.0,1,0.0
12,31.55,631,cruise,17.378,17.205,27.53,24.205,3.325,0.173,1.6,27.53,17.378,3.325,0.173,0.549,0.0,1,0.0
12,31.6,632,cruise,17.378,17.233,27.538,24.233,3.304,0.145,1.598,26.669,17.378,2.436,0.145,0.43,0.0,0,0.05
12,31.65,633,cruise,17.378,17.257,27.544,24.257,3.287,0.121,1.596,25.806,17.378,1.549,0.121,0.311,0.0,0,0.1
12,31.7,634,cruise,17.378,17.263,27.55,24.263,3.287,0.116,1.596,24.943,17.378,0.68,0.116,0.195,0.0,0,0.15
12,31.75,635,cruise,17.378,17.243,27.556,24.243,3.313,0.136,1.598,27.556,17.378,3.313,0.136,0.546,0.0,1,0.0
12,31.8,636,cruise,17.378,17.207,27.564,24.207,3.357,0.171,1.602,26.695,17.378,2.488,0.171,0.437,0.0,0,0.05
12,31.85,637,cruise,17.378,17.183,27.573,24.183,3.39,0.195,1.605,25.836,17.378,1.652,0.195,0.327,0.0,0,0.1
12,31.9,638,cruise,17.378,17.161,27.584,24.161,3.423,0.218,1.607,24.977,17.378,0.816,0.218,0.216,0.0,0,0.15
12,31.95,639,cruise,17.378,17.125,27.596,24.125,3.47,0.253,1.611,24.12,17.378,-0.005,0.253,0.108,0.0,0,0.2
12,32.0,640,cruise,17.378,17.07,27.61,24.07,3.54,0.308,1.617,27.61,17.378,3.54,0.308,0.582,0.0,1,0.0
12,32.05,641,cruise,17.378,17.003,27.627,24.003,3.625,0.375,1.625,27.627,17.378,3.625,0.375,0.596,0.0,1,0.0
12,32.1,642,cruise,17.378,16.959,27.648,23.959,3.688,0.419,1.63,26.779,17.378,2.819,0.419,0.49,0.0,0,0.05
12,32.15,643,cruise,17.378,16.943,27.669,23.943,3.726,0.435,1.633,27.669,17.378,3.726,0.435,0.611,0.0,1,0.0
12,32.2,644,cruise,17.378,16.944,27.691,23.944,3.747,0.434,1.634,27.691,17.378,3.747,0.434,0.614,0.0,1,0.0
12,32.25,645,cruise,17.378,16.966,27.712,23.966,3.746,0.412,1.633,27.712,17.378,3.746,0.412,0.613,0.0,1,0.0
12,32.3,646,cruise,17.378,17.001,27.732,24.001,3.731,0.378,1.631,26.863,17.378,2.862,0.378,0.494,0.0,0,0.05
12,32.35,647,cruise,17.378,17.037,27.749,24.037,3.712,0.341,1.629,27.749,17.378,3.712,0.341,0.606,0.0,1,0.0
12,32.4,648,cruise,17.378,17.072,27.765,24.072,3.693,0.306,1.626,27.765,17.378,3.693,0.306,0.603,0.0,1,0.0
12,32.45,649,cruise,17.378,17.114,27.779,24.114,3.665,0.264,1.623,27.779,17.378,3.665,0.264,0.597,0.0,1,0.0
12,32.5,650,cruise,17.378,17.16,27.791,24.16,3.631,0.218,1.619,26.922,17.378,2.762,0.218,0.475,0.0,0,0.05
12,32.55,651,cruise,17.378,17.202,27.801,24.202,3.599,0.177,1.616,27.801,17.378,3.599,0.177,0.586,0.0,1,0.0
12,32.6,652,cruise,17.378,17.237,27.809,24.237,3.571,0.141,1.613,27.809,17.378,3.571,0.141,0.581,0.0,1,0.0
12,32.65,653,cruise,17.378,17.277,27.814,24.277,3.537,0.101,1.61,27.814,17.378,3.537,0.101,0.575,0.0,1,0.0
12,32.7,654,cruise,17.378,17.319,27.818,24.319,3.499,0.06,1.606,27.818,17.378,3.499,0.06,0.569,0.0,1,0.0
12,32.75,655,cruise,17.379,17.361,27.82,24.361,3.459,0.018,1.602,27.82,17.379,3.459,0.018,0.562,0.0,1,0.0
12,32.8,656,cruise,17.378,17.403,27.819,24.403,3.417,-0.025,1.599,27.819,17.378,3.417,-0.025,0.555,0.0,1,0.0
12,32.85,657,cruise,17.378,17.443,27.817,24.443,3.374,-0.065,1.595,27.817,17.378,3.374,-0.065,0.548,0.0,1,0.0
12,32.9,658,cruise,17.378,17.482,27.813,24.482,3.331,-0.104,1.591,26.944,17.378,2.462,-0.104,0.425,0.0,0,0.05
12,32.95,659,cruise,17.378,17.511,27.806,24.511,3.295,-0.133,1.588,27.806,17.378,3.295,-0.133,0.535,0.0,1,0.0
12,33.0,660,cruise,17.378,17.533,27.799,24.533,3.266,-0.154,1.586,27.799,17.378,3.266,-0.154,0.53,0.0,1,0.0
12,33.05,661,cruise,17.379,17.557,27.791,24.557,3.234,-0.178,1.583,26.922,17.378,2.365,-0.178,0.409,0.0,0,0.05
12,33.1,662,cruise,17.379,17.575,27.781,24.575,3.207,-0.196,1.581,26.043,17.378,1.469,-0.196,0.289,0.0,0,0.1
12,33.15,663,cruise,17.379,17.574,27.771,24.574,3.197,-0.195,1.58,25.165,17.378,0.591,-0.195,0.172,0.0,0,0.15
12,33.2,664,cruise,17.378,17.547,27.762,24.547,3.216,-0.168,1.582,24.287,17.378,-0.26,-0.168,0.06,0.0,0,0.2
12,33.25,665,cruise,17.378,17.49,27.756,24.49,3.266,-0.112,1.587,23.411,17.378,-1.079,-0.112,0.0,0.036,0,0.25
12,33.3,666,cruise,17.378,17.399,27.753,24.399,3.354,-0.02,1.595,27.753,17.378,3.354,-0.02,0.547,0.0,1,0.0
12,33.35,667,cruise,17.378,17.299,27.755,24.299,3.455,0.079,1.604,27.755,17.378,3.455,0.079,0.563,0.0,1,0.0
12,33.4,668,cruise,17.378,17.224,27.761,24.224,3.537,0.155,1.612,27.761,17.378,3.537,0.155,0.577,0.0,1,0.0
12,33.45,669,cruise,17.378,17.188,27.77,24.188,3.583,0.191,1.616,27.77,17.378,3.583,0.191,0.584,0.0,1,0.0
12,33.5,670,cruise,17.378,17.181,27.78,24.181,3.599,0.197,1.617,27.78,17.378,3.599,0.197,0.586,0.0,1,0.0
12,33.55,671,cruise,17.378,17.194,27.789,24.194,3.595,0.184,1.616,27.789,17.378,3.595,0.184,0.586,0.0,1,0.0
12,33.6,672,cruise,17.378,17.22,27.798,24.22,3.578,0.159,1.614,27.798,17.378,3.578,0.159,0.582,0.0,1,0.0
12,33.65,673,cruise,17.378,17.253,27.805,24.253,3.552,0.125,1.612,27.805,17.378,3.552,0.125,0.578,0.0,1,0.0
12,33.7,674,cruise,17.378,17.291,27.81,24.291,3.519,0.087,1.608,26.941,17.378,2.65,0.087,0.456,0.0,0,0.05
12,33.75,675,cruise,17.378,17.325,27.813,24.325,3.489,0.054,1.605,27.813,17.378,3.489,0.054,0.567,0.0,1,0.0
12,33.8,676,cruise,17.378,17.353,27.815,24.353,3.462,0.026,1.603,27.815,17.378,3.462,0.026,0.563,0.0,1,0.0
12,33.85,677,cruise,17.378,17.385,27.815,24.385,3.43,-0.007,1.6,27.815,17.378,3.43,-0.007,0.557,0.0,1,0.0
12,33.9,678,cruise,17.378,17.419,27.814,24.419,3.394,-0.041,1.597,27.814,17.378,3.394,-0.041,0.551,0.0,1,0.0
12,33.95,679,cruise,17.378,17.455,27.811,24.455,3.356,-0.076,1.593,27.811,17.378,3.356,-0.076,0.545,0.0,1,0.0
12,34.0,680,cruise,17.378,17.49,27.806,24.49,3.316,-0.111,1.59,27.806,17.378,3.316,-0.111,0.538,0.0,1,0.0
12,34.05,681,cruise,17.378,17.523,27.799,24.523,3.276,-0.145,1.586,27.799,17.378,3.276,-0.145,0.532,0.0,1,0.0
12,34.1,682,cruise,17.378,17.556,27.791,24.556,3.235,-0.177,1.583,27.791,17.378,3.235,-0.177,0.525,0.0,1,0.0
12,34.15,683,cruise,17.378,17.586,27.781,24.586,3.195,-0.208,1.58,27.781,17.378,3.195,-0.208,0.519,0.0,1,0.0
12,34.2,684,cruise,17.378,17.614,27.77,24.614,3.156,-0.236,1.577,27.77,17.378,3.156,-0.236,0.513,0.0,1,0.0
12,34.25,685,cruise,17.378,17.641,27.757,24.641,3.117,-0.262,1.573,27.757,17.378,3.117,-0.262,0.507,0.0,1,0.0
12,34.3,686,cruise,17.378,17.665,27.744,24.665,3.079,-0.286,1.571,26.875,17.378,2.21,-0.286,0.385,0.0,0,0.05
12,34.35,687,cruise,17.378,17.68,27.729,24.68,3.049,-0.302,1.568,25.991,17.378,1.311,-0.302,0.265,0.0,0,0.1
12,34.4,688,cruise,17.378,17.674,27.714,24.674,3.04,-0.296,1.568,25.107,17.378,0.433,-0.296,0.148,0.0,0,0.15
12,34.45,689,cruise,17.378,17.64,27.7,24.64,3.06,-0.262,1.57,27.7,17.378,3.06,-0.262,0.499,0.0,1,0.0
12,34.5,690,cruise,17.378,17.59,27.688,24.59,3.098,-0.212,1.574,26.819,17.378,2.229,-0.212,0.39,0.0,0,0.05
12,34.55,691,cruise,17.378,17.551,27.679,24.551,3.128,-0.172,1.577,27.679,17.378,3.128,-0.172,0.511,0.0,1,0.0
12,34.6,692,cruise,17.378,17.524,27.671,24.524,3.147,-0.146,1.579,26.802,17.378,2.278,-0.146,0.399,0.0,0,0.05
12,34.65,693,cruise,17.378,17.508,27.665,24.508,3.156,-0.13,1.58,27.665,17.378,3.156,-0.13,0.517,0.0,1,0.0
12,34.7,694,cruise,17.378,17.498,27.658,24.498,3.161,-0.119,1.581,27.658,17.378,3.161,-0.119,0.517,0.0,1,0.0
12,34.75,695,cruise,17.378,17.499,27.652,24.499,3.153,-0.121,1.58,26.784,17.378,2.284,-0.121,0.401,0.0,0,0.05
12,34.8,696,cruise,17.378,17.502,27.646,24.502,3.144,-0.123,1.58,27.646,17.378,3.144,-0.123,0.515,0.0,1,0.0
12,34.85,697,cruise,17.378,17.503,27.64,24.503,3.137,-0.125,1.579,27.64,17.378,3.137,-0.125,0.514,0.0,1,0.0
12,34.9,698,cruise,17.378,17.512,27.634,24.512,3.122,-0.133,1.578,27.634,17.378,3.122,-0.133,0.512,0.0,1,0.0
12,34.95,699,cruise,17.378,17.525,27.627,24.525,3.101,-0.147,1.576,26.758,17.378,2.232,-0.147,0.393,0.0,0,0.05
12,35.0,700,cruise,17.378,17.534,27.619,24.534,3.084,-0.156,1.575,27.619,17.378,3.084,-0.156,0.506,0.0,1,0.0
12,35.05,701,cruise,17.378,17.539,27.611,24.539,3.072,-0.16,1.574,27.611,17.378,3.072,-0.16,0.504,0.0,1,0.0
12,35.1,702,cruise,17.378,17.548,27.603,24.548,3.054,-0.17,1.573,26.734,17.378,2.185,-0.17,0.386,0.0,0,0.05
12,35.15,703,cruise,17.378,17.554,27.594,24.554,3.04,-0.176,1.572,27.594,17.378,3.04,-0.176,0.499,0.0,1,0.0
12,35.2,704,cruise,17.378,17.556,27.585,24.556,3.03,-0.177,1.571,27.585,17.378,3.03,-0.177,0.498,0.0,1,0.0
12,35.25,705,cruise,17.378,17.562,27.576,24.562,3.014,-0.184,1.57,27.576,17.378,3.014,-0.184,0.496,0.0,1,0.0
12,35.3,706,cruise,17.378,17.572,27.567,24.572,2.994,-0.194,1.569,26.698,17.378,2.125,-0.194,0.377,0.0,0,0.05
12,35.35,707,cruise,17.378,17.577,27.557,24.577,2.979,-0.199,1.568,27.557,17.378,2.979,-0.199,0.491,0.0,1,0.0
12,35.4,708,cruise,17.378,17.577,27.547,24.577,2.97,-0.199,1.567,27.547,17.378,2.97,-0.199,0.489,0.0,1,0.0
12,35.45,709,cruise,17.378,17.582,27.537,24.582,2.955,-0.203,1.566,26.668,17.378,2.086,-0.203,0.371,0.0,0,0.05
12,35.5,710,cruise,17.378,17.583,27.526,24.583,2.944,-0.204,1.566,27.526,17.378,2.944,-0.204,0.486,0.0,1,0.0
12,35.55,711,cruise,17.378,17.579,27.516,24.579,2.937,-0.201,1.565,26.647,17.378,2.068,-0.201,0.369,0.0,0,0.05
12,35.6,712,cruise,17.378,17.574,27.506,24.574,2.932,-0.196,1.565,27.506,17.378,2.932,-0.196,0.484,0.0,1,0.0
12,35.65,713,cruise,17.378,17.567,27.497,24.567,2.93,-0.188,1.565,27.497,17.378,2.93,-0.188,0.484,0.0,1,0.0
12,35.7,714,cruise,17.378,17.566,27.487,24.566,2.921,-0.188,1.565,27.487,17.378,2.921,-0.188,0.483,0.0,1,0.0
12,35.75,715,cruise,17.378,17.57,27.478,24.57,2.908,-0.191,1.564,27.478,17.378,2.908,-0.191,0.481,0.0,1,0.0
12,35.8,716,cruise,17.378,17.576,27.468,24.576,2.892,-0.198,1.563,27.468,17.378,2.892,-0.198,0.479,0.0,1,0.0
12,35.85,717,cruise,17.378,17.584,27.458,24.584,2.874,-0.205,1.562,26.589,17.378,2.005,-0.205,0.361,0.0,0,0.05
12,35.9,718,cruise,17.378,17.585,27.448,24.585,2.863,-0.207,1.561,27.448,17.378,2.863,-0.207,0.475,0.0,1,0.0
12,35.95,719,cruise,17.379,17.581,27.438,24.581,2.857,-0.202,1.561,27.438,17.379,2.857,-0.202,0.474,0.0,1,0.0
12,36.0,720,cruise,17.379,17.58,27.428,24.58,2.847,-0.202,1.56,26.559,17.379,1.978,-0.202,0.357,0.0,0,0.05
12,36.05,721,cruise,17.379,17.576,27.417,24.576,2.841,-0.198,1.56,27.417,17.379,2.841,-0.198,0.472,0.0,1,0.0
12,36.1,722,cruise,17.379,17.568,27.408,24.568,2.84,-0.189,1.56,27.408,17.379,2.84,-0.189,0.472,0.0,1,0.0
12,36.15,723,cruise,17.378,17.565,27.398,24.565,2.833,-0.188,1.56,27.398,17.378,2.833,-0.188,0.471,0.0,1,0.0
12,36.2,724,cruise,17.378,17.566,27.389,24.566,2.823,-0.189,1.559,27.389,17.378,2.823,-0.189,0.47,0.0,1,0.0
12,36.25,725,cruise,17.378,17.569,27.38,24.569,2.81,-0.192,1.558,27.38,17.378,2.81,-0.192,0.468,0.0,1,0.0
12,36.3,726,cruise,17.378,17.574,27.37,24.574,2.796,-0.195,1.557,27.37,17.378,2.796,-0.195,0.466,0.0,1,0.0
12,36.35,727,cruise,17.379,17.578,27.36,24.578,2.782,-0.2,1.556,27.36,17.379,2.782,-0.2,0.464,0.0,1,0.0
12,36.4,728,cruise,17.379,17.583,27.35,24.583,2.767,-0.204,1.555,27.35,17.379,2.767,-0.204,0.462,0.0,1,0.0
12,36.45,729,cruise,17.379,17.587,27.339,24.587,2.752,-0.209,1.554,27.339,17.379,2.752,-0.209,0.46,0.0,1,0.0
12,36.5,730,cruise,17.379,17.592,27.329,24.592,2.737,-0.213,1.554,27.329,17.379,2.737,-0.213,0.458,0.0,1,0.0
12,36.55,731,cruise,17.378,17.595,27.318,24.595,2.723,-0.217,1.553,26.449,17.379,1.854,-0.217,0.34,0.0,0,0.05
12,36.6,732,cruise,17.378,17.591,27.307,24.591,2.716,-0.213,1.552,27.307,17.378,2.716,-0.213,0.455,0.0,1,0.0
12,36.65,733,cruise,17.378,17.581,27.297,24.581,2.716,-0.203,1.553,27.297,17.378,2.716,-0.203,0.455,0.0,1,0.0
12,36.7,734,cruise,17.378,17.575,27.287,24.575,2.712,-0.197,1.553,26.418,17.378,1.843,-0.197,0.339,0.0,0,0.05
12,36.75,735,cruise,17.378,17.565,27.277,24.565,2.713,-0.186,1.553,27.277,17.378,2.713,-0.186,0.455,0.0,1,0.0
12,36.8,736,cruise,17.378,17.55,27.269,24.55,2.718,-0.172,1.554,27.269,17.378,2.718,-0.172,0.457,0.0,1,0.0
12,36.85,737,cruise,17.379,17.542,27.26,24.542,2.718,-0.163,1.554,26.391,17.378,1.85,-0.163,0.341,0.0,0,0.05
12,36.9,738,cruise,17.379,17.53,27.252,24.53,2.722,-0.152,1.555,27.252,17.379,2.722,-0.152,0.458,0.0,1,0.0
12,36.95,739,cruise,17.378,17.516,27.245,24.516,2.73,-0.137,1.555,27.245,17.378,2.73,-0.137,0.459,0.0,1,0.0
12,37.0,740,cruise,17.378,17.507,27.239,24.507,2.732,-0.129,1.556,27.239,17.378,2.732,-0.129,0.46,0.0,1,0.0
12,37.05,741,cruise,17.378,17.503,27.232,24.503,2.729,-0.125,1.556,26.364,17.378,1.86,-0.125,0.344,0.0,0,0.05
12,37.1,742,cruise,17.378,17.495,27.226,24.495,2.732,-0.117,1.556,27.226,17.378,2.732,-0.117,0.46,0.0,1,0.0
12,37.15,743,cruise,17.378,17.482,27.221,24.482,2.739,-0.104,1.557,27.221,17.378,2.739,-0.104,0.462,0.0,1,0.0
12,37.2,744,cruise,17.378,17.476,27.216,24.476,2.74,-0.097,1.557,27.216,17.378,2.74,-0.097,0.462,0.0,1,0.0
12,37.25,745,cruise,17.378,17.473,27.211,24.473,2.738,-0.095,1.557,27.211,17.378,2.738,-0.095,0.462,0.0,1,0.0
12,37.3,746,cruise,17.378,17.473,27.206,24.473,2.734,-0.094,1.557,26.338,17.378,1.865,-0.094,0.345,0.0,0,0.05
12,37.35,747,cruise,17.378,17.467,27.202,24.467,2.734,-0.089,1.557,27.202,17.378,2.734,-0.089,0.462,0.0,1,0.0
12,37.4,748,cruise,17.378,17.457,27.198,24.457,2.741,-0.079,1.558,26.329,17.378,1.872,-0.078,0.347,0.0,0,0.05
12,37.45,749,cruise,17.378,17.445,27.194,24.445,2.749,-0.066,1.559,25.456,17.378,1.011,-0.066,0.233,0.0,0,0.1
12,37.5,750,cruise,17.378,17.418,27.191,24.418,2.773,-0.04,1.561,27.191,17.378,2.773,-0.04,0.468,0.0,1,0.0
12,37.55,751,cruise,17.378,17.383,27.191,24.383,2.808,-0.005,1.564,26.322,17.378,1.939,-0.005,0.358,0.0,0,0.05
12,37.6,752,cruise,17.378,17.355,27.192,24.355,2.837,0.023,1.567,27.192,17.378,2.837,0.023,0.479,0.0,1,0.0
12,37.65,753,cruise,17.377,17.332,27.194,24.332,2.862,0.045,1.569,27.194,17.377,2.862,0.045,0.483,0.0,1,0.0
12,37.7,754,cruise,17.377,17.321,27.196,24.321,2.875,0.056,1.57,26.327,17.377,2.006,0.056,0.369,0.0,0,0.05
12,37.75,755,cruise,17.378,17.312,27.199,24.312,2.887,0.065,1.571,25.461,17.377,1.149,0.065,0.255,0.0,0,0.1
12,37.8,756,cruise,17.378,17.29,27.203,24.29,2.913,0.088,1.573,24.596,17.377,0.306,0.087,0.144,0.0,0,0.15
12,37.85,757,cruise,17.378,17.247,27.209,24.247,2.962,0.131,1.578,27.209,17.378,2.962,0.131,0.499,0.0,1,0.0
12,37.9,758,cruise,17.378,17.191,27.217,24.191,3.026,0.187,1.583,27.217,17.378,3.026,0.187,0.51,0.0,1,0.0
12,37.95,759,cruise,17.378,17.155,27.228,24.155,3.073,0.223,1.587,26.359,17.378,2.204,0.223,0.401,0.0,0,0.05
12,38.0,760,cruise,17.378,17.134,27.24,24.134,3.106,0.244,1.59,27.24,17.378,3.106,0.244,0.522,0.0,1,0.0
12,38.05,761,cruise,17.378,17.121,27.252,24.121,3.131,0.257,1.592,27.252,17.378,3.131,0.257,0.526,0.0,1,0.0
12,38.1,762,cruise,17.377,17.122,27.265,24.122,3.143,0.255,1.592,26.396,17.378,2.274,0.255,0.412,0.0,0,0.05
12,38.15,763,cruise,17.378,17.126,27.278,24.126,3.151,0.251,1.593,27.278,17.378,3.151,0.251,0.529,0.0,1,0.0
12,38.2,764,cruise,17.378,17.131,27.29,24.131,3.159,0.247,1.593,26.421,17.378,2.291,0.247,0.414,0.0,0,0.05
12,38.25,765,cruise,17.378,17.137,27.302,24.137,3.166,0.241,1.593,27.302,17.378,3.166,0.241,0.53,0.0,1,0.0
12,38.3,766,cruise,17.378,17.142,27.314,24.142,3.172,0.236,1.593,27.314,17.378,3.172,0.236,0.531,0.0,1,0.0
12,38.35,767,cruise,17.378,17.156,27.325,24.156,3.169,0.222,1.593,26.457,17.378,2.3,0.222,0.414,0.0,0,0.05
12,38.4,768,cruise,17.378,17.169,27.336,24.169,3.167,0.209,1.592,27.336,17.378,3.167,0.209,0.529,0.0,1,0.0
12,38.45,769,cruise,17.378,17.178,27.346,24.178,3.168,0.199,1.592,26.477,17.378,2.299,0.2,0.413,0.0,0,0.05
12,38.5,770,cruise,17.378,17.188,27.356,24.188,3.168,0.19,1.592,27.356,17.378,3.168,0.19,0.529,0.0,1,0.0
12,38.55,771,decelerate,17.378,17.196,27.365,24.196,3.17,0.182,1.591,26.496,17.378,2.301,0.182,0.413,0.0,0,0.05
12,38.6,772,decelerate,17.378,17.204,27.374,24.204,3.17,0.174,1.591,27.374,17.378,3.17,0.174,0.528,0.0,1,0.0
12,38.65,773,decelerate,17.339,17.211,27.382,24.211,3.171,0.129,1.591,27.382,17.339,3.171,0.129,0.527,0.0,1,0.0
12,38.7,774,decelerate,17.201,17.225,27.384,24.225,3.159,-0.023,1.59,27.384,17.201,3.159,-0.023,0.52,0.0,1,0.0
12,38.75,775,decelerate,16.984,17.243,27.375,24.243,3.132,-0.26,1.588,27.375,16.984,3.132,-0.26,0.509,0.0,1,0.0
12,38.8,776,decelerate,16.727,17.264,27.353,24.264,3.089,-0.537,1.584,27.353,16.727,3.089,-0.537,0.494,0.0,1,0.0
12,38.85,777,decelerate,16.524,17.283,27.317,24.283,3.034,-0.759,1.581,27.317,16.524,3.034,-0.759,0.479,0.0,1,0.0
12,38.9,778,decelerate,16.343,17.3,27.27,24.3,2.97,-0.958,1.576,27.27,16.343,2.97,-0.958,0.464,0.0,1,0.0
12,38.95,779,decelerate,16.16,17.314,27.213,24.314,2.899,-1.154,1.572,27.213,16.16,2.899,-1.154,0.448,0.0,1,0.0
12,39.0,780,decelerate,15.978,17.324,27.146,24.324,2.822,-1.346,1.567,27.146,15.978,2.822,-1.346,0.431,0.0,1,0.0
12,39.05,781,decelerate,15.801,17.329,27.069,24.329,2.74,-1.528,1.562,27.069,15.801,2.74,-1.528,0.414,0.0,1,0.0
12,39.1,782,decelerate,15.626,17.329,26.982,24.329,2.653,-1.703,1.557,26.982,15.626,2.653,-1.703,0.397,0.0,1,0.0
12,39.15,783,decelerate,15.454,17.323,26.886,24.323,2.563,-1.87,1.552,26.886,15.454,2.563,-1.87,0.379,0.0,1,0.0
12,39.2,784,decelerate,15.281,17.312,26.782,24.312,2.47,-2.031,1.547,26.782,15.281,2.47,-2.031,0.362,0.0,1,0.0
12,39.25,785,decelerate,15.109,17.295,26.67,24.295,2.375,-2.186,1.542,25.917,15.281,1.622,-2.014,0.249,0.0,0,0.05
12,39.3,786,decelerate,14.936,17.267,26.55,24.267,2.283,-2.331,1.538,26.55,14.936,2.283,-2.331,0.327,0.0,1,0.0
12,39.35,787,decelerate,14.802,17.23,26.425,24.23,2.195,-2.427,1.534,26.425,14.802,2.195,-2.427,0.312,0.0,1,0.0
12,39.4,788,decelerate,14.702,17.191,26.297,24.191,2.106,-2.489,1.53,26.297,14.702,2.106,-2.489,0.298,0.0,1,0.0
12,39.45,789,decelerate,14.623,17.149,26.167,24.149,2.018,-2.525,1.526,26.167,14.623,2.018,-2.525,0.285,0.0,1,0.0
12,39.5,790,decelerate,14.217,17.103,26.026,24.103,1.922,-2.886,1.522,26.026,14.217,1.922,-2.886,0.26,0.0,1,0.0
12,39.55,791,decelerate,13.908,17.054,25.87,24.054,1.816,-3.146,1.517,25.87,13.908,1.816,-3.146,0.237,0.0,1,0.0
12,39.6,792,decelerate,13.652,17.0,25.705,24.0,1.705,-3.348,1.512,25.705,13.652,1.705,-3.348,0.216,0.0,1,0.0
12,39.65,793,decelerate,13.486,16.94,25.534,23.94,1.595,-3.454,1.507,24.859,13.652,0.92,-3.287,0.113,0.0,0,0.05
12,39.7,794,decelerate,13.397,16.869,25.361,23.869,1.492,-3.472,1.503,25.361,13.397,1.492,-3.472,0.183,0.0,1,0.0
12,39.75,795,decelerate,13.327,16.79,25.189,23.79,1.399,-3.463,1.5,24.523,13.397,0.733,-3.394,0.085,0.0,0,0.05
12,39.8,796,decelerate,13.239,16.705,25.018,23.705,1.313,-3.466,1.498,23.689,13.397,-0.016,-3.309,0.0,0.009,0,0.1
12,39.85,797,decelerate,13.084,16.605,24.846,23.605,1.241,-3.521,1.496,22.86,13.397,-0.745,-3.208,0.0,0.08,0,0.15
12,39.9,798,decelerate,12.892,16.48,24.671,23.48,1.192,-3.588,1.497,24.671,12.892,1.192,-3.588,0.139,0.0,1,0.0
12,39.95,799,decelerate,12.665,16.364,24.493,23.364,1.128,-3.699,1.497,23.855,12.892,0.491,-3.472,0.05,0.0,0,0.05
12,40.0,800,decelerate,12.461,16.255,24.309,23.255,1.054,-3.794,1.495,24.309,12.461,1.054,-3.794,0.114,0.0,1,0.0
12,40.05,801,decelerate,12.273,16.148,24.122,23.148,0.974,-3.874,1.494,24.122,12.273,0.974,-3.874,0.101,0.0,1,0.0
12,40.1,802,decelerate,12.082,16.044,23.93,23.044,0.887,-3.962,1.492,23.93,12.082,0.887,-3.962,0.086,0.0,1,0.0
12,40.15,803,decelerate,11.919,15.941,23.736,22.941,0.794,-4.022,1.489,23.736,11.919,0.794,-4.022,0.072,0.0,1,0.0
12,40.2,804,decelerate,11.749,15.838,23.538,22.838,0.7,-4.089,1.486,23.538,11.749,0.7,-4.089,0.057,0.0,1,0.0
12,40.25,805,decelerate,11.58,15.733,23.337,22.733,0.604,-4.153,1.483,23.337,11.58,0.604,-4.153,0.042,0.0,1,0.0
12,40.3,806,decelerate,11.395,15.627,23.132,22.627,0.506,-4.231,1.48,23.132,11.395,0.506,-4.231,0.026,0.0,1,0.0
12,40.35,807,decelerate,11.231,15.517,22.924,22.517,0.407,-4.286,1.477,22.924,11.231,0.407,-4.286,0.011,0.0,1,0.0
12,40.4,808,decelerate,11.153,15.382,22.715,22.382,0.334,-4.229,1.477,22.158,11.231,-0.224,-4.151,0.0,0.051,0,0.05
12,40.45,809,decelerate,11.078,15.194,22.51,22.194,0.316,-4.115,1.482,22.51,11.078,0.316,-4.115,0.005,0.0,1,0.0
12,40.5,810,decelerate,10.758,14.991,22.305,21.991,0.314,-4.232,1.488,22.305,10.758,0.314,-4.232,0.001,0.0,1,0.0
12,40.55,811,decelerate,10.206,14.857,22.08,21.857,0.223,-4.651,1.486,22.08,10.206,0.223,-4.651,0.0,0.019,1,0.0
12,40.6,812,decelerate,9.786,14.74,21.837,21.74,0.097,-4.954,1.481,21.341,10.206,-0.399,-4.534,0.0,0.078,0,0.05
12,40.65,813,decelerate,9.488,14.649,21.582,21.649,-0.068,-5.162,1.473,21.582,9.488,-0.068,-5.162,0.0,0.061,1,0.0
12,40.7,814,decelerate,9.315,14.606,21.318,21.606,-0.289,-5.292,1.459,21.318,9.315,-0.289,-5.292,0.0,0.086,1,0.0
12,40.75,815,decelerate,9.234,14.586,21.05,21.586,-0.536,-5.352,1.443,21.05,9.234,-0.536,-5.352,0.0,0.113,1,0.0
12,40.8,816,decelerate,9.211,14.216,20.791,21.216,-0.424,-5.004,1.463,20.332,9.234,-0.883,-4.981,0.0,0.138,0,0.05
12,40.85,817,decelerate,9.246,13.922,20.55,20.922,-0.372,-4.676,1.476,19.631,9.234,-1.291,-4.688,0.0,0.172,0,0.1
12,40.9,818,decelerate,9.323,13.655,20.325,20.655,-0.33,-4.333,1.488,20.325,9.323,-0.33,-4.333,0.0,0.067,1,0.0
12,40.95,819,decelerate,9.398,13.428,20.118,20.428,-0.31,-4.03,1.498,20.118,9.398,-0.31,-4.03,0.0,0.057,1,0.0
12,41.0,820,decelerate,9.384,13.221,19.922,20.221,-0.299,-3.837,1.507,19.454,9.398,-0.767,-3.823,0.0,0.098,0,0.05
12,41.05,821,decelerate,9.286,13.018,19.733,20.018,-0.284,-3.732,1.516,19.733,9.286,-0.284,-3.732,0.0,0.047,1,0.0
12,41.1,822,decelerate,9.132,12.829,19.548,19.829,-0.281,-3.697,1.524,19.548,9.132,-0.281,-3.697,0.0,0.046,1,0.0
12,41.15,823,decelerate,8.938,12.648,19.364,19.648,-0.285,-3.71,1.531,19.364,8.938,-0.285,-3.71,0.0,0.047,1,0.0
12,41.2,824,decelerate,8.717,12.47,19.178,19.47,-0.292,-3.753,1.538,19.178,8.717,-0.292,-3.753,0.0,0.049,1,0.0
12,41.25,825,decelerate,8.479,12.297,18.99,19.297,-0.307,-3.819,1.544,18.99,8.479,-0.307,-3.819,0.0,0.052,1,0.0
12,41.3,826,decelerate,8.227,12.125,18.799,19.125,-0.326,-3.898,1.55,18.799,8.227,-0.326,-3.898,0.0,0.056,1,0.0
12,41.35,827,decelerate,7.975,11.954,18.604,18.954,-0.35,-3.979,1.556,18.201,8.227,-0.753,-3.727,0.0,0.094,0,0.05
12,41.4,828,decelerate,7.723,11.76,18.405,18.76,-0.355,-4.038,1.565,17.611,8.227,-1.149,-3.534,0.0,0.129,0,0.1
12,41.45,829,decelerate,7.471,11.581,18.203,18.581,-0.378,-4.11,1.572,18.203,7.471,-0.378,-4.11,0.0,0.067,1,0.0
12,41.5,830,decelerate,7.29,11.419,17.999,18.419,-0.42,-4.129,1.576,17.999,7.29,-0.42,-4.129,0.0,0.071,1,0.0
12,41.55,831,decelerate,7.2,11.255,17.797,18.255,-0.458,-4.055,1.581,17.435,7.29,-0.819,-3.965,0.0,0.107,0,0.05
12,41.6,832,decelerate,6.999,11.16,17.596,18.16,-0.564,-4.161,1.577,17.596,6.999,-0.564,-4.161,0.0,0.087,1,0.0
12,41.65,833,decelerate,6.512,11.121,17.376,18.121,-0.745,-4.609,1.562,17.376,6.512,-0.745,-4.609,0.0,0.116,1,0.0
12,41.7,834,decelerate,6.001,10.85,17.137,17.85,-0.713,-4.849,1.579,17.137,6.001,-0.713,-4.849,0.0,0.119,1,0.0
12,41.75,835,decelerate,5.627,10.322,16.901,17.322,-0.422,-4.696,1.637,16.901,5.627,-0.422,-4.696,0.0,0.086,1,0.0
12,41.8,836,decelerate,5.383,9.897,16.673,16.897,-0.224,-4.515,1.685,16.673,5.383,-0.224,-4.515,0.0,0.062,1,0.0
12,41.85,837,decelerate,5.235,9.515,16.456,16.515,-0.059,-4.28,1.729,16.456,5.235,-0.059,-4.28,0.0,0.04,1,0.0
12,41.9,838,decelerate,5.148,9.199,16.25,16.199,0.051,-4.051,1.766,16.25,5.148,0.051,-4.051,0.0,0.023,1,0.0
12,41.95,839,decelerate,5.094,8.929,16.055,15.929,0.126,-3.835,1.798,16.055,5.094,0.126,-3.835,0.0,0.01,1,0.0
12,42.0,840,decelerate,5.062,8.681,15.87,15.681,0.19,-3.619,1.828,15.87,5.062,0.19,-3.619,0.003,0.0,1,0.0
12,42.05,841,decelerate,5.053,8.444,15.697,15.444,0.253,-3.391,1.859,15.444,5.062,0.001,-3.382,0.0,0.011,0,0.05
12,42.1,842,decelerate,5.076,8.217,15.536,15.217,0.319,-3.141,1.891,15.536,5.076,0.319,-3.141,0.036,0.0,1,0.0
12,42.15,843,decelerate,5.122,7.986,15.387,14.986,0.401,-2.864,1.927,15.387,5.122,0.401,-2.864,0.056,0.0,1,0.0
12,42.2,844,decelerate,5.118,7.781,15.251,14.781,0.47,-2.663,1.96,14.995,5.122,0.214,-2.659,0.038,0.0,0,0.05
12,42.25,845,decelerate,5.061,7.583,15.123,14.583,0.539,-2.523,1.994,15.123,5.061,0.539,-2.523,0.086,0.0,1,0.0
12,42.3,846,decelerate,5.018,7.396,15.001,14.396,0.604,-2.378,2.028,14.749,5.061,0.353,-2.336,0.067,0.0,0,0.05
12,42.35,847,decelerate,4.856,7.216,14.886,14.216,0.669,-2.36,2.063,14.886,4.856,0.669,-2.36,0.109,0.0,1,0.0
12,42.4,848,decelerate,4.384,7.045,14.759,14.045,0.714,-2.66,2.095,14.53,4.856,0.486,-2.188,0.09,0.0,0,0.05
12,42.45,849,decelerate,3.884,6.879,14.616,13.879,0.737,-2.994,2.125,14.616,3.884,0.737,-2.994,0.097,0.0,1,0.0
12,42.5,850,decelerate,3.396,6.704,14.456,13.704,0.752,-3.308,2.156,14.277,3.884,0.573,-2.82,0.081,0.0,0,0.05
12,42.55,851,decelerate,3.287,6.604,14.289,13.604,0.685,-3.317,2.164,13.946,3.884,0.342,-2.72,0.054,0.0,0,0.1
12,42.6,852,decelerate,3.296,6.596,14.124,13.596,0.528,-3.3,2.141,14.124,3.296,0.528,-3.3,0.059,0.0,1,0.0
12,42.65,853,decelerate,3.313,6.472,13.961,13.472,0.489,-3.159,2.157,13.795,3.296,0.323,-3.176,0.036,0.0,0,0.05
12,42.7,854,decelerate,3.252,5.974,13.817,12.974,0.843,-2.722,2.313,13.817,3.252,0.843,-2.722,0.121,0.0,1,0.0
12,42.75,855,decelerate,3.123,5.572,13.689,12.572,1.118,-2.448,2.457,13.531,3.252,0.959,-2.319,0.15,0.0,0,0.05
12,42.8,856,decelerate,2.97,5.242,13.572,12.242,1.33,-2.272,2.589,13.572,2.97,1.33,-2.272,0.201,0.0,1,0.0
12,42.85,857,decelerate,2.804,5.009,13.461,12.009,1.452,-2.206,2.687,13.461,2.804,1.452,-2.206,0.22,0.0,1,0.0
12,42.9,858,decelerate,2.634,4.788,13.352,11.788,1.565,-2.154,2.789,13.352,2.634,1.565,-2.154,0.237,0.0,1,0.0
12,42.95,859,decelerate,2.463,4.607,13.245,11.607,1.638,-2.143,2.875,13.245,2.463,1.638,-2.143,0.247,0.0,1,0.0
12,43.0,860,decelerate,2.296,4.467,13.137,11.467,1.67,-2.172,2.941,13.137,2.296,1.67,-2.172,0.25,0.0,1,0.0
12,43.05,861,decelerate,2.131,4.355,13.027,11.355,1.672,-2.224,2.991,12.917,2.296,1.562,-2.059,0.24,0.0,0,0.05
12,43.1,862,decelerate,1.972,4.249,12.914,11.249,1.665,-2.277,3.039,12.914,1.972,1.665,-2.277,0.246,0.0,1,0.0
12,43.15,863,decelerate,1.624,4.162,12.796,11.162,1.634,-2.538,3.075,12.796,1.624,1.634,-2.538,0.233,0.0,1,0.0
12,43.2,864,decelerate,0.367,4.078,12.634,11.078,1.555,-3.711,3.098,12.634,0.367,1.555,-3.711,0.184,0.0,1,0.0
12,43.25,865,decelerate,0.001,3.991,12.434,10.991,1.443,-3.991,3.115,12.434,0.001,1.443,-3.991,0.159,0.0,1,0.0
12,43.3,866,decelerate,0.001,3.896,12.237,10.896,1.342,-3.895,3.141,12.237,0.001,1.342,-3.895,0.149,0.0,1,0.0
12,43.35,867,decelerate,0.001,3.793,12.046,10.793,1.253,-3.792,3.176,12.046,0.001,1.253,-3.792,0.141,0.0,1,0.0
12,43.4,868,decelerate,0.001,3.685,11.86,10.685,1.175,-3.684,3.218,11.86,0.001,1.175,-3.684,0.134,0.0,1,0.0
12,43.45,869,decelerate,0.001,3.575,11.679,10.575,1.104,-3.574,3.267,11.679,0.001,1.104,-3.574,0.128,0.0,0,0.05
12,43.5,870,decelerate,0.001,3.462,11.504,10.462,1.042,-3.462,3.323,11.504,0.001,1.042,-3.462,0.124,0.0,1,0.0
12,43.55,871,decelerate,0.001,3.349,11.334,10.349,0.985,-3.349,3.384,11.334,0.001,0.985,-3.349,0.12,0.0,1,0.0
12,43.6,872,decelerate,0.0,3.237,11.17,10.237,0.934,-3.236,3.451,11.17,0.0,0.934,-3.236,0.117,0.0,1,0.0
12,43.65,873,decelerate,0.0,3.124,11.012,10.124,0.888,-3.124,3.525,11.012,0.0,0.888,-3.124,0.114,0.0,0,0.05
12,43.7,874,decelerate,0.0,3.013,10.859,10.013,0.846,-3.013,3.604,10.859,0.0,0.846,-3.013,0.112,0.0,1,0.0
12,43.75,875,decelerate,0.0,2.903,10.712,9.903,0.809,-2.903,3.689,10.712,0.0,0.809,-2.903,0.111,0.0,1,0.0
12,43.8,876,decelerate,0.0,2.795,10.57,9.795,0.775,-2.795,3.782,10.57,0.0,0.775,-2.795,0.11,0.0,1,0.0
12,43.85,877,decelerate,0.0,2.686,10.434,9.686,0.748,-2.685,3.885,10.434,0.0,0.748,-2.685,0.11,0.0,1,0.0
12,43.9,878,decelerate,0.0,2.581,10.303,9.581,0.722,-2.581,3.992,10.303,0.0,0.722,-2.581,0.11,0.0,0,0.05
12,43.95,879,decelerate,0.0,2.48,10.177,9.48,0.697,-2.48,4.104,10.177,0.0,0.697,-2.48,0.11,0.0,1,0.0
12,44.0,880,decelerate,0.0,2.381,10.056,9.381,0.675,-2.381,4.224,10.056,0.0,0.675,-2.381,0.111,0.0,1,0.0
12,44.05,881,decelerate,0.0,2.284,9.94,9.284,0.655,-2.284,4.351,9.94,0.0,0.655,-2.284,0.111,0.0,1,0.0
12,44.1,882,decelerate,0.0,2.191,9.828,9.191,0.637,-2.191,4.486,9.828,0.0,0.637,-2.191,0.112,0.0,1,0.0
12,44.15,883,stopped,0.0,2.1,9.721,9.1,0.621,-2.1,4.629,9.721,0.0,0.621,-2.1,0.113,0.0,0,0.05
12,44.2,884,stopped,0.0,2.012,9.619,9.012,0.607,-2.012,4.78,9.619,0.0,0.607,-2.012,0.114,0.0,1,0.0
12,44.25,885,stopped,0.0,1.928,9.521,8.928,0.593,-1.928,4.939,9.521,0.0,0.593,-1.928,0.115,0.0,1,0.0
12,44.3,886,stopped,0.0,1.846,9.427,8.846,0.581,-1.846,5.107,9.427,0.0,0.581,-1.846,0.116,0.0,1,0.0
12,44.35,887,stopped,0.0,1.768,9.337,8.768,0.569,-1.768,5.282,9.337,0.0,0.569,-1.768,0.117,0.0,1,0.0
12,44.4,888,stopped,0.0,1.692,9.251,8.692,0.559,-1.692,5.467,9.251,0.0,0.559,-1.692,0.118,0.0,1,0.0
12,44.45,889,stopped,0.0,1.618,9.169,8.618,0.55,-1.618,5.665,9.169,0.0,0.55,-1.618,0.119,0.0,1,0.0
12,44.5,890,stopped,0.0,1.549,9.09,8.549,0.541,-1.549,5.868,9.09,0.0,0.541,-1.549,0.12,0.0,1,0.0
12,44.55,891,stopped,0.0,1.484,9.014,8.484,0.531,-1.484,6.076,9.014,0.0,0.531,-1.484,0.121,0.0,1,0.0
12,44.6,892,stopped,0.0,1.421,8.942,8.421,0.521,-1.421,6.293,8.942,0.0,0.521,-1.421,0.122,0.0,1,0.0
12,44.65,893,stopped,0.0,1.362,8.873,8.362,0.511,-1.362,6.516,8.873,0.0,0.511,-1.362,0.123,0.0,1,0.0
12,44.7,894,stopped,0.0,1.305,8.806,8.305,0.502,-1.305,6.75,8.806,0.0,0.502,-1.305,0.123,0.0,1,0.0
12,44.75,895,stopped,0.0,1.254,8.742,8.254,0.488,-1.254,6.971,8.742,0.0,0.488,-1.254,0.123,0.0,1,0.0
12,44.8,896,stopped,0.0,1.213,8.681,8.213,0.468,-1.213,7.159,8.681,0.0,0.468,-1.213,0.122,0.0,1,0.0
12,44.85,897,stopped,0.0,1.173,8.622,8.173,0.448,-1.173,7.35,8.622,0.0,0.448,-1.173,0.121,0.0,1,0.0
12,44.9,898,stopped,0.0,1.135,8.564,8.135,0.429,-1.135,7.547,8.564,0.0,0.429,-1.135,0.119,0.0,0,0.05
12,44.95,899,stopped,0.0,1.098,8.508,8.098,0.411,-1.098,7.751,8.508,0.0,0.411,-1.098,0.118,0.0,0,0.1
12,45.0,900,stopped,0.0,1.062,8.455,8.062,0.393,-1.062,7.962,8.455,0.0,0.393,-1.062,0.117,0.0,0,0.15
12,45.05,901,stopped,0.0,1.026,8.402,8.026,0.377,-1.026,8.193,8.402,0.0,0.377,-1.026,0.116,0.0,1,0.0
12,45.1,902,stopped,0.0,0.99,8.352,7.99,0.362,-0.99,8.433,8.352,0.0,0.362,-0.99,0.115,0.0,1,0.0
12,45.15,903,stopped,0.0,0.956,8.304,7.956,0.348,-0.956,8.687,8.304,0.0,0.348,-0.956,0.115,0.0,0,0.05
12,45.2,904,stopped,0.0,0.924,8.257,7.924,0.333,-0.924,8.935,8.257,0.0,0.333,-0.924,0.114,0.0,1,0.0
12,45.25,905,stopped,0.0,0.896,8.212,7.896,0.316,-0.895,9.17,8.212,0.0,0.316,-0.895,0.112,0.0,1,0.0
12,45.3,906,stopped,0.0,0.871,8.168,7.871,0.297,-0.871,9.379,8.168,0.0,0.297,-0.871,0.111,0.0,1,0.0
12,45.35,907,stopped,0.0,0.844,8.125,7.844,0.282,-0.844,9.63,8.125,0.0,0.282,-0.844,0.109,0.0,1,0.0
12,45.4,908,stopped,0.0,0.8,8.085,7.8,0.284,-0.8,10.102,8.085,0.0,0.284,-0.8,0.111,0.0,1,0.0
12,45.45,909,stopped,0.0,0.773,8.045,7.773,0.272,-0.773,10.404,8.045,0.0,0.272,-0.773,0.111,0.0,1,0.0
12,45.5,910,stopped,0.0,0.731,8.008,7.731,0.277,-0.73,10.962,8.008,0.0,0.277,-0.73,0.113,0.0,1,0.0
12,45.55,911,stopped,0.0,0.744,7.971,7.744,0.226,-0.744,10.707,7.971,0.0,0.226,-0.744,0.105,0.0,0,0.05
12,45.6,912,stopped,0.0,0.67,7.936,7.67,0.266,-0.67,11.849,7.936,0.0,0.266,-0.67,0.113,0.0,1,0.0
12,45.65,913,stopped,0.0,0.694,7.902,7.694,0.208,-0.694,11.389,7.902,0.0,0.208,-0.694,0.105,0.0,1,0.0
12,45.7,914,stopped,0.0,0.617,7.87,7.617,0.253,-0.617,12.758,7.87,0.0,0.253,-0.617,0.113,0.0,1,0.0
12,45.75,915,stopped,0.0,0.624,7.839,7.624,0.215,-0.624,12.565,7.839,0.0,0.215,-0.624,0.108,0.0,0,0.05
12,45.8,916,stopped,0.0,0.573,7.81,7.573,0.236,-0.573,13.619,7.81,0.0,0.236,-0.573,0.112,0.0,0,0.1
12,45.85,917,stopped,0.0,0.588,7.781,7.588,0.192,-0.588,13.223,7.781,0.0,0.192,-0.588,0.106,0.0,1,0.0
12,45.9,918,stopped,0.0,0.522,7.754,7.522,0.232,-0.522,14.866,7.754,0.0,0.232,-0.522,0.114,0.0,0,0.05
12,45.95,919,stopped,0.0,0.54,7.727,7.54,0.187,-0.54,14.319,7.727,0.0,0.187,-0.54,0.107,0.0,0,0.1
12,46.0,920,stopped,0.0,0.481,7.702,7.481,0.221,-0.481,16.009,7.702,0.0,0.221,-0.481,0.113,0.0,0,0.15
12,46.05,921,stopped,0.0,0.499,7.677,7.499,0.178,-0.499,15.386,7.677,0.0,0.178,-0.499,0.107,0.0,1,0.0
12,46.1,922,stopped,0.0,0.485,7.654,7.485,0.168,-0.485,15.767,7.654,0.0,0.168,-0.485,0.106,0.0,1,0.0
12,46.15,923,stopped,0.0,0.42,7.631,7.42,0.212,-0.42,18.18,7.631,0.0,0.212,-0.42,0.114,0.0,0,0.05
12,46.2,924,stopped,0.0,0.395,7.609,7.395,0.214,-0.395,19.259,7.609,0.0,0.214,-0.395,0.115,0.0,1,0.0
12,46.25,925,stopped,0.0,0.436,7.588,7.436,0.152,-0.435,17.422,7.588,0.0,0.152,-0.435,0.106,0.0,1,0.0
12,46.3,926,stopped,0.0,0.395,7.567,7.395,0.172,-0.395,19.147,7.567,0.0,0.172,-0.395,0.11,0.0,1,0.0
12,46.35,927,stopped,0.0,0.377,7.548,7.377,0.171,-0.377,20.023,7.548,0.0,0.171,-0.377,0.11,0.0,0,0.05
12,46.4,928,stopped,0.0,0.362,7.53,7.362,0.167,-0.362,20.786,7.53,0.0,0.167,-0.362,0.11,0.0,1,0.0
12,46.45,929,stopped,0.0,0.355,7.511,7.355,0.156,-0.355,21.157,7.511,0.0,0.156,-0.355,0.109,0.0,1,0.0
12,46.5,930,stopped,0.0,0.326,7.494,7.326,0.169,-0.326,23.013,7.494,0.0,0.169,-0.326,0.112,0.0,0,0.05
12,46.55,931,stopped,0.0,0.286,7.478,7.286,0.192,-0.286,26.159,7.478,0.0,0.192,-0.286,0.116,0.0,1,0.0
12,46.6,932,stopped,0.0,0.308,7.462,7.308,0.153,-0.308,24.198,7.462,0.0,0.153,-0.308,0.11,0.0,0,0.05
12,46.65,933,stopped,0.0,0.28,7.447,7.28,0.167,-0.28,26.635,7.447,0.0,0.167,-0.28,0.113,0.0,1,0.0
12,46.7,934,stopped,0.0,0.28,7.432,7.28,0.152,-0.279,26.586,7.432,0.0,0.152,-0.279,0.111,0.0,1,0.0
12,46.75,935,stopped,0.0,0.301,7.418,7.301,0.116,-0.301,24.637,7.418,0.0,0.116,-0.301,0.105,0.0,1,0.0
12,46.8,936,stopped,0.0,0.279,7.404,7.279,0.125,-0.279,26.549,7.404,0.0,0.125,-0.279,0.107,0.0,1,0.0
12,46.85,937,stopped,0.0,0.265,7.392,7.265,0.127,-0.265,27.932,7.392,0.0,0.127,-0.265,0.108,0.0,0,0.05
12,46.9,938,stopped,0.0,0.25,7.38,7.25,0.13,-0.25,29.488,7.38,0.0,0.13,-0.25,0.109,0.0,1,0.0
12,46.95,939,stopped,0.0,0.217,7.368,7.217,0.151,-0.217,33.898,7.368,0.0,0.151,-0.217,0.113,0.0,1,0.0
12,47.0,940,stopped,0.0,0.205,7.358,7.205,0.152,-0.205,35.816,7.358,0.0,0.152,-0.205,0.113,0.0,0,0.05
12,47.05,941,stopped,0.0,0.196,7.347,7.196,0.151,-0.196,37.423,7.347,0.0,0.151,-0.196,0.114,0.0,1,0.0
12,47.1,942,stopped,0.0,0.182,7.338,7.182,0.155,-0.182,40.209,7.338,0.0,0.155,-0.182,0.115,0.0,1,0.0
12,47.15,943,stopped,0.0,0.173,7.329,7.173,0.156,-0.173,42.331,7.329,0.0,0.156,-0.173,0.115,0.0,1,0.0
12,47.2,944,stopped,0.0,0.201,7.32,7.201,0.119,-0.201,36.429,7.32,0.0,0.119,-0.201,0.109,0.0,0,0.05
12,47.25,945,stopped,0.0,0.175,7.311,7.175,0.136,-0.175,41.666,7.311,0.0,0.136,-0.175,0.112,0.0,1,0.0
