episode,time_sec,tick,leader_phase,leader_speed_mps,follower_speed_mps,distance_m,desired_distance_m,spacing_error_m,relative_velocity_mps,thw_sec,observed_distance_m,observed_lead_speed_mps,control_spacing_error_m,control_relative_velocity_mps,throttle,brake,comm_success,time_since_last_comm_success_sec
7,0.05,1,accelerate,0.0,0.0,12.825,7.0,5.825,0.0,128.247,12.825,0.0,5.825,0.0,0.778,0.0,1,0.0
7,0.1,2,accelerate,0.003,0.003,12.825,7.003,5.822,0.0,128.247,12.825,0.0,5.822,-0.003,0.778,0.0,0,0.05
7,0.15,3,accelerate,0.001,0.001,12.825,7.001,5.824,0.0,128.247,12.825,0.001,5.824,0.0,0.779,0.0,1,0.0
7,0.2,4,accelerate,0.0,0.0,12.825,7.0,5.825,-0.0,128.247,12.825,0.0,5.825,-0.0,0.78,0.0,1,0.0
7,0.25,5,accelerate,0.0,0.001,12.825,7.001,5.824,-0.0,128.247,12.825,0.0,5.824,-0.0,0.781,0.0,0,0.05
7,0.3,6,accelerate,0.001,0.001,12.825,7.001,5.824,-0.0,128.247,12.825,0.001,5.824,-0.0,0.782,0.0,1,0.0
7,0.35,7,accelerate,0.001,0.001,12.825,7.001,5.824,-0.0,128.247,12.825,0.001,5.824,0.0,0.783,0.0,0,0.05
7,0.4,8,accelerate,0.0,0.0,12.825,7.0,5.824,-0.0,128.247,12.825,0.0,5.824,-0.0,0.784,0.0,1,0.0
7,0.45,9,accelerate,0.0,0.0,12.825,7.0,5.824,-0.0,128.247,12.825,0.0,5.824,-0.0,0.785,0.0,1,0.0
7,0.5,10,accelerate,0.0,0.0,12.825,7.0,5.825,-0.0,128.247,12.825,0.0,5.825,-0.0,0.786,0.0,1,0.0
7,0.55,11,accelerate,0.0,0.0,12.825,7.0,5.825,-0.0,128.247,12.825,0.0,5.825,-0.0,0.787,0.0,0,0.05
7,0.6,12,accelerate,0.0,0.0,12.825,7.0,5.825,-0.0,128.247,12.825,0.0,5.825,-0.0,0.788,0.0,1,0.0
7,0.65,13,accelerate,0.158,0.305,12.82,7.305,5.515,-0.146,42.097,12.82,0.158,5.515,-0.146,0.743,0.0,1,0.0
7,0.7,14,accelerate,0.518,0.628,12.815,7.628,5.187,-0.11,20.405,12.815,0.518,5.187,-0.11,0.701,0.0,1,0.0
7,0.75,15,accelerate,0.821,0.893,12.812,7.893,4.919,-0.072,14.346,12.812,0.821,4.919,-0.072,0.668,0.0,1,0.0
7,0.8,16,accelerate,1.035,1.004,12.813,8.004,4.809,0.031,12.762,12.813,1.035,4.809,0.031,0.657,0.0,1,0.0
7,0.85,17,accelerate,1.162,1.122,12.816,8.122,4.694,0.04,11.421,12.816,1.162,4.694,0.04,0.643,0.0,1,0.0
7,0.9,18,accelerate,1.301,1.267,12.819,8.267,4.552,0.034,10.119,12.819,1.301,4.552,0.034,0.625,0.0,1,0.0
7,0.95,19,accelerate,1.417,1.342,12.824,8.342,4.482,0.075,9.553,12.824,1.417,4.482,0.075,0.617,0.0,1,0.0
7,1.0,20,accelerate,1.543,1.474,12.83,8.474,4.356,0.069,8.705,12.83,1.543,4.356,0.069,0.601,0.0,1,0.0
7,1.05,21,accelerate,1.645,1.549,12.837,8.549,4.287,0.095,8.285,12.837,1.645,4.287,0.095,0.594,0.0,1,0.0
7,1.1,22,accelerate,1.806,1.675,12.845,8.675,4.17,0.131,7.668,12.758,1.645,4.083,-0.031,0.563,0.0,0,0.05
7,1.15,23,accelerate,1.917,1.741,12.855,8.741,4.115,0.177,7.385,12.855,1.917,4.115,0.177,0.575,0.0,1,0.0
7,1.2,24,accelerate,2.082,1.854,12.868,8.854,4.014,0.228,6.941,12.868,2.082,4.014,0.228,0.564,0.0,1,0.0
7,1.25,25,accelerate,2.228,1.912,12.885,8.912,3.972,0.316,6.738,12.885,2.228,3.972,0.316,0.562,0.0,1,0.0
7,1.3,26,accelerate,2.418,2.015,12.906,9.015,3.891,0.403,6.405,12.906,2.418,3.891,0.403,0.554,0.0,1,0.0
7,1.35,27,accelerate,2.584,2.078,12.932,9.078,3.854,0.507,6.224,12.807,2.418,3.729,0.34,0.531,0.0,0,0.05
7,1.4,28,accelerate,2.755,2.122,12.964,9.122,3.842,0.633,6.109,12.964,2.755,3.842,0.633,0.557,0.0,1,0.0
7,1.45,29,accelerate,2.842,2.169,13.0,9.169,3.831,0.673,5.994,12.86,2.755,3.691,0.587,0.536,0.0,0,0.05
7,1.5,30,accelerate,2.887,2.227,13.036,9.227,3.809,0.66,5.853,13.036,2.887,3.809,0.66,0.554,0.0,1,0.0
7,1.55,31,accelerate,2.886,2.287,13.07,9.287,3.783,0.599,5.714,13.07,2.886,3.783,0.599,0.55,0.0,1,0.0
7,1.6,32,accelerate,2.919,2.343,13.102,9.343,3.759,0.576,5.592,12.957,2.886,3.614,0.543,0.526,0.0,0,0.05
7,1.65,33,accelerate,2.98,2.389,13.133,9.389,3.744,0.591,5.498,12.842,2.886,3.453,0.498,0.503,0.0,0,0.1
7,1.7,34,accelerate,3.108,2.448,13.167,9.448,3.718,0.66,5.378,13.167,3.108,3.718,0.66,0.545,0.0,1,0.0
7,1.75,35,accelerate,3.256,2.521,13.204,9.521,3.682,0.734,5.236,13.204,3.256,3.682,0.734,0.543,0.0,1,0.0
7,1.8,36,accelerate,3.447,2.602,13.245,9.602,3.643,0.845,5.09,13.245,3.447,3.643,0.845,0.542,0.0,1,0.0
7,1.85,37,accelerate,3.624,2.677,13.292,9.677,3.615,0.947,4.965,13.292,3.624,3.615,0.947,0.542,0.0,1,0.0
7,1.9,38,accelerate,3.752,2.76,13.343,9.76,3.583,0.992,4.835,13.343,3.752,3.583,0.992,0.54,0.0,1,0.0
7,1.95,39,accelerate,3.783,2.837,13.393,9.837,3.555,0.946,4.72,13.204,3.752,3.367,0.914,0.509,0.0,0,0.05
7,2.0,40,accelerate,3.783,2.918,13.438,9.918,3.52,0.864,4.605,13.438,3.783,3.52,0.864,0.529,0.0,1,0.0
7,2.05,41,accelerate,3.797,2.992,13.481,9.992,3.489,0.805,4.505,13.481,3.797,3.489,0.805,0.523,0.0,1,0.0
7,2.1,42,accelerate,3.888,3.071,13.522,10.071,3.451,0.817,4.403,13.33,3.797,3.259,0.726,0.491,0.0,0,0.05
7,2.15,43,accelerate,4.026,3.142,13.566,10.142,3.424,0.884,4.317,13.566,4.026,3.424,0.884,0.518,0.0,1,0.0
7,2.2,44,accelerate,4.199,3.215,13.614,10.215,3.399,0.984,4.235,13.614,4.199,3.399,0.984,0.519,0.0,1,0.0
7,2.25,45,accelerate,4.381,3.285,13.668,10.285,3.383,1.096,4.16,13.668,4.381,3.383,1.096,0.521,0.0,1,0.0
7,2.3,46,accelerate,4.541,3.361,13.726,10.361,3.366,1.18,4.084,13.726,4.541,3.366,1.18,0.522,0.0,1,0.0
7,2.35,47,accelerate,4.619,3.435,13.787,10.435,3.352,1.184,4.014,13.558,4.541,3.123,1.106,0.488,0.0,0,0.05
7,2.4,48,accelerate,4.628,3.509,13.845,10.509,3.337,1.119,3.946,13.845,4.628,3.337,1.119,0.517,0.0,1,0.0
7,2.45,49,accelerate,4.627,3.578,13.9,10.578,3.322,1.049,3.885,13.9,4.627,3.322,1.049,0.514,0.0,1,0.0
7,2.5,50,accelerate,4.685,3.651,13.953,10.651,3.302,1.034,3.822,13.953,4.685,3.302,1.034,0.511,0.0,1,0.0
7,2.55,51,accelerate,4.803,3.709,14.007,10.709,3.298,1.094,3.777,14.007,4.803,3.298,1.094,0.513,0.0,1,0.0
7,2.6,52,accelerate,4.956,3.779,14.065,10.779,3.286,1.176,3.721,14.065,4.956,3.286,1.176,0.515,0.0,1,0.0
7,2.65,53,accelerate,5.128,3.851,14.128,10.851,3.277,1.277,3.669,13.875,4.956,3.024,1.105,0.478,0.0,0,0.05
7,2.7,54,accelerate,5.243,3.919,14.194,10.919,3.275,1.323,3.621,14.194,5.243,3.275,1.323,0.519,0.0,1,0.0
7,2.75,55,accelerate,5.09,3.982,14.254,10.982,3.272,1.107,3.579,14.254,5.09,3.272,1.107,0.512,0.0,1,0.0
7,2.8,56,accelerate,5.093,4.05,14.308,11.05,3.258,1.044,3.533,14.308,5.093,3.258,1.044,0.509,0.0,1,0.0
7,2.85,57,accelerate,5.0,4.115,14.356,11.115,3.241,0.885,3.489,14.356,5.0,3.241,0.885,0.502,0.0,1,0.0
7,2.9,58,accelerate,5.459,4.18,14.413,11.18,3.233,1.279,3.448,14.413,5.459,3.233,1.279,0.514,0.0,1,0.0
7,2.95,59,accelerate,5.818,4.23,14.488,11.23,3.257,1.587,3.425,14.488,5.818,3.257,1.587,0.528,0.0,1,0.0
7,3.0,60,accelerate,5.924,4.302,14.569,11.302,3.266,1.621,3.386,14.569,5.924,3.266,1.621,0.531,0.0,1,0.0
7,3.05,61,accelerate,5.894,4.374,14.647,11.374,3.273,1.52,3.349,14.647,5.894,3.273,1.52,0.529,0.0,1,0.0
7,3.1,62,accelerate,5.845,4.447,14.72,11.447,3.273,1.399,3.31,14.427,5.894,2.98,1.447,0.488,0.0,0,0.05
7,3.15,63,accelerate,5.815,4.513,14.787,11.513,3.273,1.301,3.276,14.787,5.815,3.273,1.301,0.523,0.0,1,0.0
7,3.2,64,accelerate,5.815,4.577,14.85,11.577,3.273,1.237,3.244,14.85,5.815,3.273,1.237,0.521,0.0,1,0.0
7,3.25,65,accelerate,5.848,4.642,14.911,11.642,3.269,1.206,3.212,14.911,5.848,3.269,1.206,0.52,0.0,1,0.0
7,3.3,66,accelerate,5.915,4.707,14.972,11.707,3.265,1.208,3.181,14.678,5.848,2.971,1.141,0.479,0.0,0,0.05
7,3.35,67,accelerate,6.014,4.752,15.034,11.752,3.282,1.263,3.164,15.034,6.014,3.282,1.263,0.525,0.0,1,0.0
7,3.4,68,accelerate,6.142,4.813,15.099,11.813,3.287,1.329,3.138,15.099,6.142,3.287,1.329,0.528,0.0,1,0.0
7,3.45,69,accelerate,6.136,4.876,15.164,11.876,3.288,1.26,3.11,15.164,6.136,3.288,1.26,0.527,0.0,1,0.0
7,3.5,70,accelerate,6.131,4.941,15.225,11.941,3.284,1.191,3.081,15.225,6.131,3.284,1.191,0.525,0.0,1,0.0
7,3.55,71,accelerate,6.633,5.006,15.294,12.006,3.288,1.627,3.055,14.976,6.131,2.97,1.125,0.481,0.0,0,0.05
7,3.6,72,accelerate,7.16,5.063,15.39,12.063,3.327,2.096,3.04,15.39,7.16,3.327,2.096,0.562,0.0,1,0.0
7,3.65,73,accelerate,7.555,5.017,15.51,12.017,3.492,2.538,3.091,15.51,7.555,3.492,2.538,0.599,0.0,1,0.0
7,3.7,74,accelerate,7.722,5.025,15.642,12.025,3.618,2.698,3.113,15.642,7.722,3.618,2.698,0.621,0.0,1,0.0
7,3.75,75,accelerate,7.703,5.042,15.775,12.042,3.733,2.661,3.129,15.389,7.722,3.347,2.68,0.585,0.0,0,0.05
7,3.8,76,accelerate,7.626,5.044,15.907,12.044,3.863,2.581,3.154,15.907,7.626,3.863,2.581,0.651,0.0,1,0.0
7,3.85,77,accelerate,7.518,5.134,16.028,12.134,3.894,2.384,3.122,16.028,7.518,3.894,2.384,0.65,0.0,1,0.0
7,3.9,78,accelerate,7.405,5.096,16.144,12.096,4.048,2.309,3.168,15.772,7.518,3.676,2.421,0.623,0.0,0,0.05
7,3.95,79,accelerate,7.305,5.072,16.257,12.072,4.185,2.233,3.205,16.257,7.305,4.185,2.233,0.685,0.0,1,0.0
7,4.0,80,accelerate,7.248,5.065,16.367,12.065,4.302,2.182,3.231,16.367,7.248,4.302,2.182,0.699,0.0,1,0.0
7,4.05,81,accelerate,7.239,5.081,16.476,12.081,4.394,2.158,3.242,16.476,7.239,4.394,2.158,0.712,0.0,1,0.0
7,4.1,82,accelerate,7.276,5.122,16.584,12.122,4.461,2.154,3.238,16.221,7.239,4.099,2.117,0.672,0.0,0,0.05
7,4.15,83,accelerate,7.341,5.193,16.691,12.193,4.498,2.147,3.214,16.691,7.341,4.498,2.147,0.727,0.0,1,0.0
7,4.2,84,accelerate,7.448,5.288,16.799,12.288,4.51,2.16,3.177,16.799,7.448,4.51,2.16,0.729,0.0,1,0.0
7,4.25,85,accelerate,7.583,5.41,16.907,12.41,4.497,2.173,3.125,16.531,7.448,4.12,2.038,0.674,0.0,0,0.05
7,4.3,86,accelerate,7.741,5.551,17.016,12.551,4.465,2.189,3.065,17.016,7.741,4.465,2.189,0.726,0.0,1,0.0
7,4.35,87,accelerate,7.905,5.703,17.126,12.703,4.423,2.203,3.003,17.126,7.905,4.423,2.203,0.721,0.0,1,0.0
7,4.4,88,accelerate,8.086,5.84,17.236,12.84,4.396,2.246,2.951,17.236,8.086,4.396,2.246,0.72,0.0,1,0.0
7,4.45,89,accelerate,8.279,5.822,17.355,12.822,4.533,2.457,2.981,17.355,8.279,4.533,2.457,0.746,0.0,1,0.0
7,4.5,90,accelerate,8.479,5.819,17.483,12.819,4.665,2.66,3.005,17.483,8.479,4.665,2.66,0.771,0.0,1,0.0
7,4.55,91,accelerate,8.672,6.49,17.603,13.49,4.113,2.182,2.712,17.174,8.479,3.684,1.989,0.619,0.0,0,0.05
7,4.6,92,accelerate,8.875,6.985,17.7,13.985,3.715,1.89,2.534,17.7,8.875,3.715,1.89,0.62,0.0,1,0.0
7,4.65,93,accelerate,9.083,7.362,17.787,14.362,3.425,1.721,2.416,17.338,8.875,2.976,1.513,0.509,0.0,0,0.05
7,4.7,94,accelerate,9.294,7.604,17.87,14.604,3.266,1.69,2.35,16.962,8.875,2.358,1.271,0.419,0.0,0,0.1
7,4.75,95,accelerate,9.471,7.731,17.954,14.731,3.223,1.74,2.322,17.954,9.471,3.223,1.74,0.551,0.0,1,0.0
7,4.8,96,accelerate,9.572,7.829,18.039,14.829,3.21,1.743,2.304,18.039,9.572,3.21,1.743,0.55,0.0,1,0.0
7,4.85,97,accelerate,9.588,7.918,18.121,14.918,3.203,1.669,2.289,17.645,9.572,2.727,1.654,0.483,0.0,0,0.05
7,4.9,98,accelerate,9.536,7.997,18.197,14.997,3.2,1.539,2.275,18.197,9.536,3.2,1.539,0.543,0.0,1,0.0
7,4.95,99,accelerate,9.505,8.066,18.266,15.066,3.2,1.439,2.265,18.266,9.505,3.2,1.439,0.54,0.0,1,0.0
7,5.0,100,accelerate,9.53,8.133,18.332,15.133,3.199,1.397,2.254,18.332,9.53,3.199,1.397,0.539,0.0,1,0.0
7,5.05,101,accelerate,9.595,8.198,18.397,15.198,3.198,1.396,2.244,18.397,9.595,3.198,1.396,0.539,0.0,1,0.0
7,5.1,102,accelerate,9.682,8.262,18.461,15.262,3.199,1.42,2.235,18.461,9.682,3.199,1.42,0.541,0.0,1,0.0
7,5.15,103,accelerate,9.807,8.324,18.526,15.324,3.202,1.483,2.226,18.526,9.807,3.202,1.483,0.544,0.0,1,0.0
7,5.2,104,accelerate,9.966,8.386,18.595,15.386,3.209,1.58,2.217,18.595,9.966,3.209,1.58,0.548,0.0,1,0.0
7,5.25,105,accelerate,10.118,8.448,18.668,15.448,3.22,1.67,2.21,18.175,9.966,2.727,1.518,0.482,0.0,0,0.05
7,5.3,106,accelerate,10.302,8.506,18.744,15.506,3.238,1.796,2.204,17.752,9.966,2.246,1.46,0.417,0.0,0,0.1
7,5.35,107,accelerate,10.492,8.55,18.827,15.55,3.277,1.942,2.202,18.827,10.492,3.277,1.942,0.571,0.0,1,0.0
7,5.4,108,accelerate,10.664,8.584,18.915,15.584,3.33,2.079,2.203,18.915,10.664,3.33,2.079,0.583,0.0,1,0.0
7,5.45,109,accelerate,10.69,8.63,19.003,15.63,3.374,2.061,2.202,18.486,10.664,2.856,2.034,0.519,0.0,0,0.05
7,5.5,110,accelerate,10.644,8.681,19.089,15.681,3.408,1.964,2.199,19.089,10.644,3.408,1.964,0.591,0.0,1,0.0
7,5.55,111,accelerate,10.944,8.734,19.178,15.734,3.444,2.209,2.196,18.656,10.644,2.921,1.91,0.524,0.0,0,0.05
7,5.6,112,accelerate,11.276,8.792,19.281,15.792,3.489,2.483,2.193,19.281,11.276,3.489,2.483,0.62,0.0,1,0.0
7,5.65,113,accelerate,11.476,8.853,19.393,15.853,3.539,2.623,2.19,19.393,11.476,3.539,2.623,0.632,0.0,1,0.0
7,5.7,114,accelerate,11.466,8.928,19.501,15.928,3.573,2.539,2.184,19.501,11.466,3.573,2.539,0.634,0.0,1,0.0
7,5.75,115,accelerate,11.413,9.014,19.601,16.014,3.587,2.399,2.174,19.601,11.413,3.587,2.399,0.632,0.0,1,0.0
7,5.8,116,accelerate,11.355,9.109,19.695,16.109,3.586,2.245,2.162,19.695,11.355,3.586,2.245,0.627,0.0,1,0.0
7,5.85,117,accelerate,11.294,9.211,19.782,16.211,3.571,2.084,2.148,19.244,11.355,3.034,2.144,0.551,0.0,0,0.05
7,5.9,118,accelerate,11.275,9.309,19.859,16.309,3.55,1.965,2.133,19.859,11.275,3.55,1.965,0.614,0.0,1,0.0
7,5.95,119,accelerate,11.316,9.399,19.934,16.399,3.535,1.917,2.121,19.934,11.316,3.535,1.917,0.611,0.0,1,0.0
7,6.0,120,accelerate,11.396,9.495,20.009,16.495,3.514,1.901,2.107,19.472,11.316,2.977,1.821,0.534,0.0,0,0.05
7,6.05,121,accelerate,11.469,9.586,20.084,16.586,3.498,1.883,2.095,20.084,11.469,3.498,1.883,0.606,0.0,1,0.0
7,6.1,122,accelerate,11.57,9.669,20.158,16.669,3.489,1.901,2.085,20.158,11.57,3.489,1.901,0.606,0.0,1,0.0
7,6.15,123,accelerate,11.639,9.744,20.229,16.744,3.485,1.895,2.076,20.229,11.639,3.485,1.895,0.606,0.0,1,0.0
7,6.2,124,accelerate,11.773,9.835,20.299,16.835,3.464,1.938,2.064,19.755,11.639,2.921,1.804,0.528,0.0,0,0.05
7,6.25,125,accelerate,11.913,9.92,20.376,16.92,3.455,1.993,2.054,20.376,11.913,3.455,1.993,0.606,0.0,1,0.0
7,6.3,126,accelerate,12.031,9.985,20.455,16.985,3.469,2.046,2.048,19.898,11.913,2.912,1.928,0.532,0.0,0,0.05
7,6.35,127,accelerate,12.157,10.062,20.534,17.062,3.472,2.095,2.041,20.534,12.157,3.472,2.095,0.613,0.0,1,0.0
7,6.4,128,accelerate,12.305,10.134,20.62,17.134,3.486,2.171,2.035,20.62,12.305,3.486,2.171,0.618,0.0,1,0.0
7,6.45,129,accelerate,12.41,10.216,20.709,17.216,3.493,2.194,2.027,20.709,12.41,3.493,2.194,0.62,0.0,1,0.0
7,6.5,130,accelerate,12.543,10.289,20.798,17.289,3.509,2.253,2.021,20.798,12.543,3.509,2.253,0.625,0.0,1,0.0
7,6.55,131,accelerate,12.688,10.38,20.892,17.38,3.513,2.308,2.013,20.892,12.688,3.513,2.308,0.628,0.0,1,0.0
7,6.6,132,accelerate,12.796,10.476,20.989,17.476,3.513,2.32,2.004,20.989,12.796,3.513,2.32,0.629,0.0,1,0.0
7,6.65,133,accelerate,12.924,10.56,21.086,17.56,3.526,2.364,1.997,21.086,12.924,3.526,2.364,0.633,0.0,1,0.0
7,6.7,134,accelerate,13.005,10.662,21.181,17.662,3.519,2.343,1.987,21.181,13.005,3.519,2.343,0.632,0.0,1,0.0
7,6.75,135,accelerate,13.139,10.77,21.277,17.77,3.506,2.369,1.975,21.277,13.139,3.506,2.369,0.631,0.0,1,0.0
7,6.8,136,accelerate,13.289,10.856,21.377,17.856,3.521,2.433,1.969,21.377,13.289,3.521,2.433,0.636,0.0,1,0.0
7,6.85,137,accelerate,13.401,10.961,21.48,17.961,3.519,2.44,1.96,20.871,13.289,2.91,2.328,0.552,0.0,0,0.05
7,6.9,138,accelerate,13.524,11.058,21.583,18.058,3.525,2.465,1.952,21.583,13.524,3.525,2.465,0.639,0.0,1,0.0
7,6.95,139,accelerate,13.598,11.127,21.685,18.127,3.559,2.472,1.949,21.072,13.524,2.945,2.397,0.56,0.0,0,0.05
7,7.0,140,accelerate,13.729,11.209,21.786,18.209,3.577,2.519,1.944,21.786,13.729,3.577,2.519,0.649,0.0,1,0.0
7,7.05,141,accelerate,13.878,11.297,21.895,18.297,3.598,2.582,1.938,21.271,13.729,2.974,2.432,0.566,0.0,0,0.05
7,7.1,142,accelerate,13.987,11.356,22.007,18.356,3.652,2.632,1.938,22.007,13.987,3.652,2.632,0.663,0.0,1,0.0
7,7.15,143,accelerate,14.108,11.436,22.119,18.436,3.684,2.672,1.934,21.486,13.987,3.05,2.551,0.581,0.0,0,0.05
7,7.2,144,accelerate,14.177,11.522,22.232,18.522,3.71,2.655,1.93,20.96,13.987,2.438,2.465,0.497,0.0,0,0.1
7,7.25,145,accelerate,14.301,11.568,22.344,18.568,3.776,2.733,1.932,22.344,14.301,3.776,2.733,0.685,0.0,1,0.0
7,7.3,146,accelerate,14.446,11.621,22.463,18.621,3.842,2.825,1.933,22.463,14.446,3.842,2.825,0.697,0.0,1,0.0
7,7.35,147,accelerate,14.541,11.71,22.588,18.71,3.878,2.831,1.929,21.936,14.446,3.226,2.736,0.613,0.0,0,0.05
7,7.4,148,accelerate,14.638,11.661,22.717,18.661,4.057,2.977,1.948,22.717,14.638,4.057,2.977,0.732,0.0,1,0.0
7,7.45,149,accelerate,14.677,11.652,22.85,18.652,4.198,3.025,1.961,22.192,14.638,3.541,2.986,0.664,0.0,0,0.05
7,7.5,150,accelerate,14.762,11.969,22.98,18.969,4.011,2.794,1.92,22.98,14.762,4.011,2.794,0.721,0.0,1,0.0
7,7.55,151,accelerate,14.873,12.233,23.106,19.233,3.873,2.64,1.889,23.106,14.873,3.873,2.64,0.698,0.0,1,0.0
7,7.6,152,accelerate,14.968,12.465,23.227,19.465,3.762,2.503,1.863,23.227,14.968,3.762,2.503,0.68,0.0,1,0.0
7,7.65,153,accelerate,15.096,12.668,23.35,19.668,3.682,2.428,1.843,23.35,15.096,3.682,2.428,0.667,0.0,1,0.0
7,7.7,154,accelerate,15.202,12.801,23.474,19.801,3.674,2.401,1.834,22.783,15.096,2.982,2.296,0.57,0.0,0,0.05
7,7.75,155,accelerate,15.338,12.924,23.601,19.924,3.678,2.415,1.826,22.206,15.096,2.282,2.173,0.473,0.0,0,0.1
7,7.8,156,accelerate,15.45,12.966,23.733,19.966,3.767,2.485,1.83,23.733,15.45,3.767,2.485,0.682,0.0,1,0.0
7,7.85,157,accelerate,15.552,13.038,23.87,20.038,3.832,2.514,1.831,23.87,15.552,3.832,2.514,0.692,0.0,1,0.0
7,7.9,158,accelerate,15.632,13.135,24.016,20.135,3.881,2.497,1.828,24.016,15.632,3.881,2.497,0.699,0.0,1,0.0
7,7.95,159,accelerate,15.689,13.204,24.165,20.204,3.961,2.485,1.83,23.43,15.632,3.226,2.428,0.61,0.0,0,0.05
7,8.0,160,accelerate,15.771,13.283,24.316,20.283,4.033,2.488,1.831,22.836,15.632,2.553,2.35,0.518,0.0,0,0.1
7,8.05,161,accelerate,15.866,13.3,24.47,20.3,4.17,2.566,1.84,24.47,15.866,4.17,2.566,0.741,0.0,1,0.0
7,8.1,162,accelerate,15.981,13.364,24.629,20.364,4.265,2.617,1.843,24.629,15.981,4.265,2.617,0.756,0.0,1,0.0
7,8.15,163,accelerate,16.008,13.467,24.794,20.467,4.328,2.541,1.841,24.026,15.981,3.56,2.514,0.658,0.0,0,0.05
7,8.2,164,accelerate,16.003,13.539,24.957,20.539,4.418,2.464,1.843,24.957,16.003,4.418,2.464,0.771,0.0,1,0.0
7,8.25,165,accelerate,16.106,13.629,25.118,20.629,4.49,2.477,1.843,24.343,16.003,3.714,2.374,0.674,0.0,0,0.05
7,8.3,166,accelerate,16.314,13.678,25.286,20.678,4.608,2.636,1.849,25.286,16.314,4.608,2.636,0.802,0.0,1,0.0
7,8.35,167,accelerate,16.49,13.786,25.458,20.786,4.671,2.704,1.847,24.658,16.314,3.871,2.527,0.7,0.0,0,0.05
7,8.4,168,accelerate,16.643,13.921,25.635,20.921,4.714,2.722,1.841,25.635,16.643,4.714,2.722,0.819,0.0,1,0.0
7,8.45,169,accelerate,16.774,14.02,25.814,21.02,4.795,2.755,1.841,25.814,16.774,4.795,2.755,0.831,0.0,1,0.0
7,8.5,170,accelerate,16.87,14.147,25.993,21.147,4.846,2.723,1.837,25.993,16.87,4.846,2.723,0.837,0.0,1,0.0
7,8.55,171,accelerate,16.934,14.237,26.167,21.237,4.931,2.697,1.838,25.334,16.87,4.097,2.633,0.734,0.0,0,0.05
7,8.6,172,accelerate,16.988,14.385,26.337,21.385,4.952,2.603,1.831,26.337,16.988,4.952,2.603,0.847,0.0,1,0.0
7,8.65,173,accelerate,17.05,14.48,26.5,21.48,5.021,2.571,1.83,25.658,16.988,4.178,2.508,0.741,0.0,0,0.05
7,8.7,174,accelerate,17.129,14.629,26.658,21.629,5.029,2.5,1.822,26.658,17.129,5.029,2.5,0.854,0.0,1,0.0
7,8.75,175,accelerate,17.219,14.799,26.813,21.799,5.014,2.42,1.812,26.813,17.219,5.014,2.42,0.849,0.0,1,0.0
7,8.8,176,accelerate,17.316,14.942,26.963,21.942,5.021,2.374,1.805,26.963,17.316,5.021,2.374,0.849,0.0,1,0.0
7,8.85,177,accelerate,17.417,14.959,27.11,21.959,5.151,2.458,1.812,27.11,17.417,5.151,2.458,0.869,0.0,1,0.0
7,8.9,178,accelerate,17.522,14.881,27.262,21.881,5.381,2.641,1.832,27.262,17.522,5.381,2.641,0.905,0.0,1,0.0
7,8.95,179,accelerate,17.629,14.98,27.417,21.98,5.436,2.649,1.83,27.417,17.629,5.436,2.649,0.913,0.0,1,0.0
7,9.0,180,accelerate,17.737,15.243,27.563,22.243,5.32,2.494,1.808,26.68,17.629,4.438,2.387,0.771,0.0,0,0.05
7,9.05,181,accelerate,17.846,15.425,27.702,22.425,5.277,2.422,1.796,25.931,17.629,3.506,2.204,0.641,0.0,0,0.1
7,9.1,182,accelerate,17.955,15.596,27.835,22.596,5.238,2.359,1.785,25.169,17.629,2.573,2.033,0.511,0.0,0,0.15
7,9.15,183,accelerate,18.065,15.675,27.964,22.675,5.29,2.391,1.784,27.964,18.065,5.29,2.391,0.885,0.0,1,0.0
7,9.2,184,accelerate,18.176,15.769,28.093,22.769,5.324,2.407,1.782,27.188,18.065,4.419,2.296,0.766,0.0,0,0.05
7,9.25,185,accelerate,18.286,15.84,28.222,22.84,5.382,2.447,1.782,28.222,18.286,5.382,2.447,0.899,0.0,1,0.0
7,9.3,186,accelerate,18.397,15.958,28.349,22.958,5.392,2.439,1.777,28.349,18.397,5.392,2.439,0.9,0.0,1,0.0
7,9.35,187,accelerate,18.508,16.079,28.475,23.079,5.396,2.429,1.771,28.475,18.508,5.396,2.429,0.9,0.0,1,0.0
7,9.4,188,accelerate,18.616,16.226,28.598,23.226,5.373,2.39,1.763,28.598,18.616,5.373,2.39,0.896,0.0,1,0.0
7,9.45,189,accelerate,18.718,16.38,28.719,23.38,5.339,2.338,1.753,28.719,18.718,5.339,2.338,0.89,0.0,1,0.0
7,9.5,190,accelerate,18.813,16.515,28.838,23.515,5.322,2.298,1.746,28.838,18.813,5.322,2.298,0.886,0.0,1,0.0
7,9.55,191,accelerate,18.904,16.678,28.952,23.678,5.274,2.226,1.736,28.952,18.904,5.274,2.226,0.877,0.0,1,0.0
7,9.6,192,accelerate,18.996,16.828,29.063,23.828,5.234,2.167,1.727,28.115,18.904,4.287,2.076,0.741,0.0,0,0.05
7,9.65,193,accelerate,19.092,16.986,29.17,23.986,5.185,2.106,1.717,27.27,18.904,3.285,1.918,0.602,0.0,0,0.1
7,9.7,194,accelerate,19.192,17.111,29.276,24.111,5.165,2.082,1.711,29.276,19.192,5.165,2.082,0.858,0.0,1,0.0
7,9.75,195,accelerate,19.297,17.224,29.38,24.224,5.156,2.072,1.706,29.38,19.297,5.156,2.072,0.857,0.0,1,0.0
7,9.8,196,cruise,19.403,17.344,29.484,24.344,5.14,2.059,1.7,29.484,19.403,5.14,2.059,0.854,0.0,1,0.0
7,9.85,197,cruise,19.509,17.478,29.587,24.478,5.108,2.031,1.693,28.613,19.403,4.135,1.924,0.715,0.0,0,0.05
7,9.9,198,cruise,19.615,17.608,29.688,24.608,5.08,2.007,1.686,27.736,19.403,3.128,1.795,0.577,0.0,0,0.1
7,9.95,199,cruise,19.722,17.721,29.788,24.721,5.067,2.001,1.681,26.852,19.403,2.131,1.682,0.44,0.0,0,0.15
7,10.0,200,cruise,19.831,17.802,29.889,24.802,5.087,2.029,1.679,25.964,19.403,1.162,1.601,0.308,0.0,0,0.2
7,10.05,201,cruise,19.933,17.841,29.993,24.841,5.152,2.092,1.681,29.993,19.933,5.152,2.092,0.857,0.0,1,0.0
7,10.1,202,cruise,20.007,17.857,30.099,24.857,5.243,2.15,1.686,30.099,20.007,5.243,2.15,0.871,0.0,1,0.0
7,10.15,203,cruise,20.016,17.889,30.207,24.889,5.317,2.127,1.689,30.207,20.016,5.317,2.127,0.88,0.0,1,0.0
7,10.2,204,cruise,19.955,17.963,30.309,24.963,5.347,1.992,1.687,30.309,19.955,5.347,1.992,0.879,0.0,1,0.0
7,10.25,205,cruise,19.867,18.065,30.403,25.065,5.338,1.801,1.683,29.408,19.955,4.343,1.89,0.742,0.0,0,0.05
7,10.3,206,cruise,19.781,18.181,30.487,25.181,5.306,1.6,1.677,30.487,19.781,5.306,1.6,0.861,0.0,1,0.0
7,10.35,207,cruise,19.73,18.3,30.562,25.3,5.262,1.431,1.67,30.562,19.73,5.262,1.431,0.849,0.0,1,0.0
7,10.4,208,cruise,19.73,18.431,30.63,25.431,5.199,1.299,1.662,29.643,19.73,4.212,1.299,0.705,0.0,0,0.05
7,10.45,209,cruise,19.767,18.561,30.692,25.561,5.131,1.207,1.654,30.692,19.767,5.131,1.207,0.824,0.0,1,0.0
7,10.5,210,cruise,19.828,18.684,30.75,25.684,5.066,1.144,1.646,30.75,19.828,5.066,1.144,0.814,0.0,1,0.0
7,10.55,211,cruise,19.899,18.813,30.806,25.813,4.992,1.085,1.637,30.806,19.899,4.992,1.085,0.802,0.0,1,0.0
7,10.6,212,cruise,19.954,18.944,30.858,25.944,4.913,1.009,1.629,30.858,19.954,4.913,1.009,0.789,0.0,1,0.0
7,10.65,213,cruise,19.966,19.074,30.905,26.074,4.831,0.892,1.62,30.905,19.966,4.831,0.892,0.774,0.0,1,0.0
7,10.7,214,cruise,19.933,19.203,30.945,26.203,4.742,0.73,1.611,30.945,19.933,4.742,0.73,0.757,0.0,1,0.0
7,10.75,215,cruise,19.875,19.328,30.976,26.328,4.647,0.546,1.603,29.981,19.933,3.653,0.605,0.607,0.0,0,0.05
7,10.8,216,cruise,19.817,19.441,30.998,26.441,4.557,0.376,1.594,30.998,19.817,4.557,0.376,0.72,0.0,1,0.0
7,10.85,217,cruise,19.785,19.539,31.012,26.539,4.474,0.246,1.587,31.012,19.785,4.474,0.246,0.705,0.0,1,0.0
7,10.9,218,cruise,19.794,19.636,31.022,26.636,4.386,0.158,1.58,31.022,19.794,4.386,0.158,0.69,0.0,1,0.0
7,10.95,219,cruise,19.836,19.73,31.028,26.73,4.299,0.107,1.573,31.028,19.836,4.299,0.107,0.677,0.0,1,0.0
7,11.0,220,cruise,19.893,19.82,31.033,26.82,4.213,0.073,1.566,31.033,19.893,4.213,0.073,0.664,0.0,1,0.0
7,11.05,221,cruise,19.936,19.905,31.035,26.905,4.13,0.031,1.559,30.039,19.893,3.134,-0.013,0.517,0.0,0,0.05
7,11.1,222,cruise,19.945,19.979,31.035,26.979,4.056,-0.034,1.553,31.035,19.945,4.056,-0.034,0.64,0.0,1,0.0
7,11.15,223,cruise,19.918,20.038,31.031,27.038,3.993,-0.12,1.549,30.034,19.945,2.996,-0.093,0.496,0.0,0,0.05
7,11.2,224,cruise,19.872,20.091,31.022,27.091,3.931,-0.218,1.544,29.031,19.945,1.94,-0.146,0.354,0.0,0,0.1
7,11.25,225,cruise,19.828,20.119,31.008,27.119,3.889,-0.291,1.541,28.025,19.945,0.906,-0.174,0.215,0.0,0,0.15
7,11.3,226,cruise,19.806,20.113,30.993,27.113,3.88,-0.307,1.541,27.019,19.945,-0.094,-0.168,0.082,0.0,0,0.2
7,11.35,227,cruise,19.817,20.068,30.979,27.068,3.911,-0.251,1.544,26.015,19.945,-1.053,-0.123,0.0,0.034,0,0.25
7,11.4,228,cruise,19.853,19.979,30.97,26.979,3.991,-0.126,1.55,30.97,19.853,3.991,-0.126,0.628,0.0,1,0.0
7,11.45,229,cruise,19.895,19.874,30.969,26.874,4.095,0.021,1.558,30.969,19.895,4.095,0.021,0.647,0.0,1,0.0
7,11.5,230,cruise,19.923,19.788,30.973,26.788,4.185,0.134,1.565,30.973,19.923,4.185,0.134,0.662,0.0,1,0.0
7,11.55,231,cruise,19.923,19.749,30.982,26.749,4.233,0.174,1.569,29.985,19.923,3.236,0.174,0.537,0.0,0,0.05
7,11.6,232,cruise,19.899,19.741,30.99,26.741,4.249,0.158,1.57,30.99,19.899,4.249,0.158,0.672,0.0,1,0.0
7,11.65,233,cruise,19.864,19.751,30.997,26.751,4.246,0.113,1.569,30.003,19.899,3.252,0.148,0.539,0.0,0,0.05
7,11.7,234,cruise,19.835,19.776,31.001,26.776,4.225,0.06,1.568,29.014,19.899,2.239,0.123,0.403,0.0,0,0.1
7,11.75,235,cruise,19.826,19.792,31.003,26.792,4.21,0.033,1.566,31.003,19.826,4.21,0.033,0.662,0.0,1,0.0
7,11.8,236,cruise,19.839,19.802,31.004,26.802,4.202,0.038,1.566,31.004,19.839,4.202,0.038,0.662,0.0,1,0.0
7,11.85,237,cruise,19.867,19.83,31.006,26.83,4.176,0.037,1.564,30.013,19.839,3.183,0.009,0.525,0.0,0,0.05
7,11.9,238,cruise,19.894,19.866,31.008,26.866,4.142,0.028,1.561,31.008,19.894,4.142,0.028,0.653,0.0,1,0.0
7,11.95,239,cruise,19.907,19.902,31.009,26.902,4.107,0.005,1.558,30.013,19.894,3.112,-0.008,0.515,0.0,0,0.05
7,12.0,240,cruise,19.902,19.941,31.008,26.941,4.067,-0.039,1.555,31.008,19.902,4.067,-0.039,0.641,0.0,1,0.0
7,12.05,241,cruise,19.882,19.978,31.004,26.978,4.026,-0.096,1.552,31.004,19.882,4.026,-0.096,0.634,0.0,1,0.0
7,12.1,242,cruise,19.86,20.024,30.997,27.024,3.973,-0.164,1.548,30.997,19.86,3.973,-0.164,0.624,0.0,1,0.0
7,12.15,243,cruise,19.845,20.074,30.987,27.074,3.913,-0.229,1.544,29.994,19.86,2.92,-0.214,0.482,0.0,0,0.05
7,12.2,244,cruise,19.845,20.119,30.974,27.119,3.855,-0.274,1.54,30.974,19.845,3.855,-0.274,0.605,0.0,1,0.0
7,12.25,245,cruise,19.857,20.155,30.959,27.155,3.805,-0.298,1.536,30.959,19.857,3.805,-0.298,0.597,0.0,1,0.0
7,12.3,246,cruise,19.875,20.195,30.944,27.195,3.749,-0.32,1.532,30.944,19.875,3.749,-0.32,0.589,0.0,1,0.0
7,12.35,247,cruise,19.889,20.236,30.927,27.236,3.691,-0.347,1.528,30.927,19.889,3.691,-0.347,0.581,0.0,1,0.0
7,12.4,248,cruise,19.893,20.278,30.909,27.278,3.631,-0.384,1.524,30.909,19.893,3.631,-0.384,0.571,0.0,1,0.0
7,12.45,249,cruise,19.887,20.318,30.888,27.318,3.57,-0.432,1.52,30.888,19.887,3.57,-0.432,0.562,0.0,1,0.0
7,12.5,250,cruise,19.873,20.356,30.865,27.356,3.509,-0.483,1.516,30.865,19.873,3.509,-0.483,0.552,0.0,1,0.0
7,12.55,251,cruise,19.861,20.391,30.839,27.391,3.448,-0.531,1.512,29.846,19.873,2.455,-0.518,0.41,0.0,0,0.05
7,12.6,252,cruise,19.855,20.416,30.812,27.416,3.396,-0.561,1.509,30.812,19.855,3.396,-0.561,0.534,0.0,1,0.0
7,12.65,253,cruise,19.857,20.429,30.783,27.429,3.355,-0.571,1.507,30.783,19.857,3.355,-0.571,0.528,0.0,1,0.0
7,12.7,254,cruise,19.867,20.444,30.755,27.444,3.311,-0.577,1.504,29.762,19.857,2.318,-0.586,0.39,0.0,0,0.05
7,12.75,255,cruise,19.877,20.452,30.726,27.452,3.274,-0.575,1.502,30.726,19.877,3.274,-0.575,0.517,0.0,1,0.0
7,12.8,256,cruise,19.884,20.452,30.697,27.452,3.246,-0.568,1.501,30.697,19.884,3.246,-0.568,0.514,0.0,1,0.0
7,12.85,257,cruise,19.884,20.456,30.669,27.456,3.213,-0.572,1.499,30.669,19.884,3.213,-0.572,0.509,0.0,1,0.0
7,12.9,258,cruise,19.878,20.463,30.64,27.463,3.177,-0.585,1.497,29.646,19.884,2.183,-0.58,0.372,0.0,0,0.05
7,12.95,259,cruise,19.869,20.464,30.61,27.464,3.146,-0.594,1.496,30.61,19.869,3.146,-0.594,0.5,0.0,1,0.0
7,13.0,260,cruise,19.863,20.456,30.581,27.456,3.124,-0.593,1.495,30.581,19.863,3.124,-0.593,0.497,0.0,1,0.0
7,13.05,261,cruise,19.861,20.454,30.551,27.454,3.097,-0.592,1.494,29.558,19.863,2.104,-0.591,0.361,0.0,0,0.05
7,13.1,262,cruise,19.865,20.446,30.522,27.446,3.075,-0.582,1.493,30.522,19.865,3.075,-0.582,0.491,0.0,1,0.0
7,13.15,263,cruise,19.871,20.433,30.493,27.433,3.061,-0.562,1.492,30.493,19.871,3.061,-0.562,0.489,0.0,1,0.0
7,13.2,264,cruise,19.877,20.425,30.466,27.425,3.041,-0.548,1.492,30.466,19.877,3.041,-0.548,0.487,0.0,1,0.0
7,13.25,265,cruise,19.879,20.421,30.438,27.421,3.018,-0.542,1.491,30.438,19.879,3.018,-0.542,0.484,0.0,1,0.0
7,13.3,266,cruise,19.878,20.419,30.411,27.419,2.992,-0.541,1.489,29.417,19.879,1.998,-0.54,0.348,0.0,0,0.05
7,13.35,267,cruise,19.873,20.411,30.384,27.411,2.973,-0.538,1.489,30.384,19.873,2.973,-0.538,0.479,0.0,1,0.0
7,13.4,268,cruise,19.869,20.395,30.358,27.395,2.963,-0.526,1.489,29.364,19.873,1.969,-0.521,0.345,0.0,0,0.05
7,13.45,269,cruise,19.866,20.377,30.332,27.377,2.955,-0.511,1.489,28.345,19.873,0.969,-0.503,0.212,0.0,0,0.1
7,13.5,270,cruise,19.866,20.34,30.307,27.34,2.968,-0.474,1.49,30.307,19.866,2.968,-0.474,0.48,0.0,1,0.0
7,13.55,271,cruise,19.869,20.29,30.285,27.29,2.996,-0.421,1.493,29.292,19.866,2.002,-0.424,0.353,0.0,0,0.05
7,13.6,272,cruise,19.873,20.247,30.266,27.247,3.018,-0.375,1.495,30.266,19.873,3.018,-0.375,0.49,0.0,1,0.0
7,13.65,273,cruise,19.875,20.21,30.248,27.21,3.038,-0.335,1.497,30.248,19.875,3.038,-0.335,0.494,0.0,1,0.0
7,13.7,274,cruise,19.876,20.188,30.232,27.188,3.044,-0.312,1.498,30.232,19.876,3.044,-0.312,0.496,0.0,1,0.0
7,13.75,275,cruise,19.874,20.176,30.217,27.176,3.041,-0.302,1.498,30.217,19.874,3.041,-0.302,0.495,0.0,1,0.0
7,13.8,276,cruise,19.872,20.171,30.202,27.171,3.031,-0.299,1.497,29.208,19.874,2.038,-0.296,0.362,0.0,0,0.05
7,13.85,277,cruise,19.869,20.162,30.187,27.162,3.025,-0.293,1.497,30.187,19.869,3.025,-0.293,0.494,0.0,1,0.0
7,13.9,278,cruise,19.868,20.148,30.173,27.148,3.025,-0.28,1.498,30.173,19.868,3.025,-0.28,0.494,0.0,1,0.0
7,13.95,279,cruise,19.869,20.141,30.159,27.141,3.019,-0.272,1.497,30.159,19.869,3.019,-0.272,0.493,0.0,1,0.0
7,14.0,280,cruise,19.871,20.138,30.146,27.138,3.008,-0.268,1.497,29.152,19.869,2.014,-0.27,0.36,0.0,0,0.05
7,14.05,281,cruise,19.873,20.131,30.133,27.131,3.001,-0.258,1.497,30.133,19.873,3.001,-0.258,0.492,0.0,1,0.0
7,14.1,282,cruise,19.874,20.118,30.12,27.118,3.002,-0.244,1.497,30.12,19.874,3.002,-0.244,0.492,0.0,1,0.0
7,14.15,283,cruise,19.874,20.111,30.108,27.111,2.997,-0.237,1.497,29.114,19.874,2.004,-0.237,0.359,0.0,0,0.05
7,14.2,284,cruise,19.873,20.101,30.097,27.101,2.996,-0.228,1.497,30.097,19.873,2.996,-0.228,0.492,0.0,1,0.0
7,14.25,285,cruise,19.871,20.085,30.086,27.085,3.0,-0.215,1.498,30.086,19.871,3.0,-0.215,0.493,0.0,1,0.0
7,14.3,286,cruise,19.87,20.077,30.075,27.077,2.998,-0.208,1.498,30.075,19.87,2.998,-0.208,0.493,0.0,1,0.0
7,14.35,287,cruise,19.869,20.075,30.065,27.075,2.99,-0.205,1.498,30.065,19.869,2.99,-0.205,0.492,0.0,1,0.0
7,14.4,288,cruise,19.87,20.075,30.055,27.075,2.98,-0.205,1.497,30.055,19.87,2.98,-0.205,0.49,0.0,1,0.0
7,14.45,289,cruise,19.872,20.077,30.044,27.077,2.967,-0.205,1.496,29.051,19.87,1.974,-0.207,0.356,0.0,0,0.05
7,14.5,290,cruise,19.873,20.072,30.034,27.072,2.962,-0.2,1.496,30.034,19.873,2.962,-0.2,0.488,0.0,1,0.0
7,14.55,291,cruise,19.873,20.06,30.025,27.06,2.964,-0.187,1.497,29.031,19.873,1.971,-0.188,0.356,0.0,0,0.05
7,14.6,292,cruise,19.873,20.046,30.015,27.046,2.969,-0.173,1.497,30.015,19.873,2.969,-0.173,0.49,0.0,1,0.0
7,14.65,293,cruise,19.872,20.028,30.007,27.028,2.979,-0.156,1.498,30.007,19.872,2.979,-0.156,0.492,0.0,1,0.0
7,14.7,294,cruise,19.871,20.018,29.999,27.018,2.981,-0.147,1.499,29.999,19.871,2.981,-0.147,0.493,0.0,1,0.0
7,14.75,295,cruise,19.87,20.014,29.992,27.014,2.978,-0.144,1.499,29.992,19.87,2.978,-0.144,0.492,0.0,1,0.0
7,14.8,296,cruise,19.87,20.013,29.985,27.013,2.972,-0.144,1.498,29.985,19.87,2.972,-0.144,0.491,0.0,1,0.0
7,14.85,297,cruise,19.87,20.015,29.978,27.015,2.963,-0.146,1.498,29.978,19.87,2.963,-0.146,0.49,0.0,1,0.0
7,14.9,298,cruise,19.871,20.019,29.971,27.019,2.953,-0.148,1.497,29.971,19.871,2.953,-0.148,0.489,0.0,1,0.0
7,14.95,299,cruise,19.872,20.022,29.964,27.022,2.941,-0.15,1.496,29.964,19.872,2.941,-0.15,0.487,0.0,1,0.0
7,15.0,300,cruise,19.873,20.027,29.956,27.027,2.929,-0.154,1.496,29.956,19.873,2.929,-0.154,0.485,0.0,1,0.0
7,15.05,301,cruise,19.873,20.031,29.948,27.031,2.917,-0.158,1.495,29.948,19.873,2.917,-0.158,0.484,0.0,1,0.0
7,15.1,302,cruise,19.872,20.034,29.94,27.034,2.906,-0.162,1.494,29.94,19.872,2.906,-0.162,0.482,0.0,1,0.0
7,15.15,303,cruise,19.871,20.038,29.932,27.038,2.894,-0.167,1.494,29.932,19.871,2.894,-0.167,0.48,0.0,1,0.0
7,15.2,304,cruise,19.87,20.041,29.923,27.041,2.883,-0.17,1.493,29.923,19.87,2.883,-0.17,0.479,0.0,1,0.0
7,15.25,305,cruise,19.87,20.043,29.915,27.043,2.872,-0.173,1.493,28.921,19.87,1.878,-0.173,0.345,0.0,0,0.05
7,15.3,306,cruise,19.871,20.037,29.906,27.037,2.869,-0.167,1.493,29.906,19.871,2.869,-0.167,0.477,0.0,1,0.0
7,15.35,307,cruise,19.871,20.023,29.898,27.023,2.876,-0.151,1.493,29.898,19.871,2.876,-0.151,0.478,0.0,1,0.0
7,15.4,308,cruise,19.872,20.013,29.891,27.013,2.878,-0.141,1.494,29.891,19.872,2.878,-0.141,0.479,0.0,1,0.0
7,15.45,309,cruise,19.872,20.008,29.884,27.008,2.877,-0.135,1.494,28.891,19.872,1.883,-0.136,0.347,0.0,0,0.05
7,15.5,310,cruise,19.872,19.997,29.878,26.997,2.881,-0.125,1.494,27.891,19.872,0.894,-0.125,0.215,0.0,0,0.1
7,15.55,311,cruise,19.872,19.966,29.872,26.966,2.906,-0.094,1.496,29.872,19.872,2.906,-0.094,0.484,0.0,1,0.0
7,15.6,312,cruise,19.871,19.92,29.869,26.92,2.949,-0.049,1.499,28.875,19.872,1.955,-0.049,0.359,0.0,0,0.05
7,15.65,313,cruise,19.871,19.882,29.868,26.882,2.986,-0.011,1.502,27.881,19.872,0.999,-0.01,0.233,0.0,0,0.1
7,15.7,314,cruise,19.871,19.836,29.868,26.836,3.033,0.035,1.506,29.868,19.871,3.033,0.035,0.506,0.0,1,0.0
7,15.75,315,cruise,19.871,19.783,29.872,26.783,3.089,0.088,1.51,28.878,19.871,2.095,0.088,0.382,0.0,0,0.05
7,15.8,316,cruise,19.872,19.743,29.878,26.743,3.135,0.129,1.513,27.89,19.871,1.148,0.128,0.257,0.0,0,0.1
7,15.85,317,cruise,19.872,19.699,29.885,26.699,3.187,0.173,1.517,29.885,19.872,3.187,0.173,0.531,0.0,1,0.0
7,15.9,318,cruise,19.872,19.651,29.895,26.651,3.245,0.222,1.521,28.902,19.872,2.251,0.221,0.408,0.0,0,0.05
7,15.95,319,cruise,19.872,19.617,29.908,26.617,3.291,0.255,1.525,29.908,19.872,3.291,0.255,0.547,0.0,1,0.0
7,16.0,320,cruise,19.872,19.593,29.921,26.593,3.328,0.278,1.527,29.921,19.872,3.328,0.278,0.553,0.0,1,0.0
7,16.05,321,cruise,19.871,19.588,29.935,26.588,3.347,0.283,1.528,29.935,19.871,3.347,0.283,0.556,0.0,1,0.0
7,16.1,322,cruise,19.871,19.597,29.949,26.597,3.353,0.274,1.528,29.949,19.871,3.353,0.274,0.556,0.0,1,0.0
7,16.15,323,cruise,19.871,19.613,29.963,26.613,3.35,0.258,1.528,29.963,19.871,3.35,0.258,0.555,0.0,1,0.0
7,16.2,324,cruise,19.871,19.635,29.975,26.635,3.34,0.237,1.527,28.982,19.871,2.347,0.236,0.421,0.0,0,0.05
7,16.25,325,cruise,19.872,19.652,29.986,26.652,3.334,0.22,1.526,29.986,19.872,3.334,0.22,0.552,0.0,1,0.0
7,16.3,326,cruise,19.872,19.662,29.997,26.662,3.335,0.21,1.526,29.997,19.872,3.335,0.21,0.552,0.0,1,0.0
7,16.35,327,cruise,19.872,19.679,30.006,26.679,3.327,0.193,1.525,30.006,19.872,3.327,0.193,0.55,0.0,1,0.0
7,16.4,328,cruise,19.872,19.7,30.015,26.7,3.315,0.171,1.524,30.015,19.872,3.315,0.171,0.548,0.0,1,0.0
7,16.45,329,cruise,19.871,19.724,30.023,26.724,3.299,0.147,1.522,29.03,19.872,2.305,0.147,0.412,0.0,0,0.05
7,16.5,330,cruise,19.871,19.742,30.03,26.742,3.288,0.129,1.521,28.043,19.872,1.301,0.13,0.278,0.0,0,0.1
7,16.55,331,cruise,19.871,19.737,30.036,26.737,3.299,0.134,1.522,27.056,19.872,0.319,0.134,0.147,0.0,0,0.15
7,16.6,332,cruise,19.871,19.702,30.044,26.702,3.343,0.17,1.525,26.07,19.872,-0.632,0.17,0.021,0.0,0,0.2
7,16.65,333,cruise,19.871,19.631,30.055,26.631,3.424,0.24,1.531,30.055,19.871,3.424,0.24,0.564,0.0,1,0.0
7,16.7,334,cruise,19.872,19.538,30.069,26.538,3.531,0.333,1.539,30.069,19.872,3.531,0.333,0.582,0.0,1,0.0
7,16.75,335,cruise,19.872,19.464,30.089,26.464,3.625,0.408,1.546,29.095,19.872,2.631,0.408,0.464,0.0,0,0.05
7,16.8,336,cruise,19.872,19.42,30.11,26.42,3.69,0.452,1.55,30.11,19.872,3.69,0.452,0.607,0.0,1,0.0
7,16.85,337,cruise,19.872,19.398,30.134,26.398,3.736,0.474,1.553,30.134,19.872,3.736,0.474,0.614,0.0,1,0.0
7,16.9,338,cruise,19.871,19.402,30.157,26.402,3.756,0.47,1.554,30.157,19.871,3.756,0.47,0.616,0.0,1,0.0
7,16.95,339,cruise,19.871,19.423,30.18,26.423,3.757,0.448,1.554,30.18,19.871,3.757,0.448,0.616,0.0,1,0.0
7,17.0,340,cruise,19.871,19.457,30.202,26.457,3.745,0.415,1.552,29.208,19.871,2.752,0.415,0.481,0.0,0,0.05
7,17.05,341,cruise,19.871,19.49,30.221,26.49,3.732,0.382,1.551,28.234,19.871,1.745,0.382,0.345,0.0,0,0.1
7,17.1,342,cruise,19.871,19.504,30.24,26.504,3.736,0.367,1.55,30.24,19.871,3.736,0.367,0.61,0.0,1,0.0
7,17.15,343,cruise,19.872,19.505,30.258,26.505,3.753,0.366,1.551,29.265,19.871,2.76,0.366,0.48,0.0,0,0.05
7,17.2,344,cruise,19.872,19.514,30.276,26.514,3.763,0.358,1.552,28.289,19.871,1.776,0.358,0.349,0.0,0,0.1
7,17.25,345,cruise,19.872,19.512,30.294,26.512,3.782,0.359,1.553,30.294,19.872,3.782,0.359,0.616,0.0,1,0.0
7,17.3,346,cruise,19.868,19.504,30.312,26.504,3.809,0.364,1.554,30.312,19.868,3.809,0.364,0.62,0.0,1,0.0
7,17.35,347,cruise,19.868,19.514,30.33,26.514,3.816,0.354,1.554,30.33,19.868,3.816,0.354,0.621,0.0,1,0.0
7,17.4,348,cruise,19.848,19.541,30.347,26.541,3.806,0.307,1.553,30.347,19.848,3.806,0.307,0.618,0.0,1,0.0
7,17.45,349,cruise,19.855,19.578,30.361,26.578,3.783,0.277,1.551,30.361,19.855,3.783,0.277,0.614,0.0,1,0.0
7,17.5,350,cruise,19.849,19.621,30.373,26.621,3.752,0.228,1.548,30.373,19.849,3.752,0.228,0.608,0.0,1,0.0
7,17.55,351,cruise,19.867,19.667,30.383,26.667,3.716,0.199,1.545,29.391,19.849,2.723,0.181,0.469,0.0,0,0.05
7,17.6,352,cruise,19.855,19.708,30.39,26.708,3.683,0.147,1.542,30.39,19.855,3.683,0.147,0.596,0.0,1,0.0
7,17.65,353,cruise,19.841,19.739,30.394,26.739,3.654,0.102,1.54,30.394,19.841,3.654,0.102,0.591,0.0,1,0.0
7,17.7,354,cruise,19.851,19.776,30.393,26.776,3.617,0.075,1.537,30.393,19.851,3.617,0.075,0.585,0.0,1,0.0
7,17.75,355,cruise,19.868,19.815,30.392,26.815,3.577,0.053,1.534,29.403,19.851,2.588,0.037,0.446,0.0,0,0.05
7,17.8,356,cruise,19.838,19.847,30.389,26.847,3.542,-0.009,1.531,30.389,19.838,3.542,-0.009,0.572,0.0,1,0.0
7,17.85,357,cruise,19.844,19.87,30.385,26.87,3.515,-0.027,1.529,30.385,19.844,3.515,-0.027,0.568,0.0,1,0.0
7,17.9,358,cruise,19.869,19.898,30.377,26.898,3.479,-0.029,1.527,30.377,19.869,3.479,-0.029,0.563,0.0,1,0.0
7,17.95,359,cruise,19.892,19.928,30.368,26.928,3.44,-0.036,1.524,30.368,19.892,3.44,-0.036,0.557,0.0,1,0.0
7,18.0,360,cruise,19.9,19.959,30.357,26.959,3.398,-0.058,1.521,30.357,19.9,3.398,-0.058,0.551,0.0,1,0.0
7,18.05,361,cruise,19.889,19.989,30.344,26.989,3.355,-0.1,1.518,30.344,19.889,3.355,-0.1,0.544,0.0,1,0.0
7,18.1,362,cruise,19.863,20.019,30.33,27.019,3.311,-0.155,1.515,30.33,19.863,3.311,-0.155,0.536,0.0,1,0.0
7,18.15,363,cruise,19.849,20.046,30.313,27.046,3.267,-0.198,1.512,30.313,19.849,3.267,-0.198,0.529,0.0,1,0.0
7,18.2,364,cruise,19.833,20.072,30.296,27.072,3.224,-0.238,1.509,30.296,19.833,3.224,-0.238,0.522,0.0,1,0.0
7,18.25,365,cruise,19.847,20.095,30.279,27.095,3.184,-0.248,1.507,30.279,19.847,3.184,-0.248,0.516,0.0,1,0.0
7,18.3,366,cruise,19.853,20.115,30.264,27.115,3.148,-0.263,1.504,30.264,19.853,3.148,-0.263,0.511,0.0,1,0.0
7,18.35,367,cruise,19.879,20.134,30.249,27.134,3.116,-0.255,1.502,30.249,19.879,3.116,-0.255,0.507,0.0,1,0.0
7,18.4,368,cruise,19.884,20.15,30.237,27.15,3.087,-0.266,1.501,29.245,19.879,2.096,-0.271,0.37,0.0,0,0.05
7,18.45,369,cruise,19.892,20.156,30.225,27.156,3.069,-0.264,1.5,30.225,19.892,3.069,-0.264,0.5,0.0,1,0.0
7,18.5,370,cruise,19.876,20.153,30.215,27.153,3.062,-0.277,1.499,30.215,19.876,3.062,-0.277,0.499,0.0,1,0.0
7,18.55,371,cruise,19.868,20.153,30.204,27.153,3.051,-0.285,1.499,29.211,19.876,2.058,-0.278,0.365,0.0,0,0.05
7,18.6,372,cruise,19.851,20.149,30.194,27.149,3.045,-0.298,1.499,30.194,19.851,3.045,-0.298,0.496,0.0,1,0.0
7,18.65,373,cruise,19.853,20.138,30.185,27.138,3.047,-0.284,1.499,30.185,19.853,3.047,-0.284,0.497,0.0,1,0.0
7,18.7,374,cruise,19.856,20.133,30.176,27.133,3.043,-0.277,1.499,29.184,19.853,2.051,-0.28,0.364,0.0,0,0.05
7,18.75,375,cruise,19.871,20.125,30.169,27.125,3.044,-0.254,1.499,30.169,19.871,3.044,-0.254,0.497,0.0,1,0.0
7,18.8,376,cruise,19.879,20.108,30.163,27.108,3.055,-0.229,1.5,30.163,19.879,3.055,-0.229,0.5,0.0,1,0.0
7,18.85,377,cruise,19.886,20.101,30.157,27.101,3.056,-0.215,1.5,30.157,19.886,3.056,-0.215,0.5,0.0,1,0.0
7,18.9,378,cruise,19.882,20.078,30.152,27.078,3.074,-0.196,1.502,29.158,19.886,2.081,-0.191,0.371,0.0,0,0.05
7,18.95,379,cruise,19.875,20.073,30.146,27.073,3.073,-0.197,1.502,28.16,19.886,1.087,-0.186,0.239,0.0,0,0.1
7,19.0,380,cruise,19.865,20.047,30.141,27.047,3.094,-0.182,1.503,27.163,19.886,0.116,-0.161,0.11,0.0,0,0.15
7,19.05,381,cruise,19.861,19.977,30.136,26.977,3.16,-0.116,1.509,30.136,19.861,3.16,-0.116,0.517,0.0,1,0.0
7,19.1,382,cruise,19.86,19.899,30.135,26.899,3.236,-0.038,1.514,30.135,19.86,3.236,-0.038,0.53,0.0,1,0.0
7,19.15,383,cruise,19.866,19.809,30.137,26.809,3.328,0.057,1.521,30.137,19.866,3.328,0.057,0.546,0.0,1,0.0
7,19.2,384,cruise,19.873,19.761,30.143,26.761,3.382,0.112,1.525,29.152,19.866,2.391,0.105,0.422,0.0,0,0.05
7,19.25,385,cruise,19.879,19.708,30.15,26.708,3.442,0.171,1.53,30.15,19.879,3.442,0.171,0.565,0.0,1,0.0
7,19.3,386,cruise,19.88,19.691,30.157,26.691,3.466,0.189,1.532,30.157,19.88,3.466,0.189,0.568,0.0,1,0.0
7,19.35,387,cruise,19.877,19.64,30.162,26.64,3.521,0.237,1.536,29.171,19.88,2.53,0.239,0.445,0.0,0,0.05
7,19.4,388,cruise,19.872,19.634,30.169,26.634,3.535,0.237,1.537,30.169,19.872,3.535,0.237,0.579,0.0,1,0.0
7,19.45,389,cruise,19.867,19.639,30.179,26.639,3.539,0.228,1.537,30.179,19.867,3.539,0.228,0.58,0.0,1,0.0
7,19.5,390,cruise,19.865,19.654,30.188,26.654,3.534,0.21,1.536,30.188,19.865,3.534,0.21,0.578,0.0,1,0.0
7,19.55,391,cruise,19.866,19.675,30.199,26.675,3.524,0.191,1.535,30.199,19.866,3.524,0.191,0.576,0.0,1,0.0
7,19.6,392,cruise,19.87,19.697,30.209,26.697,3.512,0.173,1.534,30.209,19.87,3.512,0.173,0.574,0.0,1,0.0
7,19.65,393,cruise,19.874,19.718,30.22,26.718,3.501,0.156,1.533,29.228,19.87,2.509,0.151,0.44,0.0,0,0.05
7,19.7,394,cruise,19.876,19.718,30.23,26.718,3.512,0.158,1.533,28.245,19.87,1.527,0.152,0.309,0.0,0,0.1
7,19.75,395,cruise,19.876,19.725,30.24,26.725,3.516,0.152,1.533,30.24,19.876,3.516,0.152,0.574,0.0,1,0.0
7,19.8,396,cruise,19.874,19.712,30.251,26.712,3.539,0.162,1.535,30.251,19.874,3.539,0.162,0.577,0.0,1,0.0
7,19.85,397,cruise,19.87,19.709,30.262,26.709,3.553,0.161,1.535,30.262,19.87,3.553,0.161,0.579,0.0,1,0.0
7,19.9,398,cruise,19.868,19.715,30.272,26.715,3.557,0.153,1.535,30.272,19.868,3.557,0.153,0.579,0.0,1,0.0
7,19.95,399,cruise,19.867,19.739,30.282,26.739,3.542,0.128,1.534,30.282,19.867,3.542,0.128,0.577,0.0,1,0.0
7,20.0,400,cruise,19.869,19.751,30.29,26.751,3.539,0.118,1.534,29.297,19.867,2.546,0.117,0.443,0.0,0,0.05
7,20.05,401,cruise,19.871,19.776,30.297,26.776,3.52,0.095,1.532,30.297,19.871,3.52,0.095,0.573,0.0,1,0.0
7,20.1,402,cruise,19.868,19.783,30.303,26.783,3.519,0.085,1.532,29.31,19.871,2.527,0.088,0.44,0.0,0,0.05
7,20.15,403,cruise,19.87,19.801,30.308,26.801,3.507,0.07,1.531,30.308,19.87,3.507,0.07,0.57,0.0,1,0.0
7,20.2,404,cruise,19.86,19.805,30.311,26.805,3.506,0.055,1.53,30.311,19.86,3.506,0.055,0.569,0.0,1,0.0
7,20.25,405,cruise,19.843,19.826,30.313,26.826,3.487,0.017,1.529,30.313,19.843,3.487,0.017,0.566,0.0,1,0.0
7,20.3,406,cruise,19.855,19.845,30.314,26.845,3.469,0.01,1.528,30.314,19.855,3.469,0.01,0.563,0.0,1,0.0
7,20.35,407,cruise,19.855,19.874,30.313,26.874,3.439,-0.02,1.525,30.313,19.855,3.439,-0.02,0.558,0.0,1,0.0
7,20.4,408,cruise,19.874,19.9,30.311,26.9,3.412,-0.026,1.523,30.311,19.874,3.412,-0.026,0.554,0.0,1,0.0
7,20.45,409,cruise,19.868,19.93,30.308,26.93,3.378,-0.062,1.521,30.308,19.868,3.378,-0.062,0.548,0.0,1,0.0
7,20.5,410,cruise,19.822,19.957,30.3,26.957,3.343,-0.135,1.518,29.311,19.868,2.354,-0.088,0.411,0.0,0,0.05
7,20.55,411,cruise,19.829,19.978,30.289,26.978,3.311,-0.15,1.516,30.289,19.829,3.311,-0.15,0.536,0.0,1,0.0
7,20.6,412,cruise,19.828,19.987,30.276,26.987,3.289,-0.16,1.515,29.291,19.829,2.303,-0.159,0.402,0.0,0,0.05
7,20.65,413,cruise,19.868,19.995,30.263,26.995,3.268,-0.127,1.514,30.263,19.868,3.268,-0.127,0.532,0.0,1,0.0
7,20.7,414,cruise,19.873,19.995,30.25,26.995,3.255,-0.121,1.513,29.264,19.868,2.27,-0.127,0.398,0.0,0,0.05
7,20.75,415,cruise,19.896,19.995,30.236,26.995,3.241,-0.099,1.512,30.236,19.896,3.241,-0.099,0.529,0.0,1,0.0
7,20.8,416,cruise,19.871,19.991,30.22,26.991,3.229,-0.12,1.512,30.22,19.871,3.229,-0.12,0.527,0.0,1,0.0
7,20.85,417,cruise,19.786,19.995,30.198,26.995,3.203,-0.209,1.51,30.198,19.786,3.203,-0.209,0.52,0.0,1,0.0
7,20.9,418,cruise,19.769,20.004,30.171,27.004,3.167,-0.235,1.508,30.171,19.769,3.167,-0.235,0.514,0.0,1,0.0
7,20.95,419,cruise,19.757,20.015,30.14,27.015,3.124,-0.258,1.506,30.14,19.757,3.124,-0.258,0.508,0.0,1,0.0
7,21.0,420,cruise,19.811,20.027,30.107,27.027,3.08,-0.216,1.503,30.107,19.811,3.08,-0.216,0.503,0.0,1,0.0
7,21.05,421,cruise,19.839,20.039,30.074,27.039,3.035,-0.2,1.501,30.074,19.839,3.035,-0.2,0.498,0.0,1,0.0
7,21.1,422,cruise,19.832,20.05,30.037,27.05,2.987,-0.217,1.498,30.037,19.832,2.987,-0.217,0.491,0.0,1,0.0
7,21.15,423,cruise,19.877,20.059,29.997,27.059,2.938,-0.182,1.495,29.997,19.877,2.938,-0.182,0.486,0.0,1,0.0
7,21.2,424,cruise,19.877,20.067,29.956,27.067,2.89,-0.19,1.493,29.956,19.877,2.89,-0.19,0.479,0.0,1,0.0
7,21.25,425,cruise,19.898,20.073,29.914,27.073,2.841,-0.174,1.49,28.96,19.877,1.888,-0.196,0.345,0.0,0,0.05
7,21.3,426,cruise,19.86,20.069,29.87,27.069,2.801,-0.209,1.488,29.87,19.86,2.801,-0.209,0.467,0.0,1,0.0
7,21.35,427,cruise,19.768,20.055,29.819,27.055,2.764,-0.288,1.487,28.878,19.86,1.823,-0.195,0.337,0.0,0,0.05
7,21.4,428,cruise,19.752,20.038,29.766,27.038,2.728,-0.286,1.485,27.888,19.86,0.85,-0.178,0.207,0.0,0,0.1
7,21.45,429,cruise,19.733,20.001,29.712,27.001,2.71,-0.268,1.485,29.712,19.733,2.71,-0.268,0.452,0.0,1,0.0
7,21.5,430,cruise,19.785,19.951,29.662,26.951,2.711,-0.167,1.487,28.733,19.733,1.781,-0.218,0.33,0.0,0,0.05
7,21.55,431,cruise,19.806,19.907,29.617,26.907,2.71,-0.101,1.488,29.617,19.806,2.71,-0.101,0.458,0.0,1,0.0
7,21.6,432,cruise,19.799,19.861,29.573,26.861,2.712,-0.062,1.489,29.573,19.799,2.712,-0.062,0.46,0.0,1,0.0
7,21.65,433,cruise,19.862,19.832,29.533,26.832,2.701,0.03,1.489,29.533,19.862,2.701,0.03,0.461,0.0,1,0.0
7,21.7,434,cruise,19.885,19.8,29.498,26.8,2.698,0.085,1.49,29.498,19.885,2.698,0.085,0.463,0.0,1,0.0
7,21.75,435,cruise,19.927,19.785,29.469,26.785,2.684,0.142,1.489,29.469,19.927,2.684,0.142,0.463,0.0,1,0.0
7,21.8,436,cruise,19.89,19.755,29.444,26.755,2.689,0.135,1.49,29.444,19.89,2.689,0.135,0.463,0.0,1,0.0
7,21.85,437,cruise,19.787,19.714,29.415,26.714,2.701,0.073,1.492,29.415,19.787,2.701,0.073,0.463,0.0,1,0.0
7,21.9,438,cruise,19.751,19.707,29.385,26.707,2.678,0.044,1.491,29.385,19.751,2.678,0.044,0.459,0.0,1,0.0
7,21.95,439,cruise,19.725,19.682,29.358,26.682,2.675,0.043,1.492,29.358,19.725,2.675,0.043,0.458,0.0,1,0.0
7,22.0,440,cruise,19.769,19.676,29.337,26.676,2.661,0.093,1.491,29.337,19.769,2.661,0.093,0.458,0.0,1,0.0
7,22.05,441,cruise,19.797,19.645,29.324,26.645,2.679,0.153,1.493,28.416,19.769,1.772,0.125,0.34,0.0,0,0.05
7,22.1,442,cruise,19.875,19.631,29.321,26.631,2.689,0.243,1.494,27.497,19.769,0.865,0.138,0.22,0.0,0,0.1
7,22.15,443,cruise,19.909,19.573,29.327,26.573,2.755,0.337,1.498,29.327,19.909,2.755,0.337,0.479,0.0,1,0.0
7,22.2,444,cruise,19.95,19.455,29.344,26.455,2.89,0.495,1.508,28.424,19.909,1.97,0.455,0.378,0.0,0,0.05
7,22.25,445,cruise,19.915,19.395,29.369,26.395,2.974,0.52,1.514,27.522,19.909,1.127,0.514,0.267,0.0,0,0.1
7,22.3,446,cruise,19.883,19.302,29.4,26.302,3.098,0.582,1.523,29.4,19.883,3.098,0.582,0.532,0.0,1,0.0
7,22.35,447,cruise,19.814,19.248,29.436,26.248,3.188,0.566,1.529,29.436,19.814,3.188,0.566,0.544,0.0,1,0.0
7,22.4,448,cruise,19.721,19.184,29.472,26.184,3.288,0.537,1.536,28.552,19.814,2.368,0.63,0.437,0.0,0,0.05
7,22.45,449,cruise,19.719,19.167,29.51,26.167,3.344,0.553,1.54,29.51,19.719,3.344,0.553,0.564,0.0,1,0.0
7,22.5,450,cruise,19.739,19.118,29.554,26.118,3.436,0.621,1.546,28.632,19.719,2.514,0.601,0.455,0.0,0,0.05
7,22.55,451,cruise,19.807,19.112,29.606,26.112,3.495,0.695,1.549,29.606,19.807,3.495,0.695,0.589,0.0,1,0.0
7,22.6,452,cruise,19.859,19.074,29.666,26.074,3.592,0.785,1.555,29.666,19.859,3.592,0.785,0.605,0.0,1,0.0
7,22.65,453,cruise,19.931,18.997,29.733,25.997,3.736,0.934,1.565,29.733,19.931,3.736,0.934,0.629,0.0,1,0.0
7,22.7,454,cruise,19.947,18.996,29.804,25.996,3.808,0.951,1.569,29.804,19.947,3.808,0.951,0.639,0.0,1,0.0
7,22.75,455,cruise,19.942,18.982,29.877,25.982,3.894,0.959,1.574,29.877,19.942,3.894,0.959,0.651,0.0,1,0.0
7,22.8,456,cruise,19.873,19.024,29.948,26.024,3.925,0.849,1.574,29.948,19.873,3.925,0.849,0.652,0.0,1,0.0
7,22.85,457,cruise,19.823,19.033,30.018,26.033,3.984,0.79,1.577,29.071,19.873,3.038,0.84,0.533,0.0,0,0.05
7,22.9,458,cruise,19.767,19.08,30.085,26.08,4.005,0.688,1.577,28.188,19.873,2.109,0.793,0.408,0.0,0,0.1
7,22.95,459,cruise,19.776,19.068,30.152,26.068,4.083,0.708,1.581,30.152,19.776,4.083,0.708,0.668,0.0,1,0.0
7,23.0,460,cruise,19.791,18.995,30.22,25.995,4.225,0.795,1.591,30.22,19.791,4.225,0.795,0.69,0.0,1,0.0
7,23.05,461,cruise,19.855,19.004,30.291,26.004,4.287,0.851,1.594,30.291,19.855,4.287,0.851,0.7,0.0,1,0.0
7,23.1,462,cruise,19.898,19.0,30.363,26.0,4.362,0.897,1.598,30.363,19.898,4.362,0.897,0.712,0.0,1,0.0
7,23.15,463,cruise,19.906,19.056,30.432,26.056,4.376,0.849,1.597,29.472,19.898,3.416,0.841,0.584,0.0,0,0.05
7,23.2,464,cruise,19.919,19.073,30.5,26.073,4.427,0.847,1.599,30.5,19.919,4.427,0.847,0.719,0.0,1,0.0
7,23.25,465,cruise,19.894,19.128,30.565,26.128,4.437,0.766,1.598,29.602,19.919,3.474,0.791,0.59,0.0,0,0.05
7,23.3,466,cruise,19.869,19.145,30.627,26.145,4.482,0.724,1.6,28.698,19.919,2.553,0.775,0.466,0.0,0,0.1
7,23.35,467,cruise,19.825,19.093,30.685,26.093,4.592,0.732,1.607,27.788,19.919,1.695,0.827,0.354,0.0,0,0.15
7,23.4,468,cruise,19.819,19.083,30.74,26.083,4.657,0.736,1.611,30.74,19.819,4.657,0.736,0.746,0.0,1,0.0
7,23.45,469,cruise,19.806,19.037,30.794,26.037,4.757,0.77,1.618,29.831,19.819,3.794,0.782,0.632,0.0,0,0.05
7,23.5,470,cruise,19.847,19.05,30.847,26.05,4.797,0.796,1.619,30.847,19.847,4.797,0.796,0.766,0.0,1,0.0
7,23.55,471,cruise,19.87,19.053,30.9,26.053,4.847,0.817,1.622,30.9,19.87,4.847,0.817,0.773,0.0,1,0.0
7,23.6,472,cruise,19.909,19.116,30.952,26.116,4.837,0.793,1.619,30.952,19.909,4.837,0.793,0.771,0.0,1,0.0
7,23.65,473,cruise,19.902,19.154,31.001,26.154,4.847,0.747,1.618,31.001,19.902,4.847,0.747,0.771,0.0,1,0.0
7,23.7,474,cruise,19.897,19.246,31.046,26.246,4.8,0.651,1.613,31.046,19.897,4.8,0.651,0.762,0.0,1,0.0
7,23.75,475,cruise,19.856,19.308,31.085,26.308,4.777,0.548,1.61,31.085,19.856,4.777,0.548,0.755,0.0,1,0.0
7,23.8,476,cruise,19.839,19.413,31.118,26.413,4.705,0.427,1.603,31.118,19.839,4.705,0.427,0.742,0.0,1,0.0
7,23.85,477,cruise,19.814,19.484,31.145,26.484,4.662,0.33,1.599,31.145,19.814,4.662,0.33,0.733,0.0,1,0.0
7,23.9,478,cruise,19.835,19.52,31.169,26.52,4.649,0.315,1.597,31.169,19.835,4.649,0.315,0.73,0.0,1,0.0
7,23.95,479,cruise,19.845,19.612,31.188,26.612,4.576,0.233,1.59,31.188,19.845,4.576,0.233,0.718,0.0,1,0.0
7,24.0,480,cruise,19.862,19.688,31.202,26.688,4.514,0.174,1.585,31.202,19.862,4.514,0.174,0.708,0.0,1,0.0
7,24.05,481,cruise,19.896,19.789,31.213,26.789,4.424,0.107,1.577,30.239,19.862,3.45,0.073,0.562,0.0,0,0.05
7,24.1,482,cruise,19.906,19.85,31.221,26.85,4.371,0.056,1.573,29.271,19.862,2.421,0.013,0.423,0.0,0,0.1
7,24.15,483,cruise,19.904,19.911,31.227,26.911,4.316,-0.007,1.568,31.227,19.904,4.316,-0.007,0.675,0.0,1,0.0
7,24.2,484,cruise,19.875,19.923,31.231,26.923,4.308,-0.049,1.568,30.255,19.904,3.332,-0.02,0.544,0.0,0,0.05
7,24.25,485,cruise,19.854,19.966,31.233,26.966,4.267,-0.112,1.564,31.233,19.854,4.267,-0.112,0.665,0.0,1,0.0
7,24.3,486,cruise,19.815,19.977,31.231,26.977,4.254,-0.162,1.563,31.231,19.815,4.254,-0.162,0.662,0.0,1,0.0
7,24.35,487,cruise,19.75,20.029,31.224,27.029,4.195,-0.279,1.559,30.254,19.815,3.225,-0.214,0.523,0.0,0,0.05
7,24.4,488,cruise,19.656,20.05,31.207,27.05,4.157,-0.394,1.556,31.207,19.656,4.157,-0.394,0.641,0.0,1,0.0
7,24.45,489,cruise,19.655,20.045,31.183,27.045,4.138,-0.39,1.556,31.183,19.655,4.138,-0.39,0.639,0.0,1,0.0
7,24.5,490,cruise,19.721,20.093,31.158,27.093,4.064,-0.372,1.551,31.158,19.721,4.064,-0.372,0.63,0.0,1,0.0
7,24.55,491,cruise,19.808,20.131,31.134,27.131,4.003,-0.323,1.547,31.134,19.808,4.003,-0.323,0.623,0.0,1,0.0
7,24.6,492,cruise,19.895,20.185,31.112,27.185,3.926,-0.291,1.541,31.112,19.895,3.926,-0.291,0.614,0.0,1,0.0
7,24.65,493,cruise,19.966,20.217,31.091,27.217,3.874,-0.251,1.538,31.091,19.966,3.874,-0.251,0.608,0.0,1,0.0
7,24.7,494,cruise,19.988,20.271,31.07,27.271,3.799,-0.283,1.533,31.07,19.988,3.799,-0.283,0.597,0.0,1,0.0
7,24.75,495,cruise,19.952,20.292,31.046,27.292,3.755,-0.34,1.53,31.046,19.952,3.755,-0.34,0.589,0.0,1,0.0
7,24.8,496,cruise,19.882,20.34,31.018,27.34,3.678,-0.458,1.525,31.018,19.882,3.678,-0.458,0.575,0.0,1,0.0
7,24.85,497,cruise,19.809,20.359,30.987,27.359,3.628,-0.55,1.522,30.987,19.809,3.628,-0.55,0.565,0.0,1,0.0
7,24.9,498,cruise,19.762,20.363,30.952,27.363,3.589,-0.601,1.52,30.952,19.762,3.589,-0.601,0.558,0.0,1,0.0
7,24.95,499,cruise,19.748,20.401,30.917,27.401,3.517,-0.653,1.516,30.917,19.748,3.517,-0.653,0.547,0.0,1,0.0
7,25.0,500,cruise,19.786,20.42,30.886,27.42,3.466,-0.634,1.513,30.886,19.786,3.466,-0.634,0.541,0.0,1,0.0
7,25.05,501,cruise,19.83,20.45,30.859,27.45,3.409,-0.62,1.509,30.859,19.83,3.409,-0.62,0.534,0.0,1,0.0
7,25.1,502,cruise,19.901,20.455,30.838,27.455,3.383,-0.554,1.508,30.838,19.901,3.383,-0.554,0.533,0.0,1,0.0
7,25.15,503,cruise,19.945,20.48,30.822,27.48,3.343,-0.535,1.505,29.837,19.901,2.357,-0.579,0.395,0.0,0,0.05
7,25.2,504,cruise,19.957,20.464,30.809,27.464,3.345,-0.507,1.506,30.809,19.957,3.345,-0.507,0.529,0.0,1,0.0
7,25.25,505,cruise,19.917,20.468,30.798,27.468,3.33,-0.552,1.505,30.798,19.917,3.33,-0.552,0.526,0.0,1,0.0
7,25.3,506,cruise,19.865,20.45,30.785,27.45,3.335,-0.585,1.505,30.785,19.865,3.335,-0.585,0.525,0.0,1,0.0
7,25.35,507,cruise,19.807,20.462,30.772,27.462,3.31,-0.656,1.504,30.772,19.807,3.31,-0.656,0.519,0.0,1,0.0
7,25.4,508,cruise,19.786,20.45,30.757,27.45,3.307,-0.663,1.504,30.757,19.786,3.307,-0.663,0.519,0.0,1,0.0
7,25.45,509,cruise,19.796,20.434,30.741,27.434,3.308,-0.637,1.504,30.741,19.796,3.308,-0.637,0.52,0.0,1,0.0
7,25.5,510,cruise,19.846,20.448,30.727,27.448,3.28,-0.602,1.503,30.727,19.846,3.28,-0.602,0.517,0.0,1,0.0
7,25.55,511,cruise,19.898,20.45,30.715,27.45,3.266,-0.552,1.502,30.715,19.898,3.266,-0.552,0.517,0.0,1,0.0
7,25.6,512,cruise,19.939,20.463,30.705,27.463,3.242,-0.524,1.501,30.705,19.939,3.242,-0.524,0.515,0.0,1,0.0
7,25.65,513,cruise,19.94,20.461,30.694,27.461,3.233,-0.521,1.5,30.694,19.94,3.233,-0.521,0.514,0.0,1,0.0
7,25.7,514,cruise,19.911,20.474,30.682,27.474,3.207,-0.563,1.499,30.682,19.911,3.207,-0.563,0.509,0.0,1,0.0
7,25.75,515,cruise,19.864,20.474,30.666,27.474,3.192,-0.61,1.498,29.672,19.911,2.198,-0.563,0.374,0.0,0,0.05
7,25.8,516,cruise,19.824,20.478,30.646,27.478,3.168,-0.655,1.497,28.661,19.911,1.183,-0.567,0.239,0.0,0,0.1
7,25.85,517,cruise,19.806,20.432,30.625,27.432,3.193,-0.626,1.499,30.625,19.806,3.193,-0.626,0.505,0.0,1,0.0
7,25.9,518,cruise,19.822,20.324,30.605,27.324,3.282,-0.502,1.506,30.605,19.822,3.282,-0.502,0.521,0.0,1,0.0
7,25.95,519,cruise,19.859,20.17,30.591,27.17,3.42,-0.311,1.517,30.591,19.859,3.42,-0.311,0.546,0.0,1,0.0
7,26.0,520,cruise,19.901,20.097,30.581,27.097,3.484,-0.196,1.522,30.581,19.901,3.484,-0.196,0.558,0.0,1,0.0
7,26.05,521,cruise,19.924,20.087,30.572,27.087,3.485,-0.163,1.522,30.572,19.924,3.485,-0.163,0.559,0.0,1,0.0
7,26.1,522,cruise,19.92,20.098,30.562,27.098,3.464,-0.178,1.521,30.562,19.92,3.464,-0.178,0.556,0.0,1,0.0
7,26.15,523,cruise,19.893,20.112,30.55,27.112,3.438,-0.219,1.519,30.55,19.893,3.438,-0.219,0.551,0.0,1,0.0
7,26.2,524,cruise,19.859,20.124,30.535,27.124,3.411,-0.265,1.517,29.544,19.893,2.42,-0.231,0.415,0.0,0,0.05
7,26.25,525,cruise,19.833,20.13,30.519,27.13,3.389,-0.297,1.516,28.537,19.893,1.407,-0.237,0.28,0.0,0,0.1
7,26.3,526,cruise,19.827,20.115,30.502,27.115,3.387,-0.288,1.516,30.502,19.827,3.387,-0.288,0.542,0.0,1,0.0
7,26.35,527,cruise,19.843,20.087,30.489,27.087,3.401,-0.244,1.518,30.489,19.843,3.401,-0.244,0.545,0.0,1,0.0
7,26.4,528,cruise,19.871,20.075,30.478,27.075,3.403,-0.203,1.518,30.478,19.871,3.403,-0.203,0.547,0.0,1,0.0
7,26.45,529,cruise,19.897,20.065,30.47,27.065,3.405,-0.169,1.519,29.477,19.871,2.412,-0.194,0.415,0.0,0,0.05
7,26.5,530,cruise,19.907,20.069,30.463,27.069,3.394,-0.162,1.518,30.463,19.907,3.394,-0.162,0.547,0.0,1,0.0
7,26.55,531,cruise,19.899,20.056,30.457,27.056,3.402,-0.157,1.519,30.457,19.899,3.402,-0.157,0.548,0.0,1,0.0
7,26.6,532,cruise,19.879,20.066,30.451,27.066,3.385,-0.187,1.518,30.451,19.879,3.385,-0.187,0.545,0.0,1,0.0
7,26.65,533,cruise,19.857,20.072,30.443,27.072,3.371,-0.215,1.517,29.45,19.879,2.378,-0.193,0.411,0.0,0,0.05
7,26.7,534,cruise,19.844,20.083,30.433,27.083,3.35,-0.239,1.515,30.433,19.844,3.35,-0.239,0.539,0.0,1,0.0
7,26.75,535,cruise,19.846,20.076,30.424,27.076,3.347,-0.23,1.515,30.424,19.846,3.347,-0.23,0.539,0.0,1,0.0
7,26.8,536,cruise,19.86,20.088,30.414,27.088,3.327,-0.228,1.514,30.414,19.86,3.327,-0.228,0.536,0.0,1,0.0
7,26.85,537,cruise,19.877,20.091,30.405,27.091,3.314,-0.213,1.513,30.405,19.877,3.314,-0.213,0.535,0.0,1,0.0
7,26.9,538,cruise,19.891,20.109,30.396,27.109,3.287,-0.218,1.512,30.396,19.891,3.287,-0.218,0.531,0.0,1,0.0
7,26.95,539,cruise,19.893,20.118,30.386,27.118,3.268,-0.225,1.51,29.392,19.891,2.274,-0.228,0.396,0.0,0,0.05
7,27.0,540,cruise,19.885,20.13,30.375,27.13,3.245,-0.245,1.509,30.375,19.885,3.245,-0.245,0.525,0.0,1,0.0
7,27.05,541,cruise,19.871,20.126,30.364,27.126,3.238,-0.255,1.509,30.364,19.871,3.238,-0.255,0.523,0.0,1,0.0
7,27.1,542,cruise,19.859,20.134,30.351,27.134,3.217,-0.275,1.507,30.351,19.859,3.217,-0.275,0.52,0.0,1,0.0
7,27.15,543,cruise,19.855,20.14,30.338,27.14,3.197,-0.286,1.506,30.338,19.855,3.197,-0.286,0.517,0.0,1,0.0
7,27.2,544,cruise,19.859,20.153,30.324,27.153,3.171,-0.295,1.505,30.324,19.859,3.171,-0.295,0.513,0.0,1,0.0
7,27.25,545,cruise,19.868,20.163,30.31,27.163,3.147,-0.295,1.503,30.31,19.868,3.147,-0.295,0.51,0.0,1,0.0
7,27.3,546,cruise,19.878,20.176,30.295,27.176,3.119,-0.298,1.502,30.295,19.878,3.119,-0.298,0.506,0.0,1,0.0
7,27.35,547,cruise,19.884,20.186,30.281,27.186,3.094,-0.302,1.5,29.286,19.878,2.1,-0.308,0.37,0.0,0,0.05
7,27.4,548,cruise,19.883,20.19,30.265,27.19,3.075,-0.307,1.499,30.265,19.883,3.075,-0.307,0.5,0.0,1,0.0
7,27.45,549,cruise,19.877,20.184,30.25,27.184,3.067,-0.307,1.499,30.25,19.877,3.067,-0.307,0.499,0.0,1,0.0
7,27.5,550,cruise,19.868,20.183,30.235,27.183,3.052,-0.315,1.498,30.235,19.868,3.052,-0.315,0.496,0.0,1,0.0
7,27.55,551,cruise,19.863,20.184,30.219,27.184,3.035,-0.322,1.497,29.226,19.868,2.042,-0.316,0.362,0.0,0,0.05
7,27.6,552,cruise,19.862,20.18,30.203,27.18,3.023,-0.319,1.497,28.217,19.868,1.037,-0.312,0.228,0.0,0,0.1
7,27.65,553,cruise,19.866,20.155,30.188,27.155,3.034,-0.289,1.498,30.188,19.866,3.034,-0.289,0.495,0.0,1,0.0
7,27.7,554,cruise,19.872,20.114,30.175,27.114,3.061,-0.242,1.5,30.175,19.872,3.061,-0.242,0.5,0.0,1,0.0
7,27.75,555,cruise,19.877,20.087,30.164,27.087,3.077,-0.21,1.502,29.171,19.872,2.084,-0.215,0.371,0.0,0,0.05
7,27.8,556,cruise,19.879,20.066,30.155,27.066,3.089,-0.186,1.503,30.155,19.879,3.089,-0.186,0.506,0.0,1,0.0
7,27.85,557,cruise,19.877,20.044,30.146,27.044,3.102,-0.167,1.504,29.152,19.879,2.108,-0.165,0.376,0.0,0,0.05
7,27.9,558,cruise,19.873,20.027,30.138,27.027,3.111,-0.154,1.505,30.138,19.873,3.111,-0.154,0.51,0.0,1,0.0
7,27.95,559,cruise,19.868,20.009,30.131,27.009,3.122,-0.141,1.506,30.131,19.868,3.122,-0.141,0.512,0.0,1,0.0
7,28.0,560,cruise,19.866,20.002,30.124,27.002,3.122,-0.136,1.506,29.131,19.868,2.129,-0.134,0.379,0.0,0,0.05
7,28.05,561,cruise,19.866,19.994,30.117,26.994,3.123,-0.128,1.506,30.117,19.866,3.123,-0.128,0.512,0.0,1,0.0
7,28.1,562,cruise,19.869,19.983,30.111,26.983,3.128,-0.114,1.507,30.111,19.869,3.128,-0.114,0.513,0.0,1,0.0
7,28.15,563,cruise,19.873,19.981,30.106,26.981,3.125,-0.108,1.507,30.106,19.873,3.125,-0.108,0.513,0.0,1,0.0
7,28.2,564,cruise,19.876,19.984,30.1,26.984,3.116,-0.109,1.506,29.107,19.873,2.122,-0.111,0.379,0.0,0,0.05
7,28.25,565,cruise,19.876,19.984,30.095,26.984,3.111,-0.108,1.506,28.107,19.873,1.124,-0.111,0.246,0.0,0,0.1
7,28.3,566,cruise,19.874,19.963,30.09,26.963,3.127,-0.089,1.507,27.109,19.873,0.145,-0.09,0.116,0.0,0,0.15
7,28.35,567,cruise,19.871,19.914,30.087,26.914,3.173,-0.043,1.511,30.087,19.871,3.173,-0.043,0.522,0.0,1,0.0
7,28.4,568,cruise,19.869,19.844,30.087,26.844,3.242,0.024,1.516,29.093,19.871,2.249,0.027,0.401,0.0,0,0.05
7,28.45,569,cruise,19.868,19.787,30.09,26.787,3.302,0.081,1.521,30.09,19.868,3.302,0.081,0.543,0.0,1,0.0
7,28.5,570,cruise,19.869,19.748,30.095,26.748,3.347,0.121,1.524,30.095,19.869,3.347,0.121,0.55,0.0,1,0.0
7,28.55,571,cruise,19.871,19.732,30.102,26.732,3.37,0.139,1.526,30.102,19.871,3.37,0.139,0.554,0.0,1,0.0
7,28.6,572,cruise,19.873,19.732,30.109,26.732,3.377,0.141,1.526,30.109,19.873,3.377,0.141,0.555,0.0,1,0.0
7,28.65,573,cruise,19.874,19.743,30.116,26.743,3.373,0.132,1.525,30.116,19.874,3.373,0.132,0.554,0.0,1,0.0
7,28.7,574,cruise,19.874,19.76,30.122,26.76,3.361,0.113,1.524,30.122,19.874,3.361,0.113,0.552,0.0,1,0.0
7,28.75,575,cruise,19.872,19.782,30.127,26.782,3.344,0.09,1.523,30.127,19.872,3.344,0.09,0.549,0.0,1,0.0
7,28.8,576,cruise,19.871,19.807,30.13,26.807,3.323,0.064,1.521,30.13,19.871,3.323,0.064,0.545,0.0,1,0.0
7,28.85,577,cruise,19.87,19.832,30.133,26.832,3.3,0.037,1.519,30.133,19.87,3.3,0.037,0.541,0.0,1,0.0
7,28.9,578,cruise,19.869,19.858,30.134,26.858,3.276,0.011,1.517,30.134,19.869,3.276,0.011,0.537,0.0,1,0.0
7,28.95,579,cruise,19.87,19.884,30.134,26.884,3.25,-0.013,1.516,29.14,19.869,2.257,-0.014,0.4,0.0,0,0.05
7,29.0,580,cruise,19.872,19.9,30.132,26.9,3.232,-0.029,1.514,30.132,19.872,3.232,-0.029,0.53,0.0,1,0.0
7,29.05,581,cruise,19.873,19.908,30.131,26.908,3.223,-0.035,1.514,30.131,19.873,3.223,-0.035,0.529,0.0,1,0.0
7,29.1,582,cruise,19.873,19.919,30.129,26.919,3.209,-0.046,1.513,30.129,19.873,3.209,-0.046,0.526,0.0,1,0.0
7,29.15,583,cruise,19.873,19.934,30.126,26.934,3.192,-0.062,1.511,30.126,19.873,3.192,-0.062,0.524,0.0,1,0.0
7,29.2,584,cruise,19.872,19.95,30.122,26.95,3.172,-0.079,1.51,30.122,19.872,3.172,-0.079,0.52,0.0,1,0.0
7,29.25,585,cruise,19.871,19.967,30.118,26.967,3.151,-0.096,1.508,30.118,19.871,3.151,-0.096,0.517,0.0,1,0.0
7,29.3,586,cruise,19.87,19.983,30.113,26.983,3.129,-0.113,1.507,30.113,19.87,3.129,-0.113,0.513,0.0,1,0.0
7,29.35,587,cruise,19.87,19.999,30.106,26.999,3.107,-0.129,1.505,30.106,19.87,3.107,-0.129,0.51,0.0,1,0.0
7,29.4,588,cruise,19.871,20.014,30.1,27.014,3.085,-0.143,1.504,30.1,19.871,3.085,-0.143,0.507,0.0,1,0.0
7,29.45,589,cruise,19.872,20.028,30.092,27.028,3.064,-0.157,1.502,30.092,19.872,3.064,-0.157,0.503,0.0,1,0.0
7,29.5,590,cruise,19.872,20.041,30.084,27.041,3.042,-0.169,1.501,29.09,19.872,2.049,-0.17,0.368,0.0,0,0.05
7,29.55,591,cruise,19.872,20.046,30.075,27.046,3.03,-0.173,1.5,30.075,19.872,3.03,-0.173,0.498,0.0,1,0.0
7,29.6,592,cruise,19.872,20.04,30.067,27.04,3.026,-0.168,1.5,29.073,19.872,2.033,-0.168,0.365,0.0,0,0.05
7,29.65,593,cruise,19.871,20.032,30.059,27.032,3.027,-0.161,1.501,30.059,19.871,3.027,-0.161,0.498,0.0,1,0.0
7,29.7,594,cruise,19.871,20.019,30.051,27.019,3.032,-0.148,1.501,29.058,19.871,2.039,-0.148,0.367,0.0,0,0.05
7,29.75,595,cruise,19.871,20.005,30.044,27.005,3.039,-0.134,1.502,30.044,19.871,3.039,-0.134,0.501,0.0,1,0.0
7,29.8,596,cruise,19.871,19.989,30.037,26.989,3.048,-0.118,1.503,30.037,19.871,3.048,-0.118,0.503,0.0,1,0.0
7,29.85,597,cruise,19.871,19.982,30.032,26.982,3.05,-0.11,1.503,29.038,19.871,2.057,-0.11,0.371,0.0,0,0.05
7,29.9,598,cruise,19.871,19.973,30.027,26.973,3.054,-0.101,1.503,30.027,19.871,3.054,-0.101,0.504,0.0,1,0.0
7,29.95,599,cruise,19.872,19.96,30.022,26.96,3.062,-0.088,1.504,30.022,19.872,3.062,-0.088,0.505,0.0,1,0.0
7,30.0,600,cruise,19.872,19.955,30.018,26.955,3.062,-0.084,1.504,30.018,19.872,3.062,-0.084,0.506,0.0,1,0.0
7,30.05,601,cruise,19.872,19.956,30.014,26.956,3.057,-0.085,1.504,29.02,19.872,2.064,-0.085,0.372,0.0,0,0.05
7,30.1,602,cruise,19.872,19.953,30.009,26.953,3.056,-0.082,1.504,30.009,19.872,3.056,-0.082,0.505,0.0,1,0.0
7,30.15,603,cruise,19.871,19.944,30.006,26.944,3.061,-0.073,1.504,30.006,19.871,3.061,-0.073,0.506,0.0,1,0.0
7,30.2,604,cruise,19.871,19.943,30.002,26.943,3.06,-0.071,1.504,30.002,19.871,3.06,-0.071,0.506,0.0,1,0.0
7,30.25,605,cruise,19.871,19.945,29.998,26.945,3.053,-0.074,1.504,29.998,19.871,3.053,-0.074,0.505,0.0,1,0.0
7,30.3,606,cruise,19.871,19.951,29.995,26.951,3.043,-0.08,1.503,29.995,19.871,3.043,-0.08,0.503,0.0,1,0.0
7,30.35,607,cruise,19.872,19.959,29.99,26.959,3.032,-0.087,1.503,29.99,19.872,3.032,-0.087,0.501,0.0,1,0.0
7,30.4,608,cruise,19.872,19.967,29.986,26.967,3.019,-0.095,1.502,29.986,19.872,3.019,-0.095,0.499,0.0,1,0.0
7,30.45,609,cruise,19.872,19.976,29.981,26.976,3.005,-0.104,1.501,29.981,19.872,3.005,-0.104,0.497,0.0,1,0.0
7,30.5,610,cruise,19.872,19.985,29.975,26.985,2.991,-0.113,1.5,29.975,19.872,2.991,-0.113,0.495,0.0,1,0.0
7,30.55,611,cruise,19.871,19.993,29.969,26.993,2.976,-0.121,1.499,28.976,19.872,1.983,-0.121,0.36,0.0,0,0.05
7,30.6,612,cruise,19.871,19.993,29.963,26.993,2.97,-0.122,1.499,29.963,19.871,2.97,-0.122,0.492,0.0,1,0.0
7,30.65,613,cruise,19.871,19.984,29.957,26.984,2.973,-0.113,1.499,29.957,19.871,2.973,-0.113,0.493,0.0,1,0.0
7,30.7,614,cruise,19.871,19.981,29.952,26.981,2.971,-0.11,1.499,29.952,19.871,2.971,-0.11,0.492,0.0,1,0.0
7,30.75,615,cruise,19.871,19.981,29.946,26.981,2.965,-0.11,1.499,29.946,19.871,2.965,-0.11,0.492,0.0,1,0.0
7,30.8,616,cruise,19.872,19.983,29.941,26.983,2.958,-0.112,1.498,29.941,19.872,2.958,-0.112,0.491,0.0,1,0.0
7,30.85,617,cruise,19.872,19.987,29.935,26.987,2.948,-0.115,1.498,29.935,19.872,2.948,-0.115,0.489,0.0,1,0.0
7,30.9,618,cruise,19.872,19.991,29.929,26.991,2.938,-0.119,1.497,28.936,19.872,1.945,-0.119,0.355,0.0,0,0.05
7,30.95,619,cruise,19.871,19.988,29.923,26.988,2.935,-0.116,1.497,29.923,19.871,2.935,-0.116,0.488,0.0,1,0.0
7,31.0,620,cruise,19.871,19.976,29.918,26.976,2.941,-0.105,1.498,29.918,19.871,2.941,-0.105,0.489,0.0,1,0.0
7,31.05,621,cruise,19.871,19.971,29.913,26.971,2.942,-0.099,1.498,29.913,19.871,2.942,-0.099,0.489,0.0,1,0.0
7,31.1,622,cruise,19.871,19.969,29.908,26.969,2.939,-0.097,1.498,29.908,19.871,2.939,-0.097,0.489,0.0,1,0.0
7,31.15,623,cruise,19.871,19.969,29.903,26.969,2.934,-0.097,1.497,28.909,19.871,1.94,-0.097,0.355,0.0,0,0.05
7,31.2,624,cruise,19.871,19.964,29.898,26.964,2.934,-0.092,1.498,29.898,19.871,2.934,-0.092,0.488,0.0,1,0.0
7,31.25,625,cruise,19.872,19.951,29.894,26.951,2.943,-0.079,1.498,29.894,19.872,2.943,-0.079,0.49,0.0,1,0.0
7,31.3,626,cruise,19.872,19.945,29.891,26.945,2.946,-0.073,1.499,29.891,19.872,2.946,-0.073,0.49,0.0,1,0.0
7,31.35,627,cruise,19.871,19.942,29.887,26.942,2.945,-0.07,1.499,29.887,19.871,2.945,-0.07,0.49,0.0,1,0.0
7,31.4,628,cruise,19.871,19.942,29.883,26.942,2.941,-0.071,1.498,29.883,19.871,2.941,-0.071,0.49,0.0,1,0.0
7,31.45,629,cruise,19.871,19.945,29.88,26.945,2.935,-0.073,1.498,29.88,19.871,2.935,-0.073,0.489,0.0,1,0.0
7,31.5,630,cruise,19.871,19.948,29.876,26.948,2.928,-0.077,1.498,29.876,19.871,2.928,-0.077,0.488,0.0,1,0.0
7,31.55,631,cruise,19.871,19.952,29.872,26.952,2.92,-0.081,1.497,29.872,19.871,2.92,-0.081,0.487,0.0,1,0.0
7,31.6,632,cruise,19.871,19.956,29.868,26.956,2.911,-0.085,1.497,29.868,19.871,2.911,-0.085,0.485,0.0,1,0.0
7,31.65,633,cruise,19.871,19.96,29.863,26.96,2.903,-0.089,1.496,29.863,19.871,2.903,-0.089,0.484,0.0,1,0.0
7,31.7,634,cruise,19.871,19.964,29.859,26.964,2.894,-0.093,1.496,29.859,19.871,2.894,-0.093,0.483,0.0,1,0.0
7,31.75,635,cruise,19.871,19.968,29.854,26.968,2.886,-0.097,1.495,29.854,19.871,2.886,-0.097,0.482,0.0,1,0.0
7,31.8,636,cruise,19.871,19.971,29.849,26.971,2.878,-0.1,1.495,28.855,19.871,1.884,-0.1,0.348,0.0,0,0.05
7,31.85,637,cruise,19.871,19.966,29.844,26.966,2.878,-0.095,1.495,29.844,19.871,2.878,-0.095,0.481,0.0,1,0.0
7,31.9,638,cruise,19.871,19.953,29.84,26.953,2.887,-0.082,1.495,29.84,19.871,2.887,-0.082,0.482,0.0,1,0.0
7,31.95,639,cruise,19.871,19.945,29.836,26.945,2.891,-0.074,1.496,29.836,19.871,2.891,-0.074,0.483,0.0,1,0.0
7,32.0,640,cruise,19.871,19.941,29.832,26.941,2.891,-0.07,1.496,29.832,19.871,2.891,-0.07,0.483,0.0,1,0.0
7,32.05,641,cruise,19.871,19.94,29.829,26.94,2.889,-0.068,1.496,28.835,19.871,1.896,-0.068,0.351,0.0,0,0.05
7,32.1,642,cruise,19.871,19.932,29.826,26.932,2.894,-0.06,1.496,27.839,19.871,0.907,-0.061,0.219,0.0,0,0.1
7,32.15,643,cruise,19.871,19.903,29.823,26.903,2.92,-0.032,1.498,26.843,19.871,-0.061,-0.032,0.091,0.0,0,0.15
7,32.2,644,cruise,19.871,19.846,29.824,26.846,2.978,0.026,1.503,29.824,19.871,2.978,0.026,0.498,0.0,1,0.0
7,32.25,645,cruise,19.871,19.768,29.827,26.768,3.059,0.103,1.509,28.834,19.871,2.065,0.103,0.379,0.0,0,0.05
7,32.3,646,cruise,19.871,19.703,29.834,26.703,3.131,0.168,1.514,29.834,19.871,3.131,0.168,0.523,0.0,1,0.0
7,32.35,647,cruise,19.871,19.656,29.844,26.656,3.188,0.215,1.518,29.844,19.871,3.188,0.215,0.532,0.0,1,0.0
7,32.4,648,cruise,19.871,19.633,29.856,26.633,3.223,0.238,1.521,29.856,19.871,3.223,0.238,0.538,0.0,1,0.0
7,32.45,649,cruise,19.871,19.626,29.868,26.626,3.242,0.245,1.522,28.874,19.871,2.248,0.245,0.408,0.0,0,0.05
7,32.5,650,cruise,19.871,19.623,29.88,26.623,3.257,0.249,1.523,29.88,19.871,3.257,0.249,0.543,0.0,1,0.0
7,32.55,651,cruise,19.871,19.619,29.893,26.619,3.274,0.252,1.524,29.893,19.871,3.274,0.252,0.545,0.0,1,0.0
7,32.6,652,cruise,19.872,19.626,29.905,26.626,3.28,0.246,1.524,29.905,19.872,3.28,0.246,0.546,0.0,1,0.0
7,32.65,653,cruise,19.872,19.64,29.917,26.64,3.278,0.232,1.523,29.917,19.872,3.278,0.232,0.545,0.0,1,0.0
7,32.7,654,cruise,19.872,19.658,29.928,26.658,3.27,0.214,1.522,28.935,19.872,2.277,0.214,0.411,0.0,0,0.05
7,32.75,655,cruise,19.871,19.672,29.938,26.672,3.266,0.199,1.522,29.938,19.871,3.266,0.199,0.542,0.0,1,0.0
7,32.8,656,cruise,19.871,19.679,29.948,26.679,3.269,0.192,1.522,29.948,19.871,3.269,0.192,0.542,0.0,1,0.0
7,32.85,657,cruise,19.871,19.693,29.957,26.693,3.264,0.178,1.521,28.964,19.871,2.271,0.178,0.409,0.0,0,0.05
7,32.9,658,cruise,19.871,19.703,29.966,26.703,3.263,0.168,1.521,29.966,19.871,3.263,0.168,0.541,0.0,1,0.0
7,32.95,659,cruise,19.872,19.708,29.974,26.708,3.266,0.164,1.521,29.974,19.872,3.266,0.164,0.541,0.0,1,0.0
7,33.0,660,cruise,19.872,19.72,29.982,26.72,3.263,0.152,1.52,29.982,19.872,3.263,0.152,0.54,0.0,1,0.0
7,33.05,661,cruise,19.872,19.736,29.989,26.736,3.253,0.136,1.52,29.989,19.872,3.253,0.136,0.538,0.0,1,0.0
7,33.1,662,cruise,19.872,19.755,29.995,26.755,3.24,0.116,1.518,29.995,19.872,3.24,0.116,0.536,0.0,1,0.0
7,33.15,663,cruise,19.871,19.777,30.001,26.777,3.224,0.095,1.517,30.001,19.871,3.224,0.095,0.533,0.0,1,0.0
7,33.2,664,cruise,19.871,19.798,30.005,26.798,3.206,0.073,1.516,30.005,19.871,3.206,0.073,0.53,0.0,1,0.0
7,33.25,665,cruise,19.871,19.82,30.008,26.82,3.188,0.051,1.514,30.008,19.871,3.188,0.051,0.527,0.0,1,0.0
7,33.3,666,cruise,19.871,19.841,30.01,26.841,3.169,0.03,1.513,30.01,19.871,3.169,0.03,0.523,0.0,1,0.0
7,33.35,667,cruise,19.871,19.862,30.01,26.862,3.149,0.01,1.511,29.017,19.871,2.155,0.01,0.388,0.0,0,0.05
7,33.4,668,cruise,19.872,19.873,30.011,26.873,3.137,-0.002,1.51,30.011,19.872,3.137,-0.002,0.518,0.0,1,0.0
7,33.45,669,cruise,19.872,19.876,30.01,26.876,3.134,-0.004,1.51,30.01,19.872,3.134,-0.004,0.518,0.0,1,0.0
7,33.5,670,cruise,19.872,19.883,30.01,26.883,3.127,-0.012,1.509,29.016,19.872,2.133,-0.012,0.384,0.0,0,0.05
7,33.55,671,cruise,19.872,19.886,30.009,26.886,3.123,-0.014,1.509,30.009,19.872,3.123,-0.014,0.516,0.0,1,0.0
7,33.6,672,cruise,19.871,19.882,30.009,26.882,3.126,-0.011,1.509,29.015,19.872,2.133,-0.011,0.384,0.0,0,0.05
7,33.65,673,cruise,19.871,19.878,30.008,26.878,3.131,-0.006,1.51,28.021,19.872,1.144,-0.006,0.252,0.0,0,0.1
7,33.7,674,cruise,19.871,19.855,30.009,26.855,3.153,0.016,1.511,30.009,19.871,3.153,0.016,0.521,0.0,1,0.0
7,33.75,675,cruise,19.871,19.82,30.01,26.82,3.19,0.051,1.514,30.01,19.871,3.19,0.051,0.527,0.0,1,0.0
7,33.8,676,cruise,19.871,19.801,30.014,26.801,3.213,0.071,1.516,30.014,19.871,3.213,0.071,0.531,0.0,1,0.0
7,33.85,677,cruise,19.872,19.796,30.017,26.796,3.222,0.076,1.516,30.017,19.872,3.222,0.076,0.532,0.0,1,0.0
7,33.9,678,cruise,19.872,19.8,30.021,26.8,3.221,0.071,1.516,30.021,19.872,3.221,0.071,0.532,0.0,1,0.0
7,33.95,679,cruise,19.872,19.811,30.024,26.811,3.214,0.061,1.516,30.024,19.872,3.214,0.061,0.531,0.0,1,0.0
7,34.0,680,cruise,19.871,19.825,30.027,26.825,3.202,0.046,1.515,29.033,19.872,2.208,0.047,0.396,0.0,0,0.05
7,34.05,681,cruise,19.871,19.834,30.029,26.834,3.195,0.037,1.514,30.029,19.871,3.195,0.037,0.527,0.0,1,0.0
7,34.1,682,cruise,19.87,19.836,30.031,26.836,3.195,0.035,1.514,30.031,19.87,3.195,0.035,0.527,0.0,1,0.0
7,34.15,683,cruise,19.87,19.844,30.033,26.844,3.189,0.026,1.513,30.033,19.87,3.189,0.026,0.526,0.0,1,0.0
7,34.2,684,cruise,19.871,19.857,30.034,26.857,3.177,0.014,1.513,30.034,19.871,3.177,0.014,0.524,0.0,1,0.0
7,34.25,685,cruise,19.871,19.871,30.034,26.871,3.163,-0.0,1.511,30.034,19.871,3.163,-0.0,0.522,0.0,1,0.0
7,34.3,686,cruise,19.871,19.887,30.034,26.887,3.147,-0.015,1.51,30.034,19.871,3.147,-0.015,0.519,0.0,1,0.0
7,34.35,687,cruise,19.872,19.903,30.032,26.903,3.129,-0.031,1.509,29.039,19.871,2.136,-0.032,0.384,0.0,0,0.05
7,34.4,688,cruise,19.871,19.912,30.03,26.912,3.119,-0.04,1.508,30.03,19.871,3.119,-0.04,0.515,0.0,1,0.0
7,34.45,689,cruise,19.871,19.912,30.028,26.912,3.117,-0.041,1.508,29.035,19.871,2.123,-0.04,0.382,0.0,0,0.05
7,34.5,690,cruise,19.871,19.909,30.026,26.909,3.117,-0.038,1.508,30.026,19.871,3.117,-0.038,0.514,0.0,1,0.0
7,34.55,691,cruise,19.87,19.902,30.025,26.902,3.123,-0.031,1.509,30.025,19.87,3.123,-0.031,0.515,0.0,1,0.0
7,34.6,692,cruise,19.871,19.902,30.023,26.902,3.121,-0.031,1.509,30.023,19.871,3.121,-0.031,0.515,0.0,1,0.0
7,34.65,693,cruise,19.871,19.907,30.022,26.907,3.114,-0.037,1.508,29.028,19.871,2.121,-0.037,0.382,0.0,0,0.05
7,34.7,694,cruise,19.871,19.909,30.02,26.909,3.111,-0.038,1.508,28.033,19.871,1.124,-0.038,0.249,0.0,0,0.1
7,34.75,695,cruise,19.871,19.89,30.018,26.89,3.129,-0.018,1.509,27.038,19.871,0.148,-0.019,0.119,0.0,0,0.15
7,34.8,696,cruise,19.871,19.841,30.019,26.841,3.177,0.03,1.513,26.044,19.871,-0.797,0.029,0.0,0.004,0,0.2
7,34.85,697,cruise,19.871,19.759,30.022,26.759,3.264,0.112,1.519,30.022,19.871,3.264,0.112,0.539,0.0,1,0.0
7,34.9,698,cruise,19.871,19.656,30.031,26.656,3.375,0.215,1.528,29.038,19.871,2.381,0.215,0.425,0.0,0,0.05
7,34.95,699,cruise,19.847,19.571,30.044,26.571,3.473,0.276,1.535,30.044,19.847,3.473,0.276,0.572,0.0,1,0.0
7,35.0,700,cruise,19.785,19.517,30.057,26.517,3.54,0.268,1.54,30.057,19.785,3.54,0.268,0.581,0.0,1,0.0
7,35.05,701,cruise,19.727,19.495,30.068,26.495,3.573,0.232,1.542,30.068,19.727,3.573,0.232,0.584,0.0,1,0.0
7,35.1,702,cruise,19.756,19.496,30.079,26.496,3.583,0.26,1.543,30.079,19.756,3.583,0.26,0.586,0.0,1,0.0
7,35.15,703,cruise,19.825,19.512,30.091,26.512,3.58,0.314,1.542,30.091,19.825,3.58,0.314,0.588,0.0,1,0.0
7,35.2,704,cruise,19.9,19.537,30.106,26.537,3.569,0.363,1.541,29.115,19.825,2.578,0.289,0.453,0.0,0,0.05
7,35.25,705,cruise,19.954,19.561,30.121,26.561,3.56,0.393,1.54,30.121,19.954,3.56,0.393,0.588,0.0,1,0.0
7,35.3,706,cruise,19.962,19.581,30.136,26.581,3.555,0.382,1.539,30.136,19.962,3.555,0.382,0.587,0.0,1,0.0
7,35.35,707,cruise,19.924,19.608,30.148,26.608,3.539,0.316,1.537,30.148,19.924,3.539,0.316,0.582,0.0,1,0.0
7,35.4,708,cruise,19.863,19.641,30.154,26.641,3.513,0.222,1.535,30.154,19.863,3.513,0.222,0.576,0.0,1,0.0
7,35.45,709,cruise,19.806,19.677,30.155,26.677,3.479,0.129,1.533,29.171,19.863,2.495,0.187,0.439,0.0,0,0.05
7,35.5,710,cruise,19.777,19.706,30.153,26.706,3.447,0.072,1.53,28.187,19.863,1.481,0.158,0.303,0.0,0,0.1
7,35.55,711,cruise,19.789,19.711,30.15,26.711,3.438,0.078,1.53,27.202,19.863,0.49,0.152,0.17,0.0,0,0.15
7,35.6,712,cruise,19.815,19.685,30.149,26.685,3.464,0.13,1.532,30.149,19.815,3.464,0.13,0.566,0.0,1,0.0
7,35.65,713,cruise,19.875,19.637,30.154,26.637,3.517,0.238,1.536,29.167,19.815,2.53,0.178,0.443,0.0,0,0.05
7,35.7,714,cruise,19.903,19.6,30.165,26.6,3.565,0.303,1.539,30.165,19.903,3.565,0.303,0.585,0.0,1,0.0
7,35.75,715,cruise,19.928,19.579,30.181,26.579,3.602,0.349,1.541,30.181,19.928,3.602,0.349,0.592,0.0,1,0.0
7,35.8,716,cruise,19.91,19.58,30.197,26.58,3.617,0.33,1.542,30.197,19.91,3.617,0.33,0.593,0.0,1,0.0
7,35.85,717,cruise,19.88,19.597,30.213,26.597,3.616,0.283,1.542,29.22,19.91,2.623,0.313,0.46,0.0,0,0.05
7,35.9,718,cruise,19.835,19.616,30.226,26.616,3.611,0.219,1.541,28.242,19.91,1.627,0.295,0.327,0.0,0,0.1
7,35.95,719,cruise,19.815,19.618,30.238,26.618,3.62,0.197,1.541,27.264,19.91,0.646,0.292,0.196,0.0,0,0.15
7,36.0,720,cruise,19.807,19.593,30.251,26.593,3.658,0.213,1.544,30.251,19.807,3.658,0.213,0.595,0.0,1,0.0
7,36.05,721,cruise,19.839,19.55,30.268,26.55,3.718,0.289,1.548,29.276,19.807,2.727,0.257,0.472,0.0,0,0.05
7,36.1,722,cruise,19.871,19.519,30.288,26.519,3.769,0.353,1.552,30.288,19.871,3.769,0.353,0.614,0.0,1,0.0
7,36.15,723,cruise,19.907,19.506,30.311,26.506,3.805,0.401,1.554,29.316,19.871,2.811,0.366,0.487,0.0,0,0.05
7,36.2,724,cruise,19.913,19.508,30.335,26.508,3.827,0.405,1.555,28.345,19.871,1.837,0.363,0.357,0.0,0,0.1
7,36.25,725,cruise,19.901,19.504,30.359,26.504,3.856,0.397,1.557,27.374,19.871,0.871,0.368,0.228,0.0,0,0.15
7,36.3,726,cruise,19.868,19.479,30.383,26.479,3.905,0.389,1.56,30.383,19.868,3.905,0.389,0.634,0.0,1,0.0
7,36.35,727,cruise,19.84,19.439,30.407,26.439,3.968,0.401,1.564,29.415,19.868,2.976,0.429,0.511,0.0,0,0.05
7,36.4,728,cruise,19.823,19.416,30.432,26.416,4.016,0.407,1.567,30.432,19.823,4.016,0.407,0.649,0.0,1,0.0
7,36.45,729,cruise,19.831,19.413,30.456,26.413,4.044,0.419,1.569,30.456,19.831,4.044,0.419,0.653,0.0,1,0.0
7,36.5,730,cruise,19.853,19.414,30.48,26.414,4.066,0.439,1.57,30.48,19.853,4.066,0.439,0.657,0.0,1,0.0
7,36.55,731,cruise,19.881,19.384,30.505,26.384,4.121,0.497,1.574,30.505,19.881,4.121,0.497,0.666,0.0,1,0.0
7,36.6,732,cruise,19.897,19.345,30.531,26.345,4.186,0.553,1.578,30.531,19.897,4.186,0.553,0.677,0.0,1,0.0
7,36.65,733,cruise,19.897,19.379,30.555,26.379,4.176,0.518,1.577,30.555,19.897,4.176,0.518,0.674,0.0,1,0.0
7,36.7,734,cruise,19.88,19.446,30.576,26.446,4.13,0.434,1.572,29.584,19.897,3.138,0.451,0.533,0.0,0,0.05
7,36.75,735,cruise,19.859,19.506,30.592,26.506,4.086,0.353,1.568,28.609,19.897,2.103,0.391,0.393,0.0,0,0.1
7,36.8,736,cruise,19.842,19.54,30.605,26.54,4.065,0.302,1.566,30.605,19.842,4.065,0.302,0.652,0.0,1,0.0
7,36.85,737,cruise,19.839,19.556,30.617,26.556,4.062,0.283,1.566,29.628,19.842,3.072,0.287,0.519,0.0,0,0.05
7,36.9,738,cruise,19.848,19.576,30.629,26.576,4.053,0.272,1.565,30.629,19.848,4.053,0.272,0.649,0.0,1,0.0
7,36.95,739,cruise,19.865,19.6,30.641,26.6,4.041,0.265,1.563,30.641,19.865,4.041,0.265,0.648,0.0,1,0.0
7,37.0,740,cruise,19.88,19.638,30.654,26.638,4.016,0.243,1.561,30.654,19.88,4.016,0.243,0.644,0.0,1,0.0
7,37.05,741,cruise,19.886,19.684,30.666,26.684,3.982,0.202,1.558,30.666,19.886,3.982,0.202,0.638,0.0,1,0.0
7,37.1,742,cruise,19.881,19.735,30.677,26.735,3.942,0.146,1.554,30.677,19.881,3.942,0.146,0.63,0.0,1,0.0
7,37.15,743,cruise,19.869,19.77,30.686,26.77,3.915,0.098,1.552,30.686,19.869,3.915,0.098,0.625,0.0,1,0.0
7,37.2,744,cruise,19.856,19.825,30.692,26.825,3.867,0.031,1.548,30.692,19.856,3.867,0.031,0.617,0.0,1,0.0
7,37.25,745,cruise,19.849,19.852,30.696,26.852,3.844,-0.003,1.546,29.704,19.856,2.852,0.004,0.48,0.0,0,0.05
7,37.3,746,cruise,19.85,19.896,30.697,26.896,3.801,-0.046,1.543,30.697,19.85,3.801,-0.046,0.605,0.0,1,0.0
7,37.35,747,cruise,19.859,19.917,30.698,26.917,3.78,-0.059,1.541,29.706,19.85,2.788,-0.067,0.47,0.0,0,0.05
7,37.4,748,cruise,19.869,19.946,30.697,26.946,3.752,-0.077,1.539,30.697,19.869,3.752,-0.077,0.598,0.0,1,0.0
7,37.45,749,cruise,19.876,19.956,30.697,26.956,3.741,-0.079,1.538,30.697,19.876,3.741,-0.079,0.596,0.0,1,0.0
7,37.5,750,cruise,19.877,19.985,30.695,26.985,3.71,-0.108,1.536,29.701,19.876,2.716,-0.108,0.459,0.0,0,0.05
7,37.55,751,cruise,19.872,19.995,30.691,26.995,3.696,-0.123,1.535,30.691,19.872,3.696,-0.123,0.589,0.0,1,0.0
7,37.6,752,cruise,19.864,20.014,30.686,27.014,3.672,-0.15,1.533,30.686,19.864,3.672,-0.15,0.585,0.0,1,0.0
7,37.65,753,cruise,19.857,20.027,30.68,27.027,3.652,-0.17,1.532,30.68,19.857,3.652,-0.17,0.581,0.0,1,0.0
7,37.7,754,cruise,19.855,20.056,30.672,27.056,3.615,-0.202,1.529,29.679,19.857,2.623,-0.199,0.443,0.0,0,0.05
7,37.75,755,cruise,19.858,20.072,30.662,27.072,3.591,-0.214,1.528,30.662,19.858,3.591,-0.214,0.572,0.0,1,0.0
7,37.8,756,cruise,19.864,20.086,30.652,27.086,3.566,-0.222,1.526,30.652,19.864,3.566,-0.222,0.568,0.0,1,0.0
7,37.85,757,cruise,19.87,20.099,30.641,27.099,3.542,-0.229,1.525,30.641,19.87,3.542,-0.229,0.565,0.0,1,0.0
7,37.9,758,cruise,19.872,20.117,30.629,27.117,3.512,-0.245,1.523,29.636,19.87,2.518,-0.248,0.428,0.0,0,0.05
7,37.95,759,cruise,19.871,20.133,30.616,27.133,3.484,-0.261,1.521,30.616,19.871,3.484,-0.261,0.556,0.0,1,0.0
7,38.0,760,cruise,19.864,20.138,30.603,27.138,3.465,-0.274,1.52,30.603,19.864,3.465,-0.274,0.553,0.0,1,0.0
7,38.05,761,cruise,19.86,20.151,30.589,27.151,3.438,-0.291,1.518,30.589,19.86,3.438,-0.291,0.549,0.0,1,0.0
7,38.1,762,cruise,19.851,20.164,30.574,27.164,3.41,-0.313,1.516,30.574,19.851,3.41,-0.313,0.544,0.0,1,0.0
7,38.15,763,cruise,19.843,20.181,30.557,27.181,3.376,-0.338,1.514,30.557,19.843,3.376,-0.338,0.539,0.0,1,0.0
7,38.2,764,cruise,19.853,20.196,30.54,27.196,3.344,-0.343,1.512,30.54,19.853,3.344,-0.343,0.534,0.0,1,0.0
7,38.25,765,cruise,19.856,20.212,30.522,27.212,3.31,-0.356,1.51,30.522,19.856,3.31,-0.356,0.529,0.0,1,0.0
7,38.3,766,cruise,19.871,20.225,30.503,27.225,3.278,-0.355,1.508,30.503,19.871,3.278,-0.355,0.525,0.0,1,0.0
7,38.35,767,cruise,19.86,20.238,30.484,27.238,3.245,-0.378,1.506,30.484,19.86,3.245,-0.378,0.52,0.0,1,0.0
7,38.4,768,cruise,19.866,20.249,30.463,27.249,3.214,-0.383,1.504,30.463,19.866,3.214,-0.383,0.516,0.0,1,0.0
7,38.45,769,cruise,19.845,20.259,30.442,27.259,3.182,-0.415,1.503,30.442,19.845,3.182,-0.415,0.51,0.0,1,0.0
7,38.5,770,cruise,19.851,20.267,30.419,27.267,3.152,-0.416,1.501,29.429,19.845,2.162,-0.423,0.374,0.0,0,0.05
7,38.55,771,cruise,19.836,20.266,30.396,27.266,3.13,-0.43,1.5,28.416,19.845,1.15,-0.421,0.239,0.0,0,0.1
7,38.6,772,cruise,19.853,20.24,30.373,27.24,3.133,-0.387,1.501,27.403,19.845,0.163,-0.395,0.109,0.0,0,0.15
7,38.65,773,cruise,19.847,20.182,30.351,27.182,3.169,-0.335,1.504,26.393,19.845,-0.789,-0.337,0.0,0.012,0,0.2
7,38.7,774,cruise,19.821,20.087,30.331,27.087,3.244,-0.266,1.51,30.331,19.821,3.244,-0.266,0.524,0.0,1,0.0
7,38.75,775,cruise,19.845,19.973,30.315,26.973,3.343,-0.128,1.518,30.315,19.845,3.343,-0.128,0.541,0.0,1,0.0
7,38.8,776,cruise,19.856,19.878,30.305,26.878,3.427,-0.022,1.525,30.305,19.856,3.427,-0.022,0.556,0.0,1,0.0
7,38.85,777,cruise,19.882,19.821,30.299,26.821,3.478,0.061,1.529,30.299,19.882,3.478,0.061,0.566,0.0,1,0.0
7,38.9,778,cruise,19.869,19.792,30.294,26.792,3.501,0.077,1.531,29.31,19.882,2.518,0.09,0.439,0.0,0,0.05
7,38.95,779,cruise,19.873,19.775,30.289,26.775,3.513,0.098,1.532,28.322,19.882,1.546,0.107,0.31,0.0,0,0.1
7,39.0,780,cruise,19.842,19.749,30.282,26.749,3.533,0.092,1.533,30.282,19.842,3.533,0.092,0.574,0.0,1,0.0
7,39.05,781,cruise,19.841,19.716,30.277,26.716,3.56,0.125,1.536,30.277,19.841,3.56,0.125,0.579,0.0,1,0.0
7,39.1,782,cruise,19.821,19.702,30.271,26.702,3.568,0.118,1.536,30.271,19.821,3.568,0.118,0.58,0.0,1,0.0
7,39.15,783,cruise,19.768,19.704,30.261,26.704,3.556,0.064,1.536,30.261,19.768,3.556,0.064,0.576,0.0,1,0.0
7,39.2,784,cruise,19.795,19.716,30.249,26.716,3.532,0.079,1.534,30.249,19.795,3.532,0.079,0.574,0.0,1,0.0
7,39.25,785,cruise,19.827,19.734,30.236,26.734,3.502,0.093,1.532,30.236,19.827,3.502,0.093,0.57,0.0,1,0.0
7,39.3,786,cruise,19.892,19.756,30.225,26.756,3.469,0.136,1.53,30.225,19.892,3.469,0.136,0.567,0.0,1,0.0
7,39.35,787,cruise,19.912,19.78,30.215,26.78,3.435,0.132,1.528,30.215,19.912,3.435,0.132,0.562,0.0,1,0.0
7,39.4,788,cruise,19.924,19.804,30.205,26.804,3.401,0.12,1.525,30.205,19.924,3.401,0.12,0.557,0.0,1,0.0
7,39.45,789,cruise,19.874,19.827,30.192,26.827,3.365,0.047,1.523,30.192,19.874,3.365,0.047,0.55,0.0,1,0.0
7,39.5,790,cruise,19.776,19.847,30.173,26.847,3.326,-0.071,1.52,29.211,19.874,2.364,0.027,0.416,0.0,0,0.05
7,39.55,791,cruise,19.748,19.861,30.15,26.861,3.289,-0.113,1.518,30.15,19.748,3.289,-0.113,0.535,0.0,1,0.0
7,39.6,792,cruise,19.733,19.859,30.126,26.859,3.268,-0.126,1.517,30.126,19.733,3.268,-0.126,0.531,0.0,1,0.0
7,39.65,793,cruise,19.776,19.866,30.105,26.866,3.239,-0.09,1.515,29.149,19.733,2.284,-0.133,0.4,0.0,0,0.05
7,39.7,794,cruise,19.798,19.855,30.085,26.855,3.23,-0.057,1.515,30.085,19.798,3.23,-0.057,0.529,0.0,1,0.0
7,39.75,795,cruise,19.871,19.849,30.07,26.849,3.221,0.022,1.515,30.07,19.871,3.221,0.022,0.53,0.0,1,0.0
7,39.8,796,decelerate,19.904,19.833,30.059,26.833,3.226,0.07,1.516,30.059,19.904,3.226,0.07,0.533,0.0,1,0.0
7,39.85,797,decelerate,19.938,19.838,30.053,26.838,3.215,0.101,1.515,30.053,19.938,3.215,0.101,0.532,0.0,1,0.0
7,39.9,798,decelerate,19.869,19.824,30.046,26.824,3.222,0.045,1.516,30.046,19.869,3.222,0.045,0.531,0.0,1,0.0
7,39.95,799,decelerate,19.671,19.833,30.032,26.833,3.199,-0.162,1.514,29.082,19.869,2.248,0.035,0.401,0.0,0,0.05
7,40.0,800,decelerate,19.488,19.811,30.01,26.811,3.198,-0.323,1.515,30.01,19.488,3.198,-0.323,0.516,0.0,1,0.0
7,40.05,801,decelerate,19.261,19.771,29.978,26.771,3.207,-0.509,1.516,29.978,19.261,3.207,-0.509,0.511,0.0,1,0.0
7,40.1,802,decelerate,19.052,19.767,29.938,26.767,3.171,-0.715,1.515,29.019,19.261,2.252,-0.505,0.383,0.0,0,0.05
7,40.15,803,decelerate,18.83,19.742,29.892,26.742,3.15,-0.912,1.514,29.892,18.83,3.15,-0.912,0.49,0.0,1,0.0
7,40.2,804,decelerate,18.615,19.727,29.84,26.727,3.113,-1.112,1.513,29.84,18.615,3.113,-1.112,0.478,0.0,1,0.0
7,40.25,805,decelerate,18.427,19.689,29.781,26.689,3.091,-1.262,1.513,29.781,18.427,3.091,-1.262,0.47,0.0,1,0.0
7,40.3,806,decelerate,18.22,19.678,29.714,26.678,3.036,-1.459,1.51,28.831,18.427,2.153,-1.251,0.345,0.0,0,0.05
7,40.35,807,decelerate,18.06,19.63,29.64,26.63,3.011,-1.57,1.51,29.64,18.06,3.011,-1.57,0.449,0.0,1,0.0
7,40.4,808,decelerate,17.876,19.602,29.561,26.602,2.96,-1.726,1.508,29.561,17.876,2.96,-1.726,0.437,0.0,1,0.0
7,40.45,809,decelerate,17.73,19.545,29.476,26.545,2.931,-1.816,1.508,29.476,17.73,2.931,-1.816,0.43,0.0,1,0.0
7,40.5,810,decelerate,17.551,19.519,29.386,26.519,2.867,-1.968,1.506,29.386,17.551,2.867,-1.968,0.417,0.0,1,0.0
7,40.55,811,decelerate,17.401,19.464,29.29,26.464,2.827,-2.062,1.505,29.29,17.401,2.827,-2.062,0.408,0.0,1,0.0
7,40.6,812,decelerate,17.209,19.366,29.188,26.366,2.822,-2.157,1.507,29.188,17.209,2.822,-2.157,0.404,0.0,1,0.0
7,40.65,813,decelerate,17.052,19.324,29.079,26.324,2.754,-2.273,1.505,29.079,17.052,2.754,-2.273,0.391,0.0,1,0.0
7,40.7,814,decelerate,16.885,19.266,28.967,26.266,2.701,-2.38,1.504,28.967,16.885,2.701,-2.38,0.381,0.0,1,0.0
7,40.75,815,decelerate,16.701,19.23,28.849,26.23,2.619,-2.529,1.5,28.849,16.701,2.619,-2.529,0.365,0.0,1,0.0
7,40.8,816,decelerate,16.532,19.16,28.725,26.16,2.565,-2.628,1.499,27.924,16.701,1.764,-2.459,0.253,0.0,0,0.05
7,40.85,817,decelerate,16.331,19.109,28.595,26.109,2.485,-2.778,1.496,28.595,16.331,2.485,-2.778,0.339,0.0,1,0.0
7,40.9,818,decelerate,16.178,19.024,28.459,26.024,2.436,-2.846,1.496,28.459,16.178,2.436,-2.846,0.33,0.0,1,0.0
7,40.95,819,decelerate,16.021,18.963,28.323,25.963,2.359,-2.942,1.494,28.323,16.021,2.359,-2.942,0.316,0.0,1,0.0
7,41.0,820,decelerate,15.826,18.876,28.182,25.876,2.306,-3.05,1.493,27.411,16.021,1.535,-2.855,0.209,0.0,0,0.05
7,41.05,821,decelerate,15.665,18.807,28.036,25.807,2.229,-3.142,1.491,28.036,15.665,2.229,-3.142,0.292,0.0,1,0.0
7,41.1,822,decelerate,15.5,18.704,27.889,25.704,2.184,-3.204,1.491,27.132,15.665,1.428,-3.04,0.189,0.0,0,0.05
7,41.15,823,decelerate,15.306,18.621,27.737,25.621,2.116,-3.315,1.49,27.737,15.306,2.116,-3.315,0.272,0.0,1,0.0
7,41.2,824,decelerate,15.144,18.505,27.582,25.505,2.078,-3.36,1.491,26.842,15.306,1.338,-3.198,0.172,0.0,0,0.05
7,41.25,825,decelerate,14.953,18.416,27.424,25.416,2.008,-3.462,1.489,25.951,15.306,0.535,-3.109,0.068,0.0,0,0.1
7,41.3,826,decelerate,14.798,18.286,27.262,25.286,1.976,-3.488,1.491,25.063,15.306,-0.223,-2.979,0.0,0.022,0,0.15
7,41.35,827,decelerate,14.713,18.16,27.101,25.16,1.941,-3.447,1.492,27.101,14.713,1.941,-3.447,0.244,0.0,1,0.0
7,41.4,828,decelerate,14.594,18.0,26.943,25.0,1.943,-3.406,1.497,26.943,14.594,1.943,-3.406,0.246,0.0,1,0.0
7,41.45,829,decelerate,14.364,17.887,26.784,24.887,1.897,-3.523,1.497,26.075,14.594,1.188,-3.293,0.149,0.0,0,0.05
7,41.5,830,decelerate,14.0,17.746,26.613,24.746,1.868,-3.745,1.5,26.613,14.0,1.868,-3.745,0.224,0.0,1,0.0
7,41.55,831,decelerate,13.711,17.64,26.432,24.64,1.793,-3.929,1.498,25.755,14.0,1.116,-3.639,0.127,0.0,0,0.05
7,41.6,832,decelerate,13.514,17.539,26.246,24.539,1.708,-4.025,1.496,24.902,14.0,0.363,-3.538,0.031,0.0,0,0.1
7,41.65,833,decelerate,13.395,17.408,26.06,24.408,1.652,-4.013,1.497,26.06,13.395,1.652,-4.013,0.186,0.0,1,0.0
7,41.7,834,decelerate,13.313,17.287,25.874,24.287,1.587,-3.974,1.497,25.874,13.313,1.587,-3.974,0.179,0.0,1,0.0
7,41.75,835,decelerate,13.261,17.136,25.691,24.136,1.555,-3.875,1.499,25.691,13.261,1.555,-3.875,0.178,0.0,1,0.0
7,41.8,836,decelerate,13.144,17.03,25.511,24.03,1.481,-3.885,1.498,25.511,13.144,1.481,-3.885,0.168,0.0,1,0.0
7,41.85,837,decelerate,12.944,16.894,25.326,23.894,1.432,-3.95,1.499,25.326,12.944,1.432,-3.95,0.159,0.0,1,0.0
7,41.9,838,decelerate,12.739,16.791,25.137,23.791,1.346,-4.052,1.497,24.505,12.944,0.714,-3.847,0.067,0.0,0,0.05
7,41.95,839,decelerate,12.528,16.654,24.942,23.654,1.288,-4.125,1.498,23.687,12.944,0.034,-3.709,0.0,0.014,0,0.1
7,42.0,840,decelerate,12.322,16.532,24.743,23.532,1.21,-4.21,1.497,24.743,12.322,1.21,-4.21,0.121,0.0,1,0.0
7,42.05,841,decelerate,12.126,16.411,24.541,23.411,1.131,-4.285,1.495,24.541,12.126,1.131,-4.285,0.108,0.0,1,0.0
7,42.1,842,decelerate,11.964,16.278,24.336,23.278,1.058,-4.314,1.495,24.336,11.964,1.058,-4.314,0.097,0.0,1,0.0
7,42.15,843,decelerate,11.792,16.159,24.129,23.159,0.97,-4.367,1.493,24.129,11.792,0.97,-4.367,0.084,0.0,1,0.0
7,42.2,844,decelerate,11.625,16.006,23.919,23.006,0.913,-4.381,1.494,23.919,11.625,0.913,-4.381,0.076,0.0,1,0.0
7,42.25,845,decelerate,11.436,15.888,23.706,22.888,0.818,-4.452,1.492,23.706,11.436,0.818,-4.452,0.061,0.0,1,0.0
7,42.3,846,decelerate,11.272,15.738,23.489,22.738,0.751,-4.466,1.493,23.489,11.272,0.751,-4.466,0.051,0.0,1,0.0
7,42.35,847,decelerate,11.148,15.62,23.27,22.62,0.65,-4.472,1.49,22.716,11.272,0.095,-4.348,0.0,0.024,0,0.05
7,42.4,848,decelerate,11.072,15.494,23.055,22.494,0.561,-4.422,1.488,23.055,11.072,0.561,-4.422,0.027,0.0,1,0.0
7,42.45,849,decelerate,10.965,15.354,22.841,22.354,0.487,-4.388,1.488,22.841,10.965,0.487,-4.388,0.019,0.0,1,0.0
7,42.5,850,decelerate,10.367,15.226,22.612,22.226,0.385,-4.859,1.485,22.612,10.367,0.385,-4.859,0.0,0.008,1,0.0
7,42.55,851,decelerate,9.916,15.1,22.364,22.1,0.263,-5.185,1.481,22.364,9.916,0.263,-5.185,0.0,0.028,1,0.0
7,42.6,852,decelerate,9.594,14.944,22.104,21.944,0.16,-5.35,1.479,22.104,9.594,0.16,-5.35,0.0,0.043,1,0.0
7,42.65,853,decelerate,9.401,14.808,21.839,21.808,0.031,-5.407,1.475,21.839,9.401,0.031,-5.407,0.0,0.057,1,0.0
7,42.7,854,decelerate,9.3,14.645,21.573,21.645,-0.071,-5.345,1.473,21.573,9.3,-0.071,-5.345,0.0,0.066,1,0.0
7,42.75,855,decelerate,9.278,14.589,21.31,21.589,-0.28,-5.311,1.461,21.31,9.278,-0.28,-5.311,0.0,0.086,1,0.0
7,42.8,856,decelerate,9.305,14.564,21.049,21.564,-0.515,-5.259,1.445,21.049,9.305,-0.515,-5.259,0.0,0.108,1,0.0
7,42.85,857,decelerate,9.374,14.285,20.798,21.285,-0.487,-4.912,1.456,20.333,9.305,-0.952,-4.98,0.0,0.145,0,0.05
7,42.9,858,decelerate,9.429,13.967,20.567,20.967,-0.401,-4.539,1.472,20.567,9.429,-0.401,-4.539,0.0,0.079,1,0.0
7,42.95,859,decelerate,9.408,13.699,20.35,20.699,-0.349,-4.291,1.485,20.35,9.408,-0.349,-4.291,0.0,0.068,1,0.0
7,43.0,860,decelerate,9.302,13.462,20.142,20.462,-0.321,-4.16,1.496,20.142,9.302,-0.321,-4.16,0.0,0.061,1,0.0
7,43.05,861,decelerate,9.14,13.228,19.938,20.228,-0.29,-4.087,1.507,19.938,9.14,-0.29,-4.087,0.0,0.057,1,0.0
7,43.1,862,decelerate,8.927,13.022,19.735,20.022,-0.286,-4.095,1.516,19.287,9.14,-0.734,-3.881,0.0,0.096,0,0.05
7,43.15,863,decelerate,8.708,12.821,19.531,19.821,-0.289,-4.112,1.523,19.531,8.708,-0.289,-4.112,0.0,0.057,1,0.0
7,43.2,864,decelerate,8.469,12.611,19.326,19.611,-0.285,-4.143,1.532,19.326,8.469,-0.285,-4.143,0.0,0.058,1,0.0
7,43.25,865,decelerate,8.221,12.429,19.118,19.429,-0.31,-4.208,1.538,19.118,8.221,-0.31,-4.208,0.0,0.062,1,0.0
7,43.3,866,decelerate,7.967,12.246,18.907,19.246,-0.338,-4.278,1.544,18.506,8.221,-0.74,-4.025,0.0,0.1,0,0.05
7,43.35,867,decelerate,7.72,12.046,18.693,19.046,-0.353,-4.326,1.552,18.693,7.72,-0.353,-4.326,0.0,0.069,1,0.0
7,43.4,868,decelerate,7.46,11.864,18.476,18.864,-0.389,-4.405,1.557,18.476,7.46,-0.389,-4.405,0.0,0.075,1,0.0
7,43.45,869,decelerate,7.287,11.699,18.255,18.699,-0.444,-4.412,1.56,18.255,7.287,-0.444,-4.412,0.0,0.081,1,0.0
7,43.5,870,decelerate,7.213,11.518,18.038,18.518,-0.479,-4.305,1.566,18.038,7.213,-0.479,-4.305,0.0,0.081,1,0.0
7,43.55,871,decelerate,7.016,11.339,17.826,18.339,-0.513,-4.323,1.572,17.826,7.016,-0.513,-4.323,0.0,0.085,1,0.0
7,43.6,872,decelerate,6.538,11.157,17.602,18.157,-0.555,-4.619,1.578,17.602,6.538,-0.555,-4.619,0.0,0.097,1,0.0
7,43.65,873,decelerate,6.042,11.152,17.356,18.152,-0.796,-5.11,1.556,17.046,6.538,-1.106,-4.614,0.0,0.152,0,0.05
7,43.7,874,decelerate,5.674,11.073,17.092,18.073,-0.981,-5.399,1.544,17.092,5.674,-0.981,-5.399,0.0,0.159,1,0.0
7,43.75,875,decelerate,5.423,10.574,16.829,17.574,-0.745,-5.151,1.592,16.829,5.423,-0.745,-5.151,0.0,0.13,1,0.0
7,43.8,876,decelerate,5.263,10.067,16.583,17.067,-0.484,-4.804,1.647,16.583,5.263,-0.484,-4.804,0.0,0.095,1,0.0
7,43.85,877,decelerate,5.18,9.699,16.353,16.699,-0.346,-4.519,1.686,16.353,5.18,-0.346,-4.519,0.0,0.074,1,0.0
7,43.9,878,decelerate,5.121,9.33,16.137,16.33,-0.193,-4.209,1.73,15.881,5.18,-0.449,-4.15,0.0,0.075,0,0.05
7,43.95,879,decelerate,5.09,9.071,15.934,16.071,-0.136,-3.981,1.757,15.934,5.09,-0.136,-3.981,0.0,0.04,1,0.0
7,44.0,880,decelerate,5.085,8.765,15.745,15.765,-0.02,-3.68,1.796,15.745,5.085,-0.02,-3.68,0.0,0.021,1,0.0
7,44.05,881,decelerate,5.113,8.535,15.57,15.535,0.034,-3.422,1.824,15.57,5.113,0.034,-3.422,0.0,0.009,1,0.0
7,44.1,882,decelerate,5.166,8.266,15.409,15.266,0.142,-3.101,1.864,15.409,5.166,0.142,-3.101,0.014,0.0,1,0.0
7,44.15,883,decelerate,5.169,8.084,15.26,15.084,0.177,-2.915,1.888,15.26,5.169,0.177,-2.915,0.024,0.0,1,0.0
7,44.2,884,decelerate,5.117,7.824,15.122,14.824,0.297,-2.708,1.933,14.866,5.169,0.041,-2.655,0.015,0.0,0,0.05
7,44.25,885,decelerate,5.043,7.664,14.99,14.664,0.327,-2.621,1.956,14.99,5.043,0.327,-2.621,0.054,0.0,1,0.0
7,44.3,886,decelerate,4.979,7.417,14.864,14.417,0.448,-2.438,2.004,14.616,5.043,0.199,-2.374,0.045,0.0,0,0.05
7,44.35,887,decelerate,4.9,7.269,14.745,14.269,0.476,-2.369,2.028,14.745,4.9,0.476,-2.369,0.083,0.0,1,0.0
7,44.4,888,decelerate,4.739,7.028,14.63,14.028,0.602,-2.289,2.082,14.63,4.739,0.602,-2.289,0.102,0.0,1,0.0
7,44.45,889,decelerate,4.537,6.934,14.513,13.934,0.58,-2.397,2.093,14.513,4.537,0.58,-2.397,0.096,0.0,1,0.0
7,44.5,890,decelerate,4.317,6.879,14.389,13.879,0.51,-2.562,2.092,14.389,4.317,0.51,-2.562,0.081,0.0,1,0.0
7,44.55,891,decelerate,4.092,6.913,14.254,13.913,0.341,-2.821,2.062,14.045,4.317,0.132,-2.596,0.03,0.0,0,0.05
7,44.6,892,decelerate,3.868,6.286,14.127,13.286,0.841,-2.419,2.247,14.127,3.868,0.841,-2.419,0.13,0.0,1,0.0
7,44.65,893,decelerate,3.652,5.817,14.015,12.817,1.198,-2.165,2.409,14.015,3.652,1.198,-2.165,0.186,0.0,1,0.0
7,44.7,894,decelerate,3.451,5.491,13.91,12.491,1.419,-2.04,2.533,13.91,3.451,1.419,-2.04,0.22,0.0,1,0.0
7,44.75,895,decelerate,3.255,5.183,13.813,12.183,1.63,-1.928,2.665,13.813,3.255,1.63,-1.928,0.252,0.0,1,0.0
7,44.8,896,decelerate,3.064,4.98,13.718,11.98,1.737,-1.916,2.754,13.561,3.255,1.581,-1.725,0.253,0.0,0,0.05
7,44.85,897,decelerate,2.878,4.797,13.622,11.797,1.825,-1.919,2.84,13.622,2.878,1.825,-1.919,0.279,0.0,1,0.0
7,44.9,898,decelerate,2.698,4.664,13.525,11.664,1.861,-1.966,2.9,13.387,2.878,1.723,-1.786,0.27,0.0,0,0.05
7,44.95,899,decelerate,2.524,4.556,13.425,11.556,1.869,-2.033,2.946,13.425,2.524,1.869,-2.033,0.281,0.0,1,0.0
7,45.0,900,decelerate,2.355,4.465,13.322,11.465,1.857,-2.109,2.984,13.201,2.524,1.736,-1.941,0.267,0.0,0,0.05
7,45.05,901,decelerate,2.192,4.383,13.214,11.383,1.831,-2.19,3.015,12.98,2.524,1.598,-1.859,0.251,0.0,0,0.1
7,45.1,902,decelerate,2.035,4.303,13.102,11.303,1.799,-2.268,3.045,13.102,2.035,1.799,-2.268,0.264,0.0,1,0.0
7,45.15,903,decelerate,1.832,4.226,12.987,11.226,1.761,-2.394,3.073,12.987,1.832,1.761,-2.394,0.255,0.0,1,0.0
7,45.2,904,decelerate,0.642,4.152,12.836,11.152,1.683,-3.51,3.091,12.836,0.642,1.683,-3.51,0.207,0.0,1,0.0
7,45.25,905,decelerate,0.001,4.074,12.636,11.074,1.562,-4.074,3.101,12.636,0.001,1.562,-4.074,0.172,0.0,1,0.0
7,45.3,906,decelerate,0.001,3.986,12.436,10.986,1.45,-3.986,3.12,12.436,0.001,1.45,-3.986,0.16,0.0,1,0.0
7,45.35,907,decelerate,0.001,3.889,12.241,10.889,1.352,-3.888,3.147,12.241,0.001,1.352,-3.888,0.151,0.0,1,0.0
7,45.4,908,decelerate,0.001,3.786,12.05,10.786,1.265,-3.785,3.183,12.05,0.001,1.265,-3.785,0.142,0.0,1,0.0
7,45.45,909,decelerate,0.001,3.669,11.866,10.669,1.196,-3.668,3.234,11.866,0.001,1.196,-3.668,0.137,0.0,1,0.0
7,45.5,910,decelerate,0.001,3.56,11.686,10.56,1.126,-3.56,3.282,11.686,0.001,1.126,-3.56,0.131,0.0,1,0.0
7,45.55,911,decelerate,0.0,3.45,11.512,10.45,1.062,-3.449,3.337,11.512,0.0,1.062,-3.449,0.127,0.0,1,0.0
7,45.6,912,decelerate,0.0,3.336,11.344,10.336,1.007,-3.336,3.4,11.344,0.0,1.007,-3.336,0.123,0.0,0,0.05
7,45.65,913,decelerate,0.0,3.224,11.181,10.224,0.957,-3.224,3.468,11.181,0.0,0.957,-3.224,0.12,0.0,1,0.0
7,45.7,914,decelerate,0.0,3.111,11.023,10.111,0.912,-3.111,3.543,11.023,0.0,0.912,-3.111,0.118,0.0,1,0.0
7,45.75,915,decelerate,0.0,3.001,10.872,10.001,0.87,-3.001,3.623,10.872,0.0,0.87,-3.001,0.116,0.0,1,0.0
7,45.8,916,decelerate,0.0,2.891,10.725,9.891,0.834,-2.891,3.71,10.725,0.0,0.834,-2.891,0.115,0.0,1,0.0
7,45.85,917,decelerate,0.0,2.784,10.584,9.784,0.801,-2.784,3.802,10.584,0.0,0.801,-2.784,0.114,0.0,1,0.0
7,45.9,918,decelerate,0.0,2.679,10.449,9.679,0.769,-2.679,3.9,10.449,0.0,0.769,-2.679,0.113,0.0,1,0.0
7,45.95,919,decelerate,0.0,2.578,10.318,9.578,0.74,-2.578,4.003,10.318,0.0,0.74,-2.578,0.113,0.0,1,0.0
7,46.0,920,decelerate,0.0,2.477,10.193,9.477,0.716,-2.477,4.114,10.193,0.0,0.716,-2.477,0.113,0.0,1,0.0
7,46.05,921,decelerate,0.0,2.38,10.072,9.38,0.692,-2.38,4.232,10.072,0.0,0.692,-2.38,0.113,0.0,0,0.05
7,46.1,922,decelerate,0.0,2.285,9.957,9.285,0.671,-2.285,4.357,9.957,0.0,0.671,-2.285,0.113,0.0,0,0.1
7,46.15,923,decelerate,0.0,2.192,9.846,9.192,0.653,-2.192,4.491,9.846,0.0,0.653,-2.192,0.114,0.0,1,0.0
7,46.2,924,stopped,0.0,2.102,9.739,9.102,0.637,-2.102,4.633,9.739,0.0,0.637,-2.102,0.115,0.0,0,0.05
7,46.25,925,stopped,0.0,2.014,9.637,9.014,0.622,-2.014,4.784,9.637,0.0,0.622,-2.014,0.116,0.0,1,0.0
7,46.3,926,stopped,0.0,1.93,9.539,8.93,0.609,-1.93,4.944,9.539,0.0,0.609,-1.93,0.117,0.0,0,0.05
7,46.35,927,stopped,0.0,1.848,9.445,8.848,0.597,-1.848,5.11,9.445,0.0,0.597,-1.848,0.118,0.0,1,0.0
7,46.4,928,stopped,0.0,1.771,9.355,8.771,0.585,-1.771,5.283,9.355,0.0,0.585,-1.771,0.119,0.0,1,0.0
7,46.45,929,stopped,0.0,1.696,9.269,8.696,0.573,-1.696,5.465,9.269,0.0,0.573,-1.696,0.12,0.0,0,0.05
7,46.5,930,stopped,0.0,1.624,9.187,8.624,0.563,-1.624,5.657,9.187,0.0,0.563,-1.624,0.121,0.0,1,0.0
7,46.55,931,stopped,0.0,1.551,9.108,8.551,0.557,-1.551,5.873,9.108,0.0,0.557,-1.551,0.123,0.0,1,0.0
7,46.6,932,stopped,0.0,1.487,9.032,8.487,0.545,-1.487,6.073,9.032,0.0,0.545,-1.487,0.123,0.0,0,0.05
7,46.65,933,stopped,0.0,1.426,8.96,8.426,0.534,-1.426,6.281,8.96,0.0,0.534,-1.426,0.124,0.0,1,0.0
7,46.7,934,stopped,0.0,1.368,8.891,8.368,0.522,-1.368,6.498,8.891,0.0,0.522,-1.368,0.124,0.0,1,0.0
7,46.75,935,stopped,0.0,1.312,8.824,8.312,0.512,-1.312,6.724,8.824,0.0,0.512,-1.312,0.124,0.0,1,0.0
7,46.8,936,stopped,0.0,1.263,8.76,8.263,0.497,-1.263,6.939,8.76,0.0,0.497,-1.263,0.124,0.0,1,0.0
7,46.85,937,stopped,0.0,1.222,8.698,8.222,0.477,-1.222,7.12,8.698,0.0,0.477,-1.222,0.123,0.0,0,0.05
7,46.9,938,stopped,0.0,1.184,8.638,8.184,0.455,-1.184,7.297,8.638,0.0,0.455,-1.184,0.121,0.0,1,0.0
7,46.95,939,stopped,0.0,1.147,8.581,8.147,0.433,-1.147,7.479,8.581,0.0,0.433,-1.147,0.12,0.0,1,0.0
7,47.0,940,stopped,0.0,1.111,8.524,8.111,0.413,-1.111,7.671,8.524,0.0,0.413,-1.111,0.118,0.0,1,0.0
7,47.05,941,stopped,0.0,1.077,8.47,8.077,0.393,-1.077,7.868,8.47,0.0,0.393,-1.077,0.117,0.0,1,0.0
7,47.1,942,stopped,0.0,1.042,8.417,8.042,0.376,-1.042,8.081,8.417,0.0,0.376,-1.042,0.115,0.0,0,0.05
7,47.15,943,stopped,0.0,1.008,8.366,8.008,0.358,-1.008,8.3,8.366,0.0,0.358,-1.008,0.114,0.0,1,0.0
7,47.2,944,stopped,0.0,0.975,8.317,7.975,0.343,-0.975,8.534,8.317,0.0,0.343,-0.975,0.113,0.0,1,0.0
7,47.25,945,stopped,0.0,0.942,8.27,7.942,0.327,-0.942,8.775,8.27,0.0,0.327,-0.942,0.112,0.0,1,0.0
7,47.3,946,stopped,0.0,0.914,8.223,7.914,0.31,-0.914,9.0,8.223,0.0,0.31,-0.914,0.111,0.0,1,0.0
7,47.35,947,stopped,0.0,0.886,8.179,7.886,0.293,-0.886,9.229,8.179,0.0,0.293,-0.886,0.109,0.0,1,0.0
7,47.4,948,stopped,0.0,0.861,8.135,7.861,0.274,-0.861,9.445,8.135,0.0,0.274,-0.861,0.108,0.0,1,0.0
7,47.45,949,stopped,0.0,0.834,8.094,7.834,0.259,-0.834,9.699,8.094,0.0,0.259,-0.834,0.107,0.0,0,0.05
7,47.5,950,stopped,0.0,0.803,8.053,7.803,0.25,-0.803,10.024,8.053,0.0,0.25,-0.803,0.107,0.0,0,0.1
7,47.55,951,stopped,0.0,0.754,8.015,7.754,0.261,-0.754,10.63,8.015,0.0,0.261,-0.754,0.11,0.0,1,0.0
7,47.6,952,stopped,0.0,0.726,7.978,7.726,0.252,-0.726,10.994,7.978,0.0,0.252,-0.726,0.109,0.0,1,0.0
7,47.65,953,stopped,0.0,0.728,7.942,7.728,0.214,-0.728,10.915,7.942,0.0,0.214,-0.728,0.104,0.0,1,0.0
7,47.7,954,stopped,0.0,0.654,7.908,7.654,0.254,-0.654,12.092,7.908,0.0,0.254,-0.654,0.112,0.0,0,0.05
7,47.75,955,stopped,0.0,0.677,7.874,7.677,0.197,-0.677,11.631,7.874,0.0,0.197,-0.677,0.104,0.0,1,0.0
7,47.8,956,stopped,0.0,0.6,7.843,7.6,0.243,-0.6,13.08,7.843,0.0,0.243,-0.6,0.112,0.0,1,0.0
7,47.85,957,stopped,0.0,0.629,7.811,7.629,0.182,-0.629,12.415,7.811,0.0,0.182,-0.629,0.103,0.0,1,0.0
7,47.9,958,stopped,0.0,0.553,7.782,7.553,0.229,-0.553,14.073,7.782,0.0,0.229,-0.553,0.112,0.0,1,0.0
7,47.95,959,stopped,0.0,0.552,7.754,7.552,0.202,-0.552,14.057,7.754,0.0,0.202,-0.552,0.109,0.0,0,0.05
7,48.0,960,stopped,0.0,0.542,7.726,7.542,0.184,-0.542,14.253,7.726,0.0,0.184,-0.542,0.106,0.0,1,0.0
7,48.05,961,stopped,0.0,0.498,7.7,7.498,0.202,-0.498,15.463,7.7,0.0,0.202,-0.498,0.11,0.0,1,0.0
7,48.1,962,stopped,0.0,0.52,7.674,7.52,0.154,-0.52,14.747,7.674,0.0,0.154,-0.52,0.103,0.0,1,0.0
7,48.15,963,stopped,0.0,0.509,7.65,7.509,0.141,-0.509,15.039,7.65,0.0,0.141,-0.509,0.102,0.0,1,0.0
7,48.2,964,stopped,0.0,0.475,7.626,7.475,0.152,-0.475,16.069,7.626,0.0,0.152,-0.475,0.104,0.0,1,0.0
7,48.25,965,stopped,0.0,0.482,7.603,7.482,0.121,-0.482,15.78,7.603,0.0,0.121,-0.482,0.1,0.0,1,0.0
7,48.3,966,stopped,0.0,0.408,7.581,7.408,0.173,-0.408,18.566,7.581,0.0,0.173,-0.408,0.109,0.0,1,0.0
7,48.35,967,stopped,0.0,0.453,7.559,7.453,0.106,-0.453,16.694,7.559,0.0,0.106,-0.453,0.099,0.0,0,0.05
7,48.4,968,stopped,0.0,0.43,7.538,7.43,0.108,-0.43,17.528,7.538,0.0,0.108,-0.43,0.1,0.0,0,0.1
7,48.45,969,stopped,0.0,0.382,7.518,7.382,0.136,-0.382,19.689,7.518,0.0,0.136,-0.382,0.105,0.0,1,0.0
7,48.5,970,stopped,0.0,0.376,7.499,7.376,0.123,-0.376,19.951,7.499,0.0,0.123,-0.376,0.104,0.0,1,0.0
7,48.55,971,stopped,0.0,0.355,7.481,7.355,0.126,-0.355,21.062,7.481,0.0,0.126,-0.355,0.105,0.0,1,0.0
7,48.6,972,stopped,0.0,0.359,7.463,7.359,0.104,-0.359,20.792,7.463,0.0,0.104,-0.359,0.102,0.0,0,0.05
7,48.65,973,stopped,0.0,0.366,7.445,7.366,0.079,-0.366,20.352,7.445,0.0,0.079,-0.366,0.098,0.0,0,0.1
7,48.7,974,stopped,0.0,0.362,7.428,7.362,0.066,-0.362,20.509,7.428,0.0,0.066,-0.362,0.097,0.0,1,0.0
7,48.75,975,stopped,0.0,0.314,7.412,7.314,0.097,-0.314,23.57,7.412,0.0,0.097,-0.314,0.102,0.0,1,0.0
7,48.8,976,stopped,0.0,0.307,7.396,7.307,0.089,-0.307,24.114,7.396,0.0,0.089,-0.307,0.102,0.0,1,0.0
7,48.85,977,stopped,0.0,0.33,7.381,7.33,0.051,-0.33,22.397,7.381,0.0,0.051,-0.33,0.096,0.0,1,0.0
7,48.9,978,stopped,0.0,0.261,7.366,7.261,0.105,-0.261,28.249,7.366,0.0,0.105,-0.261,0.105,0.0,1,0.0
7,48.95,979,stopped,0.0,0.27,7.352,7.27,0.082,-0.27,27.246,7.352,0.0,0.082,-0.27,0.102,0.0,1,0.0
7,49.0,980,stopped,0.0,0.259,7.339,7.259,0.08,-0.259,28.31,7.339,0.0,0.08,-0.259,0.102,0.0,1,0.0
7,49.05,981,stopped,0.0,0.244,7.327,7.244,0.082,-0.244,30.011,7.327,0.0,0.082,-0.244,0.103,0.0,0,0.05
7,49.1,982,stopped,0.0,0.245,7.314,7.245,0.07,-0.245,29.899,7.314,0.0,0.07,-0.245,0.101,0.0,1,0.0
7,49.15,983,stopped,0.0,0.226,7.302,7.226,0.076,-0.226,32.258,7.302,0.0,0.076,-0.226,0.103,0.0,1,0.0
7,49.2,984,stopped,0.0,0.207,7.292,7.207,0.085,-0.207,35.269,7.292,0.0,0.085,-0.207,0.104,0.0,1,0.0
7,49.25,985,stopped,0.0,0.182,7.281,7.182,0.099,-0.182,39.961,7.281,0.0,0.099,-0.182,0.107,0.0,1,0.0
7,49.3,986,stopped,0.0,0.226,7.27,7.226,0.044,-0.226,32.17,7.27,0.0,0.044,-0.226,0.098,0.0,1,0.0
7,49.35,987,stopped,0.0,0.187,7.261,7.187,0.074,-0.187,38.878,7.261,0.0,0.074,-0.187,0.104,0.0,1,0.0
7,49.4,988,stopped,0.0,0.191,7.252,7.191,0.06,-0.191,37.908,7.252,0.0,0.06,-0.191,0.102,0.0,1,0.0
