episode,time_sec,tick,leader_phase,leader_speed_mps,follower_speed_mps,distance_m,desired_distance_m,spacing_error_m,relative_velocity_mps,thw_sec,observed_distance_m,observed_lead_speed_mps,control_spacing_error_m,control_relative_velocity_mps,throttle,brake,comm_success,time_since_last_comm_success_sec
2,0.05,1,accelerate,0.0,0.0,12.825,7.0,5.825,0.0,128.247,12.825,0.0,5.825,0.0,0.778,0.0,1,0.0
2,0.1,2,accelerate,0.003,0.003,12.825,7.003,5.822,0.0,128.247,12.825,0.003,5.822,0.0,0.778,0.0,1,0.0
2,0.15,3,accelerate,0.001,0.001,12.825,7.001,5.824,0.0,128.247,12.825,0.001,5.824,0.0,0.779,0.0,1,0.0
2,0.2,4,accelerate,0.0,0.0,12.825,7.0,5.825,-0.0,128.247,12.825,0.0,5.825,-0.0,0.78,0.0,1,0.0
2,0.25,5,accelerate,0.0,0.001,12.825,7.001,5.824,-0.0,128.247,12.825,0.0,5.824,-0.0,0.781,0.0,1,0.0
2,0.3,6,accelerate,0.001,0.001,12.825,7.001,5.824,-0.0,128.247,12.825,0.001,5.824,-0.0,0.782,0.0,1,0.0
2,0.35,7,accelerate,0.001,0.001,12.825,7.001,5.824,-0.0,128.247,12.825,0.001,5.824,-0.0,0.783,0.0,1,0.0
2,0.4,8,accelerate,0.0,0.0,12.825,7.0,5.824,-0.0,128.247,12.825,0.001,5.824,0.0,0.784,0.0,0,0.05
2,0.45,9,accelerate,0.0,0.0,12.825,7.0,5.824,-0.0,128.247,12.825,0.001,5.824,0.0,0.785,0.0,0,0.1
2,0.5,10,accelerate,0.0,0.0,12.825,7.0,5.825,-0.0,128.247,12.825,0.0,5.825,-0.0,0.786,0.0,1,0.0
2,0.55,11,accelerate,0.0,0.0,12.825,7.0,5.825,-0.0,128.247,12.825,0.0,5.825,-0.0,0.787,0.0,1,0.0
2,0.6,12,accelerate,0.0,0.0,12.825,7.0,5.825,-0.0,128.247,12.825,0.0,5.825,-0.0,0.788,0.0,1,0.0
2,0.65,13,accelerate,0.158,0.305,12.82,7.305,5.515,-0.146,42.097,12.82,0.158,5.515,-0.146,0.743,0.0,1,0.0
2,0.7,14,accelerate,0.518,0.628,12.815,7.628,5.187,-0.11,20.405,12.796,0.158,5.168,-0.47,0.687,0.0,0,0.05
2,0.75,15,accelerate,0.821,0.893,12.812,7.893,4.919,-0.072,14.352,12.812,0.821,4.919,-0.072,0.668,0.0,1,0.0
2,0.8,16,accelerate,1.035,0.981,12.814,7.981,4.833,0.054,13.063,12.814,1.035,4.833,0.054,0.661,0.0,1,0.0
2,0.85,17,accelerate,1.162,1.113,12.819,8.113,4.706,0.049,11.513,12.819,1.162,4.706,0.049,0.645,0.0,1,0.0
2,0.9,18,accelerate,1.301,1.187,12.825,8.187,4.638,0.115,10.808,12.763,1.162,4.576,-0.024,0.626,0.0,0,0.05
2,0.95,19,accelerate,1.417,1.315,12.831,8.315,4.517,0.102,9.759,12.831,1.417,4.517,0.102,0.623,0.0,1,0.0
2,1.0,20,accelerate,1.543,1.411,12.839,8.411,4.428,0.131,9.098,12.766,1.417,4.354,0.006,0.599,0.0,0,0.05
2,1.05,21,accelerate,1.645,1.539,12.848,8.539,4.308,0.105,8.346,12.848,1.645,4.308,0.105,0.597,0.0,1,0.0
2,1.1,22,accelerate,1.806,1.622,12.858,8.622,4.236,0.184,7.929,12.858,1.806,4.236,0.184,0.59,0.0,1,0.0
2,1.15,23,accelerate,1.917,1.722,12.87,8.722,4.148,0.195,7.474,12.87,1.917,4.148,0.195,0.58,0.0,1,0.0
2,1.2,24,accelerate,2.082,1.785,12.885,8.785,4.1,0.297,7.219,12.885,2.082,4.1,0.297,0.577,0.0,1,0.0
2,1.25,25,accelerate,2.228,1.854,12.904,8.854,4.051,0.374,6.961,12.797,2.082,3.943,0.228,0.555,0.0,0,0.05
2,1.3,26,accelerate,2.418,1.896,12.93,8.896,4.034,0.522,6.819,12.706,2.082,3.81,0.186,0.536,0.0,0,0.1
2,1.35,27,accelerate,2.584,1.974,12.961,8.974,3.987,0.61,6.566,12.961,2.584,3.987,0.61,0.575,0.0,1,0.0
2,1.4,28,accelerate,2.755,2.024,12.998,9.024,3.974,0.731,6.421,12.998,2.755,3.974,0.731,0.578,0.0,1,0.0
2,1.45,29,accelerate,2.842,2.112,13.038,9.112,3.926,0.73,6.173,13.038,2.842,3.926,0.73,0.572,0.0,1,0.0
2,1.5,30,accelerate,2.887,2.176,13.077,9.176,3.901,0.711,6.01,13.077,2.887,3.901,0.711,0.569,0.0,1,0.0
2,1.55,31,accelerate,2.886,2.272,13.112,9.272,3.84,0.615,5.772,13.112,2.886,3.84,0.615,0.558,0.0,1,0.0
2,1.6,32,accelerate,2.919,2.342,13.145,9.342,3.803,0.577,5.613,13.0,2.886,3.659,0.545,0.532,0.0,0,0.05
2,1.65,33,accelerate,2.98,2.423,13.175,9.423,3.752,0.557,5.438,13.175,2.98,3.752,0.557,0.546,0.0,1,0.0
2,1.7,34,accelerate,3.108,2.468,13.208,9.468,3.74,0.64,5.352,13.056,2.98,3.588,0.512,0.523,0.0,0,0.05
2,1.75,35,accelerate,3.256,2.546,13.244,9.546,3.698,0.71,5.202,13.244,3.256,3.698,0.71,0.545,0.0,1,0.0
2,1.8,36,accelerate,3.447,2.621,13.285,9.621,3.665,0.826,5.07,13.285,3.447,3.665,0.826,0.545,0.0,1,0.0
2,1.85,37,accelerate,3.624,2.716,13.331,9.716,3.615,0.908,4.908,13.154,3.447,3.437,0.731,0.512,0.0,0,0.05
2,1.9,38,accelerate,3.752,2.788,13.38,9.788,3.592,0.964,4.8,13.018,3.447,3.23,0.659,0.482,0.0,0,0.1
2,1.95,39,accelerate,3.783,2.872,13.428,9.872,3.557,0.911,4.676,13.428,3.783,3.557,0.911,0.535,0.0,1,0.0
2,2.0,40,accelerate,3.783,2.934,13.473,9.934,3.539,0.848,4.592,13.285,3.783,3.351,0.849,0.506,0.0,0,0.05
2,2.05,41,accelerate,3.797,3.015,13.515,10.015,3.499,0.782,4.482,13.515,3.797,3.499,0.782,0.524,0.0,1,0.0
2,2.1,42,accelerate,3.888,3.079,13.556,10.079,3.477,0.81,4.403,13.556,3.888,3.477,0.81,0.523,0.0,1,0.0
2,2.15,43,accelerate,4.026,3.16,13.599,10.16,3.438,0.865,4.303,13.599,4.026,3.438,0.865,0.52,0.0,1,0.0
2,2.2,44,accelerate,4.199,3.227,13.646,10.227,3.419,0.972,4.229,13.44,4.026,3.213,0.799,0.488,0.0,0,0.05
2,2.25,45,accelerate,4.381,3.306,13.699,10.306,3.393,1.074,4.143,13.699,4.381,3.393,1.074,0.522,0.0,1,0.0
2,2.3,46,accelerate,4.541,3.37,13.757,10.37,3.387,1.171,4.082,13.533,4.381,3.163,1.011,0.49,0.0,0,0.05
2,2.35,47,accelerate,4.619,3.447,13.817,10.447,3.37,1.172,4.009,13.364,4.381,2.917,0.934,0.455,0.0,0,0.1
2,2.4,48,accelerate,4.628,3.503,13.875,10.503,3.372,1.124,3.961,13.875,4.628,3.372,1.124,0.522,0.0,1,0.0
2,2.45,49,accelerate,4.627,3.57,13.931,10.57,3.36,1.057,3.902,13.931,4.627,3.36,1.057,0.519,0.0,1,0.0
2,2.5,50,accelerate,4.685,3.632,13.984,10.632,3.352,1.053,3.85,13.984,4.685,3.352,1.053,0.518,0.0,1,0.0
2,2.55,51,accelerate,4.803,3.695,14.039,10.695,3.345,1.108,3.8,13.802,4.685,3.107,0.99,0.484,0.0,0,0.05
2,2.6,52,accelerate,4.956,3.757,14.098,10.757,3.341,1.198,3.752,13.616,4.685,2.859,0.927,0.449,0.0,0,0.1
2,2.65,53,accelerate,5.128,3.822,14.162,10.822,3.339,1.306,3.705,14.162,5.128,3.339,1.306,0.527,0.0,1,0.0
2,2.7,54,accelerate,5.243,3.876,14.23,10.876,3.354,1.367,3.671,14.23,5.243,3.354,1.367,0.531,0.0,1,0.0
2,2.75,55,accelerate,5.09,3.946,14.292,10.946,3.346,1.144,3.622,14.292,5.09,3.346,1.144,0.523,0.0,1,0.0
2,2.8,56,accelerate,5.093,4.013,14.348,11.013,3.335,1.08,3.575,14.348,5.093,3.335,1.08,0.52,0.0,1,0.0
2,2.85,57,accelerate,5.0,4.087,14.397,11.087,3.31,0.912,3.523,14.397,5.0,3.31,0.912,0.512,0.0,1,0.0
2,2.9,58,accelerate,5.459,4.155,14.456,11.155,3.302,1.305,3.48,14.192,5.0,3.037,0.845,0.474,0.0,0,0.05
2,2.95,59,accelerate,5.818,4.206,14.532,11.206,3.325,1.612,3.455,13.983,5.0,2.777,0.793,0.438,0.0,0,0.1
2,3.0,60,accelerate,5.924,4.259,14.614,11.259,3.355,1.665,3.432,14.614,5.924,3.355,1.665,0.544,0.0,1,0.0
2,3.05,61,accelerate,5.894,4.312,14.696,11.312,3.384,1.582,3.408,14.4,5.924,3.088,1.612,0.508,0.0,0,0.05
2,3.1,62,accelerate,5.845,4.37,14.772,11.37,3.402,1.476,3.381,14.183,5.924,2.814,1.554,0.47,0.0,0,0.1
2,3.15,63,accelerate,5.815,4.426,14.843,11.426,3.417,1.389,3.354,14.843,5.815,3.417,1.389,0.545,0.0,1,0.0
2,3.2,64,accelerate,5.815,4.482,14.911,11.482,3.429,1.333,3.327,14.911,5.815,3.429,1.333,0.545,0.0,1,0.0
2,3.25,65,accelerate,5.848,4.551,14.977,11.551,3.426,1.297,3.291,14.977,5.848,3.426,1.297,0.544,0.0,1,0.0
2,3.3,66,accelerate,5.915,4.624,15.042,11.624,3.418,1.291,3.253,15.042,5.915,3.418,1.291,0.544,0.0,1,0.0
2,3.35,67,accelerate,6.014,4.685,15.107,11.685,3.422,1.329,3.225,14.809,5.915,3.124,1.23,0.503,0.0,0,0.05
2,3.4,68,accelerate,6.142,4.76,15.176,11.76,3.416,1.382,3.188,15.176,6.142,3.416,1.382,0.547,0.0,1,0.0
2,3.45,69,accelerate,6.136,4.831,15.243,11.831,3.411,1.305,3.155,14.936,6.142,3.105,1.31,0.504,0.0,0,0.05
2,3.5,70,accelerate,6.131,4.9,15.306,11.9,3.406,1.231,3.124,15.306,6.131,3.406,1.231,0.542,0.0,1,0.0
2,3.55,71,accelerate,6.633,4.967,15.377,11.967,3.41,1.666,3.096,15.059,6.131,3.092,1.164,0.499,0.0,0,0.05
2,3.6,72,accelerate,7.16,5.032,15.475,12.032,3.443,2.128,3.075,15.475,7.16,3.443,2.128,0.578,0.0,1,0.0
2,3.65,73,accelerate,7.555,5.095,15.592,12.095,3.497,2.46,3.06,15.222,7.16,3.127,2.065,0.534,0.0,0,0.05
2,3.7,74,accelerate,7.722,5.011,15.724,12.011,3.713,2.711,3.138,14.969,7.16,2.958,2.148,0.515,0.0,0,0.1
2,3.75,75,accelerate,7.703,5.048,15.858,12.048,3.81,2.655,3.141,15.858,7.703,3.81,2.655,0.646,0.0,1,0.0
2,3.8,76,accelerate,7.626,5.079,15.989,12.079,3.91,2.547,3.148,15.989,7.626,3.91,2.547,0.657,0.0,1,0.0
2,3.85,77,accelerate,7.518,5.065,16.113,12.065,4.048,2.453,3.181,16.113,7.518,4.048,2.453,0.673,0.0,1,0.0
2,3.9,78,accelerate,7.405,5.029,16.233,12.029,4.205,2.376,3.228,15.861,7.518,3.832,2.489,0.646,0.0,0,0.05
2,3.95,79,accelerate,7.305,5.005,16.349,12.005,4.345,2.301,3.267,15.61,7.518,3.606,2.513,0.617,0.0,0,0.1
2,4.0,80,accelerate,7.248,5.236,16.458,12.236,4.222,2.012,3.143,16.458,7.248,4.222,2.012,0.683,0.0,1,0.0
2,4.05,81,accelerate,7.239,5.336,16.552,12.336,4.216,1.903,3.102,16.552,7.239,4.216,1.903,0.679,0.0,1,0.0
2,4.1,82,accelerate,7.276,5.477,16.641,12.477,4.164,1.799,3.039,16.641,7.276,4.164,1.799,0.67,0.0,1,0.0
2,4.15,83,accelerate,7.341,5.576,16.729,12.576,4.154,1.765,3.0,16.364,7.276,3.788,1.7,0.617,0.0,0,0.05
2,4.2,84,accelerate,7.448,5.577,16.82,12.577,4.243,1.871,3.016,16.085,7.276,3.508,1.699,0.58,0.0,0,0.1
2,4.25,85,accelerate,7.583,5.6,16.917,12.6,4.318,1.983,3.021,15.806,7.276,3.206,1.676,0.54,0.0,0,0.15
2,4.3,86,accelerate,7.741,5.628,17.021,12.628,4.392,2.113,3.024,15.525,7.276,2.897,1.648,0.498,0.0,0,0.2
2,4.35,87,accelerate,7.905,5.659,17.13,12.659,4.471,2.247,3.027,17.13,7.905,4.471,2.247,0.729,0.0,1,0.0
2,4.4,88,accelerate,8.086,5.692,17.247,12.692,4.555,2.394,3.03,17.247,8.086,4.555,2.394,0.745,0.0,1,0.0
2,4.45,89,accelerate,8.279,5.752,17.37,12.752,4.618,2.527,3.02,17.37,8.279,4.618,2.527,0.759,0.0,1,0.0
2,4.5,90,accelerate,8.479,5.848,17.499,12.848,4.651,2.631,2.992,17.499,8.479,4.651,2.631,0.768,0.0,1,0.0
2,4.55,91,accelerate,8.672,5.976,17.632,12.976,4.656,2.696,2.951,17.203,8.479,4.227,2.503,0.707,0.0,0,0.05
2,4.6,92,accelerate,8.875,5.997,17.77,12.997,4.773,2.878,2.963,16.903,8.479,3.906,2.482,0.665,0.0,0,0.1
2,4.65,93,accelerate,9.083,5.995,17.919,12.995,4.924,3.088,2.989,17.919,9.083,4.924,3.088,0.821,0.0,1,0.0
2,4.7,94,accelerate,9.294,6.374,18.072,13.374,4.698,2.92,2.835,18.072,9.294,4.698,2.92,0.786,0.0,1,0.0
2,4.75,95,accelerate,9.471,6.934,18.204,13.934,4.27,2.538,2.625,18.204,9.471,4.27,2.538,0.717,0.0,1,0.0
2,4.8,96,accelerate,9.572,7.394,18.316,14.394,3.922,2.178,2.477,18.316,9.572,3.922,2.178,0.66,0.0,1,0.0
2,4.85,97,accelerate,9.588,7.752,18.411,14.752,3.658,1.835,2.375,17.935,9.572,3.182,1.82,0.55,0.0,0,0.05
2,4.9,98,accelerate,9.536,8.003,18.489,15.003,3.486,1.533,2.31,18.489,9.536,3.486,1.533,0.581,0.0,1,0.0
2,4.95,99,accelerate,9.505,8.153,18.555,15.153,3.402,1.352,2.276,18.555,9.505,3.402,1.352,0.564,0.0,1,0.0
2,5.0,100,accelerate,9.53,8.285,18.614,15.285,3.329,1.245,2.247,18.614,9.53,3.329,1.245,0.552,0.0,1,0.0
2,5.05,101,accelerate,9.595,8.401,18.67,15.401,3.269,1.194,2.222,18.197,9.53,2.796,1.129,0.477,0.0,0,0.05
2,5.1,102,accelerate,9.682,8.496,18.723,15.496,3.227,1.185,2.204,18.723,9.682,3.227,1.185,0.537,0.0,1,0.0
2,5.15,103,accelerate,9.807,8.575,18.777,15.575,3.201,1.232,2.19,18.777,9.807,3.201,1.232,0.536,0.0,1,0.0
2,5.2,104,accelerate,9.966,8.647,18.833,15.647,3.185,1.318,2.178,18.833,9.966,3.185,1.318,0.537,0.0,1,0.0
2,5.25,105,accelerate,10.118,8.715,18.892,15.715,3.177,1.403,2.168,18.892,10.118,3.177,1.403,0.539,0.0,1,0.0
2,5.3,106,accelerate,10.302,8.78,18.954,15.78,3.175,1.522,2.159,18.455,10.118,2.675,1.339,0.471,0.0,0,0.05
2,5.35,107,accelerate,10.492,8.837,19.023,15.837,3.186,1.655,2.153,18.015,10.118,2.179,1.282,0.403,0.0,0,0.1
2,5.4,108,accelerate,10.664,8.877,19.096,15.877,3.22,1.787,2.151,19.096,10.664,3.22,1.787,0.559,0.0,1,0.0
2,5.45,109,accelerate,10.69,8.906,19.171,15.906,3.265,1.785,2.153,19.171,10.69,3.265,1.785,0.566,0.0,1,0.0
2,5.5,110,accelerate,10.644,8.944,19.243,15.944,3.298,1.7,2.151,19.243,10.644,3.298,1.7,0.568,0.0,1,0.0
2,5.55,111,accelerate,10.944,8.991,19.319,15.991,3.327,1.952,2.149,19.319,10.944,3.327,1.952,0.581,0.0,1,0.0
2,5.6,112,accelerate,11.276,9.046,19.41,16.046,3.363,2.23,2.146,19.41,11.276,3.363,2.23,0.595,0.0,1,0.0
2,5.65,113,accelerate,11.476,9.109,19.508,16.109,3.399,2.367,2.142,19.508,11.476,3.399,2.367,0.605,0.0,1,0.0
2,5.7,114,accelerate,11.466,9.181,19.603,16.181,3.423,2.286,2.135,19.603,11.466,3.423,2.286,0.606,0.0,1,0.0
2,5.75,115,accelerate,11.413,9.259,19.691,16.259,3.432,2.153,2.127,19.147,11.466,2.888,2.207,0.533,0.0,0,0.05
2,5.8,116,accelerate,11.355,9.338,19.773,16.338,3.436,2.017,2.118,19.773,11.355,3.436,2.017,0.6,0.0,1,0.0
2,5.85,117,accelerate,11.294,9.413,19.849,16.413,3.437,1.882,2.109,19.849,11.294,3.437,1.882,0.596,0.0,1,0.0
2,5.9,118,accelerate,11.275,9.492,19.917,16.492,3.425,1.782,2.098,19.917,11.275,3.425,1.782,0.592,0.0,1,0.0
2,5.95,119,accelerate,11.316,9.571,19.983,16.571,3.412,1.744,2.088,19.983,11.316,3.412,1.744,0.589,0.0,1,0.0
2,6.0,120,accelerate,11.396,9.654,20.05,16.654,3.396,1.741,2.077,19.513,11.316,2.859,1.661,0.513,0.0,0,0.05
2,6.05,121,accelerate,11.469,9.731,20.117,16.731,3.386,1.738,2.067,20.117,11.469,3.386,1.738,0.587,0.0,1,0.0
2,6.1,122,accelerate,11.57,9.801,20.185,16.801,3.383,1.769,2.059,20.185,11.57,3.383,1.769,0.588,0.0,1,0.0
2,6.15,123,accelerate,11.639,9.862,20.25,16.862,3.388,1.778,2.053,20.25,11.639,3.388,1.778,0.589,0.0,1,0.0
2,6.2,124,accelerate,11.773,9.938,20.315,16.938,3.376,1.834,2.044,19.771,11.639,2.833,1.701,0.513,0.0,0,0.05
2,6.25,125,accelerate,11.913,10.008,20.386,17.008,3.378,1.905,2.037,19.29,11.639,2.281,1.631,0.438,0.0,0,0.1
2,6.3,126,accelerate,12.031,10.049,20.462,17.049,3.413,1.982,2.036,18.805,11.639,1.756,1.59,0.367,0.0,0,0.15
2,6.35,127,accelerate,12.157,10.075,20.539,17.075,3.464,2.082,2.039,18.318,11.639,1.243,1.564,0.298,0.0,0,0.2
2,6.4,128,accelerate,12.305,10.073,20.626,17.073,3.553,2.231,2.048,20.626,12.305,3.553,2.231,0.629,0.0,1,0.0
2,6.45,129,accelerate,12.41,10.05,20.721,17.05,3.671,2.36,2.062,20.15,12.305,3.1,2.255,0.569,0.0,0,0.05
2,6.5,130,accelerate,12.543,10.032,20.821,17.032,3.789,2.511,2.075,19.673,12.305,2.641,2.273,0.509,0.0,0,0.1
2,6.55,131,accelerate,12.688,10.039,20.929,17.039,3.89,2.648,2.085,20.929,12.688,3.89,2.648,0.689,0.0,1,0.0
2,6.6,132,accelerate,12.796,10.066,21.043,17.066,3.977,2.73,2.09,21.043,12.796,3.977,2.73,0.704,0.0,1,0.0
2,6.65,133,accelerate,12.924,10.108,21.16,17.108,4.052,2.816,2.093,21.16,12.924,4.052,2.816,0.718,0.0,1,0.0
2,6.7,134,accelerate,13.005,10.197,21.276,17.197,4.08,2.808,2.087,21.276,13.005,4.08,2.808,0.722,0.0,1,0.0
2,6.75,135,accelerate,13.139,10.313,21.392,17.313,4.08,2.826,2.074,21.392,13.139,4.08,2.826,0.723,0.0,1,0.0
2,6.8,136,accelerate,13.289,10.451,21.514,17.451,4.062,2.838,2.058,20.911,13.139,3.46,2.688,0.636,0.0,0,0.05
2,6.85,137,accelerate,13.401,10.577,21.636,17.577,4.059,2.824,2.046,21.636,13.401,4.059,2.824,0.721,0.0,1,0.0
2,6.9,138,accelerate,13.524,10.713,21.756,17.713,4.043,2.81,2.031,21.756,13.524,4.043,2.81,0.719,0.0,1,0.0
2,6.95,139,accelerate,13.598,10.863,21.873,17.863,4.01,2.735,2.014,21.873,13.598,4.01,2.735,0.713,0.0,1,0.0
2,7.0,140,accelerate,13.729,10.999,21.987,17.999,3.988,2.73,1.999,21.987,13.729,3.988,2.73,0.711,0.0,1,0.0
2,7.05,141,accelerate,13.878,11.009,22.106,18.009,4.098,2.87,2.008,22.106,13.878,4.098,2.87,0.731,0.0,1,0.0
2,7.1,142,accelerate,13.987,11.004,22.235,18.004,4.232,2.984,2.021,22.235,13.987,4.232,2.984,0.753,0.0,1,0.0
2,7.15,143,accelerate,14.108,11.25,22.364,18.25,4.114,2.858,1.988,21.732,13.987,3.482,2.737,0.645,0.0,0,0.05
2,7.2,144,accelerate,14.177,11.588,22.477,18.588,3.889,2.589,1.94,21.208,13.987,2.62,2.399,0.52,0.0,0,0.1
2,7.25,145,accelerate,14.301,11.843,22.583,18.843,3.74,2.458,1.907,22.583,14.301,3.74,2.458,0.672,0.0,1,0.0
2,7.3,146,accelerate,14.446,11.997,22.69,18.997,3.693,2.449,1.891,22.69,14.446,3.693,2.449,0.666,0.0,1,0.0
2,7.35,147,accelerate,14.541,12.145,22.797,19.145,3.652,2.396,1.877,22.146,14.446,3.001,2.302,0.569,0.0,0,0.05
2,7.4,148,accelerate,14.638,12.223,22.902,19.223,3.679,2.415,1.874,21.593,14.446,2.37,2.224,0.483,0.0,0,0.1
2,7.45,149,accelerate,14.677,12.318,23.005,19.318,3.687,2.359,1.868,21.031,14.446,1.714,2.129,0.392,0.0,0,0.15
2,7.5,150,accelerate,14.762,12.389,23.11,19.389,3.721,2.373,1.865,23.11,14.762,3.721,2.373,0.669,0.0,1,0.0
2,7.55,151,accelerate,14.873,12.407,23.225,19.407,3.817,2.466,1.872,23.225,14.873,3.817,2.466,0.685,0.0,1,0.0
2,7.6,152,accelerate,14.968,12.455,23.344,19.455,3.889,2.513,1.874,22.668,14.873,3.213,2.418,0.604,0.0,0,0.05
2,7.65,153,accelerate,15.096,12.526,23.47,19.526,3.944,2.57,1.874,23.47,15.096,3.944,2.57,0.707,0.0,1,0.0
2,7.7,154,accelerate,15.202,12.572,23.601,19.572,4.029,2.63,1.877,23.601,15.202,4.029,2.63,0.721,0.0,1,0.0
2,7.75,155,accelerate,15.338,12.655,23.738,19.655,4.083,2.683,1.876,23.039,15.202,3.383,2.547,0.633,0.0,0,0.05
2,7.8,156,accelerate,15.45,12.7,23.88,19.7,4.18,2.75,1.88,23.88,15.45,4.18,2.75,0.746,0.0,1,0.0
2,7.85,157,accelerate,15.552,12.796,24.026,19.796,4.23,2.756,1.878,23.308,15.45,3.512,2.654,0.654,0.0,0,0.05
2,7.9,158,accelerate,15.632,12.914,24.18,19.914,4.266,2.719,1.872,24.18,15.632,4.266,2.719,0.758,0.0,1,0.0
2,7.95,159,accelerate,15.689,12.995,24.335,19.995,4.341,2.694,1.873,24.335,15.689,4.341,2.694,0.768,0.0,1,0.0
2,8.0,160,accelerate,15.771,13.101,24.493,20.101,4.392,2.669,1.869,23.752,15.689,3.651,2.587,0.673,0.0,0,0.05
2,8.05,161,accelerate,15.866,13.228,24.654,20.228,4.426,2.638,1.864,24.654,15.866,4.426,2.638,0.778,0.0,1,0.0
2,8.1,162,accelerate,15.981,13.314,24.819,20.314,4.505,2.667,1.864,24.819,15.981,4.505,2.667,0.79,0.0,1,0.0
2,8.15,163,accelerate,16.008,13.436,24.986,20.436,4.55,2.572,1.86,24.986,16.008,4.55,2.572,0.792,0.0,1,0.0
2,8.2,164,accelerate,16.003,13.519,25.149,20.519,4.63,2.483,1.86,25.149,16.003,4.63,2.483,0.8,0.0,1,0.0
2,8.25,165,accelerate,16.106,13.662,25.308,20.662,4.646,2.443,1.852,24.534,16.003,3.871,2.34,0.694,0.0,0,0.05
2,8.3,166,accelerate,16.314,13.818,25.474,20.818,4.656,2.495,1.843,25.474,16.314,4.656,2.495,0.804,0.0,1,0.0
2,8.35,167,accelerate,16.49,13.931,25.645,20.931,4.714,2.559,1.841,25.645,16.49,4.714,2.559,0.814,0.0,1,0.0
2,8.4,168,accelerate,16.643,14.063,25.818,21.063,4.755,2.58,1.836,25.818,16.643,4.755,2.58,0.82,0.0,1,0.0
2,8.45,169,accelerate,16.774,14.154,25.991,21.154,4.837,2.62,1.836,25.991,16.774,4.837,2.62,0.832,0.0,1,0.0
2,8.5,170,accelerate,16.87,14.309,26.163,21.309,4.854,2.561,1.828,25.335,16.774,4.027,2.466,0.719,0.0,0,0.05
2,8.55,171,accelerate,16.934,14.409,26.33,21.409,4.921,2.525,1.827,26.33,16.934,4.921,2.525,0.84,0.0,1,0.0
2,8.6,172,accelerate,16.988,14.557,26.491,21.557,4.934,2.431,1.82,26.491,16.988,4.934,2.431,0.839,0.0,1,0.0
2,8.65,173,accelerate,17.05,14.734,26.647,21.734,4.913,2.316,1.809,26.647,17.05,4.913,2.316,0.832,0.0,1,0.0
2,8.7,174,accelerate,17.129,14.881,26.799,21.881,4.918,2.249,1.801,26.799,17.129,4.918,2.249,0.831,0.0,1,0.0
2,8.75,175,accelerate,17.219,14.951,26.946,21.951,4.995,2.267,1.802,26.946,17.219,4.995,2.267,0.842,0.0,1,0.0
2,8.8,176,accelerate,17.316,14.856,27.097,21.856,5.241,2.46,1.824,27.097,17.316,5.241,2.46,0.881,0.0,1,0.0
2,8.85,177,accelerate,17.417,14.902,27.251,21.902,5.349,2.515,1.829,26.386,17.316,4.484,2.414,0.778,0.0,0,0.05
2,8.9,178,accelerate,17.522,15.078,27.398,22.078,5.32,2.444,1.817,27.398,17.522,5.32,2.444,0.891,0.0,1,0.0
2,8.95,179,accelerate,17.629,15.275,27.538,22.275,5.263,2.354,1.803,27.538,17.629,5.263,2.354,0.88,0.0,1,0.0
2,9.0,180,accelerate,17.737,15.399,27.672,22.399,5.272,2.338,1.797,26.789,17.629,4.39,2.23,0.76,0.0,0,0.05
2,9.05,181,accelerate,17.846,15.558,27.8,22.558,5.242,2.288,1.787,26.029,17.629,3.471,2.071,0.632,0.0,0,0.1
2,9.1,182,accelerate,17.955,15.714,27.923,22.714,5.209,2.241,1.777,25.258,17.629,2.544,1.915,0.503,0.0,0,0.15
2,9.15,183,accelerate,18.065,15.795,28.045,22.795,5.25,2.27,1.776,24.479,17.629,1.684,1.834,0.386,0.0,0,0.2
2,9.2,184,accelerate,18.176,15.869,28.166,22.869,5.297,2.307,1.775,28.166,18.176,5.297,2.307,0.883,0.0,1,0.0
2,9.25,185,accelerate,18.286,15.892,28.289,22.892,5.398,2.395,1.78,28.289,18.286,5.398,2.395,0.9,0.0,1,0.0
2,9.3,186,accelerate,18.397,15.958,28.415,22.958,5.457,2.439,1.781,28.415,18.397,5.457,2.439,0.909,0.0,1,0.0
2,9.35,187,accelerate,18.508,16.056,28.542,23.056,5.486,2.452,1.778,28.542,18.508,5.486,2.452,0.913,0.0,1,0.0
2,9.4,188,accelerate,18.616,16.161,28.668,23.161,5.507,2.456,1.774,28.668,18.616,5.507,2.456,0.916,0.0,1,0.0
2,9.45,189,accelerate,18.718,16.301,28.792,23.301,5.491,2.417,1.766,28.792,18.718,5.491,2.417,0.913,0.0,1,0.0
2,9.5,190,accelerate,18.813,16.431,28.914,23.431,5.483,2.383,1.76,28.914,18.813,5.483,2.383,0.911,0.0,1,0.0
2,9.55,191,accelerate,18.904,16.594,29.033,23.594,5.438,2.31,1.75,29.033,18.904,5.438,2.31,0.902,0.0,1,0.0
2,9.6,192,accelerate,18.996,16.752,29.147,23.752,5.395,2.243,1.74,29.147,18.996,5.395,2.243,0.894,0.0,1,0.0
2,9.65,193,accelerate,19.092,16.922,29.259,23.922,5.337,2.17,1.729,28.306,18.996,4.384,2.074,0.754,0.0,0,0.05
2,9.7,194,accelerate,19.192,17.075,29.366,24.075,5.291,2.117,1.72,29.366,19.192,5.291,2.117,0.876,0.0,1,0.0
2,9.75,195,accelerate,19.297,17.227,29.472,24.227,5.244,2.069,1.711,28.509,19.192,4.282,1.965,0.736,0.0,0,0.05
2,9.8,196,cruise,19.403,17.369,29.574,24.369,5.205,2.034,1.703,27.644,19.192,3.275,1.823,0.597,0.0,0,0.1
2,9.85,197,cruise,19.509,17.495,29.676,24.495,5.181,2.014,1.696,29.676,19.509,5.181,2.014,0.858,0.0,1,0.0
2,9.9,198,cruise,19.615,17.603,29.777,24.603,5.174,2.012,1.692,29.777,19.615,5.174,2.012,0.857,0.0,1,0.0
2,9.95,199,cruise,19.722,17.717,29.878,24.717,5.161,2.005,1.686,29.878,19.722,5.161,2.005,0.855,0.0,1,0.0
2,10.0,200,cruise,19.831,17.85,29.978,24.85,5.128,1.981,1.679,28.989,19.722,4.139,1.873,0.714,0.0,0,0.05
2,10.05,201,cruise,19.933,17.979,30.076,24.979,5.097,1.954,1.673,28.092,19.722,3.113,1.743,0.573,0.0,0,0.1
2,10.1,202,cruise,20.007,18.091,30.173,25.091,5.083,1.916,1.668,30.173,20.007,5.083,1.916,0.842,0.0,1,0.0
2,10.15,203,cruise,20.016,18.184,30.267,25.184,5.083,1.832,1.664,30.267,20.016,5.083,1.832,0.839,0.0,1,0.0
2,10.2,204,cruise,19.955,18.294,30.354,25.294,5.06,1.661,1.659,30.354,19.955,5.06,1.661,0.83,0.0,1,0.0
2,10.25,205,cruise,19.867,18.415,30.431,25.415,5.016,1.452,1.653,29.436,19.955,4.021,1.54,0.687,0.0,0,0.05
2,10.3,206,cruise,19.781,18.536,30.497,25.536,4.961,1.246,1.645,30.497,19.781,4.961,1.246,0.803,0.0,1,0.0
2,10.35,207,cruise,19.73,18.65,30.554,25.65,4.904,1.08,1.638,30.554,19.73,4.904,1.08,0.79,0.0,1,0.0
2,10.4,208,cruise,19.73,18.77,30.604,25.77,4.834,0.96,1.63,30.604,19.73,4.834,0.96,0.777,0.0,1,0.0
2,10.45,209,cruise,19.767,18.892,30.65,25.892,4.758,0.876,1.622,30.65,19.767,4.758,0.876,0.764,0.0,1,0.0
2,10.5,210,cruise,19.828,19.013,30.692,26.013,4.679,0.816,1.614,30.692,19.828,4.679,0.816,0.751,0.0,1,0.0
2,10.55,211,cruise,19.899,19.131,30.731,26.131,4.6,0.768,1.606,30.731,19.899,4.6,0.768,0.739,0.0,1,0.0
2,10.6,212,cruise,19.954,19.246,30.768,26.246,4.522,0.707,1.599,30.768,19.954,4.522,0.707,0.726,0.0,1,0.0
2,10.65,213,cruise,19.966,19.357,30.801,26.357,4.444,0.609,1.591,30.801,19.966,4.444,0.609,0.713,0.0,1,0.0
2,10.7,214,cruise,19.933,19.464,30.827,26.464,4.364,0.469,1.584,30.827,19.933,4.364,0.469,0.697,0.0,1,0.0
2,10.75,215,cruise,19.875,19.566,30.846,26.566,4.28,0.309,1.577,30.846,19.875,4.28,0.309,0.681,0.0,1,0.0
2,10.8,216,cruise,19.817,19.662,30.857,26.662,4.195,0.155,1.569,29.865,19.875,3.203,0.213,0.534,0.0,0,0.05
2,10.85,217,cruise,19.785,19.744,30.861,26.744,4.116,0.04,1.563,30.861,19.785,4.116,0.04,0.65,0.0,1,0.0
2,10.9,218,cruise,19.794,19.813,30.861,26.813,4.048,-0.019,1.558,29.871,19.785,3.059,-0.028,0.507,0.0,0,0.05
2,10.95,219,cruise,19.836,19.872,30.859,26.872,3.987,-0.036,1.553,30.859,19.836,3.987,-0.036,0.63,0.0,1,0.0
2,11.0,220,cruise,19.893,19.922,30.858,26.922,3.936,-0.029,1.549,30.858,19.893,3.936,-0.029,0.624,0.0,1,0.0
2,11.05,221,cruise,19.936,19.974,30.856,26.974,3.882,-0.038,1.545,29.86,19.893,2.886,-0.081,0.482,0.0,0,0.05
2,11.1,222,cruise,19.945,20.02,30.853,27.02,3.833,-0.075,1.541,30.853,19.945,3.833,-0.075,0.609,0.0,1,0.0
2,11.15,223,cruise,19.918,20.057,30.848,27.057,3.791,-0.139,1.538,30.848,19.918,3.791,-0.139,0.601,0.0,1,0.0
2,11.2,224,cruise,19.872,20.098,30.838,27.098,3.74,-0.226,1.534,29.844,19.918,2.745,-0.18,0.46,0.0,0,0.05
2,11.25,225,cruise,19.828,20.134,30.824,27.134,3.691,-0.305,1.531,28.838,19.918,1.704,-0.215,0.32,0.0,0,0.1
2,11.3,226,cruise,19.806,20.146,30.808,27.146,3.662,-0.34,1.529,27.83,19.918,0.684,-0.228,0.184,0.0,0,0.15
2,11.35,227,cruise,19.817,20.126,30.791,27.126,3.666,-0.309,1.53,30.791,19.817,3.666,-0.309,0.578,0.0,1,0.0
2,11.4,228,cruise,19.853,20.082,30.778,27.082,3.696,-0.23,1.533,30.778,19.853,3.696,-0.23,0.585,0.0,1,0.0
2,11.45,229,cruise,19.895,20.057,30.769,27.057,3.713,-0.161,1.534,30.769,19.895,3.713,-0.161,0.59,0.0,1,0.0
2,11.5,230,cruise,19.923,20.054,30.762,27.054,3.708,-0.132,1.534,29.767,19.895,2.712,-0.159,0.456,0.0,0,0.05
2,11.55,231,cruise,19.923,20.06,30.756,27.06,3.695,-0.138,1.533,30.756,19.923,3.695,-0.138,0.588,0.0,1,0.0
2,11.6,232,cruise,19.899,20.068,30.748,27.068,3.68,-0.17,1.532,30.748,19.899,3.68,-0.17,0.585,0.0,1,0.0
2,11.65,233,cruise,19.864,20.088,30.738,27.088,3.65,-0.224,1.53,30.738,19.864,3.65,-0.224,0.579,0.0,1,0.0
2,11.7,234,cruise,19.835,20.115,30.725,27.115,3.61,-0.28,1.527,30.725,19.835,3.61,-0.28,0.572,0.0,1,0.0
2,11.75,235,cruise,19.826,20.145,30.709,27.145,3.564,-0.32,1.524,30.709,19.826,3.564,-0.32,0.565,0.0,1,0.0
2,11.8,236,cruise,19.839,20.178,30.693,27.178,3.515,-0.338,1.521,30.693,19.839,3.515,-0.338,0.557,0.0,1,0.0
2,11.85,237,cruise,19.867,20.21,30.676,27.21,3.466,-0.343,1.518,30.676,19.867,3.466,-0.343,0.551,0.0,1,0.0
2,11.9,238,cruise,19.894,20.241,30.659,27.241,3.418,-0.347,1.515,30.659,19.894,3.418,-0.347,0.544,0.0,1,0.0
2,11.95,239,cruise,19.907,20.27,30.641,27.27,3.37,-0.363,1.512,29.646,19.894,2.375,-0.376,0.404,0.0,0,0.05
2,12.0,240,cruise,19.902,20.29,30.622,27.29,3.332,-0.389,1.509,30.622,19.902,3.332,-0.389,0.531,0.0,1,0.0
2,12.05,241,cruise,19.882,20.3,30.602,27.3,3.302,-0.417,1.507,29.607,19.902,2.307,-0.398,0.394,0.0,0,0.05
2,12.1,242,cruise,19.86,20.305,30.58,27.305,3.275,-0.445,1.506,30.58,19.86,3.275,-0.445,0.522,0.0,1,0.0
2,12.15,243,cruise,19.845,20.303,30.557,27.303,3.254,-0.458,1.505,29.565,19.86,2.262,-0.443,0.387,0.0,0,0.05
2,12.2,244,cruise,19.845,20.3,30.534,27.3,3.234,-0.455,1.504,30.534,19.845,3.234,-0.455,0.516,0.0,1,0.0
2,12.25,245,cruise,19.857,20.292,30.512,27.292,3.22,-0.435,1.504,30.512,19.857,3.22,-0.435,0.515,0.0,1,0.0
2,12.3,246,cruise,19.875,20.292,30.491,27.292,3.199,-0.417,1.503,30.491,19.875,3.199,-0.417,0.513,0.0,1,0.0
2,12.35,247,cruise,19.889,20.297,30.47,27.297,3.174,-0.407,1.501,29.476,19.875,2.18,-0.422,0.377,0.0,0,0.05
2,12.4,248,cruise,19.893,20.296,30.45,27.296,3.154,-0.403,1.5,28.461,19.875,1.165,-0.421,0.241,0.0,0,0.1
2,12.45,249,cruise,19.887,20.275,30.43,27.275,3.155,-0.388,1.501,30.43,19.887,3.155,-0.388,0.508,0.0,1,0.0
2,12.5,250,cruise,19.873,20.238,30.412,27.238,3.173,-0.365,1.503,30.412,19.873,3.173,-0.365,0.511,0.0,1,0.0
2,12.55,251,cruise,19.861,20.216,30.394,27.216,3.178,-0.355,1.503,29.401,19.873,2.185,-0.343,0.38,0.0,0,0.05
2,12.6,252,cruise,19.855,20.198,30.376,27.198,3.178,-0.343,1.504,28.39,19.873,1.192,-0.325,0.248,0.0,0,0.1
2,12.65,253,cruise,19.857,20.167,30.36,27.167,3.194,-0.309,1.505,30.36,19.857,3.194,-0.309,0.516,0.0,1,0.0
2,12.7,254,cruise,19.867,20.125,30.346,27.125,3.222,-0.258,1.508,29.353,19.857,2.229,-0.267,0.388,0.0,0,0.05
2,12.75,255,cruise,19.877,20.092,30.335,27.092,3.243,-0.215,1.51,30.335,19.877,3.243,-0.215,0.525,0.0,1,0.0
2,12.8,256,cruise,19.884,20.066,30.325,27.066,3.259,-0.182,1.511,29.331,19.877,2.265,-0.189,0.396,0.0,0,0.05
2,12.85,257,cruise,19.884,20.048,30.316,27.048,3.268,-0.165,1.512,30.316,19.884,3.268,-0.165,0.53,0.0,1,0.0
2,12.9,258,cruise,19.878,20.033,30.309,27.033,3.276,-0.155,1.513,30.309,19.878,3.276,-0.155,0.532,0.0,1,0.0
2,12.95,259,cruise,19.869,20.03,30.301,27.03,3.271,-0.16,1.513,30.301,19.869,3.271,-0.16,0.531,0.0,1,0.0
2,13.0,260,cruise,19.863,20.035,30.292,27.035,3.257,-0.172,1.512,30.292,19.863,3.257,-0.172,0.529,0.0,1,0.0
2,13.05,261,cruise,19.861,20.046,30.283,27.046,3.237,-0.185,1.511,30.283,19.861,3.237,-0.185,0.525,0.0,1,0.0
2,13.1,262,cruise,19.865,20.06,30.274,27.06,3.214,-0.195,1.509,29.281,19.861,2.221,-0.198,0.389,0.0,0,0.05
2,13.15,263,cruise,19.871,20.067,30.264,27.067,3.197,-0.196,1.508,30.264,19.871,3.197,-0.196,0.52,0.0,1,0.0
2,13.2,264,cruise,19.877,20.067,30.254,27.067,3.187,-0.19,1.508,29.261,19.871,2.193,-0.196,0.386,0.0,0,0.05
2,13.25,265,cruise,19.879,20.065,30.245,27.065,3.18,-0.186,1.507,28.257,19.871,1.192,-0.194,0.253,0.0,0,0.1
2,13.3,266,cruise,19.878,20.044,30.236,27.044,3.192,-0.166,1.508,27.254,19.871,0.21,-0.173,0.122,0.0,0,0.15
2,13.35,267,cruise,19.873,19.995,30.229,26.995,3.234,-0.121,1.512,30.229,19.873,3.234,-0.121,0.527,0.0,1,0.0
2,13.4,268,cruise,19.869,19.926,30.225,26.926,3.299,-0.058,1.517,29.231,19.873,2.305,-0.053,0.406,0.0,0,0.05
2,13.45,269,cruise,19.866,19.87,30.224,26.87,3.354,-0.004,1.521,30.224,19.866,3.354,-0.004,0.547,0.0,1,0.0
2,13.5,270,cruise,19.866,19.832,30.225,26.832,3.393,0.034,1.524,30.225,19.866,3.393,0.034,0.554,0.0,1,0.0
2,13.55,271,cruise,19.869,19.817,30.227,26.817,3.41,0.052,1.525,30.227,19.869,3.41,0.052,0.556,0.0,1,0.0
2,13.6,272,cruise,19.873,19.818,30.23,26.818,3.412,0.055,1.525,29.236,19.869,2.418,0.051,0.424,0.0,0,0.05
2,13.65,273,cruise,19.875,19.822,30.232,26.822,3.411,0.054,1.525,30.232,19.875,3.411,0.054,0.557,0.0,1,0.0
2,13.7,274,cruise,19.876,19.824,30.235,26.824,3.411,0.052,1.525,30.235,19.876,3.411,0.052,0.557,0.0,1,0.0
2,13.75,275,cruise,19.874,19.837,30.237,26.837,3.401,0.038,1.524,29.244,19.876,2.407,0.039,0.422,0.0,0,0.05
2,13.8,276,cruise,19.872,19.848,30.239,26.848,3.391,0.024,1.524,28.251,19.876,1.404,0.028,0.288,0.0,0,0.1
2,13.85,277,cruise,19.869,19.84,30.24,26.84,3.4,0.029,1.524,27.259,19.876,0.419,0.036,0.157,0.0,0,0.15
2,13.9,278,cruise,19.868,19.804,30.242,26.804,3.438,0.064,1.527,30.242,19.868,3.438,0.064,0.561,0.0,1,0.0
2,13.95,279,cruise,19.869,19.749,30.247,26.749,3.499,0.12,1.532,30.247,19.869,3.499,0.12,0.57,0.0,1,0.0
2,14.0,280,cruise,19.871,19.712,30.254,26.712,3.542,0.158,1.535,29.261,19.869,2.549,0.156,0.445,0.0,0,0.05
2,14.05,281,cruise,19.873,19.694,30.263,26.694,3.569,0.179,1.537,30.263,19.873,3.569,0.179,0.582,0.0,1,0.0
2,14.1,282,cruise,19.874,19.686,30.272,26.686,3.587,0.189,1.538,30.272,19.874,3.587,0.189,0.585,0.0,1,0.0
2,14.15,283,cruise,19.874,19.694,30.282,26.694,3.587,0.18,1.538,30.282,19.874,3.587,0.18,0.584,0.0,1,0.0
2,14.2,284,cruise,19.873,19.715,30.29,26.715,3.575,0.158,1.536,30.29,19.873,3.575,0.158,0.582,0.0,1,0.0
2,14.25,285,cruise,19.871,19.743,30.297,26.743,3.554,0.128,1.535,29.303,19.873,2.561,0.13,0.446,0.0,0,0.05
2,14.3,286,cruise,19.87,19.767,30.302,26.767,3.535,0.102,1.533,30.302,19.87,3.535,0.102,0.575,0.0,1,0.0
2,14.35,287,cruise,19.869,19.786,30.307,26.786,3.521,0.083,1.532,30.307,19.869,3.521,0.083,0.572,0.0,1,0.0
2,14.4,288,cruise,19.87,19.811,30.31,26.811,3.499,0.059,1.53,30.31,19.87,3.499,0.059,0.569,0.0,1,0.0
2,14.45,289,cruise,19.872,19.84,30.313,26.84,3.472,0.031,1.528,30.313,19.872,3.472,0.031,0.564,0.0,1,0.0
2,14.5,290,cruise,19.873,19.871,30.313,26.871,3.442,0.001,1.525,30.313,19.873,3.442,0.001,0.559,0.0,1,0.0
2,14.55,291,cruise,19.873,19.903,30.312,26.903,3.409,-0.03,1.523,30.312,19.873,3.409,-0.03,0.554,0.0,1,0.0
2,14.6,292,cruise,19.873,19.935,30.31,26.935,3.375,-0.061,1.52,30.31,19.873,3.375,-0.061,0.548,0.0,1,0.0
2,14.65,293,cruise,19.872,19.965,30.306,26.965,3.34,-0.093,1.518,30.306,19.872,3.34,-0.093,0.542,0.0,1,0.0
2,14.7,294,cruise,19.871,19.994,30.3,26.994,3.305,-0.123,1.515,29.306,19.872,2.312,-0.122,0.404,0.0,0,0.05
2,14.75,295,cruise,19.87,20.014,30.293,27.014,3.279,-0.144,1.514,28.306,19.872,1.292,-0.142,0.268,0.0,0,0.1
2,14.8,296,cruise,19.87,20.009,30.286,27.009,3.277,-0.14,1.514,27.305,19.872,0.296,-0.137,0.135,0.0,0,0.15
2,14.85,297,cruise,19.87,19.972,30.28,26.972,3.308,-0.102,1.516,30.28,19.87,3.308,-0.102,0.538,0.0,1,0.0
2,14.9,298,cruise,19.871,19.912,30.277,26.912,3.365,-0.042,1.521,29.284,19.87,2.371,-0.043,0.415,0.0,0,0.05
2,14.95,299,cruise,19.872,19.864,30.277,26.864,3.413,0.009,1.524,30.277,19.872,3.413,0.009,0.555,0.0,1,0.0
2,15.0,300,cruise,19.873,19.831,30.278,26.831,3.447,0.042,1.527,29.285,19.872,2.454,0.041,0.429,0.0,0,0.05
2,15.05,301,cruise,19.873,19.813,30.281,26.813,3.468,0.06,1.528,30.281,19.873,3.468,0.06,0.564,0.0,1,0.0
2,15.1,302,cruise,19.872,19.802,30.284,26.802,3.482,0.07,1.529,29.291,19.873,2.488,0.071,0.434,0.0,0,0.05
2,15.15,303,cruise,19.871,19.799,30.288,26.799,3.488,0.072,1.53,30.288,19.871,3.488,0.072,0.568,0.0,1,0.0
2,15.2,304,cruise,19.87,19.799,30.291,26.799,3.493,0.072,1.53,29.298,19.871,2.499,0.072,0.436,0.0,0,0.05
2,15.25,305,cruise,19.87,19.803,30.295,26.803,3.492,0.067,1.53,28.308,19.871,1.505,0.068,0.303,0.0,0,0.1
2,15.3,306,cruise,19.871,19.793,30.298,26.793,3.505,0.078,1.531,27.318,19.871,0.525,0.078,0.173,0.0,0,0.15
2,15.35,307,cruise,19.871,19.757,30.303,26.757,3.546,0.114,1.534,30.303,19.871,3.546,0.114,0.577,0.0,1,0.0
2,15.4,308,cruise,19.872,19.704,30.311,26.704,3.607,0.168,1.538,30.311,19.872,3.607,0.168,0.586,0.0,1,0.0
2,15.45,309,cruise,19.872,19.671,30.32,26.671,3.649,0.201,1.541,30.32,19.872,3.649,0.201,0.593,0.0,1,0.0
2,15.5,310,cruise,19.872,19.665,30.33,26.665,3.665,0.207,1.542,30.33,19.872,3.665,0.207,0.596,0.0,1,0.0
2,15.55,311,cruise,19.872,19.678,30.34,26.678,3.663,0.194,1.542,30.34,19.872,3.663,0.194,0.595,0.0,1,0.0
2,15.6,312,cruise,19.871,19.702,30.349,26.702,3.648,0.169,1.54,29.356,19.872,2.654,0.17,0.46,0.0,0,0.05
2,15.65,313,cruise,19.871,19.726,30.357,26.726,3.631,0.145,1.539,30.357,19.871,3.631,0.145,0.589,0.0,1,0.0
2,15.7,314,cruise,19.871,19.746,30.364,26.746,3.618,0.125,1.538,30.364,19.871,3.618,0.125,0.587,0.0,1,0.0
2,15.75,315,cruise,19.871,19.774,30.369,26.774,3.595,0.097,1.536,30.369,19.871,3.595,0.097,0.583,0.0,1,0.0
2,15.8,316,cruise,19.872,19.807,30.373,26.807,3.566,0.064,1.533,29.379,19.871,2.572,0.064,0.445,0.0,0,0.05
2,15.85,317,cruise,19.872,19.835,30.375,26.835,3.54,0.037,1.531,28.388,19.871,1.553,0.036,0.308,0.0,0,0.1
2,15.9,318,cruise,19.872,19.841,30.377,26.841,3.535,0.031,1.531,30.377,19.872,3.535,0.031,0.572,0.0,1,0.0
2,15.95,319,cruise,19.872,19.831,30.379,26.831,3.547,0.04,1.532,30.379,19.872,3.547,0.04,0.574,0.0,1,0.0
2,16.0,320,cruise,19.872,19.835,30.381,26.835,3.545,0.036,1.532,29.387,19.872,2.552,0.037,0.441,0.0,0,0.05
2,16.05,321,cruise,19.871,19.843,30.382,26.843,3.539,0.028,1.531,30.382,19.871,3.539,0.028,0.573,0.0,1,0.0
2,16.1,322,cruise,19.871,19.85,30.383,26.85,3.533,0.021,1.531,29.39,19.871,2.539,0.021,0.439,0.0,0,0.05
2,16.15,323,cruise,19.871,19.861,30.384,26.861,3.523,0.01,1.53,28.397,19.871,1.536,0.01,0.305,0.0,0,0.1
2,16.2,324,cruise,19.871,19.855,30.385,26.855,3.53,0.016,1.53,27.404,19.871,0.549,0.016,0.174,0.0,0,0.15
2,16.25,325,cruise,19.872,19.822,30.387,26.822,3.565,0.049,1.533,30.387,19.872,3.565,0.049,0.577,0.0,1,0.0
2,16.3,326,cruise,19.872,19.77,30.391,26.77,3.62,0.101,1.537,30.391,19.872,3.62,0.101,0.586,0.0,1,0.0
2,16.35,327,cruise,19.872,19.738,30.397,26.738,3.658,0.133,1.54,29.403,19.872,2.665,0.133,0.46,0.0,0,0.05
2,16.4,328,cruise,19.872,19.725,30.404,26.725,3.678,0.147,1.541,28.416,19.872,1.691,0.147,0.33,0.0,0,0.1
2,16.45,329,cruise,19.871,19.707,30.411,26.707,3.704,0.164,1.543,30.411,19.871,3.704,0.164,0.599,0.0,1,0.0
2,16.5,330,cruise,19.871,19.686,30.42,26.686,3.735,0.186,1.545,30.42,19.871,3.735,0.186,0.604,0.0,1,0.0
2,16.55,331,cruise,19.871,19.685,30.43,26.685,3.744,0.186,1.546,30.43,19.871,3.744,0.186,0.605,0.0,1,0.0
2,16.6,332,cruise,19.871,19.702,30.438,26.702,3.736,0.169,1.545,30.438,19.871,3.736,0.169,0.604,0.0,1,0.0
2,16.65,333,cruise,19.871,19.731,30.446,26.731,3.715,0.14,1.543,30.446,19.871,3.715,0.14,0.6,0.0,1,0.0
2,16.7,334,cruise,19.872,19.767,30.452,26.767,3.685,0.105,1.541,30.452,19.872,3.685,0.105,0.595,0.0,1,0.0
2,16.75,335,cruise,19.872,19.806,30.456,26.806,3.65,0.065,1.538,30.456,19.872,3.65,0.065,0.589,0.0,1,0.0
2,16.8,336,cruise,19.872,19.848,30.458,26.848,3.61,0.024,1.535,30.458,19.872,3.61,0.024,0.582,0.0,1,0.0
2,16.85,337,cruise,19.872,19.89,30.458,26.89,3.568,-0.018,1.531,30.458,19.872,3.568,-0.018,0.575,0.0,1,0.0
2,16.9,338,cruise,19.871,19.931,30.456,26.931,3.525,-0.059,1.528,29.462,19.872,2.532,-0.059,0.436,0.0,0,0.05
2,16.95,339,cruise,19.871,19.962,30.452,26.962,3.489,-0.091,1.525,30.452,19.871,3.489,-0.091,0.562,0.0,1,0.0
2,17.0,340,cruise,19.871,19.984,30.447,26.984,3.462,-0.113,1.524,30.447,19.871,3.462,-0.113,0.558,0.0,1,0.0
2,17.05,341,cruise,19.871,20.009,30.44,27.009,3.431,-0.138,1.521,30.44,19.871,3.431,-0.138,0.553,0.0,1,0.0
2,17.1,342,cruise,19.871,20.036,30.433,27.036,3.396,-0.165,1.519,30.433,19.871,3.396,-0.165,0.547,0.0,1,0.0
2,17.15,343,cruise,19.872,20.064,30.424,27.064,3.36,-0.192,1.516,30.424,19.872,3.36,-0.192,0.542,0.0,1,0.0
2,17.2,344,cruise,19.872,20.091,30.413,27.091,3.323,-0.219,1.514,30.413,19.872,3.323,-0.219,0.536,0.0,1,0.0
2,17.25,345,cruise,19.872,20.116,30.401,27.116,3.285,-0.245,1.511,30.401,19.872,3.285,-0.245,0.53,0.0,1,0.0
2,17.3,346,cruise,19.868,20.14,30.388,27.14,3.248,-0.273,1.509,30.388,19.868,3.248,-0.273,0.524,0.0,1,0.0
2,17.35,347,cruise,19.868,20.163,30.374,27.163,3.211,-0.294,1.506,30.374,19.868,3.211,-0.294,0.518,0.0,1,0.0
2,17.4,348,cruise,19.848,20.183,30.358,27.183,3.175,-0.336,1.504,30.358,19.848,3.175,-0.336,0.512,0.0,1,0.0
2,17.45,349,cruise,19.855,20.201,30.341,27.201,3.139,-0.347,1.502,30.341,19.855,3.139,-0.347,0.507,0.0,1,0.0
2,17.5,350,cruise,19.849,20.217,30.322,27.217,3.105,-0.369,1.5,30.322,19.849,3.105,-0.369,0.502,0.0,1,0.0
2,17.55,351,cruise,19.867,20.231,30.304,27.231,3.072,-0.365,1.498,30.304,19.867,3.072,-0.365,0.497,0.0,1,0.0
2,17.6,352,cruise,19.855,20.243,30.284,27.243,3.041,-0.389,1.496,30.284,19.855,3.041,-0.389,0.492,0.0,1,0.0
2,17.65,353,cruise,19.841,20.253,30.261,27.253,3.008,-0.412,1.494,30.261,19.841,3.008,-0.412,0.487,0.0,1,0.0
2,17.7,354,cruise,19.851,20.261,30.236,27.261,2.974,-0.41,1.492,30.236,19.851,2.974,-0.41,0.483,0.0,1,0.0
2,17.75,355,cruise,19.868,20.267,30.211,27.267,2.944,-0.399,1.491,30.211,19.868,2.944,-0.399,0.479,0.0,1,0.0
2,17.8,356,cruise,19.838,20.272,30.186,27.272,2.915,-0.434,1.489,29.198,19.868,1.926,-0.404,0.343,0.0,0,0.05
2,17.85,357,cruise,19.844,20.267,30.162,27.267,2.895,-0.423,1.488,28.184,19.868,0.917,-0.399,0.209,0.0,0,0.1
2,17.9,358,cruise,19.869,20.239,30.136,27.239,2.897,-0.37,1.489,30.136,19.869,2.897,-0.37,0.474,0.0,1,0.0
2,17.95,359,cruise,19.892,20.193,30.112,27.193,2.918,-0.302,1.491,29.126,19.869,1.932,-0.325,0.347,0.0,0,0.05
2,18.0,360,cruise,19.9,20.154,30.09,27.154,2.936,-0.253,1.493,30.09,19.9,2.936,-0.253,0.483,0.0,1,0.0
2,18.05,361,cruise,19.889,20.118,30.069,27.118,2.952,-0.228,1.495,30.069,19.889,2.952,-0.228,0.486,0.0,1,0.0
2,18.1,362,cruise,19.863,20.095,30.05,27.095,2.955,-0.232,1.495,30.05,19.863,2.955,-0.232,0.486,0.0,1,0.0
2,18.15,363,cruise,19.849,20.082,30.031,27.082,2.949,-0.234,1.495,29.047,19.863,1.965,-0.219,0.355,0.0,0,0.05
2,18.2,364,cruise,19.833,20.068,30.014,27.068,2.946,-0.234,1.496,30.014,19.833,2.946,-0.234,0.485,0.0,1,0.0
2,18.25,365,cruise,19.847,20.049,29.998,27.049,2.95,-0.202,1.496,29.998,19.847,2.95,-0.202,0.487,0.0,1,0.0
2,18.3,366,cruise,19.853,20.038,29.986,27.038,2.948,-0.185,1.496,29.986,19.853,2.948,-0.185,0.487,0.0,1,0.0
2,18.35,367,cruise,19.879,20.032,29.977,27.032,2.945,-0.153,1.496,29.977,19.879,2.945,-0.153,0.488,0.0,1,0.0
2,18.4,368,cruise,19.884,20.03,29.97,27.03,2.94,-0.146,1.496,28.978,19.879,1.948,-0.151,0.355,0.0,0,0.05
2,18.45,369,cruise,19.892,20.022,29.965,27.022,2.942,-0.13,1.497,27.98,19.879,0.958,-0.143,0.223,0.0,0,0.1
2,18.5,370,cruise,19.876,19.994,29.961,26.994,2.967,-0.119,1.499,29.961,19.876,2.967,-0.119,0.492,0.0,1,0.0
2,18.55,371,cruise,19.868,19.952,29.96,26.952,3.009,-0.084,1.502,29.96,19.868,3.009,-0.084,0.498,0.0,1,0.0
2,18.6,372,cruise,19.851,19.924,29.961,26.924,3.038,-0.073,1.504,29.961,19.851,3.038,-0.073,0.503,0.0,1,0.0
2,18.65,373,cruise,19.853,19.909,29.963,26.909,3.054,-0.056,1.505,29.963,19.853,3.054,-0.056,0.505,0.0,1,0.0
2,18.7,374,cruise,19.856,19.903,29.966,26.903,3.063,-0.048,1.506,29.966,19.856,3.063,-0.048,0.507,0.0,1,0.0
2,18.75,375,cruise,19.871,19.904,29.97,26.904,3.066,-0.033,1.506,29.97,19.871,3.066,-0.033,0.508,0.0,1,0.0
2,18.8,376,cruise,19.879,19.905,29.974,26.905,3.069,-0.026,1.506,29.974,19.879,3.069,-0.026,0.508,0.0,1,0.0
2,18.85,377,cruise,19.886,19.912,29.979,26.912,3.066,-0.026,1.506,28.985,19.879,2.073,-0.033,0.375,0.0,0,0.05
2,18.9,378,cruise,19.882,19.891,29.982,26.891,3.092,-0.009,1.507,29.982,19.882,3.092,-0.009,0.512,0.0,1,0.0
2,18.95,379,cruise,19.875,19.885,29.986,26.885,3.101,-0.01,1.508,29.986,19.875,3.101,-0.01,0.513,0.0,1,0.0
2,19.0,380,cruise,19.865,19.866,29.989,26.866,3.123,-0.001,1.51,29.989,19.865,3.123,-0.001,0.516,0.0,1,0.0
2,19.05,381,cruise,19.861,19.871,29.991,26.871,3.12,-0.01,1.509,28.999,19.865,2.128,-0.006,0.384,0.0,0,0.05
2,19.1,382,cruise,19.86,19.873,29.992,26.873,3.119,-0.013,1.509,29.992,19.86,3.119,-0.013,0.515,0.0,1,0.0
2,19.15,383,cruise,19.866,19.848,29.993,26.848,3.145,0.019,1.511,29.993,19.866,3.145,0.019,0.52,0.0,1,0.0
2,19.2,384,cruise,19.873,19.815,29.996,26.815,3.182,0.058,1.514,29.005,19.866,2.191,0.052,0.394,0.0,0,0.05
2,19.25,385,cruise,19.879,19.763,30.0,26.763,3.237,0.116,1.518,30.0,19.879,3.237,0.116,0.535,0.0,1,0.0
2,19.3,386,cruise,19.88,19.752,30.004,26.752,3.252,0.128,1.519,29.012,19.879,2.261,0.127,0.406,0.0,0,0.05
2,19.35,387,cruise,19.877,19.696,30.006,26.696,3.31,0.182,1.523,28.023,19.879,1.328,0.183,0.283,0.0,0,0.1
2,19.4,388,cruise,19.872,19.666,30.012,26.666,3.346,0.206,1.526,30.012,19.872,3.346,0.206,0.553,0.0,1,0.0
2,19.45,389,cruise,19.867,19.635,30.021,26.635,3.386,0.232,1.529,30.021,19.867,3.386,0.232,0.559,0.0,1,0.0
2,19.5,390,cruise,19.865,19.621,30.032,26.621,3.412,0.244,1.531,30.032,19.865,3.412,0.244,0.563,0.0,1,0.0
2,19.55,391,cruise,19.866,19.619,30.045,26.619,3.426,0.247,1.531,30.045,19.866,3.426,0.247,0.565,0.0,1,0.0
2,19.6,392,cruise,19.87,19.617,30.058,26.617,3.441,0.253,1.532,29.067,19.866,2.449,0.249,0.435,0.0,0,0.05
2,19.65,393,cruise,19.874,19.629,30.072,26.629,3.443,0.245,1.532,30.072,19.874,3.443,0.245,0.567,0.0,1,0.0
2,19.7,394,cruise,19.876,19.632,30.087,26.632,3.455,0.244,1.533,30.087,19.876,3.455,0.244,0.569,0.0,1,0.0
2,19.75,395,cruise,19.876,19.649,30.101,26.649,3.452,0.227,1.532,29.109,19.876,2.46,0.227,0.436,0.0,0,0.05
2,19.8,396,cruise,19.874,19.655,30.115,26.655,3.46,0.219,1.532,30.115,19.874,3.46,0.219,0.569,0.0,1,0.0
2,19.85,397,cruise,19.87,19.666,30.128,26.666,3.462,0.204,1.532,30.128,19.87,3.462,0.204,0.568,0.0,1,0.0
2,19.9,398,cruise,19.868,19.671,30.141,26.671,3.469,0.196,1.532,30.141,19.868,3.469,0.196,0.569,0.0,1,0.0
2,19.95,399,cruise,19.867,19.698,30.152,26.698,3.455,0.17,1.531,29.159,19.868,2.462,0.17,0.434,0.0,0,0.05
2,20.0,400,cruise,19.869,19.704,30.162,26.704,3.458,0.164,1.531,30.162,19.869,3.458,0.164,0.567,0.0,1,0.0
2,20.05,401,cruise,19.871,19.72,30.172,26.72,3.452,0.151,1.53,30.172,19.871,3.452,0.151,0.565,0.0,1,0.0
2,20.1,402,cruise,19.868,19.73,30.181,26.73,3.45,0.138,1.53,30.181,19.868,3.45,0.138,0.565,0.0,1,0.0
2,20.15,403,cruise,19.87,19.757,30.188,26.757,3.431,0.114,1.528,29.195,19.868,2.438,0.111,0.429,0.0,0,0.05
2,20.2,404,cruise,19.86,19.769,30.194,26.769,3.425,0.091,1.527,30.194,19.86,3.425,0.091,0.56,0.0,1,0.0
2,20.25,405,cruise,19.843,19.783,30.198,26.783,3.414,0.06,1.526,30.198,19.843,3.414,0.06,0.557,0.0,1,0.0
2,20.3,406,cruise,19.855,19.797,30.201,26.797,3.404,0.058,1.526,30.201,19.855,3.404,0.058,0.556,0.0,1,0.0
2,20.35,407,cruise,19.855,19.821,30.202,26.821,3.381,0.033,1.524,29.211,19.855,2.39,0.034,0.42,0.0,0,0.05
2,20.4,408,cruise,19.874,19.835,30.204,26.835,3.368,0.039,1.523,30.204,19.874,3.368,0.039,0.55,0.0,1,0.0
2,20.45,409,cruise,19.868,19.847,30.204,26.847,3.357,0.022,1.522,30.204,19.868,3.357,0.022,0.548,0.0,1,0.0
2,20.5,410,cruise,19.822,19.86,30.201,26.86,3.34,-0.038,1.521,30.201,19.822,3.34,-0.038,0.544,0.0,1,0.0
2,20.55,411,cruise,19.829,19.881,30.194,26.881,3.314,-0.052,1.519,30.194,19.829,3.314,-0.052,0.54,0.0,1,0.0
2,20.6,412,cruise,19.828,19.901,30.186,26.901,3.285,-0.073,1.517,30.186,19.828,3.285,-0.073,0.536,0.0,1,0.0
2,20.65,413,cruise,19.868,19.924,30.177,26.924,3.253,-0.056,1.515,30.177,19.868,3.253,-0.056,0.532,0.0,1,0.0
2,20.7,414,cruise,19.873,19.945,30.167,26.945,3.222,-0.071,1.513,30.167,19.873,3.222,-0.071,0.527,0.0,1,0.0
2,20.75,415,cruise,19.896,19.967,30.155,26.967,3.188,-0.071,1.51,29.17,19.873,2.203,-0.093,0.391,0.0,0,0.05
2,20.8,416,cruise,19.871,19.979,30.14,26.979,3.161,-0.108,1.509,28.172,19.873,1.193,-0.105,0.256,0.0,0,0.1
2,20.85,417,cruise,19.786,19.968,30.119,26.968,3.15,-0.182,1.508,30.119,19.786,3.15,-0.182,0.514,0.0,1,0.0
2,20.9,418,cruise,19.769,19.94,30.094,26.94,3.153,-0.171,1.509,30.094,19.769,3.153,-0.171,0.515,0.0,1,0.0
2,20.95,419,cruise,19.757,19.925,30.067,26.925,3.142,-0.168,1.509,30.067,19.757,3.142,-0.168,0.513,0.0,1,0.0
2,21.0,420,cruise,19.811,19.92,30.039,26.92,3.12,-0.109,1.508,29.073,19.757,2.153,-0.163,0.382,0.0,0,0.05
2,21.05,421,cruise,19.839,19.914,30.012,26.914,3.098,-0.076,1.507,30.012,19.839,3.098,-0.076,0.511,0.0,1,0.0
2,21.1,422,cruise,19.832,19.905,29.982,26.905,3.077,-0.072,1.506,29.982,19.832,3.077,-0.072,0.508,0.0,1,0.0
2,21.15,423,cruise,19.877,19.903,29.95,26.903,3.047,-0.026,1.505,28.992,19.832,2.089,-0.071,0.376,0.0,0,0.05
2,21.2,424,cruise,19.877,19.899,29.917,26.899,3.019,-0.022,1.503,29.917,19.877,3.019,-0.022,0.502,0.0,1,0.0
2,21.25,425,cruise,19.898,19.889,29.884,26.889,2.995,0.009,1.503,29.884,19.898,2.995,0.009,0.5,0.0,1,0.0
2,21.3,426,cruise,19.86,19.886,29.849,26.886,2.962,-0.026,1.501,28.899,19.898,2.012,0.012,0.369,0.0,0,0.05
2,21.35,427,cruise,19.768,19.88,29.807,26.88,2.927,-0.113,1.499,29.807,19.768,2.927,-0.113,0.486,0.0,1,0.0
2,21.4,428,cruise,19.752,19.869,29.762,26.869,2.893,-0.117,1.498,29.762,19.752,2.893,-0.117,0.482,0.0,1,0.0
2,21.45,429,cruise,19.733,19.862,29.715,26.862,2.853,-0.129,1.496,29.715,19.733,2.853,-0.129,0.476,0.0,1,0.0
2,21.5,430,cruise,19.785,19.859,29.671,26.859,2.812,-0.074,1.494,29.671,19.785,2.812,-0.074,0.473,0.0,1,0.0
2,21.55,431,cruise,19.806,19.856,29.629,26.856,2.773,-0.05,1.492,28.701,19.785,1.844,-0.072,0.344,0.0,0,0.05
2,21.6,432,cruise,19.799,19.842,29.586,26.842,2.745,-0.043,1.491,29.586,19.799,2.745,-0.043,0.465,0.0,1,0.0
2,21.65,433,cruise,19.862,19.825,29.547,26.825,2.722,0.037,1.49,29.547,19.862,2.722,0.037,0.464,0.0,1,0.0
2,21.7,434,cruise,19.885,19.801,29.512,26.801,2.712,0.085,1.49,29.512,19.885,2.712,0.085,0.464,0.0,1,0.0
2,21.75,435,cruise,19.927,19.791,29.483,26.791,2.692,0.136,1.49,29.483,19.927,2.692,0.136,0.463,0.0,1,0.0
2,21.8,436,cruise,19.89,19.765,29.457,26.765,2.693,0.125,1.49,29.457,19.89,2.693,0.125,0.463,0.0,1,0.0
2,21.85,437,cruise,19.787,19.726,29.427,26.726,2.701,0.061,1.492,29.427,19.787,2.701,0.061,0.462,0.0,1,0.0
2,21.9,438,cruise,19.751,19.721,29.397,26.721,2.677,0.03,1.491,28.491,19.787,1.77,0.066,0.338,0.0,0,0.05
2,21.95,439,cruise,19.725,19.69,29.369,26.69,2.679,0.035,1.492,27.554,19.787,0.864,0.097,0.218,0.0,0,0.1
2,22.0,440,cruise,19.769,19.658,29.349,26.658,2.691,0.111,1.493,29.349,19.769,2.691,0.111,0.463,0.0,1,0.0
2,22.05,441,cruise,19.797,19.587,29.337,26.587,2.75,0.21,1.498,28.43,19.769,1.843,0.182,0.352,0.0,0,0.05
2,22.1,442,cruise,19.875,19.547,29.337,26.547,2.79,0.327,1.501,27.514,19.769,0.966,0.222,0.236,0.0,0,0.1
2,22.15,443,cruise,19.909,19.474,29.348,26.474,2.874,0.435,1.507,26.6,19.769,0.126,0.295,0.127,0.0,0,0.15
2,22.2,444,cruise,19.95,19.406,29.372,26.406,2.966,0.544,1.514,29.372,19.95,2.966,0.544,0.514,0.0,1,0.0
2,22.25,445,cruise,19.915,19.296,29.406,26.296,3.111,0.619,1.524,29.406,19.915,3.111,0.619,0.535,0.0,1,0.0
2,22.3,446,cruise,19.883,19.15,29.449,26.15,3.299,0.733,1.538,29.449,19.883,3.299,0.733,0.564,0.0,1,0.0
2,22.35,447,cruise,19.814,19.09,29.496,26.09,3.407,0.724,1.545,29.496,19.814,3.407,0.724,0.578,0.0,1,0.0
2,22.4,448,cruise,19.721,19.03,29.542,26.03,3.512,0.691,1.552,29.542,19.721,3.512,0.691,0.591,0.0,1,0.0
2,22.45,449,cruise,19.719,19.033,29.589,26.033,3.556,0.687,1.555,29.589,19.719,3.556,0.687,0.597,0.0,1,0.0
2,22.5,450,cruise,19.739,19.017,29.639,26.017,3.621,0.722,1.558,28.717,19.719,2.699,0.702,0.483,0.0,0,0.05
2,22.55,451,cruise,19.807,19.038,29.695,26.038,3.657,0.769,1.56,29.695,19.807,3.657,0.769,0.613,0.0,1,0.0
2,22.6,452,cruise,19.859,19.019,29.758,26.019,3.738,0.839,1.565,29.758,19.859,3.738,0.839,0.626,0.0,1,0.0
2,22.65,453,cruise,19.931,19.047,29.827,26.047,3.781,0.885,1.566,29.827,19.931,3.781,0.885,0.634,0.0,1,0.0
2,22.7,454,cruise,19.947,19.047,29.902,26.047,3.855,0.9,1.57,29.902,19.947,3.855,0.9,0.644,0.0,1,0.0
2,22.75,455,cruise,19.942,18.995,29.977,25.995,3.982,0.947,1.578,29.03,19.947,3.035,0.952,0.536,0.0,0,0.05
2,22.8,456,cruise,19.873,19.006,30.051,26.006,4.045,0.867,1.581,30.051,19.873,4.045,0.867,0.668,0.0,1,0.0
2,22.85,457,cruise,19.823,18.992,30.123,25.992,4.131,0.831,1.586,30.123,19.823,4.131,0.831,0.678,0.0,1,0.0
2,22.9,458,cruise,19.767,19.038,30.192,26.038,4.155,0.73,1.586,30.192,19.767,4.155,0.73,0.678,0.0,1,0.0
2,22.95,459,cruise,19.776,19.054,30.26,26.054,4.206,0.723,1.588,30.26,19.776,4.206,0.723,0.685,0.0,1,0.0
2,23.0,460,cruise,19.791,19.048,30.326,26.048,4.278,0.743,1.592,29.375,19.776,3.327,0.728,0.568,0.0,0,0.05
2,23.05,461,cruise,19.855,19.098,30.392,26.098,4.294,0.758,1.591,30.392,19.855,4.294,0.758,0.698,0.0,1,0.0
2,23.1,462,cruise,19.898,19.108,30.459,26.108,4.351,0.79,1.594,30.459,19.898,4.351,0.79,0.706,0.0,1,0.0
2,23.15,463,cruise,19.906,19.17,30.523,26.17,4.353,0.735,1.592,29.563,19.898,3.393,0.727,0.577,0.0,0,0.05
2,23.2,464,cruise,19.919,19.19,30.586,26.19,4.396,0.73,1.594,28.661,19.898,2.471,0.708,0.453,0.0,0,0.1
2,23.25,465,cruise,19.894,19.232,30.646,26.232,4.414,0.662,1.593,27.753,19.898,1.521,0.666,0.325,0.0,0,0.15
2,23.3,466,cruise,19.869,19.208,30.705,26.208,4.497,0.661,1.599,30.705,19.869,4.497,0.661,0.722,0.0,1,0.0
2,23.35,467,cruise,19.825,19.102,30.763,26.102,4.66,0.723,1.61,29.8,19.869,3.697,0.766,0.619,0.0,0,0.05
2,23.4,468,cruise,19.819,19.072,30.819,26.072,4.747,0.747,1.616,30.819,19.819,4.747,0.747,0.758,0.0,1,0.0
2,23.45,469,cruise,19.806,19.045,30.874,26.045,4.829,0.761,1.621,29.91,19.819,3.865,0.774,0.641,0.0,0,0.05
2,23.5,470,cruise,19.847,19.087,30.926,26.087,4.839,0.76,1.62,30.926,19.847,4.839,0.76,0.771,0.0,1,0.0
2,23.55,471,cruise,19.87,19.113,30.976,26.113,4.863,0.757,1.621,30.009,19.847,3.896,0.734,0.644,0.0,0,0.05
2,23.6,472,cruise,19.909,19.184,31.026,26.184,4.842,0.725,1.617,29.086,19.847,2.903,0.663,0.509,0.0,0,0.1
2,23.65,473,cruise,19.902,19.202,31.072,26.202,4.869,0.7,1.618,31.072,19.902,4.869,0.7,0.773,0.0,1,0.0
2,23.7,474,cruise,19.897,19.252,31.115,26.252,4.863,0.645,1.616,30.143,19.902,3.891,0.65,0.641,0.0,0,0.05
2,23.75,475,cruise,19.856,19.275,31.155,26.275,4.88,0.581,1.616,31.155,19.856,4.88,0.581,0.77,0.0,1,0.0
2,23.8,476,cruise,19.839,19.344,31.19,26.344,4.847,0.496,1.612,30.22,19.856,3.876,0.512,0.634,0.0,0,0.05
2,23.85,477,cruise,19.814,19.386,31.222,26.386,4.836,0.429,1.611,31.222,19.814,4.836,0.429,0.759,0.0,1,0.0
2,23.9,478,cruise,19.835,19.465,31.25,26.465,4.786,0.37,1.605,30.28,19.814,3.815,0.35,0.62,0.0,0,0.05
2,23.95,479,cruise,19.845,19.514,31.277,26.514,4.763,0.332,1.603,31.277,19.845,4.763,0.332,0.746,0.0,1,0.0
2,24.0,480,cruise,19.862,19.523,31.299,26.523,4.776,0.339,1.603,31.299,19.862,4.776,0.339,0.748,0.0,1,0.0
2,24.05,481,cruise,19.896,19.598,31.32,26.598,4.722,0.298,1.598,31.32,19.896,4.722,0.298,0.739,0.0,1,0.0
2,24.1,482,cruise,19.906,19.668,31.338,26.668,4.67,0.238,1.593,31.338,19.906,4.67,0.238,0.731,0.0,1,0.0
2,24.15,483,cruise,19.904,19.767,31.352,26.767,4.585,0.137,1.586,30.375,19.906,3.609,0.139,0.586,0.0,0,0.05
2,24.2,484,cruise,19.875,19.832,31.361,26.832,4.529,0.043,1.581,31.361,19.875,4.529,0.043,0.705,0.0,1,0.0
2,24.25,485,cruise,19.854,19.912,31.366,26.912,4.454,-0.058,1.575,31.366,19.854,4.454,-0.058,0.692,0.0,1,0.0
2,24.3,486,cruise,19.815,19.967,31.366,26.967,4.398,-0.152,1.571,31.366,19.815,4.398,-0.152,0.681,0.0,1,0.0
2,24.35,487,cruise,19.75,20.05,31.357,27.05,4.308,-0.3,1.564,31.357,19.75,4.308,-0.3,0.664,0.0,1,0.0
2,24.4,488,cruise,19.656,20.097,31.338,27.097,4.242,-0.441,1.559,30.376,19.75,3.279,-0.347,0.526,0.0,0,0.05
2,24.45,489,cruise,19.655,20.118,31.311,27.118,4.192,-0.463,1.556,31.311,19.655,4.192,-0.463,0.644,0.0,1,0.0
2,24.5,490,cruise,19.721,20.174,31.281,27.174,4.107,-0.453,1.551,31.281,19.721,4.107,-0.453,0.633,0.0,1,0.0
2,24.55,491,cruise,19.808,20.216,31.252,27.216,4.037,-0.408,1.546,31.252,19.808,4.037,-0.408,0.625,0.0,1,0.0
2,24.6,492,cruise,19.895,20.274,31.226,27.274,3.951,-0.379,1.54,31.226,19.895,3.951,-0.379,0.614,0.0,1,0.0
2,24.65,493,cruise,19.966,20.309,31.2,27.309,3.891,-0.343,1.536,31.2,19.966,3.891,-0.343,0.607,0.0,1,0.0
2,24.7,494,cruise,19.988,20.364,31.174,27.364,3.81,-0.376,1.531,31.174,19.988,3.81,-0.376,0.595,0.0,1,0.0
2,24.75,495,cruise,19.952,20.385,31.145,27.385,3.76,-0.433,1.528,30.176,19.988,2.791,-0.398,0.459,0.0,0,0.05
2,24.8,496,cruise,19.882,20.427,31.112,27.427,3.686,-0.545,1.523,31.112,19.882,3.686,-0.545,0.573,0.0,1,0.0
2,24.85,497,cruise,19.809,20.431,31.076,27.431,3.646,-0.622,1.521,30.113,19.882,2.682,-0.549,0.439,0.0,0,0.05
2,24.9,498,cruise,19.762,20.455,31.039,27.455,3.584,-0.692,1.517,29.111,19.882,1.657,-0.573,0.302,0.0,0,0.1
2,24.95,499,cruise,19.748,20.432,31.003,27.432,3.571,-0.684,1.517,31.003,19.748,3.571,-0.684,0.553,0.0,1,0.0
2,25.0,500,cruise,19.786,20.383,30.973,27.383,3.59,-0.597,1.52,30.005,19.748,2.622,-0.634,0.428,0.0,0,0.05
2,25.05,501,cruise,19.83,20.372,30.949,27.372,3.577,-0.542,1.519,30.949,19.83,3.577,-0.542,0.559,0.0,1,0.0
2,25.1,502,cruise,19.901,20.35,30.932,27.35,3.582,-0.449,1.52,29.953,19.83,2.603,-0.52,0.43,0.0,0,0.05
2,25.15,503,cruise,19.945,20.348,30.922,27.348,3.575,-0.403,1.52,30.922,19.945,3.575,-0.403,0.563,0.0,1,0.0
2,25.2,504,cruise,19.957,20.323,30.916,27.323,3.593,-0.366,1.521,29.927,19.945,2.605,-0.378,0.435,0.0,0,0.05
2,25.25,505,cruise,19.917,20.324,30.912,27.324,3.588,-0.408,1.521,30.912,19.917,3.588,-0.408,0.565,0.0,1,0.0
2,25.3,506,cruise,19.865,20.296,30.907,27.296,3.611,-0.431,1.523,29.918,19.917,2.621,-0.38,0.437,0.0,0,0.05
2,25.35,507,cruise,19.807,20.3,30.901,27.3,3.6,-0.494,1.522,30.901,19.807,3.6,-0.494,0.564,0.0,1,0.0
2,25.4,508,cruise,19.786,20.278,30.894,27.278,3.616,-0.492,1.524,30.894,19.786,3.616,-0.492,0.566,0.0,1,0.0
2,25.45,509,cruise,19.796,20.292,30.887,27.292,3.596,-0.495,1.522,30.887,19.796,3.596,-0.495,0.563,0.0,1,0.0
2,25.5,510,cruise,19.846,20.286,30.882,27.286,3.596,-0.44,1.522,30.882,19.846,3.596,-0.44,0.565,0.0,1,0.0
2,25.55,511,cruise,19.898,20.288,30.878,27.288,3.589,-0.39,1.522,30.878,19.898,3.589,-0.39,0.566,0.0,1,0.0
2,25.6,512,cruise,19.939,20.316,30.875,27.316,3.559,-0.376,1.52,30.875,19.939,3.559,-0.376,0.562,0.0,1,0.0
2,25.65,513,cruise,19.94,20.335,30.871,27.335,3.536,-0.395,1.518,30.871,19.94,3.536,-0.395,0.558,0.0,1,0.0
2,25.7,514,cruise,19.911,20.365,30.864,27.365,3.499,-0.453,1.516,29.868,19.94,2.503,-0.424,0.42,0.0,0,0.05
2,25.75,515,cruise,19.864,20.374,30.853,27.374,3.479,-0.51,1.514,30.853,19.864,3.479,-0.51,0.547,0.0,1,0.0
2,25.8,516,cruise,19.824,20.386,30.838,27.386,3.452,-0.563,1.513,30.838,19.824,3.452,-0.563,0.542,0.0,1,0.0
2,25.85,517,cruise,19.806,20.374,30.821,27.374,3.447,-0.568,1.513,29.831,19.824,2.457,-0.55,0.409,0.0,0,0.05
2,25.9,518,cruise,19.822,20.311,30.802,27.311,3.492,-0.489,1.517,30.802,19.822,3.492,-0.489,0.549,0.0,1,0.0
2,25.95,519,cruise,19.859,20.185,30.788,27.185,3.603,-0.326,1.525,30.788,19.859,3.603,-0.326,0.569,0.0,1,0.0
2,26.0,520,cruise,19.901,20.134,30.776,27.134,3.642,-0.233,1.529,29.784,19.859,2.65,-0.275,0.444,0.0,0,0.05
2,26.05,521,cruise,19.924,20.134,30.766,27.134,3.631,-0.211,1.528,30.766,19.924,3.631,-0.211,0.577,0.0,1,0.0
2,26.1,522,cruise,19.92,20.143,30.753,27.143,3.611,-0.223,1.527,29.759,19.924,2.617,-0.219,0.442,0.0,0,0.05
2,26.15,523,cruise,19.893,20.148,30.739,27.148,3.591,-0.255,1.526,30.739,19.893,3.591,-0.255,0.57,0.0,1,0.0
2,26.2,524,cruise,19.859,20.148,30.723,27.148,3.575,-0.289,1.525,30.723,19.859,3.575,-0.289,0.567,0.0,1,0.0
2,26.25,525,cruise,19.833,20.154,30.705,27.154,3.551,-0.322,1.524,29.715,19.859,2.561,-0.296,0.432,0.0,0,0.05
2,26.3,526,cruise,19.827,20.161,30.687,27.161,3.527,-0.334,1.522,30.687,19.827,3.527,-0.334,0.559,0.0,1,0.0
2,26.35,527,cruise,19.843,20.164,30.67,27.164,3.506,-0.321,1.521,30.67,19.843,3.506,-0.321,0.557,0.0,1,0.0
2,26.4,528,cruise,19.871,20.177,30.655,27.177,3.478,-0.306,1.519,30.655,19.871,3.478,-0.306,0.553,0.0,1,0.0
2,26.45,529,cruise,19.897,20.196,30.641,27.196,3.445,-0.3,1.517,30.641,19.897,3.445,-0.3,0.549,0.0,1,0.0
2,26.5,530,cruise,19.907,20.205,30.629,27.205,3.424,-0.298,1.516,30.629,19.907,3.424,-0.298,0.547,0.0,1,0.0
2,26.55,531,cruise,19.899,20.2,30.616,27.2,3.416,-0.301,1.516,29.622,19.907,2.422,-0.292,0.413,0.0,0,0.05
2,26.6,532,cruise,19.879,20.218,30.601,27.218,3.383,-0.339,1.514,30.601,19.879,3.383,-0.339,0.54,0.0,1,0.0
2,26.65,533,cruise,19.857,20.226,30.585,27.226,3.36,-0.368,1.512,30.585,19.857,3.36,-0.368,0.536,0.0,1,0.0
2,26.7,534,cruise,19.844,20.234,30.568,27.234,3.334,-0.39,1.511,30.568,19.844,3.334,-0.39,0.532,0.0,1,0.0
2,26.75,535,cruise,19.846,20.241,30.551,27.241,3.31,-0.395,1.509,30.551,19.846,3.31,-0.395,0.528,0.0,1,0.0
2,26.8,536,cruise,19.86,20.258,30.533,27.258,3.275,-0.399,1.507,30.533,19.86,3.275,-0.399,0.523,0.0,1,0.0
2,26.85,537,cruise,19.877,20.262,30.515,27.262,3.253,-0.384,1.506,29.522,19.86,2.26,-0.402,0.388,0.0,0,0.05
2,26.9,538,cruise,19.891,20.272,30.497,27.272,3.226,-0.381,1.504,30.497,19.891,3.226,-0.381,0.517,0.0,1,0.0
2,26.95,539,cruise,19.893,20.263,30.48,27.263,3.217,-0.37,1.504,30.48,19.893,3.217,-0.37,0.517,0.0,1,0.0
2,27.0,540,cruise,19.885,20.269,30.462,27.269,3.194,-0.384,1.503,30.462,19.885,3.194,-0.384,0.513,0.0,1,0.0
2,27.05,541,cruise,19.871,20.27,30.444,27.27,3.173,-0.399,1.502,30.444,19.871,3.173,-0.399,0.51,0.0,1,0.0
2,27.1,542,cruise,19.859,20.28,30.424,27.28,3.143,-0.421,1.5,29.431,19.871,2.15,-0.409,0.373,0.0,0,0.05
2,27.15,543,cruise,19.855,20.278,30.403,27.278,3.125,-0.424,1.499,30.403,19.855,3.125,-0.424,0.503,0.0,1,0.0
2,27.2,544,cruise,19.859,20.272,30.383,27.272,3.11,-0.414,1.499,30.383,19.859,3.11,-0.414,0.501,0.0,1,0.0
2,27.25,545,cruise,19.868,20.268,30.363,27.268,3.095,-0.4,1.498,30.363,19.868,3.095,-0.4,0.499,0.0,1,0.0
2,27.3,546,cruise,19.878,20.271,30.344,27.271,3.073,-0.392,1.497,30.344,19.878,3.073,-0.392,0.497,0.0,1,0.0
2,27.35,547,cruise,19.884,20.272,30.325,27.272,3.052,-0.388,1.496,30.325,19.884,3.052,-0.388,0.494,0.0,1,0.0
2,27.4,548,cruise,19.883,20.277,30.305,27.277,3.028,-0.394,1.495,29.311,19.884,2.034,-0.393,0.358,0.0,0,0.05
2,27.45,549,cruise,19.877,20.273,30.286,27.273,3.012,-0.397,1.494,30.286,19.877,3.012,-0.397,0.488,0.0,1,0.0
2,27.5,550,cruise,19.868,20.262,30.266,27.262,3.004,-0.394,1.494,29.273,19.877,2.01,-0.386,0.355,0.0,0,0.05
2,27.55,551,cruise,19.863,20.248,30.247,27.248,2.999,-0.385,1.494,30.247,19.863,2.999,-0.385,0.487,0.0,1,0.0
2,27.6,552,cruise,19.862,20.229,30.228,27.229,2.999,-0.368,1.494,29.235,19.863,2.006,-0.367,0.355,0.0,0,0.05
2,27.65,553,cruise,19.866,20.21,30.211,27.21,3.0,-0.345,1.495,30.211,19.866,3.0,-0.345,0.489,0.0,1,0.0
2,27.7,554,cruise,19.872,20.189,30.194,27.189,3.006,-0.317,1.496,30.194,19.872,3.006,-0.317,0.49,0.0,1,0.0
2,27.75,555,cruise,19.877,20.176,30.179,27.176,3.003,-0.299,1.496,30.179,19.877,3.003,-0.299,0.49,0.0,1,0.0
2,27.8,556,cruise,19.879,20.17,30.164,27.17,2.995,-0.29,1.496,30.164,19.879,2.995,-0.29,0.49,0.0,1,0.0
2,27.85,557,cruise,19.877,20.167,30.15,27.167,2.983,-0.29,1.495,29.156,19.879,1.989,-0.288,0.356,0.0,0,0.05
2,27.9,558,cruise,19.873,20.159,30.136,27.159,2.976,-0.287,1.495,30.136,19.873,2.976,-0.287,0.487,0.0,1,0.0
2,27.95,559,cruise,19.868,20.145,30.122,27.145,2.977,-0.277,1.495,30.122,19.868,2.977,-0.277,0.488,0.0,1,0.0
2,28.0,560,cruise,19.866,20.137,30.108,27.137,2.971,-0.271,1.495,30.108,19.866,2.971,-0.271,0.487,0.0,1,0.0
2,28.05,561,cruise,19.866,20.133,30.095,27.133,2.962,-0.267,1.495,30.095,19.866,2.962,-0.267,0.486,0.0,1,0.0
2,28.1,562,cruise,19.869,20.132,30.081,27.132,2.95,-0.262,1.494,30.081,19.869,2.95,-0.262,0.485,0.0,1,0.0
2,28.15,563,cruise,19.873,20.132,30.068,27.132,2.936,-0.259,1.494,30.068,19.873,2.936,-0.259,0.483,0.0,1,0.0
2,28.2,564,cruise,19.876,20.133,30.056,27.133,2.922,-0.258,1.493,30.056,19.876,2.922,-0.258,0.481,0.0,1,0.0
2,28.25,565,cruise,19.876,20.135,30.043,27.135,2.908,-0.259,1.492,30.043,19.876,2.908,-0.259,0.479,0.0,1,0.0
2,28.3,566,cruise,19.874,20.136,30.03,27.136,2.894,-0.262,1.491,30.03,19.874,2.894,-0.262,0.477,0.0,1,0.0
2,28.35,567,cruise,19.871,20.137,30.016,27.137,2.879,-0.266,1.491,29.023,19.874,1.886,-0.263,0.343,0.0,0,0.05
2,28.4,568,cruise,19.869,20.13,30.003,27.13,2.873,-0.261,1.49,30.003,19.869,2.873,-0.261,0.474,0.0,1,0.0
2,28.45,569,cruise,19.868,20.114,29.991,27.114,2.876,-0.246,1.491,29.991,19.868,2.876,-0.246,0.475,0.0,1,0.0
2,28.5,570,cruise,19.869,20.104,29.979,27.104,2.875,-0.235,1.491,29.979,19.869,2.875,-0.235,0.475,0.0,1,0.0
2,28.55,571,cruise,19.871,20.097,29.967,27.097,2.87,-0.226,1.491,29.967,19.871,2.87,-0.226,0.475,0.0,1,0.0
2,28.6,572,cruise,19.873,20.092,29.956,27.092,2.864,-0.219,1.491,29.956,19.873,2.864,-0.219,0.475,0.0,1,0.0
2,28.65,573,cruise,19.874,20.089,29.945,27.089,2.856,-0.215,1.491,29.945,19.874,2.856,-0.215,0.474,0.0,1,0.0
2,28.7,574,cruise,19.874,20.087,29.935,27.087,2.848,-0.213,1.49,28.941,19.874,1.854,-0.213,0.34,0.0,0,0.05
2,28.75,575,cruise,19.872,20.077,29.924,27.077,2.847,-0.205,1.49,29.924,19.872,2.847,-0.205,0.473,0.0,1,0.0
2,28.8,576,cruise,19.871,20.06,29.914,27.06,2.855,-0.189,1.491,29.914,19.871,2.855,-0.189,0.474,0.0,1,0.0
2,28.85,577,cruise,19.87,20.048,29.905,27.048,2.857,-0.178,1.492,28.912,19.871,1.864,-0.177,0.343,0.0,0,0.05
2,28.9,578,cruise,19.869,20.032,29.897,27.032,2.864,-0.163,1.492,29.897,19.869,2.864,-0.163,0.476,0.0,1,0.0
2,28.95,579,cruise,19.87,20.012,29.889,27.012,2.878,-0.141,1.494,29.889,19.87,2.878,-0.141,0.479,0.0,1,0.0
2,29.0,580,cruise,19.872,19.998,29.883,26.998,2.884,-0.127,1.494,28.889,19.87,1.891,-0.128,0.348,0.0,0,0.05
2,29.05,581,cruise,19.873,19.983,29.877,26.983,2.894,-0.11,1.495,29.877,19.873,2.894,-0.11,0.482,0.0,1,0.0
2,29.1,582,cruise,19.873,19.962,29.872,26.962,2.909,-0.089,1.496,29.872,19.873,2.909,-0.089,0.485,0.0,1,0.0
2,29.15,583,cruise,19.873,19.95,29.868,26.95,2.918,-0.078,1.497,29.868,19.873,2.918,-0.078,0.486,0.0,1,0.0
2,29.2,584,cruise,19.872,19.944,29.864,26.944,2.92,-0.072,1.497,29.864,19.872,2.92,-0.072,0.487,0.0,1,0.0
2,29.25,585,cruise,19.871,19.941,29.861,26.941,2.919,-0.071,1.497,29.861,19.871,2.919,-0.071,0.487,0.0,1,0.0
2,29.3,586,cruise,19.87,19.941,29.857,26.941,2.916,-0.071,1.497,29.857,19.87,2.916,-0.071,0.486,0.0,1,0.0
2,29.35,587,cruise,19.87,19.943,29.853,26.943,2.911,-0.072,1.497,29.853,19.87,2.911,-0.072,0.486,0.0,1,0.0
2,29.4,588,cruise,19.871,19.945,29.85,26.945,2.904,-0.074,1.497,28.856,19.87,1.911,-0.075,0.352,0.0,0,0.05
2,29.45,589,cruise,19.872,19.941,29.846,26.941,2.906,-0.069,1.497,29.846,19.872,2.906,-0.069,0.485,0.0,1,0.0
2,29.5,590,cruise,19.872,19.928,29.843,26.928,2.915,-0.056,1.498,29.843,19.872,2.915,-0.056,0.487,0.0,1,0.0
2,29.55,591,cruise,19.872,19.921,29.841,26.921,2.92,-0.049,1.498,29.841,19.872,2.92,-0.049,0.488,0.0,1,0.0
2,29.6,592,cruise,19.872,19.918,29.838,26.918,2.92,-0.046,1.498,28.845,19.872,1.926,-0.046,0.355,0.0,0,0.05
2,29.65,593,cruise,19.871,19.911,29.836,26.911,2.926,-0.039,1.499,27.849,19.872,0.938,-0.038,0.224,0.0,0,0.1
2,29.7,594,cruise,19.871,19.883,29.835,26.883,2.952,-0.012,1.501,26.854,19.872,-0.029,-0.01,0.096,0.0,0,0.15
2,29.75,595,cruise,19.871,19.826,29.836,26.826,3.01,0.045,1.505,29.836,19.871,3.01,0.045,0.503,0.0,1,0.0
2,29.8,596,cruise,19.871,19.75,29.84,26.75,3.09,0.122,1.511,29.84,19.871,3.09,0.122,0.516,0.0,1,0.0
2,29.85,597,cruise,19.871,19.693,29.848,26.693,3.155,0.178,1.516,29.848,19.871,3.155,0.178,0.527,0.0,1,0.0
2,29.9,598,cruise,19.871,19.663,29.858,26.663,3.196,0.209,1.519,29.858,19.871,3.196,0.209,0.533,0.0,1,0.0
2,29.95,599,cruise,19.872,19.65,29.869,26.65,3.219,0.221,1.52,29.869,19.872,3.219,0.221,0.537,0.0,1,0.0
2,30.0,600,cruise,19.872,19.651,29.88,26.651,3.229,0.221,1.521,29.88,19.872,3.229,0.221,0.538,0.0,1,0.0
2,30.05,601,cruise,19.872,19.66,29.891,26.66,3.231,0.212,1.52,28.897,19.872,2.238,0.212,0.405,0.0,0,0.05
2,30.1,602,cruise,19.872,19.667,29.901,26.667,3.235,0.205,1.52,29.901,19.872,3.235,0.205,0.538,0.0,1,0.0
2,30.15,603,cruise,19.871,19.668,29.911,26.668,3.243,0.203,1.521,29.911,19.871,3.243,0.203,0.539,0.0,1,0.0
2,30.2,604,cruise,19.871,19.678,29.921,26.678,3.243,0.193,1.521,29.921,19.871,3.243,0.193,0.539,0.0,1,0.0
2,30.25,605,cruise,19.871,19.693,29.931,26.693,3.237,0.178,1.52,29.931,19.871,3.237,0.178,0.538,0.0,1,0.0
2,30.3,606,cruise,19.871,19.712,29.939,26.712,3.227,0.16,1.519,29.939,19.871,3.227,0.16,0.536,0.0,1,0.0
2,30.35,607,cruise,19.872,19.732,29.946,26.732,3.214,0.139,1.518,29.946,19.872,3.214,0.139,0.533,0.0,1,0.0
2,30.4,608,cruise,19.872,19.753,29.953,26.753,3.199,0.118,1.516,28.959,19.872,2.206,0.118,0.398,0.0,0,0.05
2,30.45,609,cruise,19.872,19.767,29.958,26.767,3.191,0.104,1.516,29.958,19.872,3.191,0.104,0.529,0.0,1,0.0
2,30.5,610,cruise,19.872,19.773,29.963,26.773,3.19,0.099,1.515,28.969,19.872,2.197,0.099,0.396,0.0,0,0.05
2,30.55,611,cruise,19.871,19.776,29.968,26.776,3.192,0.096,1.515,27.981,19.872,1.205,0.096,0.264,0.0,0,0.1
2,30.6,612,cruise,19.871,19.76,29.973,26.76,3.213,0.112,1.517,29.973,19.871,3.213,0.112,0.532,0.0,1,0.0
2,30.65,613,cruise,19.871,19.73,29.98,26.73,3.249,0.141,1.519,29.98,19.871,3.249,0.141,0.538,0.0,1,0.0
2,30.7,614,cruise,19.871,19.716,29.987,26.716,3.271,0.155,1.521,29.987,19.871,3.271,0.155,0.541,0.0,1,0.0
2,30.75,615,cruise,19.871,19.716,29.995,26.716,3.279,0.155,1.521,29.001,19.871,2.285,0.155,0.41,0.0,0,0.05
2,30.8,616,cruise,19.872,19.718,30.003,26.718,3.285,0.154,1.522,30.003,19.872,3.285,0.154,0.543,0.0,1,0.0
2,30.85,617,cruise,19.872,19.717,30.01,26.717,3.294,0.155,1.522,30.01,19.872,3.294,0.155,0.544,0.0,1,0.0
2,30.9,618,cruise,19.872,19.725,30.018,26.725,3.293,0.146,1.522,30.018,19.872,3.293,0.146,0.544,0.0,1,0.0
2,30.95,619,cruise,19.871,19.74,30.025,26.74,3.285,0.131,1.521,30.025,19.871,3.285,0.131,0.542,0.0,1,0.0
2,31.0,620,cruise,19.871,19.759,30.031,26.759,3.272,0.113,1.52,30.031,19.871,3.272,0.113,0.54,0.0,1,0.0
2,31.05,621,cruise,19.871,19.78,30.036,26.78,3.256,0.091,1.518,30.036,19.871,3.256,0.091,0.537,0.0,1,0.0
2,31.1,622,cruise,19.871,19.802,30.04,26.802,3.237,0.069,1.517,30.04,19.871,3.237,0.069,0.534,0.0,1,0.0
2,31.15,623,cruise,19.871,19.825,30.042,26.825,3.218,0.047,1.515,30.042,19.871,3.218,0.047,0.531,0.0,1,0.0
2,31.2,624,cruise,19.871,19.847,30.044,26.847,3.196,0.024,1.514,30.044,19.871,3.196,0.024,0.527,0.0,1,0.0
2,31.25,625,cruise,19.872,19.869,30.045,26.869,3.175,0.002,1.512,29.051,19.871,2.182,0.002,0.391,0.0,0,0.05
2,31.3,626,cruise,19.872,19.883,30.044,26.883,3.162,-0.011,1.511,30.044,19.872,3.162,-0.011,0.521,0.0,1,0.0
2,31.35,627,cruise,19.871,19.887,30.044,26.887,3.157,-0.015,1.511,30.044,19.871,3.157,-0.015,0.52,0.0,1,0.0
2,31.4,628,cruise,19.871,19.895,30.043,26.895,3.148,-0.023,1.51,30.043,19.871,3.148,-0.023,0.519,0.0,1,0.0
2,31.45,629,cruise,19.871,19.906,30.041,26.906,3.135,-0.034,1.509,30.041,19.871,3.135,-0.034,0.517,0.0,1,0.0
2,31.5,630,cruise,19.871,19.919,30.039,26.919,3.12,-0.048,1.508,30.039,19.871,3.12,-0.048,0.514,0.0,1,0.0
2,31.55,631,cruise,19.871,19.933,30.036,26.933,3.103,-0.062,1.507,30.036,19.871,3.103,-0.062,0.512,0.0,1,0.0
2,31.6,632,cruise,19.871,19.947,30.033,26.947,3.086,-0.076,1.506,30.033,19.871,3.086,-0.076,0.509,0.0,1,0.0
2,31.65,633,cruise,19.871,19.961,30.029,26.961,3.068,-0.089,1.504,30.029,19.871,3.068,-0.089,0.506,0.0,1,0.0
2,31.7,634,cruise,19.871,19.974,30.024,26.974,3.05,-0.102,1.503,30.024,19.871,3.05,-0.102,0.503,0.0,1,0.0
2,31.75,635,cruise,19.871,19.986,30.018,26.986,3.032,-0.115,1.502,30.018,19.871,3.032,-0.115,0.5,0.0,1,0.0
2,31.8,636,cruise,19.871,19.998,30.012,26.998,3.014,-0.126,1.501,29.019,19.871,2.021,-0.126,0.365,0.0,0,0.05
2,31.85,637,cruise,19.871,20.001,30.006,27.001,3.005,-0.129,1.5,30.006,19.871,3.005,-0.129,0.496,0.0,1,0.0
2,31.9,638,cruise,19.871,19.994,29.999,26.994,3.005,-0.123,1.5,29.999,19.871,3.005,-0.123,0.497,0.0,1,0.0
2,31.95,639,cruise,19.871,19.993,29.993,26.993,3.0,-0.122,1.5,29.0,19.871,2.007,-0.121,0.364,0.0,0,0.05
2,32.0,640,cruise,19.871,19.987,29.987,26.987,3.0,-0.116,1.5,28.0,19.871,1.013,-0.116,0.231,0.0,0,0.1
2,32.05,641,cruise,19.871,19.961,29.982,26.961,3.021,-0.09,1.502,29.982,19.871,3.021,-0.09,0.5,0.0,1,0.0
2,32.1,642,cruise,19.871,19.921,29.979,26.921,3.058,-0.05,1.505,29.979,19.871,3.058,-0.05,0.506,0.0,1,0.0
2,32.15,643,cruise,19.871,19.896,29.977,26.896,3.082,-0.024,1.507,29.977,19.871,3.082,-0.024,0.51,0.0,1,0.0
2,32.2,644,cruise,19.871,19.884,29.977,26.884,3.093,-0.012,1.508,29.977,19.871,3.093,-0.012,0.512,0.0,1,0.0
2,32.25,645,cruise,19.871,19.881,29.976,26.881,3.095,-0.01,1.508,29.976,19.871,3.095,-0.01,0.512,0.0,1,0.0
2,32.3,646,cruise,19.871,19.884,29.976,26.884,3.091,-0.013,1.508,28.982,19.871,2.098,-0.013,0.379,0.0,0,0.05
2,32.35,647,cruise,19.871,19.884,29.975,26.884,3.091,-0.012,1.508,29.975,19.871,3.091,-0.012,0.512,0.0,1,0.0
2,32.4,648,cruise,19.871,19.877,29.974,26.877,3.097,-0.006,1.508,29.974,19.871,3.097,-0.006,0.513,0.0,1,0.0
2,32.45,649,cruise,19.871,19.878,29.974,26.878,3.096,-0.006,1.508,29.974,19.871,3.096,-0.006,0.513,0.0,1,0.0
2,32.5,650,cruise,19.871,19.883,29.974,26.883,3.091,-0.012,1.507,28.98,19.871,2.097,-0.012,0.379,0.0,0,0.05
2,32.55,651,cruise,19.871,19.884,29.973,26.884,3.089,-0.013,1.507,29.973,19.871,3.089,-0.013,0.511,0.0,1,0.0
2,32.6,652,cruise,19.872,19.879,29.973,26.879,3.094,-0.007,1.508,29.973,19.872,3.094,-0.007,0.512,0.0,1,0.0
2,32.65,653,cruise,19.872,19.88,29.972,26.88,3.092,-0.008,1.508,29.972,19.872,3.092,-0.008,0.512,0.0,1,0.0
2,32.7,654,cruise,19.872,19.886,29.971,26.886,3.086,-0.014,1.507,29.971,19.872,3.086,-0.014,0.511,0.0,1,0.0
2,32.75,655,cruise,19.871,19.894,29.971,26.894,3.076,-0.023,1.506,29.971,19.871,3.076,-0.023,0.509,0.0,1,0.0
2,32.8,656,cruise,19.871,19.904,29.969,26.904,3.065,-0.033,1.506,28.976,19.871,2.071,-0.033,0.375,0.0,0,0.05
2,32.85,657,cruise,19.871,19.908,29.967,26.908,3.059,-0.037,1.505,27.98,19.871,1.072,-0.037,0.242,0.0,0,0.1
2,32.9,658,cruise,19.871,19.89,29.966,26.89,3.076,-0.018,1.507,29.966,19.871,3.076,-0.018,0.51,0.0,1,0.0
2,32.95,659,cruise,19.872,19.855,29.966,26.855,3.111,0.016,1.509,29.966,19.872,3.111,0.016,0.515,0.0,1,0.0
2,33.0,660,cruise,19.872,19.835,29.968,26.835,3.132,0.036,1.511,29.968,19.872,3.132,0.036,0.519,0.0,1,0.0
2,33.05,661,cruise,19.872,19.828,29.97,26.828,3.142,0.044,1.511,28.976,19.872,2.148,0.044,0.388,0.0,0,0.05
2,33.1,662,cruise,19.872,19.822,29.972,26.822,3.15,0.05,1.512,29.972,19.872,3.15,0.05,0.522,0.0,1,0.0
2,33.15,663,cruise,19.871,19.813,29.975,26.813,3.162,0.058,1.513,29.975,19.871,3.162,0.058,0.524,0.0,1,0.0
2,33.2,664,cruise,19.871,19.814,29.978,26.814,3.164,0.058,1.513,29.978,19.871,3.164,0.058,0.524,0.0,1,0.0
2,33.25,665,cruise,19.871,19.82,29.98,26.82,3.16,0.051,1.513,28.987,19.871,2.166,0.051,0.391,0.0,0,0.05
2,33.3,666,cruise,19.871,19.824,29.983,26.824,3.159,0.047,1.512,29.983,19.871,3.159,0.047,0.523,0.0,1,0.0
2,33.35,667,cruise,19.871,19.822,29.985,26.822,3.164,0.05,1.513,29.985,19.871,3.164,0.05,0.524,0.0,1,0.0
2,33.4,668,cruise,19.872,19.826,29.988,26.826,3.161,0.045,1.513,29.988,19.872,3.161,0.045,0.523,0.0,1,0.0
2,33.45,669,cruise,19.872,19.836,29.99,26.836,3.154,0.036,1.512,29.99,19.872,3.154,0.036,0.522,0.0,1,0.0
2,33.5,670,cruise,19.872,19.849,29.991,26.849,3.143,0.023,1.511,29.991,19.872,3.143,0.023,0.52,0.0,1,0.0
2,33.55,671,cruise,19.872,19.863,29.992,26.863,3.129,0.009,1.51,29.992,19.872,3.129,0.009,0.517,0.0,1,0.0
2,33.6,672,cruise,19.871,19.878,29.992,26.878,3.114,-0.007,1.509,28.998,19.872,2.12,-0.006,0.382,0.0,0,0.05
2,33.65,673,cruise,19.871,19.886,29.991,26.886,3.105,-0.014,1.508,28.004,19.872,1.118,-0.014,0.249,0.0,0,0.1
2,33.7,674,cruise,19.871,19.871,29.991,26.871,3.12,0.001,1.509,29.991,19.871,3.12,0.001,0.516,0.0,1,0.0
2,33.75,675,cruise,19.871,19.84,29.992,26.84,3.152,0.031,1.512,28.998,19.871,2.158,0.031,0.389,0.0,0,0.05
2,33.8,676,cruise,19.871,19.815,29.994,26.815,3.179,0.056,1.514,29.994,19.871,3.179,0.056,0.526,0.0,1,0.0
2,33.85,677,cruise,19.872,19.795,29.998,26.795,3.203,0.077,1.515,29.998,19.872,3.203,0.077,0.53,0.0,1,0.0
2,33.9,678,cruise,19.872,19.788,30.002,26.788,3.213,0.083,1.516,30.002,19.872,3.213,0.083,0.531,0.0,1,0.0
2,33.95,679,cruise,19.872,19.792,30.006,26.792,3.214,0.08,1.516,30.006,19.872,3.214,0.08,0.531,0.0,1,0.0
2,34.0,680,cruise,19.871,19.802,30.009,26.802,3.208,0.07,1.516,30.009,19.871,3.208,0.07,0.53,0.0,1,0.0
2,34.05,681,cruise,19.871,19.815,30.012,26.815,3.197,0.056,1.515,30.012,19.871,3.197,0.056,0.528,0.0,1,0.0
2,34.1,682,cruise,19.87,19.831,30.015,26.831,3.183,0.039,1.514,29.021,19.871,2.19,0.039,0.393,0.0,0,0.05
2,34.15,683,cruise,19.87,19.842,30.017,26.842,3.175,0.028,1.513,30.017,19.87,3.175,0.028,0.524,0.0,1,0.0
2,34.2,684,cruise,19.871,19.844,30.019,26.844,3.174,0.026,1.513,30.019,19.871,3.174,0.026,0.524,0.0,1,0.0
2,34.25,685,cruise,19.871,19.852,30.02,26.852,3.168,0.019,1.512,29.026,19.871,2.174,0.018,0.39,0.0,0,0.05
2,34.3,686,cruise,19.871,19.856,30.02,26.856,3.165,0.016,1.512,28.033,19.871,1.178,0.015,0.258,0.0,0,0.1
2,34.35,687,cruise,19.872,19.839,30.021,26.839,3.182,0.032,1.513,30.021,19.872,3.182,0.032,0.525,0.0,1,0.0
2,34.4,688,cruise,19.871,19.809,30.024,26.809,3.215,0.062,1.516,30.024,19.871,3.215,0.062,0.531,0.0,1,0.0
2,34.45,689,cruise,19.871,19.793,30.028,26.793,3.234,0.078,1.517,29.034,19.871,2.241,0.078,0.401,0.0,0,0.05
2,34.5,690,cruise,19.871,19.783,30.032,26.783,3.248,0.087,1.518,30.032,19.871,3.248,0.087,0.536,0.0,1,0.0
2,34.55,691,cruise,19.87,19.774,30.036,26.774,3.262,0.097,1.519,30.036,19.87,3.262,0.097,0.538,0.0,1,0.0
2,34.6,692,cruise,19.871,19.776,30.041,26.776,3.265,0.094,1.519,30.041,19.871,3.265,0.094,0.539,0.0,1,0.0
2,34.65,693,cruise,19.871,19.786,30.046,26.786,3.26,0.085,1.519,30.046,19.871,3.26,0.085,0.537,0.0,1,0.0
2,34.7,694,cruise,19.871,19.801,30.049,26.801,3.248,0.07,1.518,30.049,19.871,3.248,0.07,0.535,0.0,1,0.0
2,34.75,695,cruise,19.871,19.819,30.052,26.819,3.233,0.052,1.516,30.052,19.871,3.233,0.052,0.533,0.0,1,0.0
2,34.8,696,cruise,19.871,19.839,30.054,26.839,3.216,0.033,1.515,30.054,19.871,3.216,0.033,0.53,0.0,1,0.0
2,34.85,697,cruise,19.871,19.859,30.055,26.859,3.197,0.012,1.513,30.055,19.871,3.197,0.012,0.527,0.0,1,0.0
2,34.9,698,cruise,19.871,19.879,30.055,26.879,3.176,-0.008,1.512,30.055,19.871,3.176,-0.008,0.523,0.0,1,0.0
2,34.95,699,cruise,19.847,19.899,30.054,26.899,3.155,-0.052,1.51,29.061,19.871,2.162,-0.028,0.387,0.0,0,0.05
2,35.0,700,cruise,19.785,19.91,30.049,26.91,3.138,-0.125,1.509,30.049,19.785,3.138,-0.125,0.514,0.0,1,0.0
2,35.05,701,cruise,19.727,19.912,30.039,26.912,3.127,-0.185,1.509,30.039,19.727,3.127,-0.185,0.511,0.0,1,0.0
2,35.1,702,cruise,19.756,19.919,30.028,26.919,3.11,-0.163,1.508,30.028,19.756,3.11,-0.163,0.509,0.0,1,0.0
2,35.15,703,cruise,19.825,19.927,30.02,26.927,3.093,-0.102,1.506,29.032,19.756,2.105,-0.172,0.375,0.0,0,0.05
2,35.2,704,cruise,19.9,19.93,30.014,26.93,3.085,-0.03,1.506,30.014,19.9,3.085,-0.03,0.51,0.0,1,0.0
2,35.25,705,cruise,19.954,19.925,30.011,26.925,3.086,0.029,1.506,30.011,19.954,3.086,0.029,0.512,0.0,1,0.0
2,35.3,706,cruise,19.962,19.926,30.008,26.926,3.082,0.036,1.506,30.008,19.962,3.082,0.036,0.512,0.0,1,0.0
2,35.35,707,cruise,19.924,19.932,30.003,26.932,3.072,-0.007,1.505,29.012,19.962,2.08,0.03,0.378,0.0,0,0.05
2,35.4,708,cruise,19.863,19.933,29.995,26.933,3.062,-0.069,1.505,29.995,19.863,3.062,-0.069,0.506,0.0,1,0.0
2,35.45,709,cruise,19.806,19.927,29.983,26.927,3.056,-0.121,1.505,29.983,19.806,3.056,-0.121,0.503,0.0,1,0.0
2,35.5,710,cruise,19.777,19.927,29.969,26.927,3.042,-0.15,1.504,29.969,19.777,3.042,-0.15,0.501,0.0,1,0.0
2,35.55,711,cruise,19.789,19.93,29.955,26.93,3.025,-0.141,1.503,29.955,19.789,3.025,-0.141,0.499,0.0,1,0.0
2,35.6,712,cruise,19.815,19.935,29.943,26.935,3.007,-0.12,1.502,28.959,19.789,2.024,-0.146,0.365,0.0,0,0.05
2,35.65,713,cruise,19.875,19.933,29.934,26.933,3.0,-0.058,1.502,29.934,19.875,3.0,-0.058,0.498,0.0,1,0.0
2,35.7,714,cruise,19.903,19.924,29.929,26.924,3.005,-0.021,1.502,29.929,19.903,3.005,-0.021,0.5,0.0,1,0.0
2,35.75,715,cruise,19.928,19.921,29.928,26.921,3.007,0.007,1.502,28.935,19.903,2.014,-0.018,0.368,0.0,0,0.05
2,35.8,716,cruise,19.91,19.915,29.927,26.915,3.013,-0.004,1.503,29.927,19.91,3.013,-0.004,0.502,0.0,1,0.0
2,35.85,717,cruise,19.88,19.903,29.927,26.903,3.025,-0.023,1.504,28.935,19.91,2.032,0.008,0.371,0.0,0,0.05
2,35.9,718,cruise,19.835,19.89,29.926,26.89,3.036,-0.056,1.505,29.926,19.835,3.036,-0.056,0.503,0.0,1,0.0
2,35.95,719,cruise,19.815,19.875,29.926,26.875,3.05,-0.06,1.506,29.926,19.815,3.05,-0.06,0.505,0.0,1,0.0
2,36.0,720,cruise,19.807,19.869,29.925,26.869,3.057,-0.062,1.506,29.925,19.807,3.057,-0.062,0.505,0.0,1,0.0
2,36.05,721,cruise,19.839,19.869,29.927,26.869,3.058,-0.03,1.506,28.936,19.807,2.067,-0.062,0.374,0.0,0,0.05
2,36.1,722,cruise,19.871,19.865,29.93,26.865,3.065,0.006,1.507,27.946,19.807,1.081,-0.058,0.242,0.0,0,0.1
2,36.15,723,cruise,19.907,19.841,29.936,26.841,3.095,0.065,1.509,29.936,19.907,3.095,0.065,0.515,0.0,1,0.0
2,36.2,724,cruise,19.913,19.804,29.945,26.804,3.141,0.109,1.512,29.945,19.913,3.141,0.109,0.522,0.0,1,0.0
2,36.25,725,cruise,19.901,19.783,29.955,26.783,3.173,0.119,1.514,29.955,19.901,3.173,0.119,0.527,0.0,1,0.0
2,36.3,726,cruise,19.868,19.775,29.965,26.775,3.19,0.093,1.515,28.971,19.901,2.196,0.126,0.397,0.0,0,0.05
2,36.35,727,cruise,19.84,19.77,29.973,26.77,3.204,0.07,1.516,29.973,19.84,3.204,0.07,0.53,0.0,1,0.0
2,36.4,728,cruise,19.823,19.762,29.981,26.762,3.219,0.061,1.517,29.981,19.823,3.219,0.061,0.531,0.0,1,0.0
2,36.45,729,cruise,19.831,19.765,29.988,26.765,3.223,0.067,1.517,29.988,19.831,3.223,0.067,0.532,0.0,1,0.0
2,36.5,730,cruise,19.853,19.75,29.995,26.75,3.245,0.103,1.519,29.005,19.831,2.255,0.082,0.403,0.0,0,0.05
2,36.55,731,cruise,19.881,19.689,30.003,26.689,3.315,0.192,1.524,30.003,19.881,3.315,0.192,0.548,0.0,1,0.0
2,36.6,732,cruise,19.897,19.599,30.015,26.599,3.417,0.298,1.531,29.024,19.881,2.425,0.282,0.433,0.0,0,0.05
2,36.65,733,cruise,19.897,19.578,30.029,26.578,3.451,0.319,1.534,28.045,19.881,1.467,0.303,0.306,0.0,0,0.1
2,36.7,734,cruise,19.88,19.568,30.042,26.568,3.474,0.312,1.535,27.066,19.881,0.498,0.313,0.177,0.0,0,0.15
2,36.75,735,cruise,19.859,19.53,30.055,26.53,3.525,0.329,1.539,26.088,19.881,-0.441,0.351,0.053,0.0,0,0.2
2,36.8,736,cruise,19.842,19.457,30.07,26.457,3.613,0.385,1.545,25.114,19.881,-1.344,0.424,0.0,0.049,0,0.25
2,36.85,737,cruise,19.839,19.344,30.089,26.344,3.745,0.495,1.555,30.089,19.839,3.745,0.495,0.616,0.0,1,0.0
2,36.9,738,cruise,19.848,19.223,30.116,26.223,3.893,0.625,1.567,30.116,19.848,3.893,0.625,0.64,0.0,1,0.0
2,36.95,739,cruise,19.865,19.127,30.15,26.127,4.022,0.738,1.576,30.15,19.865,4.022,0.738,0.661,0.0,1,0.0
2,37.0,740,cruise,19.88,19.08,30.189,26.08,4.109,0.801,1.582,30.189,19.88,4.109,0.801,0.675,0.0,1,0.0
2,37.05,741,cruise,19.886,19.073,30.231,26.073,4.158,0.813,1.585,29.238,19.88,3.165,0.807,0.549,0.0,0,0.05
2,37.1,742,cruise,19.881,19.087,30.274,26.087,4.186,0.794,1.586,28.288,19.88,2.201,0.793,0.42,0.0,0,0.1
2,37.15,743,cruise,19.869,19.08,30.316,26.08,4.236,0.788,1.589,27.338,19.88,1.258,0.8,0.294,0.0,0,0.15
2,37.2,744,cruise,19.856,19.072,30.359,26.072,4.287,0.784,1.592,26.389,19.88,0.317,0.808,0.169,0.0,0,0.2
2,37.25,745,cruise,19.849,19.011,30.403,26.011,4.392,0.838,1.599,30.403,19.849,4.392,0.838,0.714,0.0,1,0.0
2,37.3,746,cruise,19.85,18.956,30.45,25.956,4.494,0.895,1.606,30.45,19.85,4.494,0.895,0.729,0.0,1,0.0
2,37.35,747,cruise,19.859,18.91,30.499,25.91,4.59,0.949,1.613,30.499,19.859,4.59,0.949,0.744,0.0,1,0.0
2,37.4,748,cruise,19.869,18.918,30.55,25.918,4.632,0.951,1.615,29.558,19.859,3.639,0.941,0.617,0.0,0,0.05
2,37.45,749,cruise,19.876,18.938,30.6,25.938,4.662,0.938,1.616,30.6,19.876,4.662,0.938,0.753,0.0,1,0.0
2,37.5,750,cruise,19.877,18.984,30.649,25.984,4.664,0.893,1.614,30.649,19.877,4.664,0.893,0.752,0.0,1,0.0
2,37.55,751,cruise,19.872,19.035,30.694,26.035,4.659,0.837,1.612,30.694,19.872,4.659,0.837,0.749,0.0,1,0.0
2,37.6,752,cruise,19.864,19.115,30.735,26.115,4.62,0.749,1.608,30.735,19.864,4.62,0.749,0.741,0.0,1,0.0
2,37.65,753,cruise,19.857,19.191,30.771,26.191,4.581,0.667,1.603,29.779,19.864,3.588,0.673,0.601,0.0,0,0.05
2,37.7,754,cruise,19.855,19.275,30.803,26.275,4.528,0.58,1.598,28.818,19.864,2.543,0.589,0.459,0.0,0,0.1
2,37.75,755,cruise,19.858,19.33,30.832,26.33,4.502,0.528,1.595,30.832,19.858,4.502,0.528,0.718,0.0,1,0.0
2,37.8,756,cruise,19.864,19.375,30.858,26.375,4.483,0.489,1.593,29.865,19.858,3.49,0.483,0.581,0.0,0,0.05
2,37.85,757,cruise,19.87,19.417,30.882,26.417,4.465,0.453,1.59,30.882,19.87,4.465,0.453,0.71,0.0,1,0.0
2,37.9,758,cruise,19.872,19.467,30.903,26.467,4.436,0.405,1.587,30.903,19.872,4.436,0.405,0.705,0.0,1,0.0
2,37.95,759,cruise,19.871,19.526,30.921,26.526,4.396,0.346,1.584,30.921,19.871,4.396,0.346,0.698,0.0,1,0.0
2,38.0,760,cruise,19.864,19.595,30.936,26.595,4.341,0.269,1.579,30.936,19.864,4.341,0.269,0.688,0.0,1,0.0
2,38.05,761,cruise,19.86,19.665,30.948,26.665,4.283,0.195,1.574,30.948,19.86,4.283,0.195,0.678,0.0,1,0.0
2,38.1,762,cruise,19.851,19.739,30.955,26.739,4.216,0.113,1.568,30.955,19.851,4.216,0.113,0.666,0.0,1,0.0
2,38.15,763,cruise,19.843,19.809,30.958,26.809,4.149,0.034,1.563,29.966,19.851,3.157,0.042,0.522,0.0,0,0.05
2,38.2,764,cruise,19.853,19.872,30.958,26.872,4.086,-0.018,1.558,30.958,19.853,4.086,-0.018,0.644,0.0,1,0.0
2,38.25,765,cruise,19.856,19.92,30.955,26.92,4.035,-0.064,1.554,30.955,19.856,4.035,-0.064,0.636,0.0,1,0.0
2,38.3,766,cruise,19.871,19.972,30.95,26.972,3.978,-0.101,1.55,30.95,19.871,3.978,-0.101,0.627,0.0,1,0.0
2,38.35,767,cruise,19.86,20.023,30.942,27.023,3.918,-0.164,1.545,30.942,19.86,3.918,-0.164,0.617,0.0,1,0.0
2,38.4,768,cruise,19.866,20.074,30.931,27.074,3.857,-0.208,1.541,30.931,19.866,3.857,-0.208,0.607,0.0,1,0.0
2,38.45,769,cruise,19.845,20.122,30.917,27.122,3.795,-0.278,1.536,30.917,19.845,3.795,-0.278,0.597,0.0,1,0.0
2,38.5,770,cruise,19.851,20.168,30.9,27.168,3.732,-0.317,1.532,30.9,19.851,3.732,-0.317,0.587,0.0,1,0.0
2,38.55,771,cruise,19.836,20.21,30.881,27.21,3.67,-0.375,1.528,30.881,19.836,3.67,-0.375,0.577,0.0,1,0.0
2,38.6,772,cruise,19.853,20.249,30.859,27.249,3.61,-0.396,1.524,30.859,19.853,3.61,-0.396,0.568,0.0,1,0.0
2,38.65,773,cruise,19.847,20.283,30.834,27.283,3.551,-0.436,1.52,30.834,19.847,3.551,-0.436,0.559,0.0,1,0.0
2,38.7,774,cruise,19.821,20.314,30.805,27.314,3.491,-0.493,1.516,29.819,19.847,2.505,-0.466,0.419,0.0,0,0.05
2,38.75,775,cruise,19.845,20.333,30.774,27.333,3.441,-0.488,1.513,28.803,19.847,1.47,-0.486,0.28,0.0,0,0.1
2,38.8,776,cruise,19.856,20.327,30.742,27.327,3.416,-0.471,1.512,30.742,19.856,3.416,-0.471,0.54,0.0,1,0.0
2,38.85,777,cruise,19.882,20.301,30.713,27.301,3.412,-0.419,1.513,30.713,19.882,3.412,-0.419,0.541,0.0,1,0.0
2,38.9,778,cruise,19.869,20.286,30.683,27.286,3.397,-0.417,1.512,29.699,19.882,2.413,-0.404,0.408,0.0,0,0.05
2,38.95,779,cruise,19.873,20.274,30.653,27.274,3.379,-0.401,1.512,30.653,19.873,3.379,-0.401,0.537,0.0,1,0.0
2,39.0,780,cruise,19.842,20.261,30.622,27.261,3.361,-0.419,1.511,29.641,19.873,2.381,-0.387,0.405,0.0,0,0.05
2,39.05,781,cruise,19.841,20.249,30.59,27.249,3.341,-0.407,1.511,30.59,19.841,3.341,-0.407,0.532,0.0,1,0.0
2,39.1,782,cruise,19.821,20.234,30.557,27.234,3.323,-0.414,1.51,30.557,19.821,3.323,-0.414,0.529,0.0,1,0.0
2,39.15,783,cruise,19.768,20.229,30.52,27.229,3.291,-0.461,1.509,29.549,19.821,2.32,-0.408,0.396,0.0,0,0.05
2,39.2,784,cruise,19.795,20.221,30.482,27.221,3.261,-0.426,1.507,30.482,19.795,3.261,-0.426,0.521,0.0,1,0.0
2,39.25,785,cruise,19.827,20.209,30.446,27.209,3.237,-0.381,1.507,30.446,19.827,3.237,-0.381,0.519,0.0,1,0.0
2,39.3,786,cruise,19.892,20.203,30.412,27.203,3.209,-0.31,1.505,29.441,19.827,2.238,-0.376,0.386,0.0,0,0.05
2,39.35,787,cruise,19.912,20.194,30.38,27.194,3.187,-0.282,1.504,30.38,19.912,3.187,-0.282,0.515,0.0,1,0.0
2,39.4,788,cruise,19.924,20.179,30.351,27.179,3.172,-0.255,1.504,30.351,19.924,3.172,-0.255,0.514,0.0,1,0.0
2,39.45,789,cruise,19.874,20.17,30.32,27.17,3.15,-0.296,1.503,30.32,19.874,3.15,-0.296,0.51,0.0,1,0.0
2,39.5,790,cruise,19.776,20.164,30.285,27.164,3.121,-0.388,1.502,30.285,19.776,3.121,-0.388,0.503,0.0,1,0.0
2,39.55,791,cruise,19.748,20.162,30.246,27.162,3.084,-0.414,1.5,30.246,19.748,3.084,-0.414,0.497,0.0,1,0.0
2,39.6,792,cruise,19.733,20.154,30.207,27.154,3.053,-0.421,1.499,30.207,19.733,3.053,-0.421,0.493,0.0,1,0.0
2,39.65,793,cruise,19.776,20.152,30.171,27.152,3.019,-0.377,1.497,29.216,19.733,2.064,-0.42,0.361,0.0,0,0.05
2,39.7,794,cruise,19.798,20.131,30.138,27.131,3.007,-0.333,1.497,30.138,19.798,3.007,-0.333,0.49,0.0,1,0.0
2,39.75,795,cruise,19.871,20.113,30.11,27.113,2.997,-0.242,1.497,30.11,19.871,2.997,-0.242,0.492,0.0,1,0.0
2,39.8,796,decelerate,19.904,20.083,30.087,27.083,3.004,-0.179,1.498,30.087,19.904,3.004,-0.179,0.495,0.0,1,0.0
2,39.85,797,decelerate,19.938,20.073,30.068,27.073,2.995,-0.135,1.498,29.107,19.904,2.033,-0.17,0.365,0.0,0,0.05
2,39.9,798,decelerate,19.869,20.038,30.051,27.038,3.013,-0.169,1.5,28.127,19.904,1.089,-0.134,0.241,0.0,0,0.1
2,39.95,799,decelerate,19.671,19.976,30.026,26.976,3.051,-0.304,1.503,30.026,19.671,3.051,-0.304,0.497,0.0,1,0.0
2,40.0,800,decelerate,19.488,19.927,29.996,26.927,3.069,-0.438,1.505,29.996,19.488,3.069,-0.438,0.495,0.0,1,0.0
2,40.05,801,decelerate,19.261,19.876,29.959,26.876,3.083,-0.615,1.507,29.959,19.261,3.083,-0.615,0.491,0.0,1,0.0
2,40.1,802,decelerate,19.052,19.85,29.915,26.85,3.065,-0.798,1.507,29.915,19.052,3.065,-0.798,0.482,0.0,1,0.0
2,40.15,803,decelerate,18.83,19.813,29.866,26.813,3.054,-0.983,1.507,28.955,19.052,2.142,-0.761,0.36,0.0,0,0.05
2,40.2,804,decelerate,18.615,19.791,29.812,26.791,3.021,-1.176,1.506,29.812,18.615,3.021,-1.176,0.464,0.0,1,0.0
2,40.25,805,decelerate,18.427,19.735,29.751,26.735,3.016,-1.308,1.508,29.751,18.427,3.016,-1.308,0.458,0.0,1,0.0
2,40.3,806,decelerate,18.22,19.711,29.683,26.711,2.972,-1.492,1.506,29.683,18.22,2.972,-1.492,0.446,0.0,1,0.0
2,40.35,807,decelerate,18.06,19.658,29.609,26.658,2.95,-1.599,1.506,28.734,18.22,2.076,-1.439,0.329,0.0,0,0.05
2,40.4,808,decelerate,17.876,19.629,29.529,26.629,2.9,-1.753,1.504,29.529,17.876,2.9,-1.753,0.428,0.0,1,0.0
2,40.45,809,decelerate,17.73,19.56,29.443,26.56,2.884,-1.83,1.505,28.586,17.876,2.026,-1.684,0.314,0.0,0,0.05
2,40.5,810,decelerate,17.551,19.52,29.353,26.52,2.833,-1.969,1.504,29.353,17.551,2.833,-1.969,0.412,0.0,1,0.0
2,40.55,811,decelerate,17.401,19.446,29.258,26.446,2.812,-2.044,1.505,29.258,17.401,2.812,-2.044,0.407,0.0,1,0.0
2,40.6,812,decelerate,17.209,19.343,29.156,26.343,2.813,-2.134,1.507,28.324,17.401,1.982,-1.942,0.299,0.0,0,0.05
2,40.65,813,decelerate,17.052,19.291,29.048,26.291,2.757,-2.24,1.506,27.392,17.401,1.1,-1.89,0.184,0.0,0,0.1
2,40.7,814,decelerate,16.885,19.206,28.938,26.206,2.732,-2.321,1.507,28.938,16.885,2.732,-2.321,0.387,0.0,1,0.0
2,40.75,815,decelerate,16.701,19.134,28.825,26.134,2.69,-2.434,1.506,28.825,16.701,2.69,-2.434,0.378,0.0,1,0.0
2,40.8,816,decelerate,16.532,19.041,28.706,26.041,2.666,-2.509,1.508,28.706,16.532,2.666,-2.509,0.372,0.0,1,0.0
2,40.85,817,decelerate,16.331,18.984,28.582,25.984,2.598,-2.652,1.506,28.582,16.331,2.598,-2.652,0.358,0.0,1,0.0
2,40.9,818,decelerate,16.178,18.903,28.452,25.903,2.549,-2.725,1.505,27.668,16.331,1.765,-2.572,0.25,0.0,0,0.05
2,40.95,819,decelerate,16.021,18.843,28.321,25.843,2.478,-2.822,1.503,26.757,16.331,0.913,-2.512,0.138,0.0,0,0.1
2,41.0,820,decelerate,15.826,18.741,28.186,25.741,2.445,-2.915,1.504,25.847,16.331,0.106,-2.41,0.034,0.0,0,0.15
2,41.05,821,decelerate,15.665,18.642,28.047,25.642,2.405,-2.977,1.505,28.047,15.665,2.405,-2.977,0.321,0.0,1,0.0
2,41.1,822,decelerate,15.5,18.505,27.909,25.505,2.404,-3.005,1.508,27.153,15.665,1.647,-2.841,0.225,0.0,0,0.05
2,41.15,823,decelerate,15.306,18.401,27.768,25.401,2.367,-3.095,1.509,26.262,15.665,0.861,-2.736,0.124,0.0,0,0.1
2,41.2,824,decelerate,15.144,18.266,27.623,25.266,2.357,-3.122,1.512,27.623,15.144,2.357,-3.122,0.31,0.0,1,0.0
2,41.25,825,decelerate,14.953,18.162,27.477,25.162,2.314,-3.209,1.513,26.745,15.144,1.583,-3.018,0.21,0.0,0,0.05
2,41.3,826,decelerate,14.798,18.038,27.326,25.038,2.288,-3.241,1.515,27.326,14.798,2.288,-3.241,0.297,0.0,1,0.0
2,41.35,827,decelerate,14.713,17.946,27.177,24.946,2.23,-3.233,1.514,27.177,14.713,2.23,-3.233,0.29,0.0,1,0.0
2,41.4,828,decelerate,14.594,17.832,27.027,24.832,2.195,-3.238,1.516,27.027,14.594,2.195,-3.238,0.285,0.0,1,0.0
2,41.45,829,decelerate,14.364,17.755,26.874,24.755,2.119,-3.392,1.514,26.874,14.364,2.119,-3.392,0.269,0.0,1,0.0
2,41.5,830,decelerate,14.0,17.682,26.711,24.682,2.028,-3.682,1.511,26.018,14.364,1.336,-3.319,0.167,0.0,0,0.05
2,41.55,831,decelerate,13.711,17.582,26.536,24.582,1.954,-3.871,1.509,26.536,13.711,1.954,-3.871,0.231,0.0,1,0.0
2,41.6,832,decelerate,13.514,17.493,26.353,24.493,1.86,-3.979,1.507,26.353,13.514,1.86,-3.979,0.215,0.0,1,0.0
2,41.65,833,decelerate,13.395,17.366,26.169,24.366,1.803,-3.971,1.507,25.509,13.514,1.143,-3.852,0.124,0.0,0,0.05
2,41.7,834,decelerate,13.313,17.273,25.984,24.273,1.711,-3.96,1.504,25.984,13.313,1.711,-3.96,0.196,0.0,1,0.0
2,41.75,835,decelerate,13.261,17.139,25.802,24.139,1.663,-3.878,1.505,25.802,13.261,1.663,-3.878,0.192,0.0,1,0.0
2,41.8,836,decelerate,13.144,17.043,25.62,24.043,1.577,-3.899,1.503,25.62,13.144,1.577,-3.899,0.18,0.0,1,0.0
2,41.85,837,decelerate,12.944,16.914,25.434,23.914,1.52,-3.97,1.504,24.793,13.144,0.879,-3.77,0.092,0.0,0,0.05
2,41.9,838,decelerate,12.739,16.811,25.242,23.811,1.431,-4.072,1.502,25.242,12.739,1.431,-4.072,0.155,0.0,1,0.0
2,41.95,839,decelerate,12.528,16.677,25.045,23.677,1.368,-4.149,1.502,25.045,12.528,1.368,-4.149,0.144,0.0,1,0.0
2,42.0,840,decelerate,12.322,16.574,24.843,23.574,1.269,-4.252,1.499,24.23,12.528,0.656,-4.046,0.053,0.0,0,0.05
2,42.05,841,decelerate,12.126,16.462,24.638,23.462,1.175,-4.337,1.497,24.638,12.126,1.175,-4.337,0.112,0.0,1,0.0
2,42.1,842,decelerate,11.964,16.34,24.429,23.34,1.089,-4.376,1.495,23.835,12.126,0.495,-4.214,0.026,0.0,0,0.05
2,42.15,843,decelerate,11.792,16.217,24.218,23.217,1.001,-4.426,1.493,24.218,11.792,1.001,-4.426,0.086,0.0,1,0.0
2,42.2,844,decelerate,11.625,16.06,24.005,23.06,0.946,-4.434,1.495,24.005,11.625,0.946,-4.434,0.078,0.0,1,0.0
2,42.25,845,decelerate,11.436,15.939,23.789,22.939,0.85,-4.503,1.492,23.789,11.436,0.85,-4.503,0.063,0.0,1,0.0
2,42.3,846,decelerate,11.272,15.824,23.569,22.824,0.746,-4.552,1.489,23.569,11.272,0.746,-4.552,0.048,0.0,1,0.0
2,42.35,847,decelerate,11.148,15.688,23.349,22.688,0.66,-4.54,1.488,22.794,11.272,0.106,-4.416,0.0,0.025,0,0.05
2,42.4,848,decelerate,11.072,15.558,23.131,22.558,0.573,-4.486,1.487,23.131,11.072,0.573,-4.486,0.027,0.0,1,0.0
2,42.45,849,decelerate,10.965,15.401,22.914,22.401,0.513,-4.436,1.488,22.368,11.072,-0.033,-4.329,0.0,0.037,0,0.05
2,42.5,850,decelerate,10.367,15.266,22.682,22.266,0.416,-4.899,1.486,21.611,11.072,-0.655,-4.194,0.0,0.095,0,0.1
2,42.55,851,decelerate,9.916,15.121,22.433,22.121,0.312,-5.205,1.484,22.433,9.916,0.312,-5.205,0.0,0.024,1,0.0
2,42.6,852,decelerate,9.594,14.965,22.173,21.965,0.208,-5.371,1.482,22.173,9.594,0.208,-5.371,0.0,0.038,1,0.0
2,42.65,853,decelerate,9.401,14.828,21.907,21.828,0.079,-5.428,1.477,21.907,9.401,0.079,-5.428,0.0,0.053,1,0.0
2,42.7,854,decelerate,9.3,14.691,21.641,21.691,-0.05,-5.391,1.473,21.641,9.3,-0.05,-5.391,0.0,0.065,1,0.0
2,42.75,855,decelerate,9.278,14.608,21.378,21.608,-0.23,-5.329,1.463,21.378,9.278,-0.23,-5.329,0.0,0.081,1,0.0
2,42.8,856,decelerate,9.305,14.557,21.117,21.557,-0.44,-5.252,1.451,21.117,9.305,-0.44,-5.252,0.0,0.1,1,0.0
2,42.85,857,decelerate,9.374,14.348,20.864,21.348,-0.484,-4.974,1.454,20.864,9.374,-0.484,-4.974,0.0,0.098,1,0.0
2,42.9,858,decelerate,9.429,14.022,20.63,21.022,-0.392,-4.593,1.471,20.63,9.429,-0.392,-4.593,0.0,0.079,1,0.0
2,42.95,859,decelerate,9.408,13.749,20.41,20.749,-0.338,-4.34,1.485,19.942,9.429,-0.806,-4.32,0.0,0.114,0,0.05
2,43.0,860,decelerate,9.302,13.499,20.2,20.499,-0.299,-4.197,1.496,19.267,9.429,-1.231,-4.07,0.0,0.15,0,0.1
2,43.05,861,decelerate,9.14,13.243,19.996,20.243,-0.247,-4.103,1.51,19.996,9.14,-0.247,-4.103,0.0,0.053,1,0.0
2,43.1,862,decelerate,8.927,13.033,19.792,20.033,-0.24,-4.106,1.519,19.792,8.927,-0.24,-4.106,0.0,0.052,1,0.0
2,43.15,863,decelerate,8.708,12.838,19.588,19.838,-0.251,-4.13,1.526,19.588,8.708,-0.251,-4.13,0.0,0.054,1,0.0
2,43.2,864,decelerate,8.469,12.629,19.381,19.629,-0.248,-4.16,1.535,19.381,8.469,-0.248,-4.16,0.0,0.054,1,0.0
2,43.25,865,decelerate,8.221,12.447,19.173,19.447,-0.274,-4.226,1.54,18.759,8.469,-0.688,-3.978,0.0,0.094,0,0.05
2,43.3,866,decelerate,7.967,12.257,18.961,19.257,-0.296,-4.289,1.547,18.961,7.967,-0.296,-4.289,0.0,0.063,1,0.0
2,43.35,867,decelerate,7.72,12.08,18.746,19.08,-0.334,-4.36,1.552,18.746,7.72,-0.334,-4.36,0.0,0.068,1,0.0
2,43.4,868,decelerate,7.46,11.887,18.528,18.887,-0.359,-4.427,1.559,18.151,7.72,-0.735,-4.166,0.0,0.104,0,0.05
2,43.45,869,decelerate,7.287,11.702,18.306,18.702,-0.396,-4.415,1.564,18.306,7.287,-0.396,-4.415,0.0,0.076,1,0.0
2,43.5,870,decelerate,7.213,11.531,18.089,18.531,-0.441,-4.318,1.569,18.089,7.213,-0.441,-4.318,0.0,0.078,1,0.0
2,43.55,871,decelerate,7.016,11.341,17.877,18.341,-0.465,-4.325,1.576,17.877,7.016,-0.465,-4.325,0.0,0.081,1,0.0
2,43.6,872,decelerate,6.538,11.176,17.652,18.176,-0.525,-4.638,1.579,17.652,6.538,-0.525,-4.638,0.0,0.094,1,0.0
2,43.65,873,decelerate,6.042,11.122,17.408,18.122,-0.714,-5.08,1.565,17.097,6.538,-1.025,-4.584,0.0,0.143,0,0.05
2,43.7,874,decelerate,5.674,11.069,17.144,18.069,-0.925,-5.395,1.549,17.144,5.674,-0.925,-5.395,0.0,0.154,1,0.0
2,43.75,875,decelerate,5.423,10.657,16.877,17.657,-0.78,-5.235,1.584,16.602,5.674,-1.055,-4.983,0.0,0.157,0,0.05
2,43.8,876,decelerate,5.263,10.152,16.627,17.152,-0.525,-4.889,1.638,16.087,5.674,-1.065,-4.478,0.0,0.145,0,0.1
2,43.85,877,decelerate,5.18,9.729,16.394,16.729,-0.335,-4.549,1.685,16.394,5.18,-0.335,-4.549,0.0,0.074,1,0.0
2,43.9,878,decelerate,5.121,9.368,16.177,16.368,-0.192,-4.247,1.727,16.177,5.121,-0.192,-4.247,0.0,0.052,1,0.0
2,43.95,879,decelerate,5.09,9.061,15.974,16.061,-0.088,-3.971,1.763,15.974,5.09,-0.088,-3.971,0.0,0.035,1,0.0
2,44.0,880,decelerate,5.085,8.791,15.784,15.791,-0.007,-3.706,1.795,15.531,5.09,-0.26,-3.701,0.0,0.045,0,0.05
2,44.05,881,decelerate,5.113,8.518,15.608,15.518,0.09,-3.405,1.832,15.608,5.113,0.09,-3.405,0.0,0.003,1,0.0
2,44.1,882,decelerate,5.166,8.283,15.447,15.283,0.164,-3.118,1.865,15.191,5.113,-0.092,-3.17,0.0,0.015,0,0.05
2,44.15,883,decelerate,5.169,8.056,15.299,15.056,0.243,-2.887,1.899,14.785,5.113,-0.272,-2.943,0.0,0.027,0,0.1
2,44.2,884,decelerate,5.117,7.83,15.161,14.83,0.331,-2.713,1.936,15.161,5.117,0.331,-2.713,0.051,0.0,1,0.0
2,44.25,885,decelerate,5.043,7.618,15.031,14.618,0.413,-2.575,1.973,15.031,5.043,0.413,-2.575,0.067,0.0,1,0.0
2,44.3,886,decelerate,4.979,7.417,14.906,14.417,0.489,-2.438,2.01,14.906,4.979,0.489,-2.438,0.082,0.0,1,0.0
2,44.35,887,decelerate,4.9,7.226,14.788,14.226,0.562,-2.326,2.047,14.788,4.9,0.562,-2.326,0.095,0.0,1,0.0
2,44.4,888,decelerate,4.739,7.036,14.673,14.036,0.638,-2.297,2.086,14.673,4.739,0.638,-2.297,0.107,0.0,1,0.0
2,44.45,889,decelerate,4.537,6.87,14.558,13.87,0.687,-2.333,2.119,14.558,4.537,0.687,-2.333,0.112,0.0,1,0.0
2,44.5,890,decelerate,4.317,6.71,14.44,13.71,0.73,-2.392,2.152,14.22,4.537,0.511,-2.173,0.094,0.0,0,0.05
2,44.55,891,decelerate,4.092,6.607,14.318,13.607,0.711,-2.516,2.167,14.318,4.092,0.711,-2.516,0.109,0.0,1,0.0
2,44.6,892,decelerate,3.868,6.594,14.186,13.594,0.593,-2.726,2.152,14.186,3.868,0.593,-2.726,0.087,0.0,1,0.0
2,44.65,893,decelerate,3.652,6.466,14.046,13.466,0.58,-2.813,2.172,14.046,3.652,0.58,-2.813,0.082,0.0,1,0.0
2,44.7,894,decelerate,3.451,5.97,13.914,12.97,0.944,-2.52,2.331,13.914,3.451,0.944,-2.52,0.141,0.0,1,0.0
2,44.75,895,decelerate,3.255,5.565,13.796,12.565,1.231,-2.309,2.479,13.796,3.255,1.231,-2.309,0.186,0.0,1,0.0
2,44.8,896,decelerate,3.064,5.248,13.686,12.248,1.438,-2.184,2.608,13.686,3.064,1.438,-2.184,0.218,0.0,1,0.0
2,44.85,897,decelerate,2.878,5.034,13.578,12.034,1.544,-2.156,2.697,13.431,3.064,1.397,-1.97,0.22,0.0,0,0.05
2,44.9,898,decelerate,2.698,4.818,13.472,11.818,1.654,-2.12,2.796,13.472,2.698,1.654,-2.12,0.25,0.0,1,0.0
2,44.95,899,decelerate,2.524,4.641,13.366,11.641,1.725,-2.118,2.88,13.366,2.524,1.725,-2.118,0.259,0.0,1,0.0
2,45.0,900,decelerate,2.355,4.506,13.26,11.506,1.754,-2.151,2.943,13.139,2.524,1.633,-1.982,0.252,0.0,0,0.05
2,45.05,901,decelerate,2.192,4.395,13.151,11.395,1.756,-2.203,2.992,13.151,2.192,1.756,-2.203,0.261,0.0,1,0.0
2,45.1,902,decelerate,2.035,4.3,13.04,11.3,1.74,-2.264,3.032,12.935,2.192,1.635,-2.108,0.248,0.0,0,0.05
2,45.15,903,decelerate,1.832,4.214,12.924,11.214,1.71,-2.382,3.067,12.723,2.192,1.509,-2.021,0.234,0.0,0,0.1
2,45.2,904,decelerate,0.642,4.132,12.774,11.132,1.642,-3.489,3.092,12.515,2.192,1.384,-1.939,0.22,0.0,0,0.15
2,45.25,905,decelerate,0.001,4.049,12.576,11.049,1.527,-4.048,3.106,12.576,0.001,1.527,-4.048,0.169,0.0,1,0.0
2,45.3,906,decelerate,0.001,3.958,12.377,10.958,1.419,-3.958,3.127,12.377,0.001,1.419,-3.958,0.157,0.0,1,0.0
2,45.35,907,decelerate,0.001,3.86,12.183,10.86,1.323,-3.859,3.156,12.183,0.001,1.323,-3.86,0.148,0.0,0,0.05
2,45.4,908,decelerate,0.001,3.746,11.994,10.746,1.248,-3.745,3.202,11.994,0.001,1.248,-3.745,0.142,0.0,1,0.0
2,45.45,909,decelerate,0.001,3.641,11.811,10.641,1.17,-3.64,3.244,11.811,0.001,1.17,-3.64,0.135,0.0,1,0.0
2,45.5,910,decelerate,0.001,3.53,11.633,10.53,1.103,-3.529,3.295,11.633,0.001,1.103,-3.529,0.129,0.0,1,0.0
2,45.55,911,decelerate,0.0,3.419,11.461,10.419,1.042,-3.418,3.352,11.461,0.0,1.042,-3.418,0.125,0.0,1,0.0
2,45.6,912,decelerate,0.0,3.305,11.294,10.305,0.988,-3.305,3.417,11.294,0.0,0.988,-3.305,0.122,0.0,1,0.0
2,45.65,913,decelerate,0.0,3.193,11.132,10.193,0.94,-3.192,3.487,11.132,0.0,0.939,-3.192,0.119,0.0,0,0.05
2,45.7,914,decelerate,0.0,3.08,10.976,10.08,0.896,-3.08,3.564,10.976,0.0,0.896,-3.08,0.117,0.0,1,0.0
2,45.75,915,decelerate,0.0,2.97,10.826,9.97,0.856,-2.97,3.645,10.826,0.0,0.856,-2.97,0.115,0.0,0,0.05
2,45.8,916,decelerate,0.0,2.86,10.681,9.86,0.821,-2.86,3.734,10.681,0.0,0.821,-2.86,0.114,0.0,1,0.0
2,45.85,917,decelerate,0.0,2.753,10.542,9.753,0.789,-2.753,3.829,10.542,0.0,0.789,-2.753,0.113,0.0,0,0.05
2,45.9,918,decelerate,0.0,2.65,10.408,9.65,0.758,-2.65,3.928,10.408,0.0,0.758,-2.65,0.113,0.0,1,0.0
2,45.95,919,decelerate,0.0,2.548,10.279,9.548,0.731,-2.548,4.033,10.279,0.0,0.73,-2.548,0.112,0.0,0,0.05
2,46.0,920,decelerate,0.0,2.449,10.155,9.449,0.706,-2.449,4.147,10.155,0.0,0.706,-2.448,0.113,0.0,0,0.1
2,46.05,921,decelerate,0.0,2.352,10.036,9.352,0.684,-2.352,4.267,10.036,0.0,0.684,-2.352,0.113,0.0,0,0.15
2,46.1,922,decelerate,0.0,2.258,9.922,9.258,0.664,-2.258,4.395,9.922,0.0,0.664,-2.258,0.113,0.0,1,0.0
2,46.15,923,decelerate,0.0,2.165,9.812,9.165,0.646,-2.165,4.531,9.812,0.0,0.646,-2.165,0.114,0.0,1,0.0
2,46.2,924,stopped,0.0,2.076,9.707,9.076,0.631,-2.076,4.677,9.707,0.0,0.631,-2.076,0.115,0.0,1,0.0
2,46.25,925,stopped,0.0,1.989,9.606,8.989,0.617,-1.989,4.83,9.606,0.0,0.617,-1.989,0.116,0.0,0,0.05
2,46.3,926,stopped,0.0,1.905,9.509,8.905,0.604,-1.905,4.992,9.509,0.0,0.604,-1.905,0.117,0.0,1,0.0
2,46.35,927,stopped,0.0,1.825,9.417,8.825,0.592,-1.825,5.16,9.417,0.0,0.592,-1.825,0.118,0.0,1,0.0
2,46.4,928,stopped,0.0,1.748,9.328,8.748,0.58,-1.748,5.336,9.328,0.0,0.58,-1.748,0.119,0.0,0,0.05
2,46.45,929,stopped,0.0,1.674,9.243,8.674,0.569,-1.674,5.523,9.243,0.0,0.569,-1.674,0.12,0.0,1,0.0
2,46.5,930,stopped,0.0,1.603,9.162,8.603,0.559,-1.603,5.715,9.162,0.0,0.559,-1.603,0.121,0.0,1,0.0
2,46.55,931,stopped,0.0,1.531,9.084,8.531,0.552,-1.531,5.932,9.084,0.0,0.552,-1.531,0.123,0.0,1,0.0
2,46.6,932,stopped,0.0,1.469,9.009,8.469,0.541,-1.469,6.135,9.009,0.0,0.541,-1.469,0.123,0.0,0,0.05
2,46.65,933,stopped,0.0,1.408,8.938,8.408,0.529,-1.408,6.346,8.938,0.0,0.529,-1.408,0.124,0.0,1,0.0
2,46.7,934,stopped,0.0,1.351,8.869,8.351,0.518,-1.351,6.565,8.869,0.0,0.518,-1.351,0.124,0.0,1,0.0
2,46.75,935,stopped,0.0,1.296,8.803,8.296,0.508,-1.296,6.794,8.803,0.0,0.508,-1.296,0.124,0.0,1,0.0
2,46.8,936,stopped,0.0,1.249,8.74,8.249,0.491,-1.249,6.995,8.74,0.0,0.491,-1.249,0.124,0.0,1,0.0
2,46.85,937,stopped,0.0,1.211,8.679,8.211,0.468,-1.211,7.165,8.679,0.0,0.468,-1.211,0.122,0.0,1,0.0
2,46.9,938,stopped,0.0,1.173,8.62,8.173,0.446,-1.173,7.347,8.62,0.0,0.446,-1.173,0.12,0.0,0,0.05
2,46.95,939,stopped,0.0,1.137,8.562,8.137,0.425,-1.137,7.531,8.562,0.0,0.425,-1.137,0.119,0.0,0,0.1
2,47.0,940,stopped,0.0,1.101,8.507,8.101,0.406,-1.101,7.726,8.507,0.0,0.406,-1.101,0.117,0.0,1,0.0
2,47.05,941,stopped,0.0,1.066,8.453,8.066,0.386,-1.066,7.928,8.453,0.0,0.386,-1.066,0.116,0.0,1,0.0
2,47.1,942,stopped,0.0,1.031,8.401,8.031,0.369,-1.031,8.145,8.401,0.0,0.369,-1.031,0.115,0.0,1,0.0
2,47.15,943,stopped,0.0,0.998,8.35,7.998,0.352,-0.998,8.37,8.35,0.0,0.352,-0.998,0.114,0.0,1,0.0
2,47.2,944,stopped,0.0,0.965,8.301,7.965,0.337,-0.965,8.607,8.301,0.0,0.337,-0.965,0.113,0.0,1,0.0
2,47.25,945,stopped,0.0,0.932,8.254,7.932,0.322,-0.932,8.855,8.254,0.0,0.322,-0.932,0.112,0.0,1,0.0
2,47.3,946,stopped,0.0,0.903,8.209,7.903,0.305,-0.903,9.087,8.209,0.0,0.305,-0.903,0.111,0.0,1,0.0
2,47.35,947,stopped,0.0,0.875,8.164,7.875,0.289,-0.875,9.329,8.164,0.0,0.289,-0.875,0.109,0.0,1,0.0
2,47.4,948,stopped,0.0,0.851,8.122,7.851,0.271,-0.851,9.548,8.122,0.0,0.271,-0.851,0.108,0.0,1,0.0
2,47.45,949,stopped,0.0,0.825,8.08,7.825,0.255,-0.825,9.797,8.08,0.0,0.255,-0.825,0.107,0.0,1,0.0
2,47.5,950,stopped,0.0,0.8,8.04,7.8,0.24,-0.8,10.049,8.04,0.0,0.24,-0.8,0.105,0.0,1,0.0
2,47.55,951,stopped,0.0,0.751,8.002,7.751,0.252,-0.751,10.662,8.002,0.0,0.252,-0.751,0.109,0.0,0,0.05
2,47.6,952,stopped,0.0,0.726,7.965,7.726,0.239,-0.726,10.974,7.965,0.0,0.239,-0.726,0.108,0.0,1,0.0
2,47.65,953,stopped,0.0,0.692,7.93,7.692,0.238,-0.692,11.467,7.93,0.0,0.238,-0.692,0.109,0.0,1,0.0
2,47.7,954,stopped,0.0,0.659,7.896,7.659,0.237,-0.659,11.98,7.896,0.0,0.237,-0.659,0.11,0.0,1,0.0
2,47.75,955,stopped,0.0,0.68,7.862,7.68,0.183,-0.68,11.566,7.862,0.0,0.183,-0.68,0.102,0.0,1,0.0
2,47.8,956,stopped,0.0,0.592,7.831,7.592,0.239,-0.592,13.235,7.831,0.0,0.239,-0.592,0.112,0.0,0,0.05
2,47.85,957,stopped,0.0,0.62,7.8,7.62,0.18,-0.62,12.573,7.8,0.0,0.18,-0.62,0.103,0.0,1,0.0
2,47.9,958,stopped,0.0,0.545,7.771,7.545,0.227,-0.545,14.269,7.771,0.0,0.227,-0.545,0.112,0.0,1,0.0
2,47.95,959,stopped,0.0,0.552,7.743,7.552,0.19,-0.552,14.015,7.743,0.0,0.19,-0.552,0.107,0.0,1,0.0
2,48.0,960,stopped,0.0,0.561,7.715,7.561,0.154,-0.561,13.743,7.715,0.0,0.154,-0.561,0.102,0.0,1,0.0
2,48.05,961,stopped,0.0,0.486,7.689,7.486,0.203,-0.486,15.822,7.689,0.0,0.203,-0.486,0.111,0.0,1,0.0
2,48.1,962,stopped,0.0,0.492,7.664,7.492,0.171,-0.492,15.564,7.664,0.0,0.171,-0.492,0.106,0.0,1,0.0
2,48.15,963,stopped,0.0,0.481,7.639,7.481,0.158,-0.481,15.879,7.639,0.0,0.158,-0.481,0.105,0.0,0,0.05
2,48.2,964,stopped,0.0,0.487,7.615,7.487,0.128,-0.487,15.649,7.615,0.0,0.128,-0.487,0.101,0.0,1,0.0
2,48.25,965,stopped,0.0,0.468,7.591,7.468,0.123,-0.468,16.227,7.591,0.0,0.123,-0.468,0.101,0.0,0,0.05
2,48.3,966,stopped,0.0,0.453,7.568,7.453,0.115,-0.453,16.701,7.568,0.0,0.115,-0.453,0.1,0.0,1,0.0
2,48.35,967,stopped,0.0,0.465,7.546,7.465,0.081,-0.465,16.235,7.546,0.0,0.081,-0.465,0.095,0.0,1,0.0
2,48.4,968,stopped,0.0,0.443,7.525,7.443,0.082,-0.443,16.97,7.525,0.0,0.082,-0.443,0.096,0.0,0,0.05
2,48.45,969,stopped,0.0,0.384,7.505,7.384,0.12,-0.384,19.529,7.505,0.0,0.12,-0.384,0.103,0.0,1,0.0
2,48.5,970,stopped,0.0,0.372,7.485,7.372,0.113,-0.372,20.128,7.485,0.0,0.113,-0.372,0.103,0.0,1,0.0
2,48.55,971,stopped,0.0,0.366,7.467,7.366,0.101,-0.366,20.419,7.467,0.0,0.101,-0.366,0.101,0.0,0,0.05
2,48.6,972,stopped,0.0,0.334,7.45,7.334,0.116,-0.334,22.288,7.45,0.0,0.116,-0.334,0.104,0.0,1,0.0
2,48.65,973,stopped,0.0,0.328,7.433,7.328,0.106,-0.328,22.692,7.433,0.0,0.106,-0.328,0.103,0.0,0,0.05
2,48.7,974,stopped,0.0,0.331,7.417,7.331,0.086,-0.331,22.419,7.417,0.0,0.086,-0.331,0.1,0.0,0,0.1
2,48.75,975,stopped,0.0,0.308,7.401,7.308,0.093,-0.308,24.001,7.401,0.0,0.093,-0.308,0.102,0.0,0,0.15
2,48.8,976,stopped,0.0,0.284,7.387,7.284,0.103,-0.284,26.037,7.387,0.0,0.103,-0.284,0.104,0.0,1,0.0
2,48.85,977,stopped,0.0,0.314,7.372,7.314,0.058,-0.314,23.482,7.372,0.0,0.058,-0.314,0.097,0.0,0,0.05
2,48.9,978,stopped,0.0,0.276,7.358,7.276,0.081,-0.276,26.624,7.358,0.0,0.081,-0.276,0.102,0.0,1,0.0
2,48.95,979,stopped,0.0,0.26,7.344,7.26,0.085,-0.26,28.28,7.344,0.0,0.085,-0.26,0.103,0.0,1,0.0
2,49.0,980,stopped,0.0,0.247,7.331,7.247,0.084,-0.247,29.635,7.331,0.0,0.084,-0.247,0.103,0.0,0,0.05
2,49.05,981,stopped,0.0,0.239,7.319,7.239,0.08,-0.239,30.654,7.319,0.0,0.08,-0.239,0.103,0.0,0,0.1
2,49.1,982,stopped,0.0,0.267,7.306,7.267,0.039,-0.267,27.327,7.306,0.0,0.039,-0.267,0.096,0.0,1,0.0
2,49.15,983,stopped,0.0,0.216,7.295,7.216,0.08,-0.216,33.839,7.295,0.0,0.08,-0.216,0.103,0.0,0,0.05
2,49.2,984,stopped,0.0,0.183,7.284,7.183,0.102,-0.183,39.898,7.284,0.0,0.102,-0.183,0.107,0.0,1,0.0
2,49.25,985,stopped,0.0,0.201,7.273,7.201,0.072,-0.201,36.207,7.273,0.0,0.072,-0.201,0.103,0.0,1,0.0
2,49.3,986,stopped,0.0,0.206,7.264,7.206,0.057,-0.206,35.248,7.264,0.0,0.057,-0.206,0.101,0.0,1,0.0
2,49.35,987,stopped,0.0,0.192,7.253,7.192,0.061,-0.192,37.807,7.253,0.0,0.061,-0.192,0.102,0.0,0,0.05
2,49.4,988,stopped,0.0,0.168,7.244,7.168,0.076,-0.168,43.024,7.244,0.0,0.076,-0.168,0.105,0.0,0,0.1
