episode,time_sec,tick,leader_phase,leader_speed_mps,follower_speed_mps,distance_m,desired_distance_m,spacing_error_m,relative_velocity_mps,thw_sec,observed_distance_m,observed_lead_speed_mps,control_spacing_error_m,control_relative_velocity_mps,throttle,brake,comm_success,time_since_last_comm_success_sec
10,0.05,1,accelerate,0.0,0.0,12.825,7.0,5.825,0.0,128.247,12.825,0.0,5.825,0.0,0.778,0.0,1,0.0
10,0.1,2,accelerate,0.003,0.003,12.825,7.003,5.822,0.0,128.247,12.825,0.0,5.822,-0.003,0.778,0.0,0,0.05
10,0.15,3,accelerate,0.001,0.001,12.825,7.001,5.824,0.0,128.247,12.825,0.0,5.824,-0.001,0.779,0.0,0,0.1
10,0.2,4,accelerate,0.0,0.0,12.825,7.0,5.825,-0.0,128.247,12.825,0.0,5.825,-0.0,0.78,0.0,1,0.0
10,0.25,5,accelerate,0.0,0.001,12.825,7.001,5.824,-0.0,128.247,12.825,0.0,5.824,-0.0,0.781,0.0,1,0.0
10,0.3,6,accelerate,0.001,0.001,12.825,7.001,5.824,-0.0,128.247,12.825,0.001,5.824,-0.0,0.782,0.0,1,0.0
10,0.35,7,accelerate,0.001,0.001,12.825,7.001,5.824,-0.0,128.247,12.825,0.001,5.824,0.0,0.783,0.0,0,0.05
10,0.4,8,accelerate,0.0,0.0,12.825,7.0,5.824,-0.0,128.247,12.825,0.0,5.824,-0.0,0.784,0.0,1,0.0
10,0.45,9,accelerate,0.0,0.0,12.825,7.0,5.824,-0.0,128.247,12.825,0.0,5.824,0.0,0.785,0.0,0,0.05
10,0.5,10,accelerate,0.0,0.0,12.825,7.0,5.825,-0.0,128.247,12.825,0.0,5.825,-0.0,0.786,0.0,1,0.0
10,0.55,11,accelerate,0.0,0.0,12.825,7.0,5.825,-0.0,128.247,12.825,0.0,5.825,-0.0,0.787,0.0,1,0.0
10,0.6,12,accelerate,0.0,0.0,12.825,7.0,5.825,-0.0,128.247,12.825,0.0,5.825,-0.0,0.788,0.0,1,0.0
10,0.65,13,accelerate,0.158,0.305,12.82,7.305,5.515,-0.146,42.097,12.818,0.0,5.514,-0.304,0.738,0.0,0,0.05
10,0.7,14,accelerate,0.518,0.628,12.815,7.628,5.187,-0.11,20.408,12.815,0.518,5.187,-0.11,0.701,0.0,1,0.0
10,0.75,15,accelerate,0.821,0.892,12.812,7.892,4.92,-0.071,14.362,12.777,0.518,4.885,-0.374,0.653,0.0,0,0.05
10,0.8,16,accelerate,1.035,1.034,12.814,8.034,4.78,0.001,12.397,12.731,0.518,4.698,-0.516,0.624,0.0,0,0.1
10,0.85,17,accelerate,1.162,1.186,12.814,8.186,4.629,-0.023,10.809,12.814,1.162,4.629,-0.023,0.632,0.0,1,0.0
10,0.9,18,accelerate,1.301,1.275,12.817,8.275,4.542,0.026,10.052,12.817,1.301,4.542,0.026,0.623,0.0,1,0.0
10,0.95,19,accelerate,1.417,1.336,12.823,8.336,4.487,0.081,9.599,12.823,1.417,4.487,0.081,0.618,0.0,1,0.0
10,1.0,20,accelerate,1.543,1.417,12.83,8.417,4.412,0.125,9.052,12.83,1.543,4.412,0.125,0.611,0.0,1,0.0
10,1.05,21,accelerate,1.645,1.481,12.839,8.481,4.359,0.164,8.672,12.759,1.543,4.279,0.062,0.591,0.0,0,0.05
10,1.1,22,accelerate,1.806,1.622,12.851,8.622,4.229,0.184,7.923,12.851,1.806,4.229,0.184,0.589,0.0,1,0.0
10,1.15,23,accelerate,1.917,1.656,12.864,8.656,4.209,0.262,7.77,12.772,1.806,4.116,0.15,0.574,0.0,0,0.05
10,1.2,24,accelerate,2.082,1.736,12.882,8.736,4.146,0.346,7.42,12.689,1.806,3.953,0.069,0.55,0.0,0,0.1
10,1.25,25,accelerate,2.228,1.785,12.905,8.785,4.119,0.443,7.228,12.604,1.806,3.819,0.02,0.531,0.0,0,0.15
10,1.3,26,accelerate,2.418,1.868,12.933,8.868,4.065,0.55,6.925,12.933,2.418,4.065,0.55,0.582,0.0,1,0.0
10,1.35,27,accelerate,2.584,1.919,12.966,8.919,4.047,0.666,6.758,12.966,2.584,4.047,0.666,0.585,0.0,1,0.0
10,1.4,28,accelerate,2.755,2.009,13.004,9.009,3.996,0.747,6.474,13.004,2.755,3.996,0.747,0.581,0.0,1,0.0
10,1.45,29,accelerate,2.842,2.073,13.045,9.073,3.972,0.769,6.294,12.905,2.755,3.833,0.683,0.558,0.0,0,0.05
10,1.5,30,accelerate,2.887,2.17,13.085,9.17,3.915,0.717,6.03,12.802,2.755,3.632,0.585,0.529,0.0,0,0.1
10,1.55,31,accelerate,2.886,2.236,13.122,9.236,3.886,0.651,5.869,13.122,2.886,3.886,0.651,0.565,0.0,1,0.0
10,1.6,32,accelerate,2.919,2.329,13.155,9.329,3.826,0.59,5.648,13.155,2.919,3.826,0.59,0.556,0.0,1,0.0
10,1.65,33,accelerate,2.98,2.384,13.187,9.384,3.803,0.596,5.532,13.187,2.98,3.803,0.596,0.554,0.0,1,0.0
10,1.7,34,accelerate,3.108,2.456,13.221,9.456,3.765,0.652,5.384,13.221,3.108,3.765,0.652,0.551,0.0,1,0.0
10,1.75,35,accelerate,3.256,2.515,13.258,9.515,3.743,0.74,5.271,13.258,3.256,3.743,0.74,0.552,0.0,1,0.0
10,1.8,36,accelerate,3.447,2.618,13.3,9.618,3.682,0.829,5.08,13.3,3.447,3.682,0.829,0.547,0.0,1,0.0
10,1.85,37,accelerate,3.624,2.698,13.346,9.698,3.649,0.926,4.947,13.169,3.447,3.472,0.749,0.517,0.0,0,0.05
10,1.9,38,accelerate,3.752,2.793,13.396,9.793,3.602,0.958,4.795,13.396,3.752,3.602,0.958,0.542,0.0,1,0.0
10,1.95,39,accelerate,3.783,2.867,13.444,9.867,3.577,0.916,4.69,13.256,3.752,3.389,0.885,0.512,0.0,0,0.05
10,2.0,40,accelerate,3.783,2.957,13.488,9.957,3.532,0.826,4.562,13.488,3.783,3.532,0.826,0.529,0.0,1,0.0
10,2.05,41,accelerate,3.797,3.027,13.529,10.027,3.502,0.771,4.47,13.34,3.783,3.314,0.756,0.498,0.0,0,0.05
10,2.1,42,accelerate,3.888,3.111,13.569,10.111,3.458,0.777,4.361,13.569,3.888,3.458,0.777,0.519,0.0,1,0.0
10,2.15,43,accelerate,4.026,3.177,13.611,10.177,3.434,0.849,4.285,13.611,4.026,3.434,0.849,0.519,0.0,1,0.0
10,2.2,44,accelerate,4.199,3.258,13.657,10.258,3.399,0.94,4.191,13.657,4.199,3.399,0.94,0.518,0.0,1,0.0
10,2.25,45,accelerate,4.381,3.326,13.709,10.326,3.383,1.055,4.122,13.494,4.199,3.168,0.873,0.485,0.0,0,0.05
10,2.3,46,accelerate,4.541,3.405,13.765,10.405,3.361,1.136,4.043,13.326,4.199,2.922,0.794,0.45,0.0,0,0.1
10,2.35,47,accelerate,4.619,3.461,13.824,10.461,3.363,1.158,3.994,13.156,4.199,2.695,0.738,0.418,0.0,0,0.15
10,2.4,48,accelerate,4.628,3.517,13.882,10.517,3.365,1.11,3.947,12.982,4.199,2.465,0.682,0.386,0.0,0,0.2
10,2.45,49,accelerate,4.627,3.547,13.937,10.547,3.391,1.08,3.93,12.807,4.199,2.26,0.652,0.358,0.0,0,0.25
10,2.5,50,accelerate,4.685,3.573,13.993,10.573,3.42,1.112,3.917,13.993,4.685,3.42,1.112,0.529,0.0,1,0.0
10,2.55,51,accelerate,4.803,3.575,14.053,10.575,3.478,1.228,3.931,14.053,4.803,3.478,1.228,0.541,0.0,1,0.0
10,2.6,52,accelerate,4.956,3.623,14.118,10.623,3.495,1.333,3.897,13.874,4.803,3.251,1.18,0.51,0.0,0,0.05
10,2.65,53,accelerate,5.128,3.678,14.189,10.678,3.511,1.45,3.858,13.692,4.803,3.014,1.125,0.477,0.0,0,0.1
10,2.7,54,accelerate,5.243,3.742,14.264,10.742,3.522,1.501,3.812,13.507,4.803,2.765,1.061,0.442,0.0,0,0.15
10,2.75,55,accelerate,5.09,3.789,14.334,10.789,3.545,1.301,3.783,14.334,5.09,3.545,1.301,0.555,0.0,1,0.0
10,2.8,56,accelerate,5.093,3.847,14.398,10.847,3.55,1.246,3.742,14.143,5.09,3.296,1.243,0.52,0.0,0,0.05
10,2.85,57,accelerate,5.0,3.909,14.456,10.909,3.546,1.09,3.698,14.456,5.0,3.546,1.09,0.549,0.0,1,0.0
10,2.9,58,accelerate,5.459,3.986,14.523,10.986,3.537,1.474,3.644,14.259,5.0,3.273,1.014,0.51,0.0,0,0.05
10,2.95,59,accelerate,5.818,4.057,14.606,11.057,3.549,1.761,3.6,14.606,5.818,3.549,1.761,0.573,0.0,1,0.0
10,3.0,60,accelerate,5.924,4.126,14.696,11.126,3.57,1.798,3.562,14.696,5.924,3.57,1.798,0.577,0.0,1,0.0
10,3.05,61,accelerate,5.894,4.217,14.783,11.217,3.566,1.676,3.505,14.488,5.924,3.27,1.707,0.535,0.0,0,0.05
10,3.1,62,accelerate,5.845,4.31,14.863,11.31,3.553,1.535,3.448,14.274,5.924,2.964,1.614,0.492,0.0,0,0.1
10,3.15,63,accelerate,5.815,4.388,14.936,11.388,3.549,1.427,3.404,14.057,5.924,2.669,1.536,0.45,0.0,0,0.15
10,3.2,64,accelerate,5.815,4.449,15.006,11.449,3.557,1.366,3.373,15.006,5.815,3.557,1.366,0.563,0.0,1,0.0
10,3.25,65,accelerate,5.848,4.507,15.074,11.507,3.567,1.341,3.345,14.782,5.815,3.275,1.308,0.524,0.0,0,0.05
10,3.3,66,accelerate,5.915,4.575,15.141,11.575,3.566,1.34,3.31,14.555,5.815,2.981,1.24,0.483,0.0,0,0.1
10,3.35,67,accelerate,6.014,4.636,15.209,11.636,3.573,1.378,3.28,15.209,6.014,3.573,1.378,0.567,0.0,1,0.0
10,3.4,68,accelerate,6.142,4.687,15.281,11.687,3.594,1.455,3.261,14.976,6.014,3.29,1.328,0.529,0.0,0,0.05
10,3.45,69,accelerate,6.136,4.761,15.351,11.761,3.59,1.375,3.224,14.74,6.014,2.979,1.253,0.485,0.0,0,0.1
10,3.5,70,accelerate,6.131,4.827,15.418,11.827,3.591,1.304,3.194,15.418,6.131,3.591,1.304,0.569,0.0,1,0.0
10,3.55,71,accelerate,6.633,4.893,15.493,11.893,3.6,1.74,3.166,15.493,6.633,3.6,1.74,0.585,0.0,1,0.0
10,3.6,72,accelerate,7.16,4.972,15.594,11.972,3.622,2.187,3.136,15.594,7.16,3.622,2.187,0.604,0.0,1,0.0
10,3.65,73,accelerate,7.555,5.063,15.714,12.063,3.651,2.492,3.103,15.343,7.16,3.28,2.096,0.556,0.0,0,0.05
10,3.7,74,accelerate,7.722,5.13,15.842,12.13,3.712,2.592,3.088,15.088,7.16,2.958,2.029,0.511,0.0,0,0.1
10,3.75,75,accelerate,7.703,4.974,15.976,11.974,4.002,2.729,3.212,15.976,7.703,4.002,2.729,0.674,0.0,1,0.0
10,3.8,76,accelerate,7.626,5.105,16.105,12.105,4.0,2.52,3.155,15.723,7.703,3.617,2.598,0.619,0.0,0,0.05
10,3.85,77,accelerate,7.518,5.026,16.23,12.026,4.204,2.491,3.229,15.47,7.703,3.443,2.677,0.599,0.0,0,0.1
10,3.9,78,accelerate,7.405,5.031,16.351,12.031,4.32,2.374,3.25,16.351,7.405,4.32,2.374,0.707,0.0,1,0.0
10,3.95,79,accelerate,7.305,5.004,16.467,12.004,4.463,2.302,3.291,16.1,7.405,4.096,2.401,0.679,0.0,0,0.05
10,4.0,80,accelerate,7.248,5.313,16.572,12.313,4.26,1.935,3.119,15.842,7.405,3.53,2.092,0.593,0.0,0,0.1
10,4.05,81,accelerate,7.239,5.456,16.665,12.456,4.209,1.784,3.055,15.572,7.405,3.117,1.949,0.534,0.0,0,0.15
10,4.1,82,accelerate,7.276,5.41,16.755,12.41,4.346,1.866,3.097,16.755,7.276,4.346,1.866,0.696,0.0,1,0.0
10,4.15,83,accelerate,7.341,5.438,16.85,12.438,4.411,1.902,3.098,16.85,7.341,4.411,1.902,0.706,0.0,1,0.0
10,4.2,84,accelerate,7.448,5.377,16.95,12.377,4.573,2.072,3.153,16.58,7.341,4.203,1.964,0.681,0.0,0,0.05
10,4.25,85,accelerate,7.583,5.473,17.055,12.473,4.582,2.11,3.116,16.308,7.341,3.835,1.868,0.63,0.0,0,0.1
10,4.3,86,accelerate,7.741,5.467,17.165,12.467,4.698,2.274,3.14,17.165,7.741,4.698,2.274,0.759,0.0,1,0.0
10,4.35,87,accelerate,7.905,5.604,17.279,12.604,4.676,2.302,3.084,17.279,7.905,4.676,2.302,0.758,0.0,1,0.0
10,4.4,88,accelerate,8.086,5.655,17.398,12.655,4.743,2.431,3.077,17.398,8.086,4.743,2.431,0.772,0.0,1,0.0
10,4.45,89,accelerate,8.279,5.866,17.519,12.866,4.653,2.413,2.986,17.109,8.086,4.243,2.22,0.699,0.0,0,0.05
10,4.5,90,accelerate,8.479,5.81,17.645,12.81,4.835,2.669,3.037,17.645,8.479,4.835,2.669,0.794,0.0,1,0.0
10,4.55,91,accelerate,8.672,5.945,17.78,12.945,4.835,2.727,2.991,17.351,8.479,4.406,2.534,0.733,0.0,0,0.05
10,4.6,92,accelerate,8.875,6.063,17.922,13.063,4.859,2.811,2.956,17.055,8.479,3.991,2.415,0.674,0.0,0,0.1
10,4.65,93,accelerate,9.083,6.775,18.045,13.775,4.27,2.308,2.663,16.729,8.479,2.954,1.704,0.513,0.0,0,0.15
10,4.7,94,accelerate,9.294,7.252,18.15,14.252,3.898,2.042,2.503,16.375,8.479,2.123,1.227,0.386,0.0,0,0.2
10,4.75,95,accelerate,9.471,7.479,18.248,14.479,3.769,1.993,2.44,16.004,8.479,1.526,1.0,0.299,0.0,0,0.25
10,4.8,96,accelerate,9.572,7.542,18.346,14.542,3.805,2.031,2.433,15.628,8.479,1.087,0.937,0.239,0.0,0,0.3
10,4.85,97,accelerate,9.588,7.628,18.443,14.628,3.815,1.96,2.418,15.249,8.479,0.621,0.851,0.174,0.0,0,0.35
10,4.9,98,accelerate,9.536,7.593,18.536,14.593,3.944,1.944,2.441,14.868,8.479,0.276,0.886,0.129,0.0,0,0.4
10,4.95,99,accelerate,9.505,7.599,18.627,14.599,4.028,1.906,2.451,18.627,9.505,4.028,1.906,0.664,0.0,1,0.0
10,5.0,100,accelerate,9.53,7.502,18.721,14.502,4.219,2.028,2.495,18.251,9.505,3.748,2.003,0.631,0.0,0,0.05
10,5.05,101,accelerate,9.595,7.5,18.82,14.5,4.32,2.095,2.509,17.876,9.505,3.376,2.005,0.582,0.0,0,0.1
10,5.1,102,accelerate,9.682,7.445,18.923,14.445,4.478,2.237,2.542,18.923,9.682,4.478,2.237,0.737,0.0,1,0.0
10,5.15,103,accelerate,9.807,7.501,19.029,14.501,4.528,2.306,2.537,19.029,9.807,4.528,2.306,0.747,0.0,1,0.0
10,5.2,104,accelerate,9.966,7.517,19.14,14.517,4.624,2.449,2.546,19.14,9.966,4.624,2.449,0.765,0.0,1,0.0
10,5.25,105,accelerate,10.118,7.651,19.254,14.651,4.603,2.468,2.517,18.761,9.966,4.11,2.315,0.693,0.0,0,0.05
10,5.3,106,accelerate,10.302,7.733,19.369,14.733,4.636,2.569,2.505,19.369,10.302,4.636,2.569,0.772,0.0,1,0.0
10,5.35,107,accelerate,10.492,7.911,19.486,14.911,4.575,2.581,2.463,19.486,10.492,4.575,2.581,0.765,0.0,1,0.0
10,5.4,108,accelerate,10.664,8.037,19.602,15.037,4.566,2.627,2.439,19.087,10.492,4.051,2.455,0.692,0.0,0,0.05
10,5.45,109,accelerate,10.69,8.247,19.712,15.247,4.466,2.444,2.39,19.712,10.69,4.466,2.444,0.748,0.0,1,0.0
10,5.5,110,accelerate,10.644,8.389,19.813,15.389,4.425,2.255,2.362,19.298,10.69,3.909,2.302,0.669,0.0,0,0.05
10,5.55,111,accelerate,10.944,8.601,19.911,15.601,4.31,2.342,2.315,19.911,10.944,4.31,2.342,0.725,0.0,1,0.0
10,5.6,112,accelerate,11.276,8.745,20.018,15.745,4.274,2.531,2.289,20.018,11.276,4.274,2.531,0.727,0.0,1,0.0
10,5.65,113,accelerate,11.476,8.956,20.126,15.956,4.17,2.52,2.247,20.126,11.476,4.17,2.52,0.713,0.0,1,0.0
10,5.7,114,accelerate,11.466,9.109,20.226,16.109,4.117,2.357,2.22,20.226,11.466,4.117,2.357,0.702,0.0,1,0.0
10,5.75,115,accelerate,11.413,9.319,20.312,16.319,3.993,2.094,2.18,20.312,11.413,3.993,2.094,0.677,0.0,1,0.0
10,5.8,116,accelerate,11.355,9.468,20.388,16.468,3.92,1.887,2.153,19.847,11.413,3.38,1.945,0.591,0.0,0,0.05
10,5.85,117,accelerate,11.294,9.654,20.452,16.654,3.798,1.64,2.119,20.452,11.294,3.798,1.64,0.637,0.0,1,0.0
10,5.9,118,accelerate,11.275,9.771,20.506,16.771,3.735,1.504,2.099,20.506,11.275,3.735,1.504,0.625,0.0,1,0.0
10,5.95,119,accelerate,11.316,9.929,20.555,16.929,3.625,1.386,2.07,20.555,11.316,3.625,1.386,0.607,0.0,1,0.0
10,6.0,120,accelerate,11.396,10.03,20.602,17.03,3.572,1.366,2.054,20.602,11.396,3.572,1.366,0.6,0.0,1,0.0
10,6.05,121,accelerate,11.469,10.167,20.647,17.167,3.48,1.301,2.031,20.109,11.396,2.941,1.228,0.511,0.0,0,0.05
10,6.1,122,accelerate,11.57,10.245,20.691,17.245,3.445,1.325,2.02,19.611,11.396,2.366,1.15,0.433,0.0,0,0.1
10,6.15,123,accelerate,11.639,10.322,20.732,17.322,3.409,1.317,2.008,19.109,11.396,1.787,1.073,0.353,0.0,0,0.15
10,6.2,124,accelerate,11.773,10.341,20.773,17.341,3.433,1.432,2.009,18.605,11.396,1.265,1.055,0.283,0.0,0,0.2
10,6.25,125,accelerate,11.913,10.36,20.825,17.36,3.466,1.554,2.01,18.102,11.396,0.742,1.036,0.213,0.0,0,0.25
10,6.3,126,accelerate,12.031,10.299,20.886,17.299,3.587,1.732,2.028,17.6,11.396,0.301,1.096,0.156,0.0,0,0.3
10,6.35,127,accelerate,12.157,10.229,20.954,17.229,3.726,1.929,2.049,20.954,12.157,3.726,1.929,0.641,0.0,1,0.0
10,6.4,128,accelerate,12.305,10.112,21.035,17.112,3.923,2.193,2.08,21.035,12.305,3.923,2.193,0.677,0.0,1,0.0
10,6.45,129,accelerate,12.41,10.067,21.126,17.067,4.059,2.343,2.099,20.557,12.305,3.49,2.238,0.621,0.0,0,0.05
10,6.5,130,accelerate,12.543,10.021,21.226,17.021,4.204,2.522,2.118,20.081,12.305,3.06,2.284,0.566,0.0,0,0.1
10,6.55,131,accelerate,12.688,10.033,21.334,17.033,4.301,2.655,2.126,19.606,12.305,2.573,2.272,0.501,0.0,0,0.15
10,6.6,132,accelerate,12.796,10.026,21.447,17.026,4.421,2.77,2.139,21.447,12.796,4.421,2.77,0.765,0.0,1,0.0
10,6.65,133,accelerate,12.924,10.078,21.565,17.078,4.488,2.846,2.14,21.565,12.924,4.488,2.846,0.777,0.0,1,0.0
10,6.7,134,accelerate,13.005,10.113,21.684,17.113,4.571,2.891,2.144,21.095,12.924,3.981,2.81,0.709,0.0,0,0.05
10,6.75,135,accelerate,13.139,10.238,21.802,17.238,4.563,2.901,2.129,21.802,13.139,4.563,2.901,0.79,0.0,1,0.0
10,6.8,136,accelerate,13.289,10.352,21.925,17.352,4.573,2.938,2.118,21.925,13.289,4.573,2.938,0.794,0.0,1,0.0
10,6.85,137,accelerate,13.401,10.537,22.05,17.537,4.512,2.864,2.093,22.05,13.401,4.512,2.864,0.784,0.0,1,0.0
10,6.9,138,accelerate,13.524,10.614,22.172,17.614,4.558,2.91,2.089,21.563,13.401,3.949,2.787,0.707,0.0,0,0.05
10,6.95,139,accelerate,13.598,10.634,22.295,17.634,4.661,2.964,2.097,21.073,13.401,3.439,2.767,0.639,0.0,0,0.1
10,7.0,140,accelerate,13.729,10.602,22.423,17.602,4.821,3.126,2.115,22.423,13.729,4.821,3.126,0.836,0.0,1,0.0
10,7.05,141,accelerate,13.878,11.042,22.549,18.042,4.507,2.836,2.042,21.928,13.729,3.886,2.687,0.697,0.0,0,0.05
10,7.1,142,accelerate,13.987,11.38,22.664,18.38,4.284,2.607,1.992,22.664,13.987,4.284,2.607,0.748,0.0,1,0.0
10,7.15,143,accelerate,14.108,11.604,22.769,18.604,4.165,2.504,1.962,22.769,14.108,4.165,2.504,0.73,0.0,1,0.0
10,7.2,144,accelerate,14.177,11.831,22.866,18.831,4.034,2.346,1.933,22.866,14.177,4.034,2.346,0.708,0.0,1,0.0
10,7.25,145,accelerate,14.301,12.029,22.959,19.029,3.929,2.271,1.909,22.959,14.301,3.929,2.271,0.692,0.0,1,0.0
10,7.3,146,accelerate,14.446,12.173,23.055,19.173,3.883,2.274,1.894,22.413,14.301,3.241,2.128,0.596,0.0,0,0.05
10,7.35,147,accelerate,14.541,12.3,23.152,19.3,3.852,2.241,1.882,21.858,14.301,2.558,2.001,0.501,0.0,0,0.1
10,7.4,148,accelerate,14.638,12.412,23.249,19.412,3.837,2.226,1.873,21.296,14.301,1.884,1.889,0.407,0.0,0,0.15
10,7.45,149,accelerate,14.677,12.451,23.347,19.451,3.896,2.226,1.875,23.347,14.677,3.896,2.226,0.688,0.0,1,0.0
10,7.5,150,accelerate,14.762,12.494,23.446,19.494,3.951,2.268,1.876,23.446,14.762,3.951,2.268,0.697,0.0,1,0.0
10,7.55,151,accelerate,14.873,12.512,23.552,19.512,4.04,2.362,1.882,22.885,14.762,3.374,2.251,0.62,0.0,0,0.05
10,7.6,152,accelerate,14.968,12.587,23.661,19.587,4.074,2.381,1.88,23.661,14.968,4.074,2.381,0.718,0.0,1,0.0
10,7.65,153,accelerate,15.096,12.681,23.779,19.681,4.097,2.415,1.875,23.098,14.968,3.417,2.287,0.628,0.0,0,0.05
10,7.7,154,accelerate,15.202,12.747,23.9,19.747,4.153,2.454,1.875,23.9,15.202,4.153,2.454,0.733,0.0,1,0.0
10,7.75,155,accelerate,15.338,12.828,24.027,19.828,4.2,2.51,1.873,23.33,15.202,3.502,2.374,0.644,0.0,0,0.05
10,7.8,156,accelerate,15.45,12.933,24.161,19.933,4.229,2.517,1.868,24.161,15.45,4.229,2.517,0.746,0.0,1,0.0
10,7.85,157,accelerate,15.552,13.001,24.301,20.001,4.301,2.551,1.869,24.301,15.552,4.301,2.551,0.758,0.0,1,0.0
10,7.9,158,accelerate,15.632,13.106,24.447,20.106,4.34,2.526,1.865,24.447,15.632,4.34,2.526,0.763,0.0,1,0.0
10,7.95,159,accelerate,15.689,13.175,24.592,20.175,4.417,2.514,1.867,23.86,15.632,3.685,2.457,0.673,0.0,0,0.05
10,8.0,160,accelerate,15.771,13.295,24.739,20.295,4.444,2.476,1.861,23.265,15.632,2.969,2.337,0.574,0.0,0,0.1
10,8.05,161,accelerate,15.866,13.414,24.891,20.414,4.477,2.452,1.856,22.662,15.632,2.248,2.218,0.474,0.0,0,0.15
10,8.1,162,accelerate,15.981,13.469,25.048,20.469,4.579,2.512,1.86,22.053,15.632,1.584,2.163,0.383,0.0,0,0.2
10,8.15,163,accelerate,16.008,13.501,25.211,20.501,4.709,2.507,1.867,25.211,16.008,4.709,2.507,0.811,0.0,1,0.0
10,8.2,164,accelerate,16.003,13.47,25.373,20.47,4.902,2.532,1.884,25.373,16.003,4.902,2.532,0.838,0.0,1,0.0
10,8.25,165,accelerate,16.106,13.522,25.536,20.522,5.014,2.584,1.888,24.763,16.003,4.241,2.481,0.748,0.0,0,0.05
10,8.3,166,accelerate,16.314,13.625,25.709,20.625,5.083,2.689,1.887,25.709,16.314,5.083,2.689,0.867,0.0,1,0.0
10,8.35,167,accelerate,16.49,13.711,25.888,20.711,5.177,2.779,1.888,25.089,16.314,4.378,2.602,0.771,0.0,0,0.05
10,8.4,168,accelerate,16.643,13.83,26.07,20.83,5.24,2.813,1.885,24.46,16.314,3.631,2.484,0.667,0.0,0,0.1
10,8.45,169,accelerate,16.774,13.965,26.255,20.965,5.289,2.809,1.88,23.823,16.314,2.857,2.348,0.559,0.0,0,0.15
10,8.5,170,accelerate,16.87,14.038,26.441,21.038,5.403,2.832,1.883,23.176,16.314,2.138,2.275,0.461,0.0,0,0.2
10,8.55,171,accelerate,16.934,14.104,26.626,21.104,5.522,2.83,1.888,22.522,16.314,1.418,2.21,0.363,0.0,0,0.25
10,8.6,172,accelerate,16.988,14.086,26.81,21.086,5.724,2.902,1.903,26.81,16.988,5.724,2.902,0.96,0.0,1,0.0
10,8.65,173,accelerate,17.05,14.099,26.996,21.099,5.896,2.951,1.915,26.154,16.988,5.055,2.889,0.87,0.0,0,0.05
10,8.7,174,accelerate,17.129,14.094,27.181,21.094,6.088,3.036,1.929,25.492,16.988,4.399,2.894,0.783,0.0,0,0.1
10,8.75,175,accelerate,17.219,14.177,27.366,21.177,6.189,3.042,1.93,24.822,16.988,3.646,2.811,0.68,0.0,0,0.15
10,8.8,176,accelerate,17.316,14.292,27.549,21.292,6.257,3.024,1.928,24.145,16.988,2.853,2.696,0.57,0.0,0,0.2
10,8.85,177,accelerate,17.417,14.36,27.731,21.36,6.372,3.057,1.931,27.731,17.417,6.372,3.057,1.0,0.0,1,0.0
10,8.9,178,accelerate,17.522,14.427,27.912,21.427,6.485,3.095,1.935,27.042,17.417,5.615,2.99,0.948,0.0,0,0.05
10,8.95,179,accelerate,17.629,14.483,28.092,21.483,6.609,3.147,1.94,28.092,17.629,6.609,3.147,1.0,0.0,1,0.0
10,9.0,180,accelerate,17.737,14.638,28.267,21.638,6.629,3.099,1.931,27.385,17.629,5.747,2.991,0.966,0.0,0,0.05
10,9.05,181,accelerate,17.846,14.688,28.441,21.688,6.753,3.158,1.936,28.441,17.846,6.753,3.158,1.0,0.0,1,0.0
10,9.1,182,accelerate,17.955,14.66,28.618,21.66,6.958,3.295,1.952,28.618,17.955,6.958,3.295,1.0,0.0,1,0.0
10,9.15,183,accelerate,18.065,14.775,28.798,21.775,7.023,3.29,1.949,27.899,17.955,6.123,3.18,1.0,0.0,0,0.05
10,9.2,184,accelerate,18.176,14.998,28.97,21.998,6.972,3.178,1.932,27.165,17.955,5.167,2.958,0.888,0.0,0,0.1
10,9.25,185,accelerate,18.286,15.242,29.133,22.242,6.891,3.045,1.911,26.416,17.955,4.174,2.713,0.747,0.0,0,0.15
10,9.3,186,accelerate,18.397,15.459,29.289,22.459,6.83,2.938,1.895,25.655,17.955,3.196,2.496,0.609,0.0,0,0.2
10,9.35,187,accelerate,18.508,15.606,29.441,22.606,6.835,2.902,1.887,29.441,18.508,6.835,2.902,1.0,0.0,1,0.0
10,9.4,188,accelerate,18.616,15.747,29.591,22.747,6.844,2.869,1.879,28.663,18.508,5.916,2.761,0.981,0.0,0,0.05
10,9.45,189,accelerate,18.718,15.868,29.738,22.868,6.87,2.85,1.874,27.876,18.508,5.009,2.64,0.856,0.0,0,0.1
10,9.5,190,accelerate,18.813,16.031,29.882,23.031,6.851,2.782,1.864,27.081,18.508,4.05,2.477,0.723,0.0,0,0.15
10,9.55,191,accelerate,18.904,16.168,30.022,23.168,6.853,2.736,1.857,26.278,18.508,3.11,2.34,0.593,0.0,0,0.2
10,9.6,192,accelerate,18.996,16.296,30.159,23.296,6.863,2.699,1.851,30.159,18.996,6.863,2.699,1.0,0.0,1,0.0
10,9.65,193,accelerate,19.092,16.394,30.296,23.394,6.901,2.697,1.848,29.343,18.996,5.949,2.601,0.98,0.0,0,0.05
10,9.7,194,accelerate,19.192,16.524,30.431,23.524,6.907,2.668,1.842,30.431,19.192,6.907,2.668,1.0,0.0,1,0.0
10,9.75,195,accelerate,19.297,16.68,30.564,23.68,6.884,2.617,1.832,30.564,19.297,6.884,2.617,1.0,0.0,1,0.0
10,9.8,196,cruise,19.403,16.843,30.694,23.843,6.852,2.56,1.822,29.726,19.297,5.884,2.454,0.966,0.0,0,0.05
10,9.85,197,cruise,19.509,17.03,30.82,24.03,6.79,2.479,1.81,30.82,19.509,6.79,2.479,1.0,0.0,1,0.0
10,9.9,198,cruise,19.615,17.22,30.942,24.22,6.722,2.395,1.797,30.942,19.615,6.722,2.395,1.0,0.0,1,0.0
10,9.95,199,cruise,19.722,17.423,31.06,24.423,6.637,2.3,1.783,31.06,19.722,6.637,2.3,1.0,0.0,1,0.0
10,10.0,200,cruise,19.831,17.628,31.172,24.628,6.544,2.203,1.768,31.172,19.831,6.544,2.203,1.0,0.0,1,0.0
10,10.05,201,cruise,19.933,17.841,31.279,24.841,6.439,2.092,1.753,30.285,19.831,5.444,1.99,0.892,0.0,0,0.05
10,10.1,202,cruise,20.007,18.047,31.38,25.047,6.333,1.96,1.739,29.387,19.831,4.34,1.784,0.738,0.0,0,0.1
10,10.15,203,cruise,20.016,18.235,31.473,25.235,6.238,1.781,1.726,28.479,19.831,3.244,1.596,0.586,0.0,0,0.15
10,10.2,204,cruise,19.955,18.386,31.556,25.386,6.17,1.569,1.716,27.562,19.831,2.176,1.445,0.438,0.0,0,0.2
10,10.25,205,cruise,19.867,18.493,31.628,25.493,6.135,1.373,1.71,26.64,19.831,1.146,1.338,0.297,0.0,0,0.25
10,10.3,206,cruise,19.781,18.55,31.693,25.55,6.142,1.231,1.708,31.693,19.781,6.142,1.231,0.96,0.0,1,0.0
10,10.35,207,cruise,19.73,18.573,31.752,25.573,6.178,1.157,1.71,30.765,19.781,5.191,1.208,0.832,0.0,0,0.05
10,10.4,208,cruise,19.73,18.609,31.809,25.609,6.2,1.121,1.709,29.835,19.781,4.226,1.172,0.703,0.0,0,0.1
10,10.45,209,cruise,19.767,18.672,31.864,25.672,6.192,1.096,1.707,31.864,19.767,6.192,1.096,0.962,0.0,1,0.0
10,10.5,210,cruise,19.828,18.752,31.918,25.752,6.167,1.077,1.702,31.918,19.828,6.167,1.077,0.958,0.0,1,0.0
10,10.55,211,cruise,19.899,18.868,31.971,25.868,6.103,1.031,1.694,30.978,19.828,5.109,0.96,0.813,0.0,0,0.05
10,10.6,212,cruise,19.954,19.003,32.02,26.003,6.017,0.95,1.685,30.03,19.828,4.027,0.825,0.664,0.0,0,0.1
10,10.65,213,cruise,19.966,19.131,32.065,26.131,5.934,0.835,1.676,32.065,19.966,5.934,0.835,0.919,0.0,1,0.0
10,10.7,214,cruise,19.933,19.248,32.102,26.248,5.854,0.685,1.668,32.102,19.933,5.854,0.685,0.903,0.0,1,0.0
10,10.75,215,cruise,19.875,19.384,32.131,26.384,5.746,0.491,1.658,32.131,19.875,5.746,0.491,0.883,0.0,1,0.0
10,10.8,216,cruise,19.817,19.532,32.149,26.532,5.617,0.285,1.646,32.149,19.817,5.617,0.285,0.858,0.0,1,0.0
10,10.85,217,cruise,19.785,19.639,32.158,26.639,5.519,0.146,1.637,32.158,19.785,5.519,0.146,0.841,0.0,1,0.0
10,10.9,218,cruise,19.794,19.634,32.165,26.634,5.531,0.159,1.638,31.176,19.785,4.542,0.151,0.711,0.0,0,0.05
10,10.95,219,cruise,19.836,19.624,32.175,26.624,5.551,0.212,1.64,32.175,19.836,5.551,0.212,0.847,0.0,1,0.0
10,11.0,220,cruise,19.893,19.859,32.18,26.859,5.321,0.034,1.62,32.18,19.893,5.321,0.034,0.811,0.0,1,0.0
10,11.05,221,cruise,19.936,20.04,32.177,27.04,5.138,-0.104,1.606,32.177,19.936,5.138,-0.104,0.782,0.0,1,0.0
10,11.1,222,cruise,19.945,20.188,32.168,27.188,4.979,-0.243,1.593,31.171,19.936,3.982,-0.252,0.623,0.0,0,0.05
10,11.15,223,cruise,19.918,20.308,32.151,27.308,4.843,-0.39,1.583,32.151,19.918,4.843,-0.39,0.733,0.0,1,0.0
10,11.2,224,cruise,19.872,20.405,32.127,27.405,4.723,-0.533,1.575,32.127,19.872,4.723,-0.533,0.712,0.0,1,0.0
10,11.25,225,cruise,19.828,20.491,32.097,27.491,4.606,-0.663,1.566,32.097,19.828,4.606,-0.663,0.692,0.0,1,0.0
10,11.3,226,cruise,19.806,20.569,32.06,27.569,4.491,-0.763,1.559,31.07,19.828,3.501,-0.741,0.542,0.0,0,0.05
10,11.35,227,cruise,19.817,20.635,32.02,27.635,4.385,-0.818,1.552,30.039,19.828,2.404,-0.807,0.394,0.0,0,0.1
10,11.4,228,cruise,19.853,20.68,31.979,27.68,4.299,-0.827,1.546,31.979,19.853,4.299,-0.827,0.646,0.0,1,0.0
10,11.45,229,cruise,19.895,20.709,31.938,27.709,4.229,-0.814,1.542,30.944,19.853,3.235,-0.856,0.503,0.0,0,0.05
10,11.5,230,cruise,19.923,20.738,31.898,27.738,4.16,-0.815,1.538,31.898,19.923,4.16,-0.815,0.628,0.0,1,0.0
10,11.55,231,cruise,19.923,20.765,31.856,27.765,4.091,-0.842,1.534,31.856,19.923,4.091,-0.842,0.617,0.0,1,0.0
10,11.6,232,cruise,19.899,20.798,31.813,27.798,4.015,-0.899,1.53,30.817,19.923,3.02,-0.875,0.473,0.0,0,0.05
10,11.65,233,cruise,19.864,20.828,31.766,27.828,3.938,-0.964,1.525,29.776,19.923,1.949,-0.905,0.33,0.0,0,0.1
10,11.7,234,cruise,19.835,20.844,31.716,27.844,3.872,-1.009,1.522,28.734,19.923,0.89,-0.921,0.188,0.0,0,0.15
10,11.75,235,cruise,19.826,20.839,31.665,27.839,3.826,-1.014,1.519,27.692,19.923,-0.147,-0.917,0.05,0.0,0,0.2
10,11.8,236,cruise,19.839,20.811,31.616,27.811,3.805,-0.972,1.519,26.651,19.923,-1.16,-0.888,0.0,0.063,0,0.25
10,11.85,237,cruise,19.867,20.748,31.57,27.748,3.822,-0.881,1.522,31.57,19.867,3.822,-0.881,0.58,0.0,1,0.0
10,11.9,238,cruise,19.894,20.685,31.529,27.685,3.844,-0.791,1.524,31.529,19.894,3.844,-0.791,0.586,0.0,1,0.0
10,11.95,239,cruise,19.907,20.637,31.491,27.637,3.854,-0.73,1.526,30.496,19.894,2.859,-0.743,0.456,0.0,0,0.05
10,12.0,240,cruise,19.902,20.611,31.455,27.611,3.844,-0.709,1.526,31.455,19.902,3.844,-0.709,0.589,0.0,1,0.0
10,12.05,241,cruise,19.882,20.599,31.42,27.599,3.82,-0.717,1.525,30.425,19.902,2.826,-0.698,0.454,0.0,0,0.05
10,12.1,242,cruise,19.86,20.599,31.383,27.599,3.784,-0.739,1.524,29.395,19.902,1.796,-0.697,0.316,0.0,0,0.1
10,12.15,243,cruise,19.845,20.594,31.346,27.594,3.751,-0.749,1.522,28.365,19.902,0.771,-0.693,0.18,0.0,0,0.15
10,12.2,244,cruise,19.845,20.576,31.309,27.576,3.732,-0.732,1.522,27.336,19.902,-0.24,-0.675,0.045,0.0,0,0.2
10,12.25,245,cruise,19.857,20.54,31.273,27.54,3.734,-0.683,1.523,26.308,19.902,-1.231,-0.638,0.0,0.064,0,0.25
10,12.3,246,cruise,19.875,20.472,31.242,27.472,3.77,-0.597,1.526,25.283,19.902,-2.189,-0.57,0.0,0.159,0,0.3
10,12.35,247,cruise,19.889,20.372,31.215,27.372,3.843,-0.483,1.532,24.263,19.902,-3.11,-0.471,0.0,0.249,0,0.35
10,12.4,248,cruise,19.893,20.294,31.194,27.294,3.9,-0.4,1.537,31.194,19.893,3.9,-0.4,0.606,0.0,1,0.0
10,12.45,249,cruise,19.887,20.265,31.175,27.265,3.91,-0.378,1.538,30.18,19.893,2.916,-0.371,0.476,0.0,0,0.05
10,12.5,250,cruise,19.873,20.073,31.16,27.073,4.087,-0.199,1.552,31.16,19.873,4.087,-0.199,0.638,0.0,1,0.0
10,12.55,251,cruise,19.861,19.868,31.156,26.868,4.288,-0.007,1.568,31.156,19.861,4.288,-0.007,0.671,0.0,1,0.0
10,12.6,252,cruise,19.855,19.756,31.159,26.756,4.404,0.099,1.577,31.159,19.855,4.404,0.099,0.69,0.0,1,0.0
10,12.65,253,cruise,19.857,19.709,31.166,26.709,4.457,0.148,1.581,30.173,19.855,3.464,0.145,0.567,0.0,0,0.05
10,12.7,254,cruise,19.867,19.7,31.174,26.7,4.473,0.166,1.582,29.188,19.855,2.488,0.154,0.437,0.0,0,0.1
10,12.75,255,cruise,19.877,19.699,31.182,26.699,4.483,0.178,1.583,28.203,19.855,1.503,0.155,0.306,0.0,0,0.15
10,12.8,256,cruise,19.884,19.687,31.192,26.687,4.505,0.197,1.584,27.218,19.855,0.531,0.168,0.176,0.0,0,0.2
10,12.85,257,cruise,19.884,19.65,31.203,26.65,4.553,0.234,1.588,31.203,19.884,4.553,0.234,0.715,0.0,1,0.0
10,12.9,258,cruise,19.878,19.596,31.216,26.596,4.619,0.281,1.593,30.222,19.884,3.625,0.287,0.593,0.0,0,0.05
10,12.95,259,cruise,19.869,19.564,31.231,26.564,4.666,0.305,1.596,31.231,19.869,4.666,0.305,0.732,0.0,1,0.0
10,13.0,260,cruise,19.863,19.566,31.246,26.566,4.68,0.297,1.597,31.246,19.863,4.68,0.297,0.734,0.0,1,0.0
10,13.05,261,cruise,19.861,19.602,31.26,26.602,4.658,0.26,1.595,31.26,19.861,4.658,0.26,0.73,0.0,1,0.0
10,13.1,262,cruise,19.865,19.66,31.271,26.66,4.611,0.205,1.591,30.278,19.861,3.618,0.202,0.589,0.0,0,0.05
10,13.15,263,cruise,19.871,19.724,31.279,26.724,4.555,0.147,1.586,29.293,19.861,2.569,0.137,0.447,0.0,0,0.1
10,13.2,264,cruise,19.877,19.773,31.285,26.773,4.512,0.103,1.582,28.305,19.861,1.532,0.088,0.307,0.0,0,0.15
10,13.25,265,cruise,19.879,19.793,31.29,26.793,4.496,0.086,1.581,31.29,19.879,4.496,0.086,0.702,0.0,1,0.0
10,13.3,266,cruise,19.878,19.792,31.294,26.792,4.502,0.086,1.581,31.294,19.878,4.502,0.086,0.703,0.0,1,0.0
10,13.35,267,cruise,19.873,19.81,31.298,26.81,4.488,0.063,1.58,31.298,19.873,4.488,0.063,0.7,0.0,1,0.0
10,13.4,268,cruise,19.869,19.852,31.3,26.852,4.448,0.017,1.577,31.3,19.869,4.448,0.017,0.694,0.0,1,0.0
10,13.45,269,cruise,19.866,19.909,31.299,26.909,4.389,-0.044,1.572,31.299,19.866,4.389,-0.044,0.684,0.0,1,0.0
10,13.5,270,cruise,19.866,19.976,31.294,26.976,4.319,-0.11,1.567,31.294,19.866,4.319,-0.11,0.672,0.0,1,0.0
10,13.55,271,cruise,19.869,20.047,31.287,27.047,4.24,-0.178,1.561,31.287,19.869,4.24,-0.178,0.659,0.0,1,0.0
10,13.6,272,cruise,19.873,20.119,31.276,27.119,4.157,-0.246,1.555,30.282,19.869,3.164,-0.25,0.513,0.0,0,0.05
10,13.65,273,cruise,19.875,20.182,31.262,27.182,4.079,-0.307,1.549,31.262,19.875,4.079,-0.307,0.634,0.0,1,0.0
10,13.7,274,cruise,19.876,20.235,31.245,27.235,4.01,-0.359,1.544,30.251,19.875,3.016,-0.36,0.49,0.0,0,0.05
10,13.75,275,cruise,19.874,20.282,31.225,27.282,3.943,-0.408,1.54,29.238,19.875,1.956,-0.407,0.347,0.0,0,0.1
10,13.8,276,cruise,19.872,20.306,31.204,27.306,3.898,-0.434,1.537,28.223,19.875,0.917,-0.43,0.208,0.0,0,0.15
10,13.85,277,cruise,19.869,20.296,31.182,27.296,3.887,-0.427,1.536,27.208,19.875,-0.088,-0.42,0.074,0.0,0,0.2
10,13.9,278,cruise,19.868,20.247,31.162,27.247,3.916,-0.379,1.539,31.162,19.868,3.916,-0.379,0.609,0.0,1,0.0
10,13.95,279,cruise,19.869,20.172,31.146,27.172,3.974,-0.303,1.544,31.146,19.869,3.974,-0.303,0.62,0.0,1,0.0
10,14.0,280,cruise,19.871,20.114,31.133,27.114,4.019,-0.243,1.548,31.133,19.871,4.019,-0.243,0.628,0.0,1,0.0
10,14.05,281,cruise,19.873,20.093,31.121,27.093,4.028,-0.221,1.549,30.128,19.871,3.034,-0.223,0.497,0.0,0,0.05
10,14.1,282,cruise,19.874,20.093,31.11,27.093,4.018,-0.219,1.548,29.123,19.871,2.03,-0.222,0.363,0.0,0,0.1
10,14.15,283,cruise,19.874,20.087,31.1,27.087,4.012,-0.213,1.548,31.1,19.874,4.012,-0.213,0.628,0.0,1,0.0
10,14.2,284,cruise,19.873,20.077,31.089,27.077,4.012,-0.204,1.549,30.096,19.874,3.019,-0.203,0.496,0.0,0,0.05
10,14.25,285,cruise,19.871,20.079,31.079,27.079,4.0,-0.209,1.548,31.079,19.871,4.0,-0.209,0.626,0.0,1,0.0
10,14.3,286,cruise,19.87,20.09,31.068,27.09,3.978,-0.221,1.546,31.068,19.87,3.978,-0.221,0.623,0.0,1,0.0
10,14.35,287,cruise,19.869,20.117,31.056,27.117,3.94,-0.247,1.544,30.063,19.87,2.946,-0.247,0.485,0.0,0,0.05
10,14.4,288,cruise,19.87,20.146,31.043,27.146,3.897,-0.276,1.541,29.056,19.87,1.91,-0.276,0.346,0.0,0,0.1
10,14.45,289,cruise,19.872,20.157,31.029,27.157,3.871,-0.286,1.539,31.029,19.872,3.871,-0.286,0.607,0.0,1,0.0
10,14.5,290,cruise,19.873,20.156,31.015,27.156,3.859,-0.283,1.539,30.021,19.872,2.866,-0.284,0.473,0.0,0,0.05
10,14.55,291,cruise,19.873,20.161,31.0,27.161,3.84,-0.288,1.538,29.013,19.872,1.852,-0.289,0.337,0.0,0,0.1
10,14.6,292,cruise,19.873,20.156,30.986,27.156,3.83,-0.283,1.537,30.986,19.873,3.83,-0.283,0.601,0.0,1,0.0
10,14.65,293,cruise,19.872,20.142,30.972,27.142,3.83,-0.27,1.538,30.972,19.872,3.83,-0.27,0.602,0.0,1,0.0
10,14.7,294,cruise,19.871,20.147,30.958,27.147,3.811,-0.275,1.537,29.965,19.872,2.818,-0.274,0.467,0.0,0,0.05
10,14.75,295,cruise,19.87,20.159,30.944,27.159,3.786,-0.289,1.535,30.944,19.87,3.786,-0.289,0.595,0.0,1,0.0
10,14.8,296,cruise,19.87,20.171,30.93,27.171,3.758,-0.302,1.533,29.936,19.87,2.765,-0.301,0.459,0.0,0,0.05
10,14.85,297,cruise,19.87,20.187,30.914,27.187,3.727,-0.317,1.531,30.914,19.87,3.727,-0.317,0.586,0.0,1,0.0
10,14.9,298,cruise,19.871,20.202,30.898,27.202,3.697,-0.331,1.529,29.905,19.87,2.703,-0.332,0.449,0.0,0,0.05
10,14.95,299,cruise,19.872,20.217,30.881,27.217,3.664,-0.345,1.527,30.881,19.872,3.664,-0.345,0.577,0.0,1,0.0
10,15.0,300,cruise,19.873,20.23,30.864,27.23,3.634,-0.357,1.526,30.864,19.873,3.634,-0.357,0.573,0.0,1,0.0
10,15.05,301,cruise,19.873,20.251,30.845,27.251,3.594,-0.378,1.523,29.851,19.873,2.6,-0.378,0.434,0.0,0,0.05
10,15.1,302,cruise,19.872,20.27,30.825,27.27,3.556,-0.398,1.521,28.838,19.873,1.569,-0.397,0.296,0.0,0,0.1
10,15.15,303,cruise,19.871,20.268,30.806,27.268,3.538,-0.397,1.52,30.806,19.871,3.538,-0.397,0.559,0.0,1,0.0
10,15.2,304,cruise,19.87,20.25,30.786,27.25,3.536,-0.38,1.52,29.793,19.871,2.542,-0.379,0.426,0.0,0,0.05
10,15.25,305,cruise,19.87,20.239,30.768,27.239,3.528,-0.369,1.52,28.781,19.871,1.541,-0.368,0.293,0.0,0,0.1
10,15.3,306,cruise,19.871,20.218,30.75,27.218,3.532,-0.347,1.521,30.75,19.871,3.532,-0.347,0.559,0.0,1,0.0
10,15.35,307,cruise,19.871,20.188,30.733,27.188,3.546,-0.316,1.522,30.733,19.871,3.546,-0.316,0.562,0.0,1,0.0
10,15.4,308,cruise,19.872,20.176,30.718,27.176,3.542,-0.304,1.522,30.718,19.872,3.542,-0.304,0.562,0.0,1,0.0
10,15.45,309,cruise,19.872,20.18,30.703,27.18,3.523,-0.308,1.521,30.703,19.872,3.523,-0.308,0.559,0.0,1,0.0
10,15.5,310,cruise,19.872,20.194,30.687,27.194,3.493,-0.321,1.52,29.693,19.872,2.5,-0.321,0.423,0.0,0,0.05
10,15.55,311,cruise,19.872,20.206,30.67,27.206,3.465,-0.334,1.518,30.67,19.872,3.465,-0.334,0.551,0.0,1,0.0
10,15.6,312,cruise,19.871,20.212,30.653,27.212,3.441,-0.341,1.517,29.66,19.872,2.447,-0.341,0.415,0.0,0,0.05
10,15.65,313,cruise,19.871,20.219,30.636,27.219,3.417,-0.348,1.515,28.649,19.872,1.43,-0.347,0.279,0.0,0,0.1
10,15.7,314,cruise,19.871,20.206,30.619,27.206,3.412,-0.336,1.515,30.619,19.871,3.412,-0.336,0.544,0.0,1,0.0
10,15.75,315,cruise,19.871,20.181,30.603,27.181,3.422,-0.31,1.516,29.609,19.871,2.429,-0.31,0.414,0.0,0,0.05
10,15.8,316,cruise,19.872,20.162,30.588,27.162,3.426,-0.291,1.517,30.588,19.872,3.426,-0.291,0.547,0.0,1,0.0
10,15.85,317,cruise,19.872,20.148,30.574,27.148,3.426,-0.277,1.517,29.58,19.872,2.432,-0.277,0.415,0.0,0,0.05
10,15.9,318,cruise,19.872,20.141,30.56,27.141,3.419,-0.269,1.517,30.56,19.872,3.419,-0.269,0.547,0.0,1,0.0
10,15.95,319,cruise,19.872,20.135,30.547,27.135,3.413,-0.263,1.517,29.554,19.872,2.419,-0.263,0.414,0.0,0,0.05
10,16.0,320,cruise,19.872,20.132,30.534,27.132,3.402,-0.26,1.517,28.547,19.872,1.415,-0.26,0.28,0.0,0,0.1
10,16.05,321,cruise,19.871,20.114,30.522,27.114,3.407,-0.243,1.517,30.522,19.871,3.407,-0.243,0.546,0.0,1,0.0
10,16.1,322,cruise,19.871,20.085,30.51,27.085,3.425,-0.214,1.519,30.51,19.871,3.425,-0.214,0.55,0.0,1,0.0
10,16.15,323,cruise,19.871,20.073,30.5,27.073,3.427,-0.202,1.519,29.507,19.871,2.433,-0.202,0.418,0.0,0,0.05
10,16.2,324,cruise,19.871,20.068,30.491,27.068,3.423,-0.196,1.519,28.503,19.871,1.436,-0.197,0.285,0.0,0,0.1
10,16.25,325,cruise,19.872,20.049,30.481,27.049,3.433,-0.177,1.52,27.501,19.871,0.452,-0.178,0.154,0.0,0,0.15
10,16.3,326,cruise,19.872,20.004,30.474,27.004,3.469,-0.132,1.523,30.474,19.872,3.469,-0.132,0.558,0.0,1,0.0
10,16.35,327,cruise,19.872,19.943,30.469,26.943,3.526,-0.071,1.528,29.475,19.872,2.532,-0.071,0.435,0.0,0,0.05
10,16.4,328,cruise,19.872,19.895,30.466,26.895,3.571,-0.023,1.531,28.479,19.872,1.584,-0.023,0.31,0.0,0,0.1
10,16.45,329,cruise,19.871,19.852,30.466,26.852,3.614,0.019,1.535,30.466,19.871,3.614,0.019,0.583,0.0,1,0.0
10,16.5,330,cruise,19.871,19.812,30.469,26.812,3.657,0.06,1.538,29.475,19.871,2.663,0.06,0.457,0.0,0,0.05
10,16.55,331,cruise,19.871,19.789,30.472,26.789,3.683,0.082,1.54,30.472,19.871,3.683,0.082,0.594,0.0,1,0.0
10,16.6,332,cruise,19.871,19.779,30.477,26.779,3.698,0.092,1.541,30.477,19.871,3.698,0.092,0.596,0.0,1,0.0
10,16.65,333,cruise,19.871,19.788,30.481,26.788,3.693,0.083,1.54,30.481,19.871,3.693,0.083,0.595,0.0,1,0.0
10,16.7,334,cruise,19.872,19.81,30.485,26.81,3.675,0.062,1.539,29.491,19.871,2.681,0.061,0.46,0.0,0,0.05
10,16.75,335,cruise,19.872,19.833,30.487,26.833,3.654,0.039,1.537,28.5,19.871,1.667,0.039,0.324,0.0,0,0.1
10,16.8,336,cruise,19.872,19.837,30.489,26.837,3.651,0.034,1.537,27.508,19.871,0.671,0.034,0.191,0.0,0,0.15
10,16.85,337,cruise,19.872,19.813,30.491,26.813,3.678,0.058,1.539,30.491,19.872,3.678,0.058,0.592,0.0,1,0.0
10,16.9,338,cruise,19.871,19.769,30.495,26.769,3.726,0.102,1.543,30.495,19.871,3.726,0.102,0.6,0.0,1,0.0
10,16.95,339,cruise,19.871,19.744,30.501,26.744,3.757,0.127,1.545,30.501,19.871,3.757,0.127,0.605,0.0,1,0.0
10,17.0,340,cruise,19.871,19.745,30.508,26.745,3.762,0.126,1.545,29.514,19.871,2.769,0.126,0.473,0.0,0,0.05
10,17.05,341,cruise,19.871,19.756,30.514,26.756,3.758,0.116,1.545,28.527,19.871,1.771,0.115,0.34,0.0,0,0.1
10,17.1,342,cruise,19.871,19.755,30.519,26.755,3.765,0.117,1.545,30.519,19.871,3.765,0.117,0.606,0.0,1,0.0
10,17.15,343,cruise,19.872,19.745,30.526,26.745,3.781,0.127,1.546,29.532,19.871,2.787,0.127,0.476,0.0,0,0.05
10,17.2,344,cruise,19.872,19.745,30.532,26.745,3.787,0.127,1.546,30.532,19.872,3.787,0.127,0.609,0.0,1,0.0
10,17.25,345,cruise,19.872,19.752,30.538,26.752,3.786,0.119,1.546,29.545,19.872,2.792,0.119,0.476,0.0,0,0.05
10,17.3,346,cruise,19.868,19.767,30.544,26.767,3.777,0.101,1.545,30.544,19.868,3.777,0.101,0.607,0.0,1,0.0
10,17.35,347,cruise,19.868,19.783,30.548,26.783,3.765,0.085,1.544,29.555,19.868,2.772,0.085,0.472,0.0,0,0.05
10,17.4,348,cruise,19.848,19.803,30.551,26.803,3.748,0.044,1.543,30.551,19.848,3.748,0.044,0.601,0.0,1,0.0
10,17.45,349,cruise,19.855,19.823,30.553,26.823,3.73,0.032,1.541,29.56,19.848,2.738,0.025,0.466,0.0,0,0.05
10,17.5,350,cruise,19.849,19.844,30.553,26.844,3.709,0.005,1.54,28.569,19.848,1.724,0.004,0.33,0.0,0,0.1
10,17.55,351,cruise,19.867,19.849,30.553,26.849,3.704,0.018,1.539,27.576,19.848,0.727,-0.001,0.197,0.0,0,0.15
10,17.6,352,cruise,19.855,19.826,30.554,26.826,3.728,0.029,1.541,30.554,19.855,3.728,0.029,0.598,0.0,1,0.0
10,17.65,353,cruise,19.841,19.783,30.553,26.783,3.77,0.058,1.544,29.564,19.855,2.781,0.072,0.473,0.0,0,0.05
10,17.7,354,cruise,19.851,19.753,30.552,26.753,3.8,0.099,1.547,30.552,19.851,3.8,0.099,0.61,0.0,1,0.0
10,17.75,355,cruise,19.868,19.74,30.554,26.74,3.814,0.128,1.548,30.554,19.868,3.814,0.128,0.613,0.0,1,0.0
10,17.8,356,cruise,19.838,19.75,30.556,26.75,3.806,0.089,1.547,29.567,19.868,2.818,0.119,0.48,0.0,0,0.05
10,17.85,357,cruise,19.844,19.767,30.556,26.767,3.79,0.077,1.546,30.556,19.844,3.79,0.077,0.608,0.0,1,0.0
10,17.9,358,cruise,19.869,19.785,30.554,26.785,3.769,0.084,1.544,30.554,19.869,3.769,0.084,0.605,0.0,1,0.0
10,17.95,359,cruise,19.892,19.814,30.55,26.814,3.736,0.077,1.542,29.564,19.869,2.75,0.055,0.469,0.0,0,0.05
10,18.0,360,cruise,19.9,19.843,30.545,26.843,3.703,0.058,1.539,30.545,19.9,3.703,0.058,0.596,0.0,1,0.0
10,18.05,361,cruise,19.889,19.867,30.539,26.867,3.672,0.022,1.537,29.553,19.9,2.686,0.033,0.459,0.0,0,0.05
10,18.1,362,cruise,19.863,19.891,30.53,26.891,3.639,-0.027,1.535,28.56,19.9,1.669,0.01,0.323,0.0,0,0.1
10,18.15,363,cruise,19.849,19.896,30.521,26.896,3.625,-0.047,1.534,27.566,19.9,0.67,0.004,0.189,0.0,0,0.15
10,18.2,364,cruise,19.833,19.872,30.512,26.872,3.64,-0.039,1.535,26.573,19.9,-0.3,0.028,0.061,0.0,0,0.2
10,18.25,365,cruise,19.847,19.813,30.508,26.813,3.694,0.034,1.54,30.508,19.847,3.694,0.034,0.594,0.0,1,0.0
10,18.3,366,cruise,19.853,19.732,30.509,26.732,3.777,0.121,1.546,30.509,19.853,3.777,0.121,0.608,0.0,1,0.0
10,18.35,367,cruise,19.879,19.669,30.517,26.669,3.847,0.209,1.551,29.527,19.853,2.858,0.183,0.487,0.0,0,0.05
10,18.4,368,cruise,19.884,19.637,30.529,26.637,3.892,0.247,1.555,28.547,19.853,1.91,0.216,0.362,0.0,0,0.1
10,18.45,369,cruise,19.892,19.611,30.543,26.611,3.933,0.281,1.557,27.569,19.853,0.958,0.242,0.236,0.0,0,0.15
10,18.5,370,cruise,19.876,19.573,30.561,26.573,3.988,0.303,1.561,30.561,19.876,3.988,0.303,0.642,0.0,1,0.0
10,18.55,371,cruise,19.868,19.527,30.581,26.527,4.054,0.341,1.566,30.581,19.868,4.054,0.341,0.652,0.0,1,0.0
10,18.6,372,cruise,19.851,19.507,30.602,26.507,4.095,0.344,1.569,29.609,19.868,3.103,0.361,0.526,0.0,0,0.05
10,18.65,373,cruise,19.853,19.51,30.624,26.51,4.114,0.343,1.57,30.624,19.853,4.114,0.343,0.66,0.0,1,0.0
10,18.7,374,cruise,19.856,19.526,30.646,26.526,4.12,0.329,1.569,29.653,19.853,3.127,0.327,0.528,0.0,0,0.05
10,18.75,375,cruise,19.871,19.554,30.667,26.554,4.114,0.317,1.568,28.682,19.853,2.128,0.3,0.394,0.0,0,0.1
10,18.8,376,cruise,19.879,19.571,30.689,26.571,4.118,0.308,1.568,30.689,19.879,4.118,0.308,0.659,0.0,1,0.0
10,18.85,377,cruise,19.886,19.576,30.71,26.576,4.134,0.311,1.569,29.716,19.879,3.14,0.303,0.529,0.0,0,0.05
10,18.9,378,cruise,19.882,19.595,30.73,26.595,4.134,0.286,1.568,28.742,19.879,2.147,0.283,0.396,0.0,0,0.1
10,18.95,379,cruise,19.875,19.585,30.748,26.585,4.163,0.29,1.57,27.769,19.879,1.183,0.294,0.268,0.0,0,0.15
10,19.0,380,cruise,19.865,19.576,30.766,26.576,4.191,0.289,1.572,26.795,19.879,0.219,0.303,0.139,0.0,0,0.2
10,19.05,381,cruise,19.861,19.517,30.785,26.517,4.268,0.344,1.577,30.785,19.861,4.268,0.344,0.681,0.0,1,0.0
10,19.1,382,cruise,19.86,19.457,30.806,26.457,4.349,0.404,1.583,30.806,19.86,4.349,0.404,0.693,0.0,1,0.0
10,19.15,383,cruise,19.866,19.418,30.829,26.418,4.41,0.448,1.588,30.829,19.866,4.41,0.448,0.703,0.0,1,0.0
10,19.2,384,cruise,19.873,19.402,30.853,26.402,4.451,0.471,1.59,29.861,19.866,3.46,0.465,0.577,0.0,0,0.05
10,19.25,385,cruise,19.879,19.382,30.878,26.382,4.496,0.497,1.593,30.878,19.879,4.496,0.497,0.716,0.0,1,0.0
10,19.3,386,cruise,19.88,19.369,30.903,26.369,4.533,0.51,1.595,29.911,19.879,3.542,0.51,0.589,0.0,0,0.05
10,19.35,387,cruise,19.877,19.412,30.924,26.412,4.512,0.465,1.593,28.941,19.879,2.529,0.467,0.453,0.0,0,0.1
10,19.4,388,cruise,19.872,19.399,30.941,26.399,4.542,0.472,1.595,30.941,19.872,4.542,0.472,0.721,0.0,1,0.0
10,19.45,389,cruise,19.867,19.419,30.961,26.419,4.542,0.448,1.594,29.97,19.872,3.551,0.453,0.589,0.0,0,0.05
10,19.5,390,cruise,19.865,19.459,30.98,26.459,4.521,0.406,1.592,30.98,19.865,4.521,0.406,0.716,0.0,1,0.0
10,19.55,391,cruise,19.866,19.505,30.998,26.505,4.494,0.361,1.589,30.998,19.866,4.494,0.361,0.711,0.0,1,0.0
10,19.6,392,cruise,19.87,19.563,31.015,26.563,4.452,0.307,1.585,30.024,19.866,3.461,0.303,0.572,0.0,0,0.05
10,19.65,393,cruise,19.874,19.612,31.03,26.612,4.419,0.262,1.582,29.047,19.866,2.435,0.254,0.433,0.0,0,0.1
10,19.7,394,cruise,19.876,19.658,31.044,26.658,4.386,0.218,1.579,31.044,19.876,4.386,0.218,0.692,0.0,1,0.0
10,19.75,395,cruise,19.876,19.684,31.057,26.684,4.372,0.192,1.578,30.064,19.876,3.38,0.192,0.557,0.0,0,0.05
10,19.8,396,cruise,19.874,19.722,31.068,26.722,4.346,0.151,1.575,29.083,19.876,2.361,0.154,0.42,0.0,0,0.1
10,19.85,397,cruise,19.87,19.74,31.078,26.74,4.338,0.13,1.574,31.078,19.87,4.338,0.13,0.683,0.0,1,0.0
10,19.9,398,cruise,19.868,19.758,31.087,26.758,4.328,0.11,1.573,30.094,19.87,3.336,0.112,0.549,0.0,0,0.05
10,19.95,399,cruise,19.867,19.773,31.095,26.773,4.322,0.095,1.573,31.095,19.867,4.322,0.095,0.679,0.0,1,0.0
10,20.0,400,cruise,19.869,19.808,31.101,26.808,4.292,0.06,1.57,31.101,19.869,4.292,0.06,0.674,0.0,1,0.0
10,20.05,401,cruise,19.871,19.843,31.105,26.843,4.262,0.028,1.568,31.105,19.871,4.262,0.028,0.669,0.0,1,0.0
10,20.1,402,cruise,19.868,19.903,31.106,26.903,4.203,-0.035,1.563,30.113,19.871,3.21,-0.032,0.527,0.0,0,0.05
10,20.15,403,cruise,19.87,19.948,31.105,26.948,4.157,-0.077,1.559,29.119,19.871,2.171,-0.077,0.387,0.0,0,0.1
10,20.2,404,cruise,19.86,19.984,31.1,26.984,4.117,-0.123,1.556,31.1,19.86,4.117,-0.123,0.645,0.0,1,0.0
10,20.25,405,cruise,19.843,19.994,31.094,26.994,4.1,-0.151,1.555,30.102,19.86,3.109,-0.134,0.51,0.0,0,0.05
10,20.3,406,cruise,19.855,20.018,31.086,27.018,4.068,-0.163,1.553,31.086,19.855,4.068,-0.163,0.637,0.0,1,0.0
10,20.35,407,cruise,19.855,20.038,31.077,27.038,4.039,-0.183,1.551,30.086,19.855,3.048,-0.183,0.5,0.0,0,0.05
10,20.4,408,cruise,19.874,20.069,31.067,27.069,3.998,-0.195,1.548,31.067,19.874,3.998,-0.195,0.627,0.0,1,0.0
10,20.45,409,cruise,19.868,20.094,31.055,27.094,3.962,-0.226,1.546,31.055,19.868,3.962,-0.226,0.621,0.0,1,0.0
10,20.5,410,cruise,19.822,20.133,31.039,27.133,3.906,-0.311,1.542,31.039,19.822,3.906,-0.311,0.61,0.0,1,0.0
10,20.55,411,cruise,19.829,20.173,31.019,27.173,3.845,-0.345,1.538,30.032,19.822,2.859,-0.351,0.469,0.0,0,0.05
10,20.6,412,cruise,19.828,20.212,30.996,27.212,3.783,-0.384,1.534,29.023,19.822,1.811,-0.39,0.328,0.0,0,0.1
10,20.65,413,cruise,19.868,20.225,30.971,27.225,3.746,-0.358,1.531,30.971,19.868,3.746,-0.358,0.587,0.0,1,0.0
10,20.7,414,cruise,19.873,20.224,30.946,27.224,3.723,-0.35,1.53,29.961,19.868,2.737,-0.356,0.453,0.0,0,0.05
10,20.75,415,cruise,19.896,20.225,30.921,27.225,3.696,-0.329,1.529,28.951,19.868,1.726,-0.357,0.318,0.0,0,0.1
10,20.8,416,cruise,19.871,20.216,30.894,27.216,3.678,-0.345,1.528,30.894,19.871,3.678,-0.345,0.579,0.0,1,0.0
10,20.85,417,cruise,19.786,20.196,30.861,27.196,3.665,-0.41,1.528,30.861,19.786,3.665,-0.41,0.575,0.0,1,0.0
10,20.9,418,cruise,19.769,20.194,30.824,27.194,3.63,-0.425,1.526,30.824,19.769,3.63,-0.425,0.57,0.0,1,0.0
10,20.95,419,cruise,19.757,20.205,30.783,27.205,3.578,-0.447,1.524,29.816,19.769,2.611,-0.436,0.434,0.0,0,0.05
10,21.0,420,cruise,19.811,20.217,30.741,27.217,3.524,-0.405,1.521,28.808,19.769,1.591,-0.447,0.297,0.0,0,0.1
10,21.05,421,cruise,19.839,20.21,30.698,27.21,3.488,-0.371,1.519,27.799,19.769,0.589,-0.441,0.164,0.0,0,0.15
10,21.1,422,cruise,19.832,20.175,30.653,27.175,3.478,-0.343,1.519,26.792,19.769,-0.383,-0.406,0.035,0.0,0,0.2
10,21.15,423,cruise,19.877,20.106,30.609,27.106,3.504,-0.228,1.522,25.787,19.769,-1.318,-0.337,0.0,0.065,0,0.25
10,21.2,424,cruise,19.877,19.994,30.569,26.994,3.575,-0.117,1.529,30.569,19.877,3.575,-0.117,0.573,0.0,1,0.0
10,21.25,425,cruise,19.898,19.876,30.533,26.876,3.657,0.022,1.536,30.533,19.898,3.657,0.022,0.588,0.0,1,0.0
10,21.3,426,cruise,19.86,19.784,30.5,26.784,3.716,0.076,1.542,29.551,19.898,2.767,0.114,0.473,0.0,0,0.05
10,21.35,427,cruise,19.768,19.728,30.464,26.728,3.735,0.039,1.544,30.464,19.768,3.735,0.039,0.599,0.0,1,0.0
10,21.4,428,cruise,19.752,19.699,30.425,26.699,3.726,0.053,1.545,29.491,19.768,2.792,0.069,0.475,0.0,0,0.05
10,21.45,429,cruise,19.733,19.689,30.385,26.689,3.696,0.044,1.543,28.52,19.768,1.831,0.079,0.347,0.0,0,0.1
10,21.5,430,cruise,19.785,19.675,30.347,26.675,3.672,0.109,1.542,30.347,19.785,3.672,0.109,0.593,0.0,1,0.0
10,21.55,431,cruise,19.806,19.658,30.312,26.658,3.654,0.148,1.542,30.312,19.806,3.654,0.148,0.592,0.0,1,0.0
10,21.6,432,cruise,19.799,19.66,30.276,26.66,3.616,0.139,1.54,30.276,19.799,3.616,0.139,0.587,0.0,1,0.0
10,21.65,433,cruise,19.862,19.672,30.242,26.672,3.57,0.19,1.537,30.242,19.862,3.57,0.19,0.582,0.0,1,0.0
10,21.7,434,cruise,19.885,19.698,30.21,26.698,3.513,0.187,1.534,30.21,19.885,3.513,0.187,0.575,0.0,1,0.0
10,21.75,435,cruise,19.927,19.715,30.182,26.715,3.466,0.212,1.531,30.182,19.927,3.466,0.212,0.569,0.0,1,0.0
10,21.8,436,cruise,19.89,19.749,30.155,26.749,3.407,0.141,1.527,29.238,19.927,2.49,0.179,0.438,0.0,0,0.05
10,21.85,437,cruise,19.787,19.754,30.124,26.754,3.37,0.033,1.525,30.124,19.787,3.37,0.033,0.55,0.0,1,0.0
10,21.9,438,cruise,19.751,19.739,30.091,26.739,3.351,0.012,1.524,29.187,19.787,2.448,0.048,0.428,0.0,0,0.05
10,21.95,439,cruise,19.725,19.754,30.058,26.754,3.304,-0.029,1.522,30.058,19.725,3.304,-0.029,0.54,0.0,1,0.0
10,22.0,440,cruise,19.769,19.744,30.031,26.744,3.288,0.026,1.521,30.031,19.769,3.288,0.026,0.539,0.0,1,0.0
10,22.05,441,cruise,19.797,19.758,30.011,26.758,3.253,0.039,1.519,30.011,19.797,3.253,0.039,0.535,0.0,1,0.0
10,22.1,442,cruise,19.875,19.749,30.0,26.749,3.251,0.126,1.519,29.092,19.797,2.342,0.048,0.414,0.0,0,0.05
10,22.15,443,cruise,19.909,19.699,29.994,26.699,3.295,0.21,1.523,28.169,19.797,1.47,0.098,0.299,0.0,0,0.1
10,22.2,444,cruise,19.95,19.681,29.997,26.681,3.316,0.268,1.524,27.246,19.797,0.565,0.116,0.179,0.0,0,0.15
10,22.25,445,cruise,19.915,19.612,30.006,26.612,3.394,0.303,1.53,30.006,19.915,3.394,0.303,0.563,0.0,1,0.0
10,22.3,446,cruise,19.883,19.558,30.024,26.558,3.466,0.325,1.535,29.103,19.915,2.546,0.357,0.451,0.0,0,0.05
10,22.35,447,cruise,19.814,19.483,30.047,26.483,3.564,0.331,1.542,28.201,19.915,1.718,0.432,0.344,0.0,0,0.1
10,22.4,448,cruise,19.721,19.444,30.071,26.444,3.627,0.277,1.547,27.299,19.915,0.856,0.472,0.23,0.0,0,0.15
10,22.45,449,cruise,19.719,19.361,30.099,26.361,3.738,0.359,1.555,26.398,19.915,0.037,0.554,0.123,0.0,0,0.2
10,22.5,450,cruise,19.739,19.211,30.134,26.211,3.924,0.529,1.569,30.134,19.739,3.924,0.529,0.641,0.0,1,0.0
10,22.55,451,cruise,19.807,19.108,30.181,26.108,4.073,0.699,1.579,30.181,19.807,4.073,0.699,0.666,0.0,1,0.0
10,22.6,452,cruise,19.859,19.007,30.237,26.007,4.23,0.852,1.591,30.237,19.859,4.23,0.852,0.692,0.0,1,0.0
10,22.65,453,cruise,19.931,18.99,30.303,25.99,4.314,0.942,1.596,30.303,19.931,4.314,0.942,0.707,0.0,1,0.0
10,22.7,454,cruise,19.947,18.968,30.374,25.968,4.406,0.979,1.601,30.374,19.947,4.406,0.979,0.72,0.0,1,0.0
10,22.75,455,cruise,19.942,19.008,30.448,26.008,4.44,0.934,1.602,30.448,19.942,4.44,0.934,0.723,0.0,1,0.0
10,22.8,456,cruise,19.873,19.026,30.521,26.026,4.495,0.847,1.604,30.521,19.873,4.495,0.847,0.728,0.0,1,0.0
10,22.85,457,cruise,19.823,19.094,30.592,26.094,4.498,0.729,1.602,30.592,19.823,4.498,0.729,0.724,0.0,1,0.0
10,22.9,458,cruise,19.767,19.134,30.661,26.134,4.527,0.633,1.602,29.717,19.823,3.583,0.689,0.601,0.0,0,0.05
10,22.95,459,cruise,19.776,19.11,30.728,26.11,4.618,0.666,1.608,30.728,19.776,4.618,0.666,0.738,0.0,1,0.0
10,23.0,460,cruise,19.791,19.145,30.794,26.145,4.65,0.646,1.609,30.794,19.791,4.65,0.646,0.741,0.0,1,0.0
10,23.05,461,cruise,19.855,19.164,30.861,26.164,4.697,0.692,1.61,29.909,19.791,3.745,0.627,0.62,0.0,0,0.05
10,23.1,462,cruise,19.898,19.235,30.928,26.235,4.693,0.663,1.608,29.015,19.791,2.78,0.556,0.489,0.0,0,0.1
10,23.15,463,cruise,19.906,19.252,30.992,26.252,4.739,0.653,1.61,28.115,19.791,1.862,0.538,0.366,0.0,0,0.15
10,23.2,464,cruise,19.919,19.217,31.053,26.217,4.837,0.703,1.616,27.208,19.791,0.991,0.574,0.251,0.0,0,0.2
10,23.25,465,cruise,19.894,19.203,31.114,26.203,4.912,0.691,1.62,26.296,19.791,0.094,0.588,0.132,0.0,0,0.25
10,23.3,466,cruise,19.869,19.117,31.176,26.117,5.058,0.751,1.631,25.382,19.791,-0.735,0.674,0.024,0.0,0,0.3
10,23.35,467,cruise,19.825,19.037,31.238,26.037,5.201,0.788,1.641,24.468,19.791,-1.569,0.753,0.0,0.063,0,0.35
10,23.4,468,cruise,19.819,18.877,31.304,25.877,5.427,0.942,1.658,31.304,19.819,5.427,0.942,0.855,0.0,1,0.0
10,23.45,469,cruise,19.806,18.75,31.375,25.75,5.625,1.056,1.673,31.375,19.806,5.625,1.056,0.885,0.0,1,0.0
10,23.5,470,cruise,19.847,18.612,31.451,25.612,5.839,1.235,1.69,30.487,19.806,4.875,1.194,0.79,0.0,0,0.05
10,23.55,471,cruise,19.87,18.563,31.532,25.563,5.969,1.307,1.699,31.532,19.87,5.969,1.307,0.939,0.0,1,0.0
10,23.6,472,cruise,19.909,18.539,31.615,25.539,6.076,1.37,1.705,30.646,19.87,5.107,1.331,0.825,0.0,0,0.05
10,23.65,473,cruise,19.902,18.602,31.697,25.602,6.095,1.3,1.704,31.697,19.902,6.095,1.3,0.956,0.0,1,0.0
10,23.7,474,cruise,19.897,18.659,31.774,25.659,6.115,1.238,1.703,31.774,19.897,6.115,1.238,0.957,0.0,1,0.0
10,23.75,475,cruise,19.856,18.787,31.845,25.787,6.058,1.068,1.695,31.845,19.856,6.058,1.068,0.943,0.0,1,0.0
10,23.8,476,cruise,19.839,18.901,31.909,25.901,6.008,0.938,1.688,30.939,19.856,5.038,0.955,0.804,0.0,0,0.05
10,23.85,477,cruise,19.814,19.056,31.964,26.056,5.908,0.758,1.677,30.024,19.856,3.968,0.799,0.656,0.0,0,0.1
10,23.9,478,cruise,19.835,19.158,32.013,26.158,5.855,0.677,1.671,32.013,19.835,5.855,0.677,0.903,0.0,1,0.0
10,23.95,479,cruise,19.845,19.201,32.057,26.201,5.856,0.645,1.67,31.086,19.835,4.885,0.634,0.772,0.0,0,0.05
10,24.0,480,cruise,19.862,19.313,32.093,26.313,5.78,0.549,1.662,32.093,19.862,5.78,0.549,0.889,0.0,1,0.0
10,24.05,481,cruise,19.896,19.423,32.125,26.423,5.702,0.473,1.654,32.125,19.896,5.702,0.473,0.876,0.0,1,0.0
10,24.1,482,cruise,19.906,19.57,32.152,26.57,5.582,0.336,1.643,31.177,19.896,4.607,0.326,0.725,0.0,0,0.05
10,24.15,483,cruise,19.904,19.685,32.172,26.685,5.487,0.219,1.634,32.172,19.904,5.487,0.219,0.839,0.0,1,0.0
10,24.2,484,cruise,19.875,19.819,32.185,26.819,5.366,0.055,1.624,31.209,19.904,4.39,0.084,0.688,0.0,0,0.05
10,24.25,485,cruise,19.854,19.921,32.191,26.921,5.27,-0.068,1.616,32.191,19.854,5.27,-0.068,0.8,0.0,1,0.0
10,24.3,486,cruise,19.815,20.042,32.19,27.042,5.148,-0.227,1.606,31.216,19.854,4.174,-0.188,0.65,0.0,0,0.05
10,24.35,487,cruise,19.75,20.121,32.179,27.121,5.058,-0.371,1.599,30.234,19.854,3.113,-0.267,0.506,0.0,0,0.1
10,24.4,488,cruise,19.656,20.162,32.155,27.162,4.993,-0.506,1.595,29.246,19.854,2.085,-0.308,0.368,0.0,0,0.15
10,24.45,489,cruise,19.655,20.214,32.123,27.214,4.909,-0.559,1.589,28.254,19.854,1.04,-0.361,0.227,0.0,0,0.2
10,24.5,490,cruise,19.721,20.21,32.09,27.21,4.881,-0.488,1.588,32.09,19.721,4.881,-0.488,0.734,0.0,1,0.0
10,24.55,491,cruise,19.808,20.192,32.063,27.192,4.871,-0.384,1.588,31.102,19.721,3.91,-0.471,0.606,0.0,0,0.05
10,24.6,492,cruise,19.895,20.164,32.04,27.164,4.876,-0.269,1.589,32.04,19.895,4.876,-0.269,0.741,0.0,1,0.0
10,24.65,493,cruise,19.966,20.183,32.021,27.183,4.838,-0.217,1.587,32.021,19.966,4.838,-0.217,0.738,0.0,1,0.0
10,24.7,494,cruise,19.988,20.199,32.002,27.199,4.803,-0.211,1.584,31.033,19.966,3.834,-0.233,0.603,0.0,0,0.05
10,24.75,495,cruise,19.952,20.257,31.98,27.257,4.722,-0.305,1.579,31.98,19.952,4.722,-0.305,0.719,0.0,1,0.0
10,24.8,496,cruise,19.882,20.287,31.953,27.287,4.666,-0.405,1.575,30.988,19.952,3.7,-0.336,0.582,0.0,0,0.05
10,24.85,497,cruise,19.809,20.352,31.922,27.352,4.569,-0.544,1.568,29.992,19.952,2.64,-0.401,0.439,0.0,0,0.1
10,24.9,498,cruise,19.762,20.373,31.887,27.373,4.514,-0.611,1.565,31.887,19.762,4.514,-0.611,0.682,0.0,1,0.0
10,24.95,499,cruise,19.748,20.376,31.853,27.376,4.477,-0.628,1.563,31.853,19.748,4.477,-0.628,0.676,0.0,1,0.0
10,25.0,500,cruise,19.786,20.423,31.822,27.423,4.399,-0.637,1.558,31.822,19.786,4.399,-0.637,0.665,0.0,1,0.0
10,25.05,501,cruise,19.83,20.461,31.794,27.461,4.333,-0.631,1.554,30.822,19.786,3.361,-0.675,0.526,0.0,0,0.05
10,25.1,502,cruise,19.901,20.514,31.771,27.514,4.257,-0.613,1.549,29.819,19.786,2.305,-0.728,0.383,0.0,0,0.1
10,25.15,503,cruise,19.945,20.524,31.752,27.524,4.228,-0.579,1.547,31.752,19.945,4.228,-0.579,0.644,0.0,1,0.0
10,25.2,504,cruise,19.957,20.539,31.736,27.539,4.197,-0.582,1.545,31.736,19.957,4.197,-0.582,0.64,0.0,1,0.0
10,25.25,505,cruise,19.917,20.538,31.721,27.538,4.184,-0.621,1.545,31.721,19.917,4.184,-0.621,0.637,0.0,1,0.0
10,25.3,506,cruise,19.865,20.578,31.705,27.578,4.127,-0.712,1.541,30.716,19.917,3.138,-0.661,0.496,0.0,0,0.05
10,25.35,507,cruise,19.807,20.59,31.685,27.59,4.094,-0.784,1.539,29.707,19.917,2.117,-0.674,0.36,0.0,0,0.1
10,25.4,508,cruise,19.786,20.581,31.662,27.581,4.081,-0.795,1.538,31.662,19.786,4.081,-0.795,0.618,0.0,1,0.0
10,25.45,509,cruise,19.796,20.586,31.641,27.586,4.055,-0.789,1.537,31.641,19.796,4.055,-0.789,0.614,0.0,1,0.0
10,25.5,510,cruise,19.846,20.586,31.62,27.586,4.034,-0.74,1.536,31.62,19.846,4.034,-0.74,0.613,0.0,1,0.0
10,25.55,511,cruise,19.898,20.615,31.602,27.615,3.987,-0.716,1.533,30.608,19.846,2.994,-0.769,0.474,0.0,0,0.05
10,25.6,512,cruise,19.939,20.624,31.584,27.624,3.96,-0.685,1.531,31.584,19.939,3.96,-0.685,0.605,0.0,1,0.0
10,25.65,513,cruise,19.94,20.648,31.566,27.648,3.918,-0.708,1.529,31.566,19.94,3.918,-0.708,0.599,0.0,1,0.0
10,25.7,514,cruise,19.911,20.662,31.544,27.662,3.883,-0.75,1.527,31.544,19.911,3.883,-0.75,0.593,0.0,1,0.0
10,25.75,515,cruise,19.864,20.698,31.518,27.698,3.821,-0.834,1.523,31.518,19.864,3.821,-0.834,0.582,0.0,1,0.0
10,25.8,516,cruise,19.824,20.724,31.488,27.724,3.764,-0.9,1.519,31.488,19.824,3.764,-0.9,0.572,0.0,1,0.0
10,25.85,517,cruise,19.806,20.761,31.454,27.761,3.692,-0.956,1.515,31.454,19.806,3.692,-0.956,0.56,0.0,1,0.0
10,25.9,518,cruise,19.822,20.769,31.417,27.769,3.648,-0.947,1.513,30.427,19.806,2.658,-0.964,0.422,0.0,0,0.05
10,25.95,519,cruise,19.859,20.722,31.38,27.722,3.658,-0.863,1.514,29.4,19.806,1.678,-0.916,0.293,0.0,0,0.1
10,26.0,520,cruise,19.901,20.59,31.347,27.59,3.757,-0.689,1.522,31.347,19.901,3.757,-0.689,0.578,0.0,1,0.0
10,26.05,521,cruise,19.924,20.503,31.318,27.503,3.815,-0.579,1.527,30.324,19.901,2.821,-0.602,0.456,0.0,0,0.05
10,26.1,522,cruise,19.92,20.476,31.289,27.476,3.813,-0.556,1.528,31.289,19.92,3.813,-0.556,0.59,0.0,1,0.0
10,26.15,523,cruise,19.893,20.47,31.26,27.47,3.789,-0.577,1.527,30.266,19.92,2.796,-0.55,0.455,0.0,0,0.05
10,26.2,524,cruise,19.859,20.468,31.227,27.468,3.76,-0.609,1.526,29.243,19.92,1.775,-0.548,0.318,0.0,0,0.1
10,26.25,525,cruise,19.833,20.449,31.194,27.449,3.745,-0.616,1.525,28.22,19.92,0.771,-0.529,0.185,0.0,0,0.15
10,26.3,526,cruise,19.827,20.403,31.162,27.403,3.759,-0.576,1.527,31.162,19.827,3.759,-0.576,0.582,0.0,1,0.0
10,26.35,527,cruise,19.843,20.34,31.134,27.34,3.794,-0.497,1.531,30.144,19.827,2.805,-0.513,0.457,0.0,0,0.05
10,26.4,528,cruise,19.871,20.292,31.111,27.292,3.819,-0.421,1.533,29.13,19.827,1.838,-0.465,0.33,0.0,0,0.1
10,26.45,529,cruise,19.897,20.251,31.093,27.251,3.841,-0.355,1.535,31.093,19.897,3.841,-0.355,0.6,0.0,1,0.0
10,26.5,530,cruise,19.907,20.204,31.078,27.204,3.874,-0.297,1.538,30.084,19.897,2.88,-0.308,0.474,0.0,0,0.05
10,26.55,531,cruise,19.899,20.187,31.066,27.187,3.879,-0.287,1.539,31.066,19.899,3.879,-0.287,0.608,0.0,1,0.0
10,26.6,532,cruise,19.879,20.165,31.054,27.165,3.889,-0.286,1.54,30.06,19.899,2.895,-0.266,0.477,0.0,0,0.05
10,26.65,533,cruise,19.857,20.172,31.041,27.172,3.869,-0.314,1.539,31.041,19.857,3.869,-0.314,0.605,0.0,1,0.0
10,26.7,534,cruise,19.844,20.172,31.027,27.172,3.855,-0.328,1.538,31.027,19.844,3.855,-0.328,0.603,0.0,1,0.0
10,26.75,535,cruise,19.846,20.195,31.013,27.195,3.818,-0.349,1.536,31.013,19.846,3.818,-0.349,0.597,0.0,1,0.0
10,26.8,536,cruise,19.86,20.214,30.998,27.214,3.784,-0.355,1.533,30.006,19.846,2.791,-0.368,0.46,0.0,0,0.05
10,26.85,537,cruise,19.877,20.243,30.982,27.243,3.739,-0.366,1.53,30.982,19.877,3.739,-0.366,0.586,0.0,1,0.0
10,26.9,538,cruise,19.891,20.252,30.966,27.252,3.714,-0.362,1.529,29.972,19.877,2.72,-0.375,0.45,0.0,0,0.05
10,26.95,539,cruise,19.893,20.273,30.949,27.273,3.676,-0.38,1.527,30.949,19.893,3.676,-0.38,0.577,0.0,1,0.0
10,27.0,540,cruise,19.885,20.279,30.931,27.279,3.652,-0.394,1.525,29.937,19.893,2.658,-0.386,0.441,0.0,0,0.05
10,27.05,541,cruise,19.871,20.295,30.912,27.295,3.617,-0.424,1.523,30.912,19.871,3.617,-0.424,0.568,0.0,1,0.0
10,27.1,542,cruise,19.859,20.299,30.891,27.299,3.592,-0.44,1.522,30.891,19.859,3.592,-0.44,0.564,0.0,1,0.0
10,27.15,543,cruise,19.855,20.318,30.869,27.318,3.551,-0.464,1.519,29.877,19.859,2.558,-0.459,0.426,0.0,0,0.05
10,27.2,544,cruise,19.859,20.329,30.846,27.329,3.517,-0.47,1.517,30.846,19.859,3.517,-0.47,0.553,0.0,1,0.0
10,27.25,545,cruise,19.868,20.339,30.824,27.339,3.485,-0.47,1.516,30.824,19.868,3.485,-0.47,0.549,0.0,1,0.0
10,27.3,546,cruise,19.878,20.351,30.801,27.351,3.45,-0.472,1.513,30.801,19.878,3.45,-0.472,0.544,0.0,1,0.0
10,27.35,547,cruise,19.884,20.37,30.777,27.37,3.407,-0.486,1.511,29.783,19.878,2.413,-0.492,0.405,0.0,0,0.05
10,27.4,548,cruise,19.883,20.381,30.753,27.381,3.372,-0.498,1.509,28.765,19.878,1.384,-0.502,0.268,0.0,0,0.1
10,27.45,549,cruise,19.877,20.372,30.728,27.372,3.356,-0.495,1.508,27.746,19.878,0.374,-0.493,0.133,0.0,0,0.15
10,27.5,550,cruise,19.868,20.329,30.705,27.329,3.375,-0.461,1.51,30.705,19.868,3.375,-0.461,0.535,0.0,1,0.0
10,27.55,551,cruise,19.863,20.267,30.683,27.267,3.417,-0.404,1.514,30.683,19.863,3.417,-0.404,0.542,0.0,1,0.0
10,27.6,552,cruise,19.862,20.221,30.665,27.221,3.444,-0.359,1.517,29.672,19.863,2.451,-0.358,0.415,0.0,0,0.05
10,27.65,553,cruise,19.866,20.193,30.648,27.193,3.455,-0.327,1.518,28.662,19.863,1.469,-0.33,0.285,0.0,0,0.1
10,27.7,554,cruise,19.872,20.158,30.633,27.158,3.474,-0.287,1.52,30.633,19.872,3.474,-0.287,0.554,0.0,1,0.0
10,27.75,555,cruise,19.877,20.12,30.62,27.12,3.5,-0.243,1.522,30.62,19.877,3.5,-0.243,0.559,0.0,1,0.0
10,27.8,556,cruise,19.879,20.102,30.609,27.102,3.507,-0.223,1.523,29.615,19.877,2.513,-0.224,0.428,0.0,0,0.05
10,27.85,557,cruise,19.877,20.094,30.598,27.094,3.504,-0.216,1.523,30.598,19.877,3.504,-0.216,0.56,0.0,1,0.0
10,27.9,558,cruise,19.873,20.088,30.587,27.088,3.499,-0.215,1.523,30.587,19.873,3.499,-0.215,0.559,0.0,1,0.0
10,27.95,559,cruise,19.868,20.096,30.576,27.096,3.48,-0.228,1.522,29.583,19.873,2.487,-0.223,0.424,0.0,0,0.05
10,28.0,560,cruise,19.866,20.104,30.564,27.104,3.461,-0.238,1.52,30.564,19.866,3.461,-0.238,0.553,0.0,1,0.0
10,28.05,561,cruise,19.866,20.108,30.552,27.108,3.444,-0.242,1.519,29.559,19.866,2.451,-0.243,0.419,0.0,0,0.05
10,28.1,562,cruise,19.869,20.113,30.54,27.113,3.427,-0.244,1.518,30.54,19.869,3.427,-0.244,0.549,0.0,1,0.0
10,28.15,563,cruise,19.873,20.116,30.528,27.116,3.412,-0.243,1.518,29.534,19.869,2.419,-0.246,0.414,0.0,0,0.05
10,28.2,564,cruise,19.876,20.119,30.516,27.119,3.397,-0.243,1.517,30.516,19.876,3.397,-0.243,0.545,0.0,1,0.0
10,28.25,565,cruise,19.876,20.119,30.504,27.119,3.385,-0.243,1.516,29.51,19.876,2.391,-0.243,0.411,0.0,0,0.05
10,28.3,566,cruise,19.874,20.12,30.491,27.12,3.372,-0.246,1.515,28.504,19.876,1.384,-0.244,0.276,0.0,0,0.1
10,28.35,567,cruise,19.871,20.104,30.479,27.104,3.375,-0.233,1.516,27.498,19.876,0.394,-0.229,0.145,0.0,0,0.15
10,28.4,568,cruise,19.869,20.061,30.469,27.061,3.408,-0.192,1.519,30.469,19.869,3.408,-0.192,0.548,0.0,1,0.0
10,28.45,569,cruise,19.868,19.999,30.461,26.999,3.462,-0.131,1.523,29.468,19.869,2.469,-0.13,0.425,0.0,0,0.05
10,28.5,570,cruise,19.869,19.95,30.456,26.95,3.507,-0.081,1.527,28.469,19.869,1.52,-0.081,0.3,0.0,0,0.1
10,28.55,571,cruise,19.871,19.904,30.454,26.904,3.549,-0.033,1.53,30.454,19.871,3.549,-0.033,0.572,0.0,1,0.0
10,28.6,572,cruise,19.873,19.861,30.453,26.861,3.593,0.012,1.533,30.453,19.873,3.593,0.012,0.579,0.0,1,0.0
10,28.65,573,cruise,19.874,19.843,30.455,26.843,3.612,0.032,1.535,30.455,19.874,3.612,0.032,0.583,0.0,1,0.0
10,28.7,574,cruise,19.874,19.845,30.456,26.845,3.611,0.029,1.535,30.456,19.874,3.611,0.029,0.582,0.0,1,0.0
10,28.75,575,cruise,19.872,19.861,30.457,26.861,3.596,0.012,1.534,29.464,19.874,2.603,0.013,0.447,0.0,0,0.05
10,28.8,576,cruise,19.871,19.878,30.457,26.878,3.579,-0.007,1.532,30.457,19.871,3.579,-0.007,0.577,0.0,1,0.0
10,28.85,577,cruise,19.87,19.891,30.456,26.891,3.565,-0.022,1.531,30.456,19.87,3.565,-0.022,0.575,0.0,1,0.0
10,28.9,578,cruise,19.869,19.914,30.455,26.914,3.541,-0.044,1.529,29.461,19.87,2.548,-0.044,0.438,0.0,0,0.05
10,28.95,579,cruise,19.87,19.933,30.452,26.933,3.518,-0.063,1.528,28.465,19.87,1.531,-0.064,0.302,0.0,0,0.1
10,29.0,580,cruise,19.872,19.933,30.449,26.933,3.515,-0.062,1.528,30.449,19.872,3.515,-0.062,0.567,0.0,1,0.0
10,29.05,581,cruise,19.873,19.919,30.446,26.919,3.527,-0.046,1.529,29.452,19.872,2.534,-0.047,0.436,0.0,0,0.05
10,29.1,582,cruise,19.873,19.911,30.444,26.911,3.533,-0.038,1.529,28.457,19.872,1.546,-0.039,0.305,0.0,0,0.1
10,29.15,583,cruise,19.873,19.893,30.442,26.893,3.55,-0.02,1.53,30.442,19.873,3.55,-0.02,0.573,0.0,1,0.0
10,29.2,584,cruise,19.872,19.867,30.442,26.867,3.575,0.004,1.532,30.442,19.872,3.575,0.004,0.577,0.0,1,0.0
10,29.25,585,cruise,19.871,19.861,30.443,26.861,3.582,0.01,1.533,29.449,19.872,2.588,0.011,0.445,0.0,0,0.05
10,29.3,586,cruise,19.87,19.863,30.443,26.863,3.58,0.007,1.533,30.443,19.87,3.58,0.007,0.578,0.0,1,0.0
10,29.35,587,cruise,19.87,19.867,30.443,26.867,3.577,0.004,1.532,29.45,19.87,2.583,0.004,0.445,0.0,0,0.05
10,29.4,588,cruise,19.871,19.875,30.443,26.875,3.568,-0.004,1.532,28.456,19.87,1.581,-0.005,0.311,0.0,0,0.1
10,29.45,589,cruise,19.872,19.869,30.443,26.869,3.575,0.003,1.532,30.443,19.872,3.575,0.003,0.577,0.0,1,0.0
10,29.5,590,cruise,19.872,19.851,30.444,26.851,3.593,0.021,1.534,30.444,19.872,3.593,0.021,0.58,0.0,1,0.0
10,29.55,591,cruise,19.872,19.85,30.445,26.85,3.595,0.022,1.534,29.452,19.872,2.601,0.022,0.448,0.0,0,0.05
10,29.6,592,cruise,19.872,19.856,30.446,26.856,3.59,0.016,1.533,28.459,19.872,1.603,0.016,0.314,0.0,0,0.1
10,29.65,593,cruise,19.871,19.849,30.447,26.849,3.598,0.022,1.534,30.447,19.871,3.598,0.022,0.581,0.0,1,0.0
10,29.7,594,cruise,19.871,19.831,30.449,26.831,3.618,0.04,1.535,29.455,19.871,2.624,0.04,0.451,0.0,0,0.05
10,29.75,595,cruise,19.871,19.823,30.451,26.823,3.628,0.048,1.536,28.464,19.871,1.641,0.048,0.32,0.0,0,0.1
10,29.8,596,cruise,19.871,19.808,30.453,26.808,3.646,0.064,1.537,30.453,19.871,3.646,0.064,0.588,0.0,1,0.0
10,29.85,597,cruise,19.871,19.786,30.457,26.786,3.672,0.086,1.539,30.457,19.871,3.672,0.086,0.592,0.0,1,0.0
10,29.9,598,cruise,19.871,19.783,30.462,26.783,3.678,0.088,1.54,29.468,19.871,2.685,0.088,0.461,0.0,0,0.05
10,29.95,599,cruise,19.872,19.79,30.466,26.79,3.676,0.081,1.539,28.479,19.871,1.689,0.081,0.328,0.0,0,0.1
10,30.0,600,cruise,19.872,19.785,30.47,26.785,3.685,0.086,1.54,27.489,19.871,0.704,0.086,0.197,0.0,0,0.15
10,30.05,601,cruise,19.872,19.756,30.475,26.756,3.72,0.116,1.543,30.475,19.872,3.72,0.116,0.6,0.0,1,0.0
10,30.1,602,cruise,19.872,19.709,30.483,26.709,3.773,0.162,1.547,29.489,19.872,2.78,0.162,0.476,0.0,0,0.05
10,30.15,603,cruise,19.871,19.677,30.492,26.677,3.815,0.194,1.55,28.505,19.872,1.828,0.195,0.35,0.0,0,0.1
10,30.2,604,cruise,19.871,19.649,30.502,26.649,3.853,0.222,1.552,30.502,19.871,3.853,0.222,0.621,0.0,1,0.0
10,30.25,605,cruise,19.871,19.624,30.514,26.624,3.89,0.247,1.555,30.514,19.871,3.89,0.247,0.627,0.0,1,0.0
10,30.3,606,cruise,19.871,19.624,30.527,26.624,3.902,0.247,1.556,29.533,19.871,2.909,0.247,0.496,0.0,0,0.05
10,30.35,607,cruise,19.872,19.637,30.539,26.637,3.901,0.234,1.555,28.551,19.871,1.914,0.234,0.363,0.0,0,0.1
10,30.4,608,cruise,19.872,19.641,30.55,26.641,3.909,0.231,1.555,30.55,19.872,3.909,0.231,0.629,0.0,1,0.0
10,30.45,609,cruise,19.872,19.637,30.562,26.637,3.925,0.235,1.556,29.568,19.872,2.931,0.235,0.499,0.0,0,0.05
10,30.5,610,cruise,19.872,19.645,30.573,26.645,3.929,0.227,1.556,28.586,19.872,1.942,0.227,0.366,0.0,0,0.1
10,30.55,611,cruise,19.871,19.645,30.585,26.645,3.939,0.226,1.557,30.585,19.871,3.939,0.226,0.633,0.0,1,0.0
10,30.6,612,cruise,19.871,19.64,30.596,26.64,3.956,0.232,1.558,30.596,19.871,3.956,0.232,0.635,0.0,1,0.0
10,30.65,613,cruise,19.871,19.654,30.607,26.654,3.953,0.217,1.557,30.607,19.871,3.953,0.217,0.634,0.0,1,0.0
10,30.7,614,cruise,19.871,19.685,30.617,26.685,3.932,0.186,1.555,29.624,19.871,2.938,0.186,0.498,0.0,0,0.05
10,30.75,615,cruise,19.871,19.719,30.625,26.719,3.906,0.152,1.553,28.638,19.871,1.919,0.152,0.361,0.0,0,0.1
10,30.8,616,cruise,19.872,19.736,30.632,26.736,3.896,0.135,1.552,30.632,19.872,3.896,0.135,0.624,0.0,1,0.0
10,30.85,617,cruise,19.872,19.741,30.639,26.741,3.898,0.131,1.552,29.645,19.872,2.905,0.131,0.492,0.0,0,0.05
10,30.9,618,cruise,19.872,19.753,30.645,26.753,3.893,0.119,1.551,30.645,19.872,3.893,0.119,0.623,0.0,1,0.0
10,30.95,619,cruise,19.871,19.769,30.651,26.769,3.881,0.102,1.55,29.657,19.872,2.888,0.102,0.488,0.0,0,0.05
10,31.0,620,cruise,19.871,19.792,30.655,26.792,3.863,0.079,1.549,28.668,19.872,1.876,0.08,0.353,0.0,0,0.1
10,31.05,621,cruise,19.871,19.801,30.659,26.801,3.858,0.071,1.548,27.678,19.872,0.877,0.071,0.219,0.0,0,0.15
10,31.1,622,cruise,19.871,19.783,30.663,26.783,3.88,0.089,1.55,30.663,19.871,3.88,0.089,0.62,0.0,1,0.0
10,31.15,623,cruise,19.871,19.747,30.668,26.747,3.922,0.125,1.553,29.675,19.871,2.928,0.125,0.495,0.0,0,0.05
10,31.2,624,cruise,19.871,19.723,30.675,26.723,3.952,0.149,1.555,28.688,19.871,1.965,0.149,0.367,0.0,0,0.1
10,31.25,625,cruise,19.872,19.704,30.683,26.704,3.98,0.168,1.557,30.683,19.872,3.98,0.168,0.636,0.0,1,0.0
10,31.3,626,cruise,19.872,19.685,30.692,26.685,4.007,0.186,1.559,29.699,19.872,3.013,0.186,0.508,0.0,0,0.05
10,31.35,627,cruise,19.871,19.685,30.702,26.685,4.017,0.187,1.56,28.715,19.872,2.03,0.187,0.377,0.0,0,0.1
10,31.4,628,cruise,19.871,19.681,30.711,26.681,4.03,0.191,1.56,27.73,19.872,1.05,0.191,0.246,0.0,0,0.15
10,31.45,629,cruise,19.871,19.659,30.721,26.659,4.063,0.213,1.563,30.721,19.871,4.063,0.213,0.649,0.0,1,0.0
10,31.5,630,cruise,19.871,19.623,30.733,26.623,4.11,0.248,1.566,30.733,19.871,4.11,0.248,0.656,0.0,1,0.0
10,31.55,631,cruise,19.871,19.611,30.746,26.611,4.134,0.26,1.568,29.752,19.871,3.141,0.26,0.527,0.0,0,0.05
10,31.6,632,cruise,19.871,19.621,30.759,26.621,4.138,0.251,1.568,28.771,19.871,2.151,0.251,0.395,0.0,0,0.1
10,31.65,633,cruise,19.871,19.626,30.771,26.626,4.145,0.245,1.568,30.771,19.871,4.145,0.245,0.661,0.0,1,0.0
10,31.7,634,cruise,19.871,19.628,30.783,26.628,4.156,0.244,1.568,30.783,19.871,4.156,0.244,0.662,0.0,1,0.0
10,31.75,635,cruise,19.871,19.65,30.795,26.65,4.144,0.221,1.567,29.801,19.871,3.151,0.221,0.527,0.0,0,0.05
10,31.8,636,cruise,19.871,19.683,30.805,26.683,4.122,0.189,1.565,30.805,19.871,4.122,0.189,0.656,0.0,1,0.0
10,31.85,637,cruise,19.871,19.717,30.813,26.717,4.096,0.154,1.563,30.813,19.871,4.096,0.154,0.651,0.0,1,0.0
10,31.9,638,cruise,19.871,19.764,30.819,26.764,4.056,0.108,1.559,30.819,19.871,4.056,0.108,0.644,0.0,1,0.0
10,31.95,639,cruise,19.871,19.817,30.823,26.817,4.006,0.054,1.555,29.83,19.871,3.012,0.054,0.503,0.0,0,0.05
10,32.0,640,cruise,19.871,19.867,30.824,26.867,3.957,0.004,1.552,30.824,19.871,3.957,0.004,0.628,0.0,1,0.0
10,32.05,641,cruise,19.871,19.91,30.823,26.91,3.914,-0.038,1.548,30.823,19.871,3.914,-0.038,0.621,0.0,1,0.0
10,32.1,642,cruise,19.871,19.957,30.82,26.957,3.863,-0.086,1.544,30.82,19.871,3.863,-0.086,0.612,0.0,1,0.0
10,32.15,643,cruise,19.871,20.007,30.814,27.007,3.807,-0.135,1.54,30.814,19.871,3.807,-0.135,0.603,0.0,1,0.0
10,32.2,644,cruise,19.871,20.057,30.806,27.057,3.749,-0.186,1.536,29.812,19.871,2.755,-0.186,0.461,0.0,0,0.05
10,32.25,645,cruise,19.871,20.099,30.795,27.099,3.696,-0.227,1.532,30.795,19.871,3.696,-0.227,0.585,0.0,1,0.0
10,32.3,646,cruise,19.871,20.13,30.783,27.13,3.653,-0.259,1.529,29.789,19.871,2.659,-0.259,0.446,0.0,0,0.05
10,32.35,647,cruise,19.871,20.157,30.769,27.157,3.613,-0.285,1.527,28.782,19.871,1.626,-0.285,0.307,0.0,0,0.1
10,32.4,648,cruise,19.871,20.162,30.755,27.162,3.593,-0.29,1.525,30.755,19.871,3.593,-0.29,0.569,0.0,1,0.0
10,32.45,649,cruise,19.871,20.15,30.741,27.15,3.59,-0.279,1.526,30.741,19.871,3.59,-0.279,0.569,0.0,1,0.0
10,32.5,650,cruise,19.871,20.152,30.727,27.152,3.574,-0.281,1.525,29.733,19.871,2.581,-0.281,0.435,0.0,0,0.05
10,32.55,651,cruise,19.871,20.158,30.713,27.158,3.555,-0.287,1.524,30.713,19.871,3.555,-0.287,0.564,0.0,1,0.0
10,32.6,652,cruise,19.872,20.163,30.698,27.163,3.535,-0.291,1.523,30.698,19.872,3.535,-0.291,0.562,0.0,1,0.0
10,32.65,653,cruise,19.872,20.177,30.683,27.177,3.506,-0.305,1.521,29.69,19.872,2.513,-0.305,0.425,0.0,0,0.05
10,32.7,654,cruise,19.872,20.19,30.667,27.19,3.478,-0.318,1.519,28.68,19.872,1.491,-0.318,0.288,0.0,0,0.1
10,32.75,655,cruise,19.871,20.183,30.651,27.183,3.469,-0.312,1.519,27.671,19.872,0.488,-0.311,0.155,0.0,0,0.15
10,32.8,656,cruise,19.871,20.146,30.637,27.146,3.49,-0.275,1.521,26.663,19.872,-0.484,-0.275,0.026,0.0,0,0.2
10,32.85,657,cruise,19.871,20.075,30.625,27.075,3.55,-0.204,1.526,25.658,19.872,-1.418,-0.204,0.0,0.072,0,0.25
10,32.9,658,cruise,19.871,19.961,30.618,26.961,3.658,-0.09,1.534,24.657,19.872,-2.304,-0.089,0.0,0.158,0,0.3
10,32.95,659,cruise,19.872,19.809,30.618,26.809,3.809,0.063,1.546,30.618,19.872,3.809,0.063,0.61,0.0,1,0.0
10,33.0,660,cruise,19.872,19.672,30.626,26.672,3.954,0.2,1.557,29.632,19.872,2.96,0.199,0.501,0.0,0,0.05
10,33.05,661,cruise,19.872,19.571,30.639,26.571,4.068,0.301,1.566,30.639,19.872,4.068,0.301,0.652,0.0,1,0.0
10,33.1,662,cruise,19.872,19.515,30.656,26.515,4.141,0.356,1.571,29.662,19.872,3.147,0.357,0.532,0.0,0,0.05
10,33.15,663,cruise,19.871,19.495,30.675,26.495,4.179,0.376,1.573,30.675,19.871,4.179,0.376,0.67,0.0,1,0.0
10,33.2,664,cruise,19.871,19.497,30.693,26.497,4.197,0.375,1.574,29.7,19.871,3.203,0.375,0.54,0.0,0,0.05
10,33.25,665,cruise,19.871,19.516,30.711,26.516,4.195,0.355,1.574,30.711,19.871,4.195,0.355,0.671,0.0,1,0.0
10,33.3,666,cruise,19.871,19.544,30.728,26.544,4.184,0.327,1.572,30.728,19.871,4.184,0.327,0.669,0.0,1,0.0
10,33.35,667,cruise,19.871,19.589,30.743,26.589,4.155,0.283,1.569,29.75,19.871,3.161,0.283,0.531,0.0,0,0.05
10,33.4,668,cruise,19.872,19.636,30.756,26.636,4.12,0.236,1.566,30.756,19.872,4.12,0.236,0.657,0.0,1,0.0
10,33.45,669,cruise,19.872,19.681,30.766,26.681,4.086,0.191,1.563,30.766,19.872,4.086,0.191,0.651,0.0,1,0.0
10,33.5,670,cruise,19.872,19.734,30.774,26.734,4.04,0.138,1.559,29.781,19.872,3.047,0.138,0.511,0.0,0,0.05
10,33.55,671,cruise,19.872,19.785,30.78,26.785,3.995,0.087,1.556,28.792,19.872,2.008,0.087,0.371,0.0,0,0.1
10,33.6,672,cruise,19.871,19.814,30.783,26.814,3.969,0.057,1.554,27.802,19.872,0.988,0.058,0.234,0.0,0,0.15
10,33.65,673,cruise,19.871,19.812,30.786,26.812,3.974,0.06,1.554,26.811,19.872,-0.0,0.06,0.102,0.0,0,0.2
10,33.7,674,cruise,19.871,19.771,30.79,26.771,4.018,0.1,1.557,30.79,19.871,4.018,0.1,0.639,0.0,1,0.0
10,33.75,675,cruise,19.871,19.707,30.797,26.707,4.09,0.165,1.563,29.803,19.871,3.096,0.165,0.518,0.0,0,0.05
10,33.8,676,cruise,19.871,19.658,30.807,26.658,4.149,0.214,1.567,30.807,19.871,4.149,0.214,0.66,0.0,1,0.0
10,33.85,677,cruise,19.872,19.639,30.818,26.639,4.179,0.233,1.569,29.825,19.871,3.186,0.233,0.533,0.0,0,0.05
10,33.9,678,cruise,19.872,19.644,30.83,26.644,4.186,0.228,1.569,30.83,19.872,4.186,0.228,0.666,0.0,1,0.0
10,33.95,679,cruise,19.872,19.661,30.841,26.661,4.18,0.21,1.569,30.841,19.872,4.18,0.21,0.664,0.0,1,0.0
10,34.0,680,cruise,19.871,19.698,30.85,26.698,4.152,0.173,1.566,29.856,19.872,3.159,0.174,0.527,0.0,0,0.05
10,34.05,681,cruise,19.871,19.739,30.858,26.739,4.118,0.131,1.563,28.87,19.872,2.131,0.132,0.389,0.0,0,0.1
10,34.1,682,cruise,19.87,19.765,30.863,26.765,4.098,0.105,1.561,30.863,19.87,4.098,0.105,0.65,0.0,1,0.0
10,34.15,683,cruise,19.87,19.778,30.868,26.778,4.09,0.092,1.561,29.875,19.87,3.096,0.092,0.516,0.0,0,0.05
10,34.2,684,cruise,19.871,19.8,30.872,26.8,4.072,0.07,1.559,28.885,19.87,2.085,0.07,0.38,0.0,0,0.1
10,34.25,685,cruise,19.871,19.812,30.876,26.812,4.064,0.059,1.558,27.895,19.87,1.083,0.058,0.246,0.0,0,0.15
10,34.3,686,cruise,19.871,19.799,30.879,26.799,4.08,0.072,1.56,30.879,19.871,4.08,0.072,0.646,0.0,1,0.0
10,34.35,687,cruise,19.872,19.77,30.883,26.77,4.114,0.102,1.562,30.883,19.872,4.114,0.102,0.652,0.0,1,0.0
10,34.4,688,cruise,19.871,19.761,30.889,26.761,4.128,0.11,1.563,29.895,19.872,3.134,0.11,0.522,0.0,0,0.05
10,34.45,689,cruise,19.871,19.772,30.894,26.772,4.122,0.099,1.563,28.907,19.872,2.135,0.1,0.388,0.0,0,0.1
10,34.5,690,cruise,19.871,19.777,30.899,26.777,4.121,0.093,1.562,27.918,19.872,1.141,0.094,0.255,0.0,0,0.15
10,34.55,691,cruise,19.87,19.762,30.904,26.762,4.142,0.108,1.564,26.93,19.872,0.168,0.11,0.126,0.0,0,0.2
10,34.6,692,cruise,19.871,19.717,30.91,26.717,4.193,0.154,1.568,30.91,19.871,4.193,0.154,0.664,0.0,1,0.0
10,34.65,693,cruise,19.871,19.652,30.92,26.652,4.268,0.218,1.573,30.92,19.871,4.268,0.218,0.676,0.0,1,0.0
10,34.7,694,cruise,19.871,19.608,30.933,26.608,4.324,0.263,1.578,30.933,19.871,4.324,0.263,0.685,0.0,1,0.0
10,34.75,695,cruise,19.871,19.605,30.946,26.605,4.341,0.267,1.578,29.952,19.871,3.348,0.266,0.555,0.0,0,0.05
10,34.8,696,cruise,19.871,19.623,30.959,26.623,4.336,0.248,1.578,30.959,19.871,4.336,0.248,0.686,0.0,1,0.0
10,34.85,697,cruise,19.871,19.652,30.97,26.652,4.318,0.219,1.576,29.977,19.871,3.324,0.219,0.551,0.0,0,0.05
10,34.9,698,cruise,19.871,19.692,30.98,26.692,4.288,0.179,1.573,28.993,19.871,2.301,0.179,0.413,0.0,0,0.1
10,34.95,699,cruise,19.847,19.72,30.987,26.72,4.267,0.127,1.571,30.987,19.847,4.267,0.127,0.673,0.0,1,0.0
10,35.0,700,cruise,19.785,19.738,30.991,26.738,4.253,0.047,1.57,30.991,19.785,4.253,0.047,0.669,0.0,1,0.0
10,35.05,701,cruise,19.727,19.773,30.989,26.773,4.216,-0.046,1.567,30.989,19.727,4.216,-0.046,0.661,0.0,1,0.0
10,35.1,702,cruise,19.756,19.821,30.984,26.821,4.163,-0.066,1.563,30.984,19.756,4.163,-0.066,0.653,0.0,1,0.0
10,35.15,703,cruise,19.825,19.878,30.979,26.878,4.102,-0.052,1.558,29.991,19.756,3.114,-0.122,0.511,0.0,0,0.05
10,35.2,704,cruise,19.9,19.93,30.974,26.93,4.044,-0.03,1.554,28.996,19.756,2.066,-0.174,0.37,0.0,0,0.1
10,35.25,705,cruise,19.954,19.961,30.97,26.961,4.009,-0.007,1.552,27.998,19.756,1.038,-0.205,0.232,0.0,0,0.15
10,35.3,706,cruise,19.962,19.958,30.965,26.958,4.007,0.004,1.551,27.0,19.756,0.042,-0.203,0.099,0.0,0,0.2
10,35.35,707,cruise,19.924,19.918,30.96,26.918,4.042,0.006,1.554,30.96,19.924,4.042,0.006,0.639,0.0,1,0.0
10,35.4,708,cruise,19.863,19.852,30.954,26.852,4.102,0.011,1.559,30.954,19.863,4.102,0.011,0.647,0.0,1,0.0
10,35.45,709,cruise,19.806,19.804,30.947,26.804,4.143,0.002,1.563,30.947,19.806,4.143,0.002,0.653,0.0,1,0.0
10,35.5,710,cruise,19.777,19.793,30.94,26.793,4.146,-0.016,1.563,29.958,19.806,3.165,0.013,0.522,0.0,0,0.05
10,35.55,711,cruise,19.789,19.802,30.932,26.802,4.13,-0.013,1.562,30.932,19.789,4.13,-0.013,0.65,0.0,1,0.0
10,35.6,712,cruise,19.815,19.821,30.926,26.821,4.105,-0.005,1.56,29.942,19.789,3.122,-0.031,0.515,0.0,0,0.05
10,35.65,713,cruise,19.875,19.848,30.921,26.848,4.074,0.028,1.558,30.921,19.875,4.074,0.028,0.644,0.0,1,0.0
10,35.7,714,cruise,19.903,19.877,30.92,26.877,4.043,0.027,1.556,29.929,19.875,3.053,-0.002,0.507,0.0,0,0.05
10,35.75,715,cruise,19.928,19.91,30.919,26.91,4.009,0.018,1.553,28.936,19.875,2.026,-0.035,0.369,0.0,0,0.1
10,35.8,716,cruise,19.91,19.928,30.918,26.928,3.991,-0.018,1.552,30.918,19.91,3.991,-0.018,0.631,0.0,1,0.0
10,35.85,717,cruise,19.88,19.933,30.917,26.933,3.984,-0.053,1.551,29.924,19.91,2.991,-0.023,0.498,0.0,0,0.05
10,35.9,718,cruise,19.835,19.946,30.913,26.946,3.967,-0.111,1.55,30.913,19.835,3.967,-0.111,0.625,0.0,1,0.0
10,35.95,719,cruise,19.815,19.964,30.908,26.964,3.945,-0.149,1.548,30.908,19.815,3.945,-0.149,0.621,0.0,1,0.0
10,36.0,720,cruise,19.807,19.994,30.902,26.994,3.908,-0.188,1.546,29.912,19.815,2.918,-0.18,0.483,0.0,0,0.05
10,36.05,721,cruise,19.839,20.026,30.896,27.026,3.871,-0.187,1.543,30.896,19.839,3.871,-0.187,0.61,0.0,1,0.0
10,36.1,722,cruise,19.871,20.053,30.891,27.053,3.838,-0.182,1.54,29.898,19.839,2.845,-0.214,0.472,0.0,0,0.05
10,36.15,723,cruise,19.907,20.08,30.886,27.08,3.805,-0.174,1.538,30.886,19.907,3.805,-0.174,0.602,0.0,1,0.0
10,36.2,724,cruise,19.913,20.104,30.881,27.104,3.777,-0.191,1.536,29.885,19.907,2.782,-0.197,0.464,0.0,0,0.05
10,36.25,725,cruise,19.901,20.127,30.874,27.127,3.747,-0.226,1.534,30.874,19.901,3.747,-0.226,0.592,0.0,1,0.0
10,36.3,726,cruise,19.868,20.147,30.866,27.147,3.719,-0.279,1.532,29.872,19.901,2.725,-0.246,0.455,0.0,0,0.05
10,36.35,727,cruise,19.84,20.167,30.855,27.167,3.688,-0.327,1.53,30.855,19.84,3.688,-0.327,0.581,0.0,1,0.0
10,36.4,728,cruise,19.823,20.183,30.842,27.183,3.659,-0.36,1.528,30.842,19.823,3.659,-0.36,0.576,0.0,1,0.0
10,36.45,729,cruise,19.831,20.206,30.827,27.206,3.621,-0.375,1.526,30.827,19.831,3.621,-0.375,0.57,0.0,1,0.0
10,36.5,730,cruise,19.853,20.21,30.811,27.21,3.601,-0.357,1.525,29.821,19.831,2.611,-0.379,0.436,0.0,0,0.05
10,36.55,731,cruise,19.881,20.165,30.797,27.165,3.631,-0.284,1.527,30.797,19.881,3.631,-0.284,0.575,0.0,1,0.0
10,36.6,732,cruise,19.897,20.101,30.784,27.101,3.683,-0.204,1.531,29.792,19.881,2.691,-0.22,0.451,0.0,0,0.05
10,36.65,733,cruise,19.897,20.094,30.772,27.094,3.678,-0.197,1.531,30.772,19.897,3.678,-0.197,0.584,0.0,1,0.0
10,36.7,734,cruise,19.88,20.107,30.759,27.107,3.652,-0.226,1.53,29.767,19.897,2.66,-0.21,0.448,0.0,0,0.05
10,36.75,735,cruise,19.859,20.119,30.744,27.119,3.625,-0.26,1.528,28.761,19.897,1.642,-0.222,0.312,0.0,0,0.1
10,36.8,736,cruise,19.842,20.109,30.728,27.109,3.618,-0.267,1.528,30.728,19.842,3.618,-0.267,0.574,0.0,1,0.0
10,36.85,737,cruise,19.839,20.085,30.712,27.085,3.627,-0.247,1.529,29.723,19.842,2.638,-0.243,0.444,0.0,0,0.05
10,36.9,738,cruise,19.848,20.069,30.698,27.069,3.63,-0.22,1.53,28.719,19.842,1.651,-0.226,0.313,0.0,0,0.1
10,36.95,739,cruise,19.865,20.045,30.687,27.045,3.643,-0.179,1.531,27.718,19.842,0.673,-0.202,0.183,0.0,0,0.15
10,37.0,740,cruise,19.88,19.999,30.68,26.999,3.681,-0.119,1.534,26.718,19.842,-0.281,-0.157,0.057,0.0,0,0.2
10,37.05,741,cruise,19.886,19.925,30.678,26.925,3.753,-0.038,1.54,25.723,19.842,-1.202,-0.082,0.0,0.047,0,0.25
10,37.1,742,cruise,19.881,19.812,30.682,26.812,3.869,0.069,1.549,30.682,19.881,3.869,0.069,0.618,0.0,1,0.0
10,37.15,743,cruise,19.869,19.677,30.692,26.677,4.015,0.192,1.56,29.699,19.881,3.023,0.204,0.51,0.0,0,0.05
10,37.2,744,cruise,19.856,19.58,30.707,26.58,4.128,0.276,1.568,28.723,19.881,2.143,0.301,0.396,0.0,0,0.1
10,37.25,745,cruise,19.849,19.489,30.727,26.489,4.238,0.36,1.577,27.75,19.881,1.261,0.392,0.281,0.0,0,0.15
10,37.3,746,cruise,19.85,19.428,30.749,26.428,4.322,0.423,1.583,26.781,19.881,0.354,0.453,0.162,0.0,0,0.2
10,37.35,747,cruise,19.859,19.346,30.776,26.346,4.43,0.513,1.591,25.815,19.881,-0.531,0.535,0.047,0.0,0,0.25
10,37.4,748,cruise,19.869,19.254,30.808,26.254,4.554,0.615,1.6,30.808,19.869,4.554,0.615,0.728,0.0,1,0.0
10,37.45,749,cruise,19.876,19.139,30.845,26.139,4.706,0.738,1.612,30.845,19.876,4.706,0.738,0.752,0.0,1,0.0
10,37.5,750,cruise,19.877,19.059,30.887,26.059,4.828,0.818,1.621,29.894,19.876,3.835,0.818,0.639,0.0,0,0.05
10,37.55,751,cruise,19.872,19.009,30.931,26.009,4.922,0.863,1.627,28.945,19.876,2.935,0.867,0.52,0.0,0,0.1
10,37.6,752,cruise,19.864,19.0,30.976,26.0,4.976,0.864,1.63,30.976,19.864,4.976,0.864,0.792,0.0,1,0.0
10,37.65,753,cruise,19.857,18.997,31.021,25.997,5.025,0.861,1.633,31.021,19.857,5.025,0.861,0.799,0.0,1,0.0
10,37.7,754,cruise,19.855,19.039,31.064,26.039,5.025,0.816,1.632,31.064,19.855,5.025,0.816,0.797,0.0,1,0.0
10,37.75,755,cruise,19.858,19.102,31.104,26.102,5.002,0.756,1.628,31.104,19.858,5.002,0.756,0.792,0.0,1,0.0
10,37.8,756,cruise,19.864,19.191,31.14,26.191,4.949,0.673,1.623,30.147,19.858,3.957,0.667,0.65,0.0,0,0.05
10,37.85,757,cruise,19.87,19.275,31.172,26.275,4.897,0.595,1.617,31.172,19.87,4.897,0.595,0.773,0.0,1,0.0
10,37.9,758,cruise,19.872,19.362,31.199,26.362,4.836,0.51,1.611,31.199,19.872,4.836,0.51,0.762,0.0,1,0.0
10,37.95,759,cruise,19.871,19.454,31.221,26.454,4.767,0.417,1.605,31.221,19.871,4.767,0.417,0.75,0.0,1,0.0
10,38.0,760,cruise,19.864,19.553,31.239,26.553,4.686,0.311,1.598,31.239,19.864,4.686,0.311,0.735,0.0,1,0.0
10,38.05,761,cruise,19.86,19.65,31.252,26.65,4.602,0.21,1.59,30.259,19.864,3.609,0.214,0.588,0.0,0,0.05
10,38.1,762,cruise,19.851,19.74,31.259,26.74,4.519,0.111,1.584,31.259,19.851,4.519,0.111,0.706,0.0,1,0.0
10,38.15,763,cruise,19.843,19.817,31.262,26.817,4.445,0.026,1.578,31.262,19.843,4.445,0.026,0.694,0.0,1,0.0
10,38.2,764,cruise,19.853,19.896,31.261,26.896,4.365,-0.043,1.571,30.269,19.843,3.373,-0.053,0.548,0.0,0,0.05
10,38.25,765,cruise,19.856,19.965,31.256,26.965,4.291,-0.109,1.566,29.272,19.843,2.307,-0.122,0.404,0.0,0,0.1
10,38.3,766,cruise,19.871,20.009,31.249,27.009,4.24,-0.138,1.562,31.249,19.871,4.24,-0.138,0.661,0.0,1,0.0
10,38.35,767,cruise,19.86,20.032,31.24,27.032,4.208,-0.172,1.559,30.248,19.871,3.215,-0.161,0.523,0.0,0,0.05
10,38.4,768,cruise,19.866,20.059,31.229,27.059,4.171,-0.192,1.557,31.229,19.866,4.171,-0.192,0.65,0.0,1,0.0
10,38.45,769,cruise,19.845,20.085,31.217,27.085,4.132,-0.241,1.554,30.226,19.866,3.141,-0.219,0.511,0.0,0,0.05
10,38.5,770,cruise,19.851,20.115,31.202,27.115,4.087,-0.264,1.551,31.202,19.851,4.087,-0.264,0.636,0.0,1,0.0
10,38.55,771,cruise,19.836,20.142,31.186,27.142,4.043,-0.307,1.548,31.186,19.836,4.043,-0.307,0.629,0.0,1,0.0
10,38.6,772,cruise,19.853,20.178,31.167,27.178,3.989,-0.325,1.545,31.167,19.853,3.989,-0.325,0.621,0.0,1,0.0
10,38.65,773,cruise,19.847,20.218,31.146,27.218,3.928,-0.37,1.541,30.157,19.853,2.94,-0.365,0.48,0.0,0,0.05
10,38.7,774,cruise,19.821,20.252,31.12,27.252,3.868,-0.431,1.537,29.145,19.853,1.894,-0.399,0.339,0.0,0,0.1
10,38.75,775,cruise,19.845,20.262,31.092,27.262,3.829,-0.417,1.534,28.133,19.853,0.87,-0.41,0.202,0.0,0,0.15
10,38.8,776,cruise,19.856,20.24,31.064,27.24,3.824,-0.384,1.535,27.12,19.853,-0.12,-0.387,0.071,0.0,0,0.2
10,38.85,777,cruise,19.882,20.18,31.04,27.18,3.86,-0.297,1.538,31.04,19.882,3.86,-0.297,0.605,0.0,1,0.0
10,38.9,778,cruise,19.869,20.094,31.018,27.094,3.924,-0.225,1.544,31.018,19.869,3.924,-0.225,0.616,0.0,1,0.0
10,38.95,779,cruise,19.873,20.026,31.0,27.026,3.974,-0.152,1.548,31.0,19.873,3.974,-0.152,0.625,0.0,1,0.0
10,39.0,780,cruise,19.842,19.995,30.981,26.995,3.986,-0.153,1.549,30.981,19.842,3.986,-0.153,0.626,0.0,1,0.0
10,39.05,781,cruise,19.841,19.992,30.962,26.992,3.97,-0.15,1.549,29.984,19.842,2.992,-0.15,0.494,0.0,0,0.05
10,39.1,782,cruise,19.821,19.999,30.941,26.999,3.942,-0.178,1.547,28.986,19.842,1.987,-0.157,0.36,0.0,0,0.1
10,39.15,783,cruise,19.768,19.995,30.916,26.995,3.921,-0.227,1.546,27.988,19.842,0.993,-0.153,0.227,0.0,0,0.15
10,39.2,784,cruise,19.795,19.966,30.89,26.966,3.923,-0.171,1.547,30.89,19.795,3.923,-0.171,0.617,0.0,1,0.0
10,39.25,785,cruise,19.827,19.921,30.866,26.921,3.945,-0.094,1.549,30.866,19.827,3.945,-0.094,0.623,0.0,1,0.0
10,39.3,786,cruise,19.892,19.896,30.847,26.896,3.951,-0.004,1.55,30.847,19.892,3.951,-0.004,0.627,0.0,1,0.0
10,39.35,787,cruise,19.912,19.896,30.83,26.896,3.933,0.016,1.55,29.859,19.892,2.963,-0.004,0.495,0.0,0,0.05
10,39.4,788,cruise,19.924,19.906,30.813,26.906,3.907,0.018,1.548,30.813,19.924,3.907,0.018,0.622,0.0,1,0.0
10,39.45,789,cruise,19.874,19.918,30.795,26.918,3.877,-0.043,1.546,30.795,19.874,3.877,-0.043,0.616,0.0,1,0.0
10,39.5,790,cruise,19.776,19.942,30.771,26.942,3.829,-0.166,1.543,30.771,19.776,3.829,-0.166,0.605,0.0,1,0.0
10,39.55,791,cruise,19.748,19.968,30.741,26.968,3.773,-0.22,1.539,30.741,19.748,3.773,-0.22,0.596,0.0,1,0.0
10,39.6,792,cruise,19.733,20.002,30.71,27.002,3.709,-0.269,1.535,30.71,19.733,3.709,-0.269,0.586,0.0,1,0.0
10,39.65,793,cruise,19.776,20.028,30.68,27.028,3.652,-0.252,1.532,30.68,19.776,3.652,-0.252,0.578,0.0,1,0.0
10,39.7,794,cruise,19.798,20.061,30.651,27.061,3.59,-0.264,1.528,29.696,19.776,2.635,-0.285,0.442,0.0,0,0.05
10,39.75,795,cruise,19.871,20.073,30.624,27.073,3.551,-0.202,1.526,28.711,19.776,1.638,-0.297,0.308,0.0,0,0.1
10,39.8,796,decelerate,19.904,20.056,30.601,27.056,3.544,-0.153,1.526,30.601,19.904,3.544,-0.153,0.568,0.0,1,0.0
10,39.85,797,decelerate,19.938,20.038,30.582,27.038,3.544,-0.1,1.526,29.622,19.904,2.584,-0.134,0.44,0.0,0,0.05
10,39.9,798,decelerate,19.869,20.011,30.565,27.011,3.554,-0.142,1.527,30.565,19.869,3.554,-0.142,0.569,0.0,1,0.0
10,39.95,799,decelerate,19.671,20.001,30.541,27.001,3.54,-0.329,1.527,29.592,19.869,2.591,-0.132,0.441,0.0,0,0.05
10,40.0,800,decelerate,19.488,19.971,30.509,26.971,3.538,-0.483,1.528,28.619,19.869,1.648,-0.102,0.316,0.0,0,0.1
10,40.05,801,decelerate,19.261,19.952,30.469,26.952,3.517,-0.691,1.527,27.646,19.869,0.694,-0.084,0.19,0.0,0,0.15
10,40.1,802,decelerate,19.052,19.881,30.423,26.881,3.542,-0.83,1.53,30.423,19.052,3.542,-0.83,0.545,0.0,1,0.0
10,40.15,803,decelerate,18.83,19.82,30.374,26.82,3.554,-0.99,1.532,30.374,18.83,3.554,-0.99,0.541,0.0,1,0.0
10,40.2,804,decelerate,18.615,19.751,30.32,26.751,3.569,-1.136,1.535,30.32,18.615,3.569,-1.136,0.538,0.0,1,0.0
10,40.25,805,decelerate,18.427,19.729,30.261,26.729,3.532,-1.302,1.534,30.261,18.427,3.532,-1.302,0.528,0.0,1,0.0
10,40.3,806,decelerate,18.22,19.69,30.194,26.69,3.503,-1.471,1.533,30.194,18.22,3.503,-1.471,0.518,0.0,1,0.0
10,40.35,807,decelerate,18.06,19.634,30.119,26.634,3.485,-1.575,1.534,30.119,18.06,3.485,-1.575,0.512,0.0,1,0.0
10,40.4,808,decelerate,17.876,19.626,30.037,26.626,3.411,-1.751,1.53,29.172,18.06,2.546,-1.567,0.387,0.0,0,0.05
10,40.45,809,decelerate,17.73,19.598,29.948,26.598,3.349,-1.869,1.528,29.948,17.73,3.349,-1.869,0.484,0.0,1,0.0
10,40.5,810,decelerate,17.551,19.584,29.851,26.584,3.267,-2.033,1.524,29.851,17.551,3.267,-2.033,0.468,0.0,1,0.0
10,40.55,811,decelerate,17.401,19.539,29.749,26.539,3.209,-2.138,1.522,29.749,17.401,3.209,-2.138,0.457,0.0,1,0.0
10,40.6,812,decelerate,17.209,19.526,29.639,26.526,3.113,-2.317,1.518,29.639,17.209,3.113,-2.317,0.438,0.0,1,0.0
10,40.65,813,decelerate,17.052,19.48,29.522,26.48,3.042,-2.428,1.516,29.522,17.052,3.042,-2.428,0.425,0.0,1,0.0
10,40.7,814,decelerate,16.885,19.459,29.403,26.459,2.944,-2.574,1.511,29.403,16.885,2.944,-2.574,0.407,0.0,1,0.0
10,40.75,815,decelerate,16.701,19.406,29.278,26.406,2.873,-2.705,1.509,28.469,16.885,2.063,-2.52,0.291,0.0,0,0.05
10,40.8,816,decelerate,16.532,19.371,29.148,26.371,2.777,-2.839,1.505,27.536,16.885,1.166,-2.485,0.173,0.0,0,0.1
10,40.85,817,decelerate,16.331,19.283,29.012,26.283,2.729,-2.952,1.505,26.605,16.885,0.321,-2.398,0.063,0.0,0,0.15
10,40.9,818,decelerate,16.178,19.198,28.873,26.198,2.675,-3.02,1.504,25.676,16.885,-0.522,-2.313,0.0,0.035,0,0.2
10,40.95,819,decelerate,16.021,19.046,28.734,26.046,2.687,-3.025,1.509,28.734,16.021,2.687,-3.025,0.357,0.0,1,0.0
10,41.0,820,decelerate,15.826,18.92,28.594,25.92,2.674,-3.094,1.511,27.824,16.021,1.903,-2.899,0.257,0.0,0,0.05
10,41.05,821,decelerate,15.665,18.778,28.452,25.778,2.674,-3.113,1.515,28.452,15.665,2.674,-3.113,0.353,0.0,1,0.0
10,41.1,822,decelerate,15.5,18.68,28.31,25.68,2.63,-3.179,1.516,28.31,15.5,2.63,-3.179,0.345,0.0,1,0.0
10,41.15,823,decelerate,15.306,18.565,28.163,25.565,2.599,-3.258,1.517,28.163,15.306,2.599,-3.258,0.338,0.0,1,0.0
10,41.2,824,decelerate,15.144,18.492,28.012,25.492,2.521,-3.347,1.515,28.012,15.144,2.521,-3.347,0.324,0.0,1,0.0
10,41.25,825,decelerate,14.953,18.395,27.857,25.395,2.461,-3.442,1.514,27.125,15.144,1.73,-3.251,0.222,0.0,0,0.05
10,41.3,826,decelerate,14.798,18.322,27.696,25.322,2.374,-3.524,1.512,26.24,15.144,0.918,-3.178,0.116,0.0,0,0.1
10,41.35,827,decelerate,14.713,18.204,27.535,25.204,2.33,-3.491,1.513,27.535,14.713,2.33,-3.491,0.294,0.0,1,0.0
10,41.4,828,decelerate,14.594,18.11,27.374,25.11,2.263,-3.516,1.511,26.659,14.713,1.548,-3.397,0.193,0.0,0,0.05
10,41.45,829,decelerate,14.364,17.99,27.21,24.99,2.22,-3.626,1.513,25.785,14.713,0.795,-3.277,0.097,0.0,0,0.1
10,41.5,830,decelerate,14.0,17.89,27.035,24.89,2.146,-3.889,1.511,24.916,14.713,0.026,-3.176,0.0,0.002,0,0.15
10,41.55,831,decelerate,13.711,17.743,26.85,24.743,2.107,-4.032,1.513,24.049,14.713,-0.694,-3.03,0.0,0.07,0,0.2
10,41.6,832,decelerate,13.514,17.599,26.659,24.599,2.06,-4.085,1.515,26.659,13.514,2.06,-4.085,0.238,0.0,1,0.0
10,41.65,833,decelerate,13.395,17.434,26.468,24.434,2.034,-4.04,1.518,25.809,13.514,1.374,-3.921,0.153,0.0,0,0.05
10,41.7,834,decelerate,13.313,17.314,26.278,24.314,1.964,-4.001,1.518,26.278,13.313,1.964,-4.001,0.229,0.0,1,0.0
10,41.75,835,decelerate,13.261,17.17,26.092,24.17,1.921,-3.91,1.52,25.439,13.313,1.268,-3.858,0.141,0.0,0,0.05
10,41.8,836,decelerate,13.144,17.066,25.906,24.066,1.84,-3.922,1.518,25.906,13.144,1.84,-3.922,0.215,0.0,1,0.0
10,41.85,837,decelerate,12.944,16.934,25.717,23.934,1.783,-3.99,1.519,25.076,13.144,1.142,-3.79,0.126,0.0,0,0.05
10,41.9,838,decelerate,12.739,16.834,25.522,23.834,1.688,-4.095,1.516,25.522,12.739,1.688,-4.095,0.189,0.0,1,0.0
10,41.95,839,decelerate,12.528,16.729,25.324,23.729,1.595,-4.201,1.514,25.324,12.528,1.595,-4.201,0.173,0.0,1,0.0
10,42.0,840,decelerate,12.322,16.62,25.122,23.62,1.502,-4.298,1.512,25.122,12.322,1.502,-4.298,0.157,0.0,1,0.0
10,42.05,841,decelerate,12.126,16.518,24.915,23.518,1.397,-4.392,1.508,24.915,12.126,1.397,-4.392,0.14,0.0,1,0.0
10,42.1,842,decelerate,11.964,16.377,24.703,23.377,1.326,-4.413,1.508,24.109,12.126,0.732,-4.251,0.056,0.0,0,0.05
10,42.15,843,decelerate,11.792,16.271,24.489,23.271,1.218,-4.479,1.505,24.489,11.792,1.218,-4.479,0.113,0.0,1,0.0
10,42.2,844,decelerate,11.625,16.132,24.273,23.132,1.141,-4.507,1.505,23.694,11.792,0.562,-4.34,0.03,0.0,0,0.05
10,42.25,845,decelerate,11.436,16.017,24.052,23.017,1.035,-4.581,1.502,24.052,11.436,1.035,-4.581,0.085,0.0,1,0.0
10,42.3,846,decelerate,11.272,15.902,23.829,22.902,0.927,-4.63,1.499,23.829,11.272,0.927,-4.63,0.069,0.0,1,0.0
10,42.35,847,decelerate,11.148,15.767,23.604,22.767,0.838,-4.618,1.497,23.604,11.148,0.838,-4.618,0.058,0.0,1,0.0
10,42.4,848,decelerate,11.072,15.648,23.382,22.648,0.734,-4.576,1.494,22.831,11.148,0.183,-4.5,0.0,0.019,0,0.05
10,42.45,849,decelerate,10.965,15.491,23.16,22.491,0.669,-4.526,1.495,23.16,10.965,0.669,-4.526,0.038,0.0,1,0.0
10,42.5,850,decelerate,10.367,15.366,22.924,22.366,0.558,-4.999,1.492,22.399,10.965,0.033,-4.401,0.0,0.032,0,0.05
10,42.55,851,decelerate,9.916,15.237,22.669,22.237,0.432,-5.322,1.488,22.669,9.916,0.432,-5.322,0.0,0.015,1,0.0
10,42.6,852,decelerate,9.594,15.086,22.403,22.086,0.316,-5.493,1.485,21.92,9.916,-0.166,-5.171,0.0,0.071,0,0.05
10,42.65,853,decelerate,9.401,14.946,22.131,21.946,0.185,-5.545,1.481,21.178,9.916,-0.768,-5.03,0.0,0.128,0,0.1
10,42.7,854,decelerate,9.3,14.792,21.86,21.792,0.067,-5.492,1.478,21.86,9.3,0.067,-5.492,0.0,0.056,1,0.0
10,42.75,855,decelerate,9.278,14.632,21.593,21.632,-0.039,-5.353,1.476,21.593,9.278,-0.039,-5.353,0.0,0.063,1,0.0
10,42.8,856,decelerate,9.305,14.613,21.33,21.613,-0.283,-5.308,1.46,20.868,9.278,-0.745,-5.335,0.0,0.133,0,0.05
10,42.85,857,decelerate,9.374,14.552,21.073,21.552,-0.479,-5.178,1.448,21.073,9.374,-0.479,-5.178,0.0,0.103,1,0.0
10,42.9,858,decelerate,9.429,14.228,20.828,21.228,-0.4,-4.799,1.464,20.36,9.374,-0.868,-4.854,0.0,0.134,0,0.05
10,42.95,859,decelerate,9.408,13.917,20.599,20.917,-0.318,-4.509,1.48,20.599,9.408,-0.318,-4.509,0.0,0.07,1,0.0
10,43.0,860,decelerate,9.302,13.658,20.381,20.658,-0.277,-4.356,1.492,19.917,9.408,-0.741,-4.25,0.0,0.106,0,0.05
10,43.05,861,decelerate,9.14,13.403,20.169,20.403,-0.234,-4.262,1.505,20.169,9.14,-0.234,-4.262,0.0,0.055,1,0.0
10,43.1,862,decelerate,8.927,13.187,19.958,20.187,-0.229,-4.26,1.513,19.958,8.927,-0.229,-4.26,0.0,0.055,1,0.0
10,43.15,863,decelerate,8.708,12.986,19.746,19.986,-0.24,-4.278,1.521,19.746,8.708,-0.24,-4.278,0.0,0.057,1,0.0
10,43.2,864,decelerate,8.469,12.773,19.533,19.773,-0.24,-4.304,1.529,19.107,8.708,-0.666,-4.065,0.0,0.094,0,0.05
10,43.25,865,decelerate,8.221,12.579,19.317,19.579,-0.262,-4.359,1.536,19.317,8.221,-0.262,-4.359,0.0,0.061,1,0.0
10,43.3,866,decelerate,7.967,12.394,19.099,19.394,-0.295,-4.427,1.541,19.099,7.967,-0.295,-4.427,0.0,0.066,1,0.0
10,43.35,867,decelerate,7.72,12.213,18.878,19.213,-0.335,-4.492,1.546,18.878,7.72,-0.335,-4.492,0.0,0.072,1,0.0
10,43.4,868,decelerate,7.46,12.014,18.653,19.014,-0.362,-4.555,1.553,18.276,7.72,-0.738,-4.294,0.0,0.107,0,0.05
10,43.45,869,decelerate,7.287,11.832,18.425,18.832,-0.407,-4.544,1.557,18.425,7.287,-0.407,-4.544,0.0,0.08,1,0.0
10,43.5,870,decelerate,7.213,11.655,18.202,18.655,-0.454,-4.443,1.562,18.202,7.213,-0.454,-4.443,0.0,0.082,1,0.0
10,43.55,871,decelerate,7.016,11.463,17.983,18.463,-0.48,-4.447,1.569,17.627,7.213,-0.836,-4.251,0.0,0.116,0,0.05
10,43.6,872,decelerate,6.538,11.29,17.752,18.29,-0.538,-4.752,1.572,17.061,7.213,-1.229,-4.078,0.0,0.151,0,0.1
10,43.65,873,decelerate,6.042,11.17,17.505,18.17,-0.666,-5.128,1.567,17.505,6.042,-0.666,-5.128,0.0,0.121,1,0.0
10,43.7,874,decelerate,5.674,11.123,17.239,18.123,-0.884,-5.449,1.55,17.239,5.674,-0.884,-5.449,0.0,0.151,1,0.0
10,43.75,875,decelerate,5.423,10.919,16.963,17.919,-0.957,-5.497,1.553,16.688,5.674,-1.231,-5.245,0.0,0.181,0,0.05
10,43.8,876,decelerate,5.263,10.371,16.701,17.371,-0.67,-5.108,1.61,16.701,5.263,-0.67,-5.108,0.0,0.121,1,0.0
10,43.85,877,decelerate,5.18,9.919,16.458,16.919,-0.461,-4.739,1.659,16.198,5.263,-0.721,-4.656,0.0,0.115,0,0.05
10,43.9,878,decelerate,5.121,9.533,16.232,16.533,-0.301,-4.412,1.703,15.716,5.263,-0.818,-4.27,0.0,0.115,0,0.1
10,43.95,879,decelerate,5.09,9.196,16.022,16.196,-0.174,-4.106,1.742,16.022,5.09,-0.174,-4.106,0.0,0.047,1,0.0
10,44.0,880,decelerate,5.085,8.911,15.826,15.911,-0.085,-3.826,1.776,15.826,5.085,-0.085,-3.826,0.0,0.031,1,0.0
10,44.05,881,decelerate,5.113,8.632,15.644,15.632,0.012,-3.519,1.812,15.39,5.085,-0.242,-3.547,0.0,0.04,0,0.05
10,44.1,882,decelerate,5.166,8.389,15.478,15.389,0.089,-3.223,1.845,15.478,5.166,0.089,-3.223,0.002,0.0,1,0.0
10,44.15,883,decelerate,5.169,8.159,15.325,15.159,0.166,-2.99,1.878,15.067,5.166,-0.092,-2.993,0.0,0.011,0,0.05
10,44.2,884,decelerate,5.117,7.932,15.182,14.932,0.249,-2.815,1.914,15.182,5.117,0.249,-2.815,0.037,0.0,1,0.0
10,44.25,885,decelerate,5.043,7.716,15.046,14.716,0.33,-2.674,1.95,14.793,5.117,0.077,-2.6,0.021,0.0,0,0.05
10,44.3,886,decelerate,4.979,7.51,14.917,14.51,0.407,-2.531,1.986,14.917,4.979,0.407,-2.531,0.067,0.0,1,0.0
10,44.35,887,decelerate,4.9,7.311,14.794,14.311,0.484,-2.411,2.024,14.548,4.979,0.238,-2.332,0.052,0.0,0,0.05
10,44.4,888,decelerate,4.739,7.111,14.676,14.111,0.564,-2.372,2.064,14.19,4.979,0.079,-2.133,0.037,0.0,0,0.1
10,44.45,889,decelerate,4.537,6.933,14.557,13.933,0.624,-2.396,2.1,13.841,4.979,-0.092,-1.954,0.02,0.0,0,0.15
10,44.5,890,decelerate,4.317,6.917,14.431,13.917,0.514,-2.6,2.086,13.496,4.979,-0.422,-1.939,0.0,0.018,0,0.2
10,44.55,891,decelerate,4.092,6.904,14.295,13.904,0.391,-2.813,2.071,14.295,4.092,0.391,-2.813,0.056,0.0,1,0.0
10,44.6,892,decelerate,3.868,6.453,14.16,13.453,0.707,-2.586,2.194,14.16,3.868,0.707,-2.586,0.106,0.0,1,0.0
10,44.65,893,decelerate,3.652,5.965,14.04,12.965,1.074,-2.313,2.354,13.854,3.868,0.888,-2.098,0.146,0.0,0,0.05
10,44.7,894,decelerate,3.451,5.593,13.931,12.593,1.338,-2.142,2.491,13.931,3.451,1.338,-2.142,0.205,0.0,1,0.0
10,44.75,895,decelerate,3.255,5.291,13.827,12.291,1.537,-2.036,2.613,13.661,3.451,1.37,-1.84,0.22,0.0,0,0.05
10,44.8,896,decelerate,3.064,5.006,13.729,12.006,1.723,-1.942,2.743,13.729,3.064,1.723,-1.942,0.264,0.0,1,0.0
10,44.85,897,decelerate,2.878,4.807,13.633,11.807,1.826,-1.929,2.836,13.486,3.064,1.679,-1.743,0.265,0.0,0,0.05
10,44.9,898,decelerate,2.698,4.671,13.535,11.671,1.865,-1.973,2.898,13.535,2.698,1.865,-1.973,0.282,0.0,1,0.0
10,44.95,899,decelerate,2.524,4.561,13.435,11.561,1.874,-2.038,2.945,13.435,2.524,1.874,-2.038,0.281,0.0,1,0.0
10,45.0,900,decelerate,2.355,4.47,13.331,11.47,1.861,-2.115,2.982,13.331,2.355,1.861,-2.115,0.277,0.0,1,0.0
10,45.05,901,decelerate,2.192,4.389,13.224,11.389,1.834,-2.197,3.013,13.111,2.355,1.722,-2.034,0.262,0.0,0,0.05
10,45.1,902,decelerate,2.035,4.313,13.112,11.313,1.798,-2.278,3.04,12.894,2.355,1.581,-1.958,0.246,0.0,0,0.1
10,45.15,903,decelerate,1.832,4.236,12.995,11.236,1.759,-2.405,3.068,12.681,2.355,1.445,-1.881,0.23,0.0,0,0.15
10,45.2,904,decelerate,0.642,4.158,12.844,11.158,1.685,-3.516,3.089,12.473,2.355,1.314,-1.803,0.215,0.0,0,0.2
10,45.25,905,decelerate,0.001,4.076,12.644,11.076,1.568,-4.075,3.102,12.644,0.001,1.568,-4.075,0.173,0.0,1,0.0
10,45.3,906,decelerate,0.001,3.987,12.444,10.987,1.457,-3.986,3.122,12.444,0.001,1.457,-3.986,0.161,0.0,0,0.05
10,45.35,907,decelerate,0.001,3.888,12.249,10.888,1.36,-3.887,3.15,12.249,0.001,1.36,-3.887,0.152,0.0,1,0.0
10,45.4,908,decelerate,0.001,3.785,12.059,10.785,1.273,-3.784,3.186,12.059,0.001,1.273,-3.784,0.144,0.0,1,0.0
10,45.45,909,decelerate,0.001,3.668,11.874,10.668,1.206,-3.667,3.237,11.874,0.001,1.206,-3.667,0.139,0.0,1,0.0
10,45.5,910,decelerate,0.001,3.561,11.694,10.561,1.133,-3.56,3.284,11.694,0.001,1.133,-3.56,0.132,0.0,1,0.0
10,45.55,911,decelerate,0.0,3.45,11.52,10.45,1.071,-3.449,3.34,11.52,0.0,1.071,-3.449,0.128,0.0,1,0.0
10,45.6,912,decelerate,0.0,3.338,11.352,10.338,1.014,-3.337,3.401,11.352,0.0,1.014,-3.337,0.124,0.0,0,0.05
10,45.65,913,decelerate,0.0,3.225,11.189,10.225,0.964,-3.224,3.47,11.189,0.0,0.964,-3.224,0.121,0.0,1,0.0
10,45.7,914,decelerate,0.0,3.113,11.031,10.113,0.918,-3.113,3.543,11.031,0.0,0.918,-3.113,0.119,0.0,1,0.0
10,45.75,915,decelerate,0.0,3.002,10.879,10.002,0.877,-3.002,3.624,10.879,0.0,0.877,-3.002,0.117,0.0,1,0.0
10,45.8,916,decelerate,0.0,2.893,10.733,9.893,0.839,-2.893,3.709,10.733,0.0,0.839,-2.893,0.115,0.0,1,0.0
10,45.85,917,decelerate,0.0,2.786,10.592,9.786,0.806,-2.785,3.802,10.592,0.0,0.806,-2.785,0.115,0.0,1,0.0
10,45.9,918,decelerate,0.0,2.682,10.456,9.682,0.774,-2.682,3.899,10.456,0.0,0.774,-2.682,0.114,0.0,1,0.0
10,45.95,919,decelerate,0.0,2.58,10.326,9.58,0.746,-2.58,4.002,10.326,0.0,0.746,-2.58,0.113,0.0,1,0.0
10,46.0,920,decelerate,0.0,2.48,10.2,9.48,0.72,-2.48,4.113,10.2,0.0,0.72,-2.48,0.113,0.0,0,0.05
10,46.05,921,decelerate,0.0,2.383,10.08,9.383,0.697,-2.383,4.23,10.08,0.0,0.697,-2.383,0.113,0.0,1,0.0
10,46.1,922,decelerate,0.0,2.288,9.964,9.288,0.675,-2.288,4.354,9.964,0.0,0.675,-2.288,0.114,0.0,0,0.05
10,46.15,923,decelerate,0.0,2.195,9.852,9.195,0.657,-2.195,4.489,9.852,0.0,0.657,-2.195,0.114,0.0,1,0.0
10,46.2,924,stopped,0.0,2.105,9.746,9.105,0.641,-2.105,4.63,9.746,0.0,0.641,-2.105,0.115,0.0,0,0.05
10,46.25,925,stopped,0.0,2.017,9.643,9.017,0.626,-2.017,4.781,9.643,0.0,0.626,-2.017,0.116,0.0,0,0.1
10,46.3,926,stopped,0.0,1.933,9.545,8.933,0.613,-1.933,4.939,9.545,0.0,0.613,-1.933,0.117,0.0,0,0.15
10,46.35,927,stopped,0.0,1.851,9.451,8.851,0.6,-1.851,5.105,9.451,0.0,0.6,-1.851,0.118,0.0,1,0.0
10,46.4,928,stopped,0.0,1.774,9.362,8.774,0.588,-1.774,5.278,9.362,0.0,0.588,-1.774,0.119,0.0,0,0.05
10,46.45,929,stopped,0.0,1.699,9.275,8.699,0.576,-1.699,5.459,9.275,0.0,0.576,-1.699,0.12,0.0,0,0.1
10,46.5,930,stopped,0.0,1.627,9.193,8.627,0.566,-1.627,5.65,9.193,0.0,0.566,-1.627,0.121,0.0,1,0.0
10,46.55,931,stopped,0.0,1.554,9.114,8.554,0.56,-1.554,5.866,9.114,0.0,0.56,-1.554,0.123,0.0,0,0.05
10,46.6,932,stopped,0.0,1.49,9.038,8.49,0.548,-1.49,6.065,9.038,0.0,0.548,-1.49,0.123,0.0,0,0.1
10,46.65,933,stopped,0.0,1.429,8.966,8.429,0.537,-1.429,6.274,8.966,0.0,0.537,-1.429,0.124,0.0,1,0.0
10,46.7,934,stopped,0.0,1.371,8.896,8.371,0.525,-1.371,6.49,8.896,0.0,0.525,-1.371,0.124,0.0,1,0.0
10,46.75,935,stopped,0.0,1.314,8.829,8.314,0.515,-1.314,6.718,8.829,0.0,0.515,-1.314,0.125,0.0,1,0.0
10,46.8,936,stopped,0.0,1.265,8.765,8.265,0.5,-1.265,6.929,8.765,0.0,0.5,-1.265,0.125,0.0,0,0.05
10,46.85,937,stopped,0.0,1.224,8.703,8.224,0.479,-1.224,7.109,8.703,0.0,0.479,-1.224,0.123,0.0,1,0.0
10,46.9,938,stopped,0.0,1.186,8.643,8.186,0.457,-1.186,7.288,8.643,0.0,0.457,-1.186,0.121,0.0,0,0.05
10,46.95,939,stopped,0.0,1.149,8.585,8.149,0.436,-1.149,7.472,8.585,0.0,0.436,-1.149,0.12,0.0,1,0.0
10,47.0,940,stopped,0.0,1.113,8.529,8.113,0.416,-1.113,7.66,8.529,0.0,0.416,-1.113,0.118,0.0,0,0.05
10,47.05,941,stopped,0.0,1.079,8.475,8.079,0.396,-1.079,7.857,8.475,0.0,0.396,-1.079,0.117,0.0,0,0.1
10,47.1,942,stopped,0.0,1.044,8.422,8.044,0.378,-1.044,8.068,8.422,0.0,0.378,-1.044,0.116,0.0,0,0.15
10,47.15,943,stopped,0.0,1.01,8.371,8.01,0.361,-1.01,8.29,8.371,0.0,0.361,-1.01,0.114,0.0,1,0.0
10,47.2,944,stopped,0.0,0.977,8.321,7.977,0.345,-0.977,8.52,8.321,0.0,0.345,-0.977,0.113,0.0,0,0.05
10,47.25,945,stopped,0.0,0.944,8.274,7.944,0.33,-0.944,8.765,8.274,0.0,0.33,-0.944,0.113,0.0,1,0.0
10,47.3,946,stopped,0.0,0.913,8.228,7.913,0.314,-0.913,9.008,8.228,0.0,0.314,-0.913,0.111,0.0,1,0.0
10,47.35,947,stopped,0.0,0.882,8.183,7.882,0.301,-0.882,9.279,8.183,0.0,0.301,-0.882,0.111,0.0,0,0.05
10,47.4,948,stopped,0.0,0.849,8.139,7.849,0.29,-0.849,9.587,8.139,0.0,0.29,-0.849,0.11,0.0,0,0.1
10,47.45,949,stopped,0.0,0.823,8.098,7.823,0.275,-0.823,9.844,8.098,0.0,0.275,-0.823,0.109,0.0,0,0.15
10,47.5,950,stopped,0.0,0.805,8.057,7.805,0.253,-0.805,10.012,8.057,0.0,0.253,-0.805,0.107,0.0,0,0.2
10,47.55,951,stopped,0.0,0.773,8.018,7.773,0.245,-0.773,10.368,8.018,0.0,0.245,-0.773,0.107,0.0,1,0.0
10,47.6,952,stopped,0.0,0.749,7.981,7.749,0.232,-0.749,10.658,7.981,0.0,0.232,-0.749,0.106,0.0,1,0.0
10,47.65,953,stopped,0.0,0.708,7.945,7.708,0.237,-0.708,11.215,7.945,0.0,0.237,-0.708,0.108,0.0,0,0.05
10,47.7,954,stopped,0.0,0.676,7.91,7.676,0.234,-0.676,11.699,7.91,0.0,0.234,-0.676,0.109,0.0,0,0.1
10,47.75,955,stopped,0.0,0.66,7.877,7.66,0.217,-0.66,11.943,7.877,0.0,0.217,-0.66,0.107,0.0,1,0.0
10,47.8,956,stopped,0.0,0.631,7.845,7.631,0.213,-0.631,12.43,7.845,0.0,0.213,-0.631,0.107,0.0,0,0.05
10,47.85,957,stopped,0.0,0.595,7.813,7.595,0.218,-0.595,13.127,7.813,0.0,0.218,-0.595,0.109,0.0,0,0.1
10,47.9,958,stopped,0.0,0.614,7.783,7.614,0.169,-0.614,12.678,7.783,0.0,0.169,-0.614,0.102,0.0,0,0.15
10,47.95,959,stopped,0.0,0.527,7.755,7.527,0.227,-0.527,14.709,7.755,0.0,0.227,-0.527,0.113,0.0,1,0.0
10,48.0,960,stopped,0.0,0.561,7.727,7.561,0.166,-0.561,13.783,7.727,0.0,0.166,-0.561,0.103,0.0,0,0.05
10,48.05,961,stopped,0.0,0.543,7.7,7.543,0.157,-0.543,14.177,7.7,0.0,0.157,-0.543,0.103,0.0,0,0.1
10,48.1,962,stopped,0.0,0.509,7.675,7.509,0.166,-0.509,15.085,7.675,0.0,0.166,-0.509,0.105,0.0,1,0.0
10,48.15,963,stopped,0.0,0.522,7.649,7.522,0.128,-0.522,14.663,7.649,0.0,0.128,-0.522,0.1,0.0,0,0.05
10,48.2,964,stopped,0.0,0.44,7.625,7.44,0.185,-0.44,17.314,7.625,0.0,0.185,-0.44,0.11,0.0,0,0.1
10,48.25,965,stopped,0.0,0.48,7.602,7.48,0.122,-0.48,15.847,7.602,0.0,0.122,-0.48,0.1,0.0,1,0.0
10,48.3,966,stopped,0.0,0.46,7.58,7.46,0.119,-0.46,16.462,7.58,0.0,0.119,-0.46,0.101,0.0,0,0.05
10,48.35,967,stopped,0.0,0.411,7.558,7.411,0.147,-0.411,18.389,7.558,0.0,0.147,-0.411,0.106,0.0,1,0.0
10,48.4,968,stopped,0.0,0.418,7.537,7.418,0.118,-0.418,18.02,7.537,0.0,0.118,-0.418,0.102,0.0,0,0.05
10,48.45,969,stopped,0.0,0.409,7.517,7.409,0.107,-0.409,18.363,7.517,0.0,0.107,-0.409,0.101,0.0,1,0.0
10,48.5,970,stopped,0.0,0.365,7.498,7.365,0.133,-0.365,20.557,7.498,0.0,0.133,-0.365,0.106,0.0,1,0.0
10,48.55,971,stopped,0.0,0.375,7.48,7.375,0.104,-0.375,19.923,7.48,0.0,0.104,-0.375,0.101,0.0,1,0.0
10,48.6,972,stopped,0.0,0.326,7.463,7.326,0.137,-0.326,22.883,7.463,0.0,0.137,-0.326,0.107,0.0,0,0.05
10,48.65,973,stopped,0.0,0.312,7.446,7.312,0.134,-0.312,23.857,7.446,0.0,0.134,-0.312,0.107,0.0,1,0.0
10,48.7,974,stopped,0.0,0.317,7.43,7.317,0.113,-0.317,23.469,7.43,0.0,0.113,-0.317,0.105,0.0,0,0.05
10,48.75,975,stopped,0.0,0.323,7.414,7.323,0.092,-0.323,22.966,7.414,0.0,0.092,-0.323,0.101,0.0,0,0.1
10,48.8,976,stopped,0.0,0.254,7.4,7.254,0.145,-0.254,29.08,7.4,0.0,0.145,-0.254,0.111,0.0,1,0.0
10,48.85,977,stopped,0.0,0.28,7.385,7.28,0.105,-0.28,26.361,7.385,0.0,0.105,-0.28,0.105,0.0,1,0.0
10,48.9,978,stopped,0.0,0.308,7.371,7.308,0.064,-0.308,23.969,7.371,0.0,0.064,-0.308,0.098,0.0,0,0.05
10,48.95,979,stopped,0.0,0.267,7.358,7.267,0.09,-0.267,27.516,7.358,0.0,0.09,-0.267,0.103,0.0,0,0.1
10,49.0,980,stopped,0.0,0.245,7.345,7.245,0.1,-0.245,30.004,7.345,0.0,0.1,-0.245,0.105,0.0,1,0.0
10,49.05,981,stopped,0.0,0.216,7.333,7.216,0.117,-0.216,33.937,7.333,0.0,0.117,-0.216,0.108,0.0,1,0.0
10,49.1,982,stopped,0.0,0.243,7.32,7.243,0.077,-0.243,30.104,7.32,0.0,0.077,-0.243,0.102,0.0,0,0.05
10,49.15,983,stopped,0.0,0.19,7.309,7.19,0.12,-0.189,38.569,7.309,0.0,0.12,-0.189,0.11,0.0,0,0.1
10,49.2,984,stopped,0.0,0.177,7.298,7.177,0.121,-0.177,41.181,7.298,0.0,0.121,-0.177,0.11,0.0,0,0.15
10,49.25,985,stopped,0.0,0.181,7.287,7.181,0.106,-0.181,40.178,7.287,0.0,0.106,-0.181,0.108,0.0,1,0.0
10,49.3,986,stopped,0.0,0.226,7.277,7.226,0.05,-0.226,32.142,7.277,0.0,0.05,-0.226,0.099,0.0,0,0.05
10,49.35,987,stopped,0.0,0.232,7.267,7.232,0.035,-0.232,31.321,7.267,0.0,0.035,-0.232,0.097,0.0,1,0.0
10,49.4,988,stopped,0.0,0.18,7.257,7.18,0.077,-0.18,40.305,7.257,0.0,0.077,-0.18,0.104,0.0,1,0.0
10,49.45,989,stopped,0.0,0.219,7.248,7.219,0.029,-0.219,33.048,7.248,0.0,0.029,-0.219,0.097,0.0,0,0.05
