episode,time_sec,tick,leader_phase,leader_speed_mps,follower_speed_mps,distance_m,desired_distance_m,spacing_error_m,relative_velocity_mps,thw_sec,observed_distance_m,observed_lead_speed_mps,control_spacing_error_m,control_relative_velocity_mps,throttle,brake,comm_success,time_since_last_comm_success_sec
7,0.05,1,accelerate,0.0,0.0,12.825,7.0,5.825,0.0,128.247,12.825,0.0,5.825,0.0,0.778,0.0,0,0.05
7,0.1,2,accelerate,0.003,0.003,12.825,7.003,5.822,0.0,128.247,12.825,0.0,5.822,-0.003,0.778,0.0,0,0.1
7,0.15,3,accelerate,0.001,0.001,12.825,7.001,5.824,0.0,128.247,12.825,0.0,5.824,-0.001,0.779,0.0,0,0.15
7,0.2,4,accelerate,0.0,0.0,12.825,7.0,5.825,-0.0,128.247,12.825,0.0,5.825,-0.0,0.78,0.0,0,0.2
7,0.25,5,accelerate,0.0,0.001,12.825,7.001,5.824,-0.0,128.247,12.825,0.0,5.824,-0.0,0.781,0.0,1,0.0
7,0.3,6,accelerate,0.001,0.001,12.825,7.001,5.824,-0.0,128.247,12.825,0.001,5.824,-0.0,0.782,0.0,1,0.0
7,0.35,7,accelerate,0.001,0.001,12.825,7.001,5.824,-0.0,128.247,12.825,0.001,5.824,0.0,0.783,0.0,0,0.05
7,0.4,8,accelerate,0.0,0.0,12.825,7.0,5.824,-0.0,128.247,12.825,0.0,5.824,-0.0,0.784,0.0,1,0.0
7,0.45,9,accelerate,0.0,0.0,12.825,7.0,5.824,-0.0,128.247,12.825,0.0,5.824,-0.0,0.785,0.0,1,0.0
7,0.5,10,accelerate,0.0,0.0,12.825,7.0,5.825,-0.0,128.247,12.825,0.0,5.825,-0.0,0.786,0.0,1,0.0
7,0.55,11,accelerate,0.0,0.0,12.825,7.0,5.825,-0.0,128.247,12.825,0.0,5.825,-0.0,0.787,0.0,0,0.05
7,0.6,12,accelerate,0.0,0.0,12.825,7.0,5.825,-0.0,128.247,12.825,0.0,5.825,-0.0,0.788,0.0,1,0.0
7,0.65,13,accelerate,0.158,0.305,12.82,7.305,5.515,-0.146,42.097,12.82,0.158,5.515,-0.146,0.743,0.0,1,0.0
7,0.7,14,accelerate,0.518,0.628,12.815,7.628,5.187,-0.11,20.405,12.796,0.158,5.168,-0.47,0.687,0.0,0,0.05
7,0.75,15,accelerate,0.821,0.893,12.812,7.893,4.919,-0.072,14.352,12.758,0.158,4.865,-0.734,0.638,0.0,0,0.1
7,0.8,16,accelerate,1.035,0.982,12.814,7.982,4.832,0.052,13.044,12.814,1.035,4.832,0.052,0.661,0.0,1,0.0
7,0.85,17,accelerate,1.162,1.08,12.819,8.08,4.739,0.082,11.867,12.819,1.162,4.739,0.082,0.65,0.0,1,0.0
7,0.9,18,accelerate,1.301,1.222,12.826,8.222,4.604,0.08,10.499,12.764,1.162,4.542,-0.059,0.62,0.0,0,0.05
7,0.95,19,accelerate,1.417,1.329,12.831,8.329,4.503,0.088,9.656,12.702,1.162,4.373,-0.166,0.595,0.0,0,0.1
7,1.0,20,accelerate,1.543,1.417,12.839,8.417,4.423,0.126,9.064,12.839,1.543,4.423,0.126,0.612,0.0,1,0.0
7,1.05,21,accelerate,1.645,1.483,12.849,8.483,4.366,0.161,8.664,12.849,1.645,4.366,0.161,0.606,0.0,1,0.0
7,1.1,22,accelerate,1.806,1.591,12.861,8.591,4.269,0.214,8.082,12.861,1.806,4.269,0.214,0.596,0.0,1,0.0
7,1.15,23,accelerate,1.917,1.673,12.874,8.673,4.201,0.244,7.695,12.781,1.806,4.108,0.133,0.572,0.0,0,0.05
7,1.2,24,accelerate,2.082,1.745,12.892,8.745,4.147,0.337,7.389,12.699,1.806,3.954,0.061,0.55,0.0,0,0.1
7,1.25,25,accelerate,2.228,1.815,12.913,8.815,4.098,0.413,7.115,12.913,2.228,4.098,0.413,0.582,0.0,1,0.0
7,1.3,26,accelerate,2.418,1.884,12.94,8.884,4.056,0.534,6.869,12.823,2.228,3.94,0.344,0.559,0.0,0,0.05
7,1.35,27,accelerate,2.584,1.957,12.972,8.957,4.015,0.627,6.629,12.972,2.584,4.015,0.627,0.579,0.0,1,0.0
7,1.4,28,accelerate,2.755,2.031,13.009,9.031,3.977,0.724,6.404,13.009,2.755,3.977,0.724,0.578,0.0,1,0.0
7,1.45,29,accelerate,2.842,2.112,13.048,9.112,3.936,0.731,6.179,12.908,2.755,3.796,0.644,0.552,0.0,0,0.05
7,1.5,30,accelerate,2.887,2.192,13.086,9.192,3.894,0.695,5.969,12.804,2.755,3.611,0.563,0.525,0.0,0,0.1
7,1.55,31,accelerate,2.886,2.272,13.121,9.272,3.85,0.615,5.776,12.695,2.755,3.423,0.484,0.498,0.0,0,0.15
7,1.6,32,accelerate,2.919,2.344,13.154,9.344,3.81,0.574,5.611,13.154,2.919,3.81,0.574,0.553,0.0,1,0.0
7,1.65,33,accelerate,2.98,2.402,13.185,9.402,3.783,0.578,5.488,13.038,2.919,3.636,0.516,0.529,0.0,0,0.05
7,1.7,34,accelerate,3.108,2.452,13.219,9.452,3.767,0.657,5.392,13.219,3.108,3.767,0.657,0.551,0.0,1,0.0
7,1.75,35,accelerate,3.256,2.515,13.256,9.515,3.741,0.741,5.271,13.097,3.108,3.582,0.593,0.525,0.0,0,0.05
7,1.8,36,accelerate,3.447,2.597,13.298,9.597,3.702,0.85,5.121,13.298,3.447,3.702,0.85,0.55,0.0,1,0.0
7,1.85,37,accelerate,3.624,2.679,13.346,9.679,3.666,0.945,4.981,13.346,3.624,3.666,0.945,0.549,0.0,1,0.0
7,1.9,38,accelerate,3.752,2.761,13.396,9.761,3.636,0.991,4.853,13.396,3.752,3.636,0.991,0.547,0.0,1,0.0
7,1.95,39,accelerate,3.783,2.845,13.446,9.845,3.601,0.938,4.726,13.446,3.783,3.601,0.938,0.542,0.0,1,0.0
7,2.0,40,accelerate,3.783,2.929,13.492,9.929,3.563,0.854,4.606,13.492,3.783,3.563,0.854,0.534,0.0,1,0.0
7,2.05,41,accelerate,3.797,3.014,13.533,10.014,3.519,0.783,4.49,13.533,3.797,3.519,0.783,0.527,0.0,1,0.0
7,2.1,42,accelerate,3.888,3.096,13.574,10.096,3.478,0.793,4.385,13.574,3.888,3.478,0.793,0.522,0.0,1,0.0
7,2.15,43,accelerate,4.026,3.177,13.616,10.177,3.439,0.848,4.285,13.616,4.026,3.439,0.848,0.519,0.0,1,0.0
7,2.2,44,accelerate,4.199,3.256,13.662,10.256,3.406,0.943,4.196,13.456,4.026,3.2,0.77,0.485,0.0,0,0.05
7,2.25,45,accelerate,4.381,3.331,13.714,10.331,3.383,1.05,4.117,13.293,4.026,2.962,0.695,0.452,0.0,0,0.1
7,2.3,46,accelerate,4.541,3.395,13.77,10.395,3.375,1.146,4.056,13.77,4.541,3.375,1.146,0.522,0.0,1,0.0
7,2.35,47,accelerate,4.619,3.457,13.83,10.457,3.372,1.161,4.0,13.83,4.619,3.372,1.161,0.523,0.0,1,0.0
7,2.4,48,accelerate,4.628,3.525,13.887,10.525,3.362,1.102,3.939,13.656,4.619,3.131,1.093,0.489,0.0,0,0.05
7,2.45,49,accelerate,4.627,3.594,13.941,10.594,3.347,1.033,3.879,13.479,4.619,2.885,1.025,0.455,0.0,0,0.1
7,2.5,50,accelerate,4.685,3.654,13.994,10.654,3.34,1.031,3.83,13.299,4.619,2.645,0.965,0.421,0.0,0,0.15
7,2.55,51,accelerate,4.803,3.689,14.048,10.689,3.359,1.114,3.808,14.048,4.803,3.359,1.114,0.522,0.0,1,0.0
7,2.6,52,accelerate,4.956,3.734,14.108,10.734,3.374,1.222,3.778,13.864,4.803,3.13,1.069,0.49,0.0,0,0.05
7,2.65,53,accelerate,5.128,3.791,14.173,10.791,3.382,1.337,3.738,14.173,5.128,3.382,1.337,0.533,0.0,1,0.0
7,2.7,54,accelerate,5.243,3.853,14.243,10.853,3.39,1.39,3.697,14.243,5.243,3.39,1.39,0.537,0.0,1,0.0
7,2.75,55,accelerate,5.09,3.923,14.306,10.923,3.383,1.167,3.647,14.306,5.09,3.383,1.167,0.529,0.0,1,0.0
7,2.8,56,accelerate,5.093,3.997,14.363,10.997,3.366,1.097,3.594,14.109,5.09,3.112,1.093,0.491,0.0,0,0.05
7,2.85,57,accelerate,5.0,4.067,14.413,11.067,3.346,0.932,3.543,13.908,5.09,2.84,1.022,0.453,0.0,0,0.1
7,2.9,58,accelerate,5.459,4.126,14.473,11.126,3.347,1.333,3.508,14.473,5.459,3.347,1.333,0.531,0.0,1,0.0
7,2.95,59,accelerate,5.818,4.183,14.55,11.183,3.367,1.635,3.478,14.55,5.818,3.367,1.635,0.544,0.0,1,0.0
7,3.0,60,accelerate,5.924,4.236,14.634,11.236,3.398,1.687,3.454,14.634,5.924,3.398,1.687,0.551,0.0,1,0.0
7,3.05,61,accelerate,5.894,4.316,14.716,11.316,3.4,1.578,3.41,14.42,5.924,3.104,1.608,0.51,0.0,0,0.05
7,3.1,62,accelerate,5.845,4.392,14.791,11.392,3.399,1.454,3.368,14.791,5.845,3.399,1.454,0.544,0.0,1,0.0
7,3.15,63,accelerate,5.815,4.466,14.861,11.466,3.395,1.349,3.327,14.861,5.815,3.395,1.349,0.541,0.0,1,0.0
7,3.2,64,accelerate,5.815,4.542,14.926,11.542,3.384,1.273,3.286,14.926,5.815,3.384,1.273,0.537,0.0,1,0.0
7,3.25,65,accelerate,5.848,4.619,14.989,11.619,3.37,1.229,3.245,14.697,5.815,3.078,1.196,0.495,0.0,0,0.05
7,3.3,66,accelerate,5.915,4.689,15.05,11.689,3.361,1.226,3.21,15.05,5.915,3.361,1.226,0.534,0.0,1,0.0
7,3.35,67,accelerate,6.014,4.741,15.113,11.741,3.372,1.274,3.188,14.814,5.915,3.074,1.174,0.494,0.0,0,0.05
7,3.4,68,accelerate,6.142,4.808,15.179,11.808,3.371,1.334,3.157,15.179,6.142,3.371,1.334,0.54,0.0,1,0.0
7,3.45,69,accelerate,6.136,4.873,15.244,11.873,3.371,1.263,3.128,14.937,6.142,3.064,1.269,0.497,0.0,0,0.05
7,3.5,70,accelerate,6.131,4.936,15.305,11.936,3.369,1.196,3.101,15.305,6.131,3.369,1.196,0.536,0.0,1,0.0
7,3.55,71,accelerate,6.633,4.998,15.374,11.998,3.376,1.635,3.076,15.056,6.131,3.058,1.133,0.493,0.0,0,0.05
7,3.6,72,accelerate,7.16,5.058,15.471,12.058,3.413,2.101,3.059,15.471,7.16,3.413,2.101,0.573,0.0,1,0.0
7,3.65,73,accelerate,7.555,5.02,15.589,12.02,3.569,2.535,3.105,15.218,7.16,3.198,2.139,0.546,0.0,0,0.05
7,3.7,74,accelerate,7.722,5.055,15.722,12.055,3.668,2.668,3.11,14.968,7.16,2.913,2.105,0.508,0.0,0,0.1
7,3.75,75,accelerate,7.703,5.053,15.857,12.053,3.804,2.65,3.138,14.717,7.16,2.664,2.107,0.475,0.0,0,0.15
7,3.8,76,accelerate,7.626,5.012,15.987,12.012,3.976,2.614,3.19,15.987,7.626,3.976,2.614,0.667,0.0,1,0.0
7,3.85,77,accelerate,7.518,5.106,16.112,12.106,4.006,2.411,3.155,16.112,7.518,4.006,2.411,0.665,0.0,1,0.0
7,3.9,78,accelerate,7.405,5.045,16.231,12.045,4.186,2.36,3.217,16.231,7.405,4.186,2.36,0.688,0.0,1,0.0
7,3.95,79,accelerate,7.305,5.012,16.347,12.012,4.336,2.294,3.262,15.98,7.405,3.969,2.393,0.661,0.0,0,0.05
7,4.0,80,accelerate,7.248,5.157,16.458,12.157,4.301,2.091,3.191,15.728,7.405,3.571,2.248,0.604,0.0,0,0.1
7,4.05,81,accelerate,7.239,5.398,16.553,12.398,4.155,1.842,3.067,16.553,7.239,4.155,1.842,0.669,0.0,1,0.0
7,4.1,82,accelerate,7.276,5.421,16.644,12.421,4.223,1.855,3.07,16.644,7.276,4.223,1.855,0.679,0.0,1,0.0
7,4.15,83,accelerate,7.341,5.508,16.735,12.508,4.226,1.832,3.038,16.369,7.276,3.861,1.768,0.629,0.0,0,0.05
7,4.2,84,accelerate,7.448,5.505,16.829,12.505,4.325,1.943,3.057,16.094,7.276,3.589,1.771,0.593,0.0,0,0.1
7,4.25,85,accelerate,7.583,5.522,16.93,12.522,4.408,2.061,3.066,15.818,7.276,3.296,1.754,0.554,0.0,0,0.15
7,4.3,86,accelerate,7.741,5.548,17.037,12.548,4.489,2.193,3.071,15.542,7.276,2.993,1.728,0.513,0.0,0,0.2
7,4.35,87,accelerate,7.905,5.579,17.151,12.579,4.572,2.327,3.074,17.151,7.905,4.572,2.327,0.744,0.0,1,0.0
7,4.4,88,accelerate,8.086,5.614,17.271,12.614,4.657,2.472,3.076,17.271,8.086,4.657,2.472,0.761,0.0,1,0.0
7,4.45,89,accelerate,8.279,5.68,17.398,12.68,4.718,2.599,3.063,16.989,8.086,4.309,2.406,0.714,0.0,0,0.05
7,4.5,90,accelerate,8.479,5.779,17.531,12.779,4.752,2.7,3.034,17.531,8.479,4.752,2.7,0.783,0.0,1,0.0
7,4.55,91,accelerate,8.672,5.905,17.667,12.905,4.762,2.767,2.992,17.238,8.479,4.333,2.574,0.724,0.0,0,0.05
7,4.6,92,accelerate,8.875,5.952,17.808,12.952,4.856,2.923,2.992,16.941,8.479,3.988,2.527,0.677,0.0,0,0.1
7,4.65,93,accelerate,9.083,5.954,17.959,12.954,5.005,3.129,3.016,16.643,8.479,3.689,2.525,0.638,0.0,0,0.15
7,4.7,94,accelerate,9.294,6.174,18.118,13.174,4.944,3.121,2.935,18.118,9.294,4.944,3.121,0.826,0.0,1,0.0
7,4.75,95,accelerate,9.471,6.781,18.257,13.781,4.476,2.69,2.692,18.257,9.471,4.476,2.69,0.75,0.0,1,0.0
7,4.8,96,accelerate,9.572,7.245,18.377,14.245,4.132,2.327,2.536,18.377,9.572,4.132,2.327,0.692,0.0,1,0.0
7,4.85,97,accelerate,9.588,7.618,18.479,14.618,3.861,1.969,2.426,18.003,9.572,3.385,1.954,0.581,0.0,0,0.05
7,4.9,98,accelerate,9.536,7.895,18.564,14.895,3.669,1.642,2.351,18.564,9.536,3.669,1.642,0.609,0.0,1,0.0
7,4.95,99,accelerate,9.505,8.061,18.635,15.061,3.574,1.444,2.312,18.635,9.505,3.574,1.444,0.59,0.0,1,0.0
7,5.0,100,accelerate,9.53,8.208,18.698,15.208,3.49,1.322,2.278,18.698,9.53,3.49,1.322,0.576,0.0,1,0.0
7,5.05,101,accelerate,9.595,8.338,18.757,15.338,3.419,1.256,2.249,18.757,9.595,3.419,1.256,0.564,0.0,1,0.0
7,5.1,102,accelerate,9.682,8.454,18.813,15.454,3.359,1.228,2.225,18.337,9.595,2.883,1.14,0.49,0.0,0,0.05
7,5.15,103,accelerate,9.807,8.553,18.867,15.553,3.315,1.255,2.206,17.912,9.595,2.359,1.042,0.417,0.0,0,0.1
7,5.2,104,accelerate,9.966,8.626,18.924,15.626,3.299,1.34,2.194,18.924,9.966,3.299,1.34,0.553,0.0,1,0.0
7,5.25,105,accelerate,10.118,8.68,18.985,15.68,3.305,1.438,2.187,18.985,10.118,3.305,1.438,0.557,0.0,1,0.0
7,5.3,106,accelerate,10.302,8.737,19.049,15.737,3.312,1.564,2.18,19.049,10.302,3.312,1.564,0.563,0.0,1,0.0
7,5.35,107,accelerate,10.492,8.798,19.12,15.798,3.322,1.694,2.173,18.612,10.302,2.814,1.504,0.495,0.0,0,0.05
7,5.4,108,accelerate,10.664,8.856,19.195,15.856,3.339,1.808,2.167,19.195,10.664,3.339,1.808,0.576,0.0,1,0.0
7,5.45,109,accelerate,10.69,8.911,19.269,15.911,3.358,1.779,2.162,18.752,10.664,2.841,1.753,0.508,0.0,0,0.05
7,5.5,110,accelerate,10.644,8.967,19.34,15.967,3.373,1.677,2.157,19.34,10.644,3.373,1.677,0.577,0.0,1,0.0
7,5.55,111,accelerate,10.944,9.023,19.415,16.023,3.392,1.921,2.152,19.415,10.944,3.392,1.921,0.588,0.0,1,0.0
7,5.6,112,accelerate,11.276,9.085,19.504,16.085,3.419,2.191,2.147,19.504,11.276,3.419,2.191,0.601,0.0,1,0.0
7,5.65,113,accelerate,11.476,9.155,19.6,16.155,3.445,2.321,2.141,19.051,11.276,2.896,2.121,0.53,0.0,0,0.05
7,5.7,114,accelerate,11.466,9.226,19.693,16.226,3.467,2.24,2.134,18.595,11.276,2.369,2.05,0.458,0.0,0,0.1
7,5.75,115,accelerate,11.413,9.285,19.779,16.285,3.494,2.128,2.13,18.137,11.276,1.851,1.991,0.387,0.0,0,0.15
7,5.8,116,accelerate,11.355,9.323,19.861,16.323,3.538,2.032,2.13,17.676,11.276,1.353,1.953,0.319,0.0,0,0.2
7,5.85,117,accelerate,11.294,9.333,19.939,16.333,3.605,1.961,2.136,19.939,11.294,3.605,1.961,0.621,0.0,1,0.0
7,5.9,118,accelerate,11.275,9.327,20.013,16.327,3.686,1.947,2.146,19.481,11.294,3.153,1.967,0.561,0.0,0,0.05
7,5.95,119,accelerate,11.316,9.334,20.089,16.334,3.755,1.981,2.152,20.089,11.316,3.755,1.981,0.642,0.0,1,0.0
7,6.0,120,accelerate,11.396,9.365,20.169,16.365,3.804,2.031,2.154,20.169,11.396,3.804,2.031,0.651,0.0,1,0.0
7,6.05,121,accelerate,11.469,9.419,20.251,16.419,3.832,2.05,2.15,20.251,11.469,3.832,2.05,0.656,0.0,1,0.0
7,6.1,122,accelerate,11.57,9.494,20.332,16.494,3.838,2.076,2.142,20.332,11.57,3.838,2.076,0.659,0.0,1,0.0
7,6.15,123,accelerate,11.639,9.573,20.411,16.573,3.838,2.067,2.132,20.411,11.639,3.838,2.067,0.659,0.0,1,0.0
7,6.2,124,accelerate,11.773,9.677,20.488,16.677,3.812,2.096,2.117,20.488,11.773,3.812,2.096,0.657,0.0,1,0.0
7,6.25,125,accelerate,11.913,9.788,20.571,16.788,3.783,2.125,2.102,20.571,11.913,3.783,2.125,0.655,0.0,1,0.0
7,6.3,126,accelerate,12.031,9.907,20.655,16.907,3.748,2.124,2.085,20.099,11.913,3.192,2.006,0.572,0.0,0,0.05
7,6.35,127,accelerate,12.157,10.011,20.738,17.011,3.727,2.146,2.071,19.621,11.913,2.61,1.902,0.492,0.0,0,0.1
7,6.4,128,accelerate,12.305,10.105,20.824,17.105,3.72,2.2,2.061,19.138,11.913,2.033,1.809,0.412,0.0,0,0.15
7,6.45,129,accelerate,12.41,10.167,20.914,17.167,3.746,2.243,2.057,20.914,12.41,3.746,2.243,0.656,0.0,1,0.0
7,6.5,130,accelerate,12.543,10.197,21.005,17.197,3.809,2.346,2.06,21.005,12.543,3.809,2.346,0.668,0.0,1,0.0
7,6.55,131,accelerate,12.688,10.26,21.103,17.26,3.844,2.428,2.057,21.103,12.688,3.844,2.428,0.676,0.0,1,0.0
7,6.6,132,accelerate,12.796,10.349,21.205,17.349,3.856,2.447,2.049,21.205,12.796,3.856,2.447,0.679,0.0,1,0.0
7,6.65,133,accelerate,12.924,10.437,21.306,17.437,3.87,2.487,2.042,20.717,12.796,3.281,2.36,0.6,0.0,0,0.05
7,6.7,134,accelerate,13.005,10.545,21.405,17.545,3.86,2.46,2.03,20.223,12.796,2.678,2.251,0.516,0.0,0,0.1
7,6.75,135,accelerate,13.139,10.639,21.505,17.639,3.866,2.5,2.021,21.505,13.139,3.866,2.5,0.684,0.0,1,0.0
7,6.8,136,accelerate,13.289,10.725,21.612,17.725,3.887,2.564,2.015,21.01,13.139,3.285,2.414,0.604,0.0,0,0.05
7,6.85,137,accelerate,13.401,10.801,21.723,17.801,3.922,2.6,2.011,21.723,13.401,3.922,2.6,0.696,0.0,1,0.0
7,6.9,138,accelerate,13.524,10.895,21.833,17.895,3.938,2.628,2.004,21.833,13.524,3.938,2.628,0.699,0.0,1,0.0
7,6.95,139,accelerate,13.598,11.011,21.942,18.011,3.931,2.587,1.993,21.942,13.598,3.931,2.587,0.698,0.0,1,0.0
7,7.0,140,accelerate,13.729,11.119,22.049,18.119,3.93,2.61,1.983,21.435,13.598,3.316,2.479,0.613,0.0,0,0.05
7,7.05,141,accelerate,13.878,11.245,22.16,18.245,3.915,2.633,1.971,20.92,13.598,2.675,2.353,0.524,0.0,0,0.1
7,7.1,142,accelerate,13.987,11.354,22.274,18.354,3.92,2.633,1.962,20.399,13.598,2.045,2.244,0.436,0.0,0,0.15
7,7.15,143,accelerate,14.108,11.397,22.389,18.397,3.993,2.711,1.965,19.873,13.598,1.476,2.201,0.359,0.0,0,0.2
7,7.2,144,accelerate,14.177,11.42,22.505,18.42,4.085,2.757,1.971,22.505,14.177,4.085,2.757,0.726,0.0,1,0.0
7,7.25,145,accelerate,14.301,11.423,22.625,18.423,4.202,2.877,1.981,22.625,14.301,4.202,2.877,0.747,0.0,1,0.0
7,7.3,146,accelerate,14.446,11.438,22.755,18.438,4.317,3.009,1.989,22.111,14.301,3.673,2.863,0.676,0.0,0,0.05
7,7.35,147,accelerate,14.541,11.507,22.888,18.507,4.382,3.034,1.989,22.888,14.541,4.382,3.034,0.777,0.0,1,0.0
7,7.4,148,accelerate,14.638,11.564,23.025,18.564,4.461,3.073,1.991,22.371,14.541,3.807,2.977,0.699,0.0,0,0.05
7,7.45,149,accelerate,14.677,11.518,23.165,18.518,4.647,3.159,2.011,21.852,14.541,3.334,3.023,0.638,0.0,0,0.1
7,7.5,150,accelerate,14.762,11.6,23.308,18.6,4.708,3.162,2.009,23.308,14.762,4.708,3.162,0.827,0.0,1,0.0
7,7.55,151,accelerate,14.873,11.97,23.449,18.97,4.479,2.903,1.959,22.781,14.762,3.811,2.792,0.696,0.0,0,0.05
7,7.6,152,accelerate,14.968,12.226,23.584,19.226,4.358,2.742,1.929,22.238,14.762,3.012,2.536,0.581,0.0,0,0.1
7,7.65,153,accelerate,15.096,12.441,23.716,19.441,4.275,2.655,1.906,23.716,15.096,4.275,2.655,0.754,0.0,1,0.0
7,7.7,154,accelerate,15.202,12.563,23.848,19.563,4.284,2.639,1.898,23.158,15.096,3.595,2.533,0.66,0.0,0,0.05
7,7.75,155,accelerate,15.338,12.717,23.981,19.717,4.264,2.621,1.886,22.59,15.096,2.873,2.379,0.559,0.0,0,0.1
7,7.8,156,accelerate,15.45,12.855,24.12,19.855,4.265,2.596,1.876,22.014,15.096,2.159,2.242,0.46,0.0,0,0.15
7,7.85,157,accelerate,15.552,12.922,24.265,19.922,4.343,2.63,1.878,24.265,15.552,4.343,2.63,0.765,0.0,1,0.0
7,7.9,158,accelerate,15.632,12.979,24.416,19.979,4.438,2.654,1.881,24.416,15.632,4.438,2.654,0.779,0.0,1,0.0
7,7.95,159,accelerate,15.689,13.011,24.569,20.011,4.558,2.678,1.888,24.569,15.689,4.558,2.678,0.796,0.0,1,0.0
7,8.0,160,accelerate,15.771,13.119,24.724,20.119,4.605,2.652,1.885,24.724,15.771,4.605,2.652,0.802,0.0,1,0.0
7,8.05,161,accelerate,15.866,13.26,24.883,20.26,4.623,2.606,1.877,24.135,15.771,3.875,2.51,0.7,0.0,0,0.05
7,8.1,162,accelerate,15.981,13.367,25.046,20.367,4.679,2.614,1.874,23.537,15.771,3.17,2.404,0.603,0.0,0,0.1
7,8.15,163,accelerate,16.008,13.472,25.21,20.472,4.739,2.537,1.871,22.93,15.771,2.458,2.299,0.504,0.0,0,0.15
7,8.2,164,accelerate,16.003,13.504,25.371,20.504,4.867,2.498,1.879,25.371,16.003,4.867,2.498,0.832,0.0,1,0.0
7,8.25,165,accelerate,16.106,13.576,25.532,20.576,4.956,2.53,1.881,24.759,16.003,4.183,2.427,0.739,0.0,0,0.05
7,8.3,166,accelerate,16.314,13.683,25.702,20.683,5.019,2.631,1.878,24.14,16.003,3.457,2.32,0.638,0.0,0,0.1
7,8.35,167,accelerate,16.49,13.755,25.878,20.755,5.123,2.735,1.881,25.878,16.49,5.123,2.735,0.874,0.0,1,0.0
7,8.4,168,accelerate,16.643,13.844,26.059,20.844,5.215,2.799,1.882,26.059,16.643,5.215,2.799,0.889,0.0,1,0.0
7,8.45,169,accelerate,16.774,13.915,26.241,20.915,5.326,2.859,1.886,25.422,16.643,4.508,2.728,0.792,0.0,0,0.05
7,8.5,170,accelerate,16.87,14.059,26.423,21.059,5.364,2.811,1.879,24.775,16.643,3.717,2.585,0.682,0.0,0,0.1
7,8.55,171,accelerate,16.934,14.215,26.602,21.215,5.387,2.719,1.871,24.119,16.643,2.904,2.428,0.568,0.0,0,0.15
7,8.6,172,accelerate,16.988,14.308,26.777,21.308,5.47,2.68,1.872,23.453,16.643,2.145,2.335,0.464,0.0,0,0.2
7,8.65,173,accelerate,17.05,14.379,26.95,21.379,5.571,2.671,1.874,22.779,16.643,1.4,2.264,0.362,0.0,0,0.25
7,8.7,174,accelerate,17.129,14.364,27.123,21.364,5.759,2.765,1.888,27.123,17.129,5.759,2.765,0.96,0.0,1,0.0
7,8.75,175,accelerate,17.219,14.378,27.296,21.378,5.918,2.84,1.898,27.296,17.219,5.918,2.84,0.984,0.0,1,0.0
7,8.8,176,accelerate,17.316,14.441,27.472,21.441,6.032,2.875,1.902,27.472,17.316,6.032,2.875,1.0,0.0,1,0.0
7,8.85,177,accelerate,17.417,14.521,27.647,21.521,6.126,2.896,1.904,27.647,17.417,6.126,2.896,1.0,0.0,1,0.0
7,8.9,178,accelerate,17.522,14.666,27.819,21.666,6.153,2.856,1.897,27.819,17.522,6.153,2.856,1.0,0.0,1,0.0
7,8.95,179,accelerate,17.629,14.641,27.988,21.641,6.346,2.988,1.912,27.111,17.522,5.47,2.881,0.925,0.0,0,0.05
7,9.0,180,accelerate,17.737,14.62,28.161,21.62,6.541,3.117,1.926,28.161,17.737,6.541,3.117,1.0,0.0,1,0.0
7,9.05,181,accelerate,17.846,14.751,28.336,21.751,6.585,3.095,1.921,27.448,17.737,5.698,2.986,0.959,0.0,0,0.05
7,9.1,182,accelerate,17.955,14.991,28.503,21.991,6.512,2.964,1.901,28.503,17.955,6.512,2.964,1.0,0.0,1,0.0
7,9.15,183,accelerate,18.065,15.236,28.661,22.236,6.425,2.83,1.881,28.661,18.065,6.425,2.83,1.0,0.0,1,0.0
7,9.2,184,accelerate,18.176,15.419,28.811,22.419,6.392,2.757,1.869,28.811,18.176,6.392,2.757,1.0,0.0,1,0.0
7,9.25,185,accelerate,18.286,15.644,28.954,22.644,6.311,2.643,1.851,28.954,18.286,6.311,2.643,1.0,0.0,1,0.0
7,9.3,186,accelerate,18.397,15.835,29.091,22.835,6.256,2.562,1.837,29.091,18.397,6.256,2.562,1.0,0.0,1,0.0
7,9.35,187,accelerate,18.508,16.061,29.221,23.061,6.159,2.447,1.819,29.221,18.508,6.159,2.447,1.0,0.0,1,0.0
7,9.4,188,accelerate,18.616,16.27,29.344,23.27,6.074,2.346,1.804,29.344,18.616,6.074,2.346,0.988,0.0,1,0.0
7,9.45,189,accelerate,18.718,16.49,29.461,23.49,5.972,2.229,1.787,28.528,18.616,5.038,2.127,0.843,0.0,0,0.05
7,9.5,190,accelerate,18.813,16.698,29.572,23.698,5.874,2.115,1.771,29.572,18.813,5.874,2.115,0.954,0.0,1,0.0
7,9.55,191,accelerate,18.904,16.868,29.678,23.868,5.81,2.036,1.759,28.735,18.813,4.867,1.945,0.814,0.0,0,0.05
7,9.6,192,accelerate,18.996,17.056,29.779,24.056,5.722,1.939,1.746,27.888,18.813,3.831,1.757,0.669,0.0,0,0.1
7,9.65,193,accelerate,19.092,17.207,29.875,24.207,5.669,1.885,1.736,29.875,19.092,5.669,1.885,0.919,0.0,1,0.0
7,9.7,194,accelerate,19.192,17.351,29.969,24.351,5.618,1.841,1.727,29.012,19.092,4.661,1.741,0.779,0.0,0,0.05
7,9.75,195,accelerate,19.297,17.49,30.061,24.49,5.572,1.807,1.719,28.141,19.092,3.652,1.602,0.64,0.0,0,0.1
7,9.8,196,cruise,19.403,17.62,30.152,24.62,5.532,1.783,1.711,30.152,19.403,5.532,1.783,0.897,0.0,1,0.0
7,9.85,197,cruise,19.509,17.732,30.241,24.732,5.509,1.777,1.705,30.241,19.509,5.509,1.777,0.894,0.0,1,0.0
7,9.9,198,cruise,19.615,17.864,30.33,24.864,5.466,1.751,1.698,29.351,19.509,4.487,1.645,0.753,0.0,0,0.05
7,9.95,199,cruise,19.722,17.998,30.417,24.998,5.419,1.724,1.69,28.455,19.509,3.457,1.511,0.611,0.0,0,0.1
7,10.0,200,cruise,19.831,18.119,30.503,25.119,5.385,1.712,1.684,27.551,19.509,2.433,1.39,0.471,0.0,0,0.15
7,10.05,201,cruise,19.933,18.207,30.589,25.207,5.383,1.726,1.68,26.643,19.509,1.436,1.302,0.335,0.0,0,0.2
7,10.1,202,cruise,20.007,18.258,30.677,25.258,5.418,1.749,1.68,25.731,19.509,0.473,1.251,0.205,0.0,0,0.25
7,10.15,203,cruise,20.016,18.266,30.764,25.266,5.498,1.75,1.684,30.764,20.016,5.498,1.75,0.891,0.0,1,0.0
7,10.2,204,cruise,19.955,18.248,30.851,25.248,5.603,1.707,1.691,30.851,19.955,5.603,1.707,0.904,0.0,1,0.0
7,10.25,205,cruise,19.867,18.246,30.934,25.246,5.688,1.621,1.695,29.939,19.955,4.693,1.709,0.783,0.0,0,0.05
7,10.3,206,cruise,19.781,18.283,31.011,25.283,5.728,1.498,1.696,29.026,19.955,3.743,1.672,0.655,0.0,0,0.1
7,10.35,207,cruise,19.73,18.342,31.083,25.342,5.741,1.388,1.695,28.11,19.955,2.768,1.613,0.523,0.0,0,0.15
7,10.4,208,cruise,19.73,18.397,31.15,25.397,5.753,1.333,1.693,31.15,19.73,5.753,1.333,0.912,0.0,1,0.0
7,10.45,209,cruise,19.767,18.449,31.217,25.449,5.767,1.318,1.692,31.217,19.767,5.767,1.318,0.913,0.0,1,0.0
7,10.5,210,cruise,19.828,18.531,31.282,25.531,5.751,1.298,1.688,31.282,19.828,5.751,1.298,0.91,0.0,1,0.0
7,10.55,211,cruise,19.899,18.645,31.346,25.645,5.701,1.254,1.681,31.346,19.899,5.701,1.254,0.902,0.0,1,0.0
7,10.6,212,cruise,19.954,18.779,31.406,25.779,5.627,1.174,1.672,30.41,19.899,4.63,1.119,0.755,0.0,0,0.05
7,10.65,213,cruise,19.966,18.919,31.461,25.919,5.542,1.047,1.663,29.466,19.899,3.547,0.98,0.606,0.0,0,0.1
7,10.7,214,cruise,19.933,19.04,31.509,26.04,5.469,0.893,1.655,31.509,19.933,5.469,0.893,0.859,0.0,1,0.0
7,10.75,215,cruise,19.875,19.147,31.549,26.147,5.402,0.728,1.648,31.549,19.875,5.402,0.728,0.845,0.0,1,0.0
7,10.8,216,cruise,19.817,19.266,31.58,26.266,5.314,0.551,1.639,31.58,19.817,5.314,0.551,0.827,0.0,1,0.0
7,10.85,217,cruise,19.785,19.395,31.602,26.395,5.207,0.39,1.629,30.613,19.817,4.218,0.422,0.676,0.0,0,0.05
7,10.9,218,cruise,19.794,19.52,31.618,26.52,5.098,0.274,1.62,29.639,19.817,3.119,0.297,0.526,0.0,0,0.1
7,10.95,219,cruise,19.836,19.621,31.63,26.621,5.009,0.215,1.612,28.66,19.817,2.039,0.196,0.378,0.0,0,0.15
7,11.0,220,cruise,19.893,19.685,31.64,26.685,4.955,0.207,1.607,31.64,19.893,4.955,0.207,0.768,0.0,1,0.0
7,11.05,221,cruise,19.936,19.722,31.651,26.722,4.929,0.214,1.605,30.655,19.893,3.933,0.17,0.63,0.0,0,0.05
7,11.1,222,cruise,19.945,19.766,31.661,26.766,4.895,0.179,1.602,31.661,19.945,4.895,0.179,0.759,0.0,1,0.0
7,11.15,223,cruise,19.918,19.822,31.668,26.822,4.846,0.097,1.598,30.671,19.945,3.849,0.123,0.617,0.0,0,0.05
7,11.2,224,cruise,19.872,19.888,31.669,26.888,4.781,-0.016,1.592,31.669,19.872,4.781,-0.016,0.737,0.0,1,0.0
7,11.25,225,cruise,19.828,19.957,31.665,26.957,4.708,-0.129,1.587,30.673,19.872,3.715,-0.085,0.593,0.0,0,0.05
7,11.3,226,cruise,19.806,20.029,31.655,27.029,4.626,-0.223,1.58,29.673,19.872,2.643,-0.157,0.447,0.0,0,0.1
7,11.35,227,cruise,19.817,20.084,31.643,27.084,4.559,-0.267,1.576,28.669,19.872,1.585,-0.212,0.304,0.0,0,0.15
7,11.4,228,cruise,19.853,20.107,31.629,27.107,4.522,-0.254,1.573,27.664,19.872,0.557,-0.235,0.166,0.0,0,0.2
7,11.45,229,cruise,19.895,20.091,31.618,27.091,4.527,-0.196,1.574,31.618,19.895,4.527,-0.196,0.697,0.0,1,0.0
7,11.5,230,cruise,19.923,20.049,31.611,27.049,4.562,-0.126,1.577,30.615,19.895,3.566,-0.154,0.57,0.0,0,0.05
7,11.55,231,cruise,19.923,20.021,31.606,27.021,4.584,-0.098,1.579,31.606,19.923,4.584,-0.098,0.708,0.0,1,0.0
7,11.6,232,cruise,19.899,20.023,31.6,27.023,4.578,-0.124,1.578,31.6,19.899,4.578,-0.124,0.706,0.0,1,0.0
7,11.65,233,cruise,19.864,20.054,31.592,27.054,4.538,-0.19,1.575,31.592,19.864,4.538,-0.19,0.699,0.0,1,0.0
7,11.7,234,cruise,19.835,20.105,31.58,27.105,4.475,-0.27,1.571,31.58,19.835,4.475,-0.27,0.688,0.0,1,0.0
7,11.75,235,cruise,19.826,20.168,31.564,27.168,4.396,-0.342,1.565,31.564,19.826,4.396,-0.342,0.675,0.0,1,0.0
7,11.8,236,cruise,19.839,20.237,31.546,27.237,4.309,-0.398,1.559,31.546,19.839,4.309,-0.398,0.661,0.0,1,0.0
7,11.85,237,cruise,19.867,20.308,31.524,27.308,4.216,-0.441,1.552,30.531,19.839,3.223,-0.469,0.514,0.0,0,0.05
7,11.9,238,cruise,19.894,20.371,31.501,27.371,4.13,-0.477,1.546,29.514,19.839,2.143,-0.532,0.368,0.0,0,0.1
7,11.95,239,cruise,19.907,20.408,31.476,27.408,4.068,-0.501,1.542,31.476,19.907,4.068,-0.501,0.626,0.0,1,0.0
7,12.0,240,cruise,19.902,20.425,31.451,27.425,4.026,-0.524,1.54,30.456,19.907,3.03,-0.518,0.487,0.0,0,0.05
7,12.05,241,cruise,19.882,20.445,31.424,27.445,3.978,-0.563,1.537,29.434,19.907,1.989,-0.538,0.347,0.0,0,0.1
7,12.1,242,cruise,19.86,20.451,31.394,27.451,3.944,-0.591,1.535,28.411,19.907,0.96,-0.544,0.21,0.0,0,0.15
7,12.15,243,cruise,19.845,20.429,31.365,27.429,3.936,-0.584,1.535,31.365,19.845,3.936,-0.584,0.605,0.0,1,0.0
7,12.2,244,cruise,19.845,20.388,31.337,27.388,3.949,-0.543,1.537,30.345,19.845,2.957,-0.543,0.476,0.0,0,0.05
7,12.25,245,cruise,19.857,20.359,31.311,27.359,3.952,-0.502,1.538,29.326,19.845,1.968,-0.514,0.345,0.0,0,0.1
7,12.3,246,cruise,19.875,20.332,31.287,27.332,3.955,-0.457,1.539,31.287,19.875,3.955,-0.457,0.612,0.0,1,0.0
7,12.35,247,cruise,19.889,20.305,31.266,27.305,3.96,-0.416,1.54,31.266,19.889,3.96,-0.416,0.614,0.0,1,0.0
7,12.4,248,cruise,19.893,20.303,31.245,27.303,3.942,-0.409,1.539,31.245,19.893,3.942,-0.409,0.612,0.0,1,0.0
7,12.45,249,cruise,19.887,20.319,31.224,27.319,3.905,-0.433,1.537,31.224,19.887,3.905,-0.433,0.606,0.0,1,0.0
7,12.5,250,cruise,19.873,20.348,31.201,27.348,3.854,-0.474,1.533,31.201,19.873,3.854,-0.474,0.598,0.0,1,0.0
7,12.55,251,cruise,19.861,20.383,31.176,27.383,3.794,-0.522,1.53,30.183,19.873,2.8,-0.509,0.456,0.0,0,0.05
7,12.6,252,cruise,19.855,20.413,31.149,27.413,3.736,-0.559,1.526,31.149,19.855,3.736,-0.559,0.579,0.0,1,0.0
7,12.65,253,cruise,19.857,20.436,31.12,27.436,3.684,-0.579,1.523,30.128,19.855,2.691,-0.582,0.439,0.0,0,0.05
7,12.7,254,cruise,19.867,20.457,31.091,27.457,3.634,-0.59,1.52,31.091,19.867,3.634,-0.59,0.565,0.0,1,0.0
7,12.75,255,cruise,19.877,20.471,31.061,27.471,3.591,-0.593,1.517,31.061,19.877,3.591,-0.593,0.559,0.0,1,0.0
7,12.8,256,cruise,19.884,20.491,31.031,27.491,3.541,-0.607,1.514,30.037,19.877,2.547,-0.614,0.419,0.0,0,0.05
7,12.85,257,cruise,19.884,20.506,31.001,27.506,3.494,-0.623,1.512,31.001,19.884,3.494,-0.623,0.545,0.0,1,0.0
7,12.9,258,cruise,19.878,20.514,30.969,27.514,3.455,-0.637,1.51,30.969,19.878,3.455,-0.637,0.539,0.0,1,0.0
7,12.95,259,cruise,19.869,20.528,30.937,27.528,3.409,-0.659,1.507,30.937,19.869,3.409,-0.659,0.533,0.0,1,0.0
7,13.0,260,cruise,19.863,20.544,30.903,27.544,3.359,-0.681,1.504,30.903,19.863,3.359,-0.681,0.525,0.0,1,0.0
7,13.05,261,cruise,19.861,20.561,30.868,27.561,3.307,-0.7,1.501,30.868,19.861,3.307,-0.7,0.518,0.0,1,0.0
7,13.1,262,cruise,19.865,20.578,30.833,27.578,3.255,-0.713,1.498,29.84,19.861,2.262,-0.716,0.378,0.0,0,0.05
7,13.15,263,cruise,19.871,20.585,30.797,27.585,3.212,-0.714,1.496,30.797,19.871,3.212,-0.714,0.504,0.0,1,0.0
7,13.2,264,cruise,19.877,20.583,30.762,27.583,3.179,-0.706,1.495,30.762,19.877,3.179,-0.706,0.5,0.0,1,0.0
7,13.25,265,cruise,19.879,20.584,30.726,27.584,3.143,-0.705,1.493,29.733,19.877,2.149,-0.707,0.363,0.0,0,0.05
7,13.3,266,cruise,19.878,20.579,30.691,27.579,3.112,-0.702,1.491,30.691,19.878,3.112,-0.702,0.492,0.0,1,0.0
7,13.35,267,cruise,19.873,20.567,30.656,27.567,3.089,-0.694,1.491,29.663,19.878,2.096,-0.689,0.356,0.0,0,0.05
7,13.4,268,cruise,19.869,20.553,30.622,27.553,3.069,-0.684,1.49,28.635,19.878,1.082,-0.675,0.222,0.0,0,0.1
7,13.45,269,cruise,19.866,20.519,30.589,27.519,3.069,-0.654,1.491,30.589,19.866,3.069,-0.654,0.487,0.0,1,0.0
7,13.5,270,cruise,19.866,20.472,30.557,27.472,3.085,-0.606,1.493,30.557,19.866,3.085,-0.606,0.491,0.0,1,0.0
7,13.55,271,cruise,19.869,20.44,30.528,27.44,3.088,-0.571,1.494,29.535,19.866,2.095,-0.574,0.36,0.0,0,0.05
7,13.6,272,cruise,19.873,20.413,30.501,27.413,3.087,-0.541,1.494,28.514,19.866,1.1,-0.547,0.228,0.0,0,0.1
7,13.65,273,cruise,19.875,20.373,30.475,27.373,3.102,-0.498,1.496,27.494,19.866,0.121,-0.507,0.099,0.0,0,0.15
7,13.7,274,cruise,19.876,20.308,30.452,27.308,3.143,-0.432,1.499,30.452,19.876,3.143,-0.432,0.505,0.0,1,0.0
7,13.75,275,cruise,19.874,20.227,30.433,27.227,3.206,-0.352,1.505,29.439,19.876,2.212,-0.351,0.383,0.0,0,0.05
7,13.8,276,cruise,19.872,20.159,30.417,27.159,3.258,-0.287,1.509,28.43,19.876,1.271,-0.283,0.26,0.0,0,0.1
7,13.85,277,cruise,19.869,20.096,30.404,27.096,3.308,-0.228,1.513,30.404,19.869,3.308,-0.228,0.533,0.0,1,0.0
7,13.9,278,cruise,19.868,20.037,30.395,27.037,3.358,-0.169,1.517,29.401,19.869,2.365,-0.168,0.41,0.0,0,0.05
7,13.95,279,cruise,19.869,19.995,30.388,26.995,3.393,-0.126,1.52,28.401,19.869,1.406,-0.126,0.283,0.0,0,0.1
7,14.0,280,cruise,19.871,19.953,30.383,26.953,3.43,-0.082,1.523,27.402,19.869,0.45,-0.084,0.157,0.0,0,0.15
7,14.05,281,cruise,19.873,19.894,30.38,26.894,3.486,-0.021,1.527,26.406,19.869,-0.488,-0.025,0.034,0.0,0,0.2
7,14.1,282,cruise,19.874,19.811,30.382,26.811,3.571,0.063,1.534,25.414,19.869,-1.397,0.058,0.0,0.063,0,0.25
7,14.15,283,cruise,19.874,19.691,30.388,26.691,3.697,0.183,1.543,24.427,19.869,-2.264,0.178,0.0,0.147,0,0.3
7,14.2,284,cruise,19.873,19.538,30.402,26.538,3.864,0.335,1.556,30.402,19.873,3.864,0.335,0.626,0.0,1,0.0
7,14.25,285,cruise,19.871,19.401,30.423,26.401,4.022,0.47,1.568,29.429,19.873,3.028,0.471,0.519,0.0,0,0.05
7,14.3,286,cruise,19.87,19.3,30.45,26.3,4.149,0.569,1.578,30.45,19.87,4.149,0.569,0.672,0.0,1,0.0
7,14.35,287,cruise,19.869,19.247,30.48,26.247,4.233,0.623,1.584,30.48,19.869,4.233,0.623,0.685,0.0,1,0.0
7,14.4,288,cruise,19.87,19.239,30.511,26.239,4.273,0.631,1.586,30.511,19.87,4.273,0.631,0.691,0.0,1,0.0
7,14.45,289,cruise,19.872,19.263,30.542,26.263,4.28,0.609,1.586,29.549,19.87,3.286,0.608,0.558,0.0,0,0.05
7,14.5,290,cruise,19.873,19.3,30.572,26.3,4.272,0.573,1.584,28.584,19.87,2.285,0.57,0.424,0.0,0,0.1
7,14.55,291,cruise,19.873,19.328,30.599,26.328,4.272,0.546,1.583,27.618,19.87,1.291,0.543,0.29,0.0,0,0.15
7,14.6,292,cruise,19.873,19.332,30.626,26.332,4.294,0.542,1.584,30.626,19.873,4.294,0.542,0.691,0.0,1,0.0
7,14.65,293,cruise,19.872,19.319,30.653,26.319,4.334,0.553,1.587,29.66,19.873,3.341,0.554,0.564,0.0,0,0.05
7,14.7,294,cruise,19.871,19.321,30.681,26.321,4.36,0.551,1.588,28.694,19.873,2.373,0.552,0.435,0.0,0,0.1
7,14.75,295,cruise,19.87,19.327,30.708,26.327,4.381,0.543,1.589,30.708,19.87,4.381,0.543,0.702,0.0,1,0.0
7,14.8,296,cruise,19.87,19.334,30.735,26.334,4.401,0.536,1.59,29.742,19.87,3.408,0.536,0.572,0.0,0,0.05
7,14.85,297,cruise,19.87,19.359,30.762,26.359,4.403,0.511,1.589,30.762,19.87,4.403,0.511,0.704,0.0,1,0.0
7,14.9,298,cruise,19.871,19.395,30.786,26.395,4.392,0.476,1.587,29.793,19.87,3.398,0.475,0.569,0.0,0,0.05
7,14.95,299,cruise,19.872,19.441,30.809,26.441,4.368,0.431,1.585,30.809,19.872,4.368,0.431,0.697,0.0,1,0.0
7,15.0,300,cruise,19.873,19.491,30.829,26.491,4.338,0.382,1.582,30.829,19.873,4.338,0.382,0.691,0.0,1,0.0
7,15.05,301,cruise,19.873,19.553,30.846,26.553,4.293,0.32,1.578,30.846,19.873,4.293,0.32,0.683,0.0,1,0.0
7,15.1,302,cruise,19.872,19.622,30.86,26.622,4.238,0.25,1.573,29.866,19.873,3.244,0.251,0.541,0.0,0,0.05
7,15.15,303,cruise,19.871,19.688,30.87,26.688,4.183,0.183,1.568,28.883,19.873,2.195,0.185,0.399,0.0,0,0.1
7,15.2,304,cruise,19.87,19.731,30.878,26.731,4.147,0.139,1.565,30.878,19.87,4.147,0.139,0.658,0.0,1,0.0
7,15.25,305,cruise,19.87,19.757,30.884,26.757,4.127,0.113,1.563,30.884,19.87,4.127,0.113,0.654,0.0,1,0.0
7,15.3,306,cruise,19.871,19.795,30.889,26.795,4.093,0.075,1.56,30.889,19.871,4.093,0.075,0.648,0.0,1,0.0
7,15.35,307,cruise,19.871,19.844,30.891,26.844,4.047,0.027,1.557,29.898,19.871,3.054,0.026,0.508,0.0,0,0.05
7,15.4,308,cruise,19.872,19.891,30.891,26.891,4.0,-0.019,1.553,28.904,19.871,2.013,-0.021,0.368,0.0,0,0.1
7,15.45,309,cruise,19.872,19.918,30.889,26.918,3.971,-0.046,1.551,30.889,19.872,3.971,-0.046,0.628,0.0,1,0.0
7,15.5,310,cruise,19.872,19.929,30.887,26.929,3.958,-0.057,1.55,30.887,19.872,3.958,-0.057,0.626,0.0,1,0.0
7,15.55,311,cruise,19.872,19.953,30.883,26.953,3.93,-0.082,1.548,30.883,19.872,3.93,-0.082,0.621,0.0,1,0.0
7,15.6,312,cruise,19.871,19.989,30.878,26.989,3.889,-0.118,1.545,30.878,19.871,3.889,-0.118,0.615,0.0,1,0.0
7,15.65,313,cruise,19.871,20.031,30.871,27.031,3.839,-0.161,1.541,30.871,19.871,3.839,-0.161,0.607,0.0,1,0.0
7,15.7,314,cruise,19.871,20.077,30.861,27.077,3.784,-0.206,1.537,29.868,19.871,2.791,-0.206,0.465,0.0,0,0.05
7,15.75,315,cruise,19.871,20.116,30.85,27.116,3.734,-0.245,1.534,28.863,19.871,1.747,-0.245,0.325,0.0,0,0.1
7,15.8,316,cruise,19.872,20.132,30.837,27.132,3.705,-0.26,1.532,27.856,19.871,0.725,-0.261,0.188,0.0,0,0.15
7,15.85,317,cruise,19.872,20.114,30.824,27.114,3.711,-0.242,1.532,30.824,19.872,3.711,-0.242,0.587,0.0,1,0.0
7,15.9,318,cruise,19.872,20.073,30.814,27.073,3.741,-0.201,1.535,30.814,19.872,3.741,-0.201,0.592,0.0,1,0.0
7,15.95,319,cruise,19.872,20.049,30.804,27.049,3.755,-0.177,1.536,30.804,19.872,3.755,-0.177,0.595,0.0,1,0.0
7,16.0,320,cruise,19.872,20.049,30.796,27.049,3.747,-0.178,1.536,30.796,19.872,3.747,-0.178,0.594,0.0,1,0.0
7,16.05,321,cruise,19.871,20.065,30.786,27.065,3.721,-0.194,1.534,30.786,19.871,3.721,-0.194,0.59,0.0,1,0.0
7,16.1,322,cruise,19.871,20.091,30.776,27.091,3.685,-0.22,1.532,30.776,19.871,3.685,-0.22,0.584,0.0,1,0.0
7,16.15,323,cruise,19.871,20.123,30.764,27.123,3.641,-0.252,1.529,30.764,19.871,3.641,-0.252,0.577,0.0,1,0.0
7,16.2,324,cruise,19.871,20.158,30.751,27.158,3.593,-0.286,1.526,29.757,19.871,2.6,-0.287,0.437,0.0,0,0.05
7,16.25,325,cruise,19.872,20.185,30.736,27.185,3.55,-0.314,1.523,28.749,19.871,1.563,-0.314,0.298,0.0,0,0.1
7,16.3,326,cruise,19.872,20.19,30.72,27.19,3.53,-0.318,1.522,27.739,19.871,0.549,-0.319,0.163,0.0,0,0.15
7,16.35,327,cruise,19.872,20.161,30.704,27.161,3.543,-0.29,1.523,26.73,19.871,-0.432,-0.29,0.033,0.0,0,0.2
7,16.4,328,cruise,19.872,20.096,30.691,27.096,3.595,-0.224,1.527,30.691,19.872,3.595,-0.224,0.572,0.0,1,0.0
7,16.45,329,cruise,19.871,20.006,30.683,27.006,3.676,-0.135,1.534,30.683,19.871,3.676,-0.135,0.586,0.0,1,0.0
7,16.5,330,cruise,19.871,19.934,30.678,26.934,3.744,-0.063,1.539,30.678,19.871,3.744,-0.063,0.597,0.0,1,0.0
7,16.55,331,cruise,19.871,19.9,30.676,26.9,3.777,-0.029,1.542,29.683,19.871,2.783,-0.029,0.47,0.0,0,0.05
7,16.6,332,cruise,19.871,19.886,30.675,26.886,3.789,-0.015,1.543,28.688,19.871,1.802,-0.015,0.34,0.0,0,0.1
7,16.65,333,cruise,19.871,19.87,30.675,26.87,3.805,0.002,1.544,27.694,19.871,0.825,0.002,0.21,0.0,0,0.15
7,16.7,334,cruise,19.872,19.834,30.676,26.834,3.842,0.037,1.547,26.702,19.871,-0.132,0.037,0.084,0.0,0,0.2
7,16.75,335,cruise,19.872,19.771,30.68,26.771,3.909,0.101,1.552,30.68,19.872,3.909,0.101,0.625,0.0,1,0.0
7,16.8,336,cruise,19.872,19.69,30.687,26.69,3.997,0.182,1.559,29.694,19.872,3.004,0.182,0.507,0.0,0,0.05
7,16.85,337,cruise,19.872,19.628,30.698,26.628,4.07,0.243,1.564,28.711,19.872,2.083,0.243,0.386,0.0,0,0.1
7,16.9,338,cruise,19.871,19.586,30.712,26.586,4.126,0.285,1.568,30.712,19.871,4.126,0.285,0.66,0.0,1,0.0
7,16.95,339,cruise,19.871,19.556,30.727,26.556,4.171,0.315,1.571,30.727,19.871,4.171,0.315,0.667,0.0,1,0.0
7,17.0,340,cruise,19.871,19.558,30.743,26.558,4.185,0.313,1.572,30.743,19.871,4.185,0.313,0.668,0.0,1,0.0
7,17.05,341,cruise,19.871,19.585,30.758,26.585,4.172,0.286,1.57,30.758,19.871,4.172,0.286,0.666,0.0,1,0.0
7,17.1,342,cruise,19.871,19.629,30.771,26.629,4.142,0.242,1.568,29.777,19.871,3.148,0.242,0.528,0.0,0,0.05
7,17.15,343,cruise,19.872,19.676,30.782,26.676,4.106,0.196,1.564,30.782,19.872,4.106,0.196,0.654,0.0,1,0.0
7,17.2,344,cruise,19.872,19.719,30.79,26.719,4.071,0.152,1.561,30.79,19.872,4.071,0.152,0.648,0.0,1,0.0
7,17.25,345,cruise,19.872,19.772,30.796,26.772,4.024,0.1,1.558,29.802,19.872,3.031,0.1,0.507,0.0,0,0.05
7,17.3,346,cruise,19.868,19.821,30.799,26.821,3.979,0.047,1.554,28.812,19.872,1.991,0.051,0.367,0.0,0,0.1
7,17.35,347,cruise,19.868,19.849,30.801,26.849,3.952,0.019,1.552,30.801,19.868,3.952,0.019,0.628,0.0,1,0.0
7,17.4,348,cruise,19.848,19.861,30.801,26.861,3.94,-0.013,1.551,29.808,19.868,2.947,0.007,0.493,0.0,0,0.05
7,17.45,349,cruise,19.855,19.878,30.799,26.878,3.921,-0.024,1.549,30.799,19.855,3.921,-0.024,0.622,0.0,1,0.0
7,17.5,350,cruise,19.849,19.898,30.797,26.898,3.899,-0.05,1.548,29.805,19.855,2.907,-0.044,0.486,0.0,0,0.05
7,17.55,351,cruise,19.867,19.923,30.794,26.923,3.871,-0.057,1.546,30.794,19.867,3.871,-0.057,0.614,0.0,1,0.0
7,17.6,352,cruise,19.855,19.947,30.789,26.947,3.842,-0.092,1.544,30.789,19.855,3.842,-0.092,0.609,0.0,1,0.0
7,17.65,353,cruise,19.841,19.981,30.781,26.981,3.8,-0.139,1.541,30.781,19.841,3.8,-0.139,0.602,0.0,1,0.0
7,17.7,354,cruise,19.851,20.02,30.768,27.02,3.748,-0.169,1.537,29.781,19.841,2.761,-0.179,0.462,0.0,0,0.05
7,17.75,355,cruise,19.868,20.054,30.755,27.054,3.701,-0.186,1.534,30.755,19.868,3.701,-0.186,0.587,0.0,1,0.0
7,17.8,356,cruise,19.838,20.081,30.74,27.081,3.659,-0.243,1.531,29.751,19.868,2.67,-0.213,0.449,0.0,0,0.05
7,17.85,357,cruise,19.844,20.105,30.724,27.105,3.619,-0.261,1.528,28.747,19.868,1.642,-0.237,0.311,0.0,0,0.1
7,17.9,358,cruise,19.869,20.109,30.705,27.109,3.596,-0.24,1.527,30.705,19.869,3.596,-0.24,0.571,0.0,1,0.0
7,17.95,359,cruise,19.892,20.097,30.686,27.097,3.589,-0.206,1.527,29.7,19.869,2.603,-0.229,0.439,0.0,0,0.05
7,18.0,360,cruise,19.9,20.092,30.668,27.092,3.576,-0.192,1.526,30.668,19.9,3.576,-0.192,0.57,0.0,1,0.0
7,18.05,361,cruise,19.889,20.09,30.65,27.09,3.559,-0.201,1.526,29.664,19.9,2.574,-0.19,0.437,0.0,0,0.05
7,18.1,362,cruise,19.863,20.094,30.631,27.094,3.537,-0.23,1.524,30.631,19.863,3.537,-0.23,0.564,0.0,1,0.0
7,18.15,363,cruise,19.849,20.097,30.611,27.097,3.514,-0.248,1.523,30.611,19.849,3.514,-0.248,0.56,0.0,1,0.0
7,18.2,364,cruise,19.833,20.11,30.592,27.11,3.482,-0.277,1.521,30.592,19.833,3.482,-0.277,0.555,0.0,1,0.0
7,18.25,365,cruise,19.847,20.13,30.573,27.13,3.443,-0.283,1.519,30.573,19.847,3.443,-0.283,0.55,0.0,1,0.0
7,18.3,366,cruise,19.853,20.153,30.556,27.153,3.403,-0.3,1.516,29.568,19.847,2.416,-0.306,0.412,0.0,0,0.05
7,18.35,367,cruise,19.879,20.169,30.539,27.169,3.37,-0.29,1.514,28.562,19.847,1.393,-0.322,0.275,0.0,0,0.1
7,18.4,368,cruise,19.884,20.163,30.526,27.163,3.362,-0.279,1.514,30.526,19.884,3.362,-0.279,0.539,0.0,1,0.0
7,18.45,369,cruise,19.892,20.141,30.514,27.141,3.373,-0.249,1.515,29.521,19.884,2.381,-0.257,0.409,0.0,0,0.05
7,18.5,370,cruise,19.876,20.124,30.505,27.124,3.381,-0.248,1.516,28.519,19.884,1.395,-0.24,0.278,0.0,0,0.1
7,18.55,371,cruise,19.868,20.097,30.496,27.097,3.399,-0.229,1.517,30.496,19.868,3.399,-0.229,0.546,0.0,1,0.0
7,18.6,372,cruise,19.851,20.062,30.49,27.062,3.428,-0.211,1.52,30.49,19.851,3.428,-0.211,0.55,0.0,1,0.0
7,18.65,373,cruise,19.853,20.045,30.485,27.045,3.44,-0.192,1.521,29.492,19.851,2.447,-0.194,0.42,0.0,0,0.05
7,18.7,374,cruise,19.856,20.037,30.481,27.037,3.444,-0.181,1.521,30.481,19.856,3.444,-0.181,0.553,0.0,1,0.0
7,18.75,375,cruise,19.871,20.03,30.478,27.03,3.448,-0.16,1.522,30.478,19.871,3.448,-0.16,0.554,0.0,1,0.0
7,18.8,376,cruise,19.879,20.036,30.476,27.036,3.44,-0.158,1.521,30.476,19.879,3.44,-0.158,0.553,0.0,1,0.0
7,18.85,377,cruise,19.886,20.047,30.474,27.047,3.427,-0.16,1.52,29.48,19.879,2.433,-0.168,0.419,0.0,0,0.05
7,18.9,378,cruise,19.882,20.058,30.471,27.058,3.412,-0.177,1.519,28.484,19.879,1.425,-0.18,0.284,0.0,0,0.1
7,18.95,379,cruise,19.875,20.028,30.467,27.028,3.439,-0.152,1.521,27.487,19.879,0.46,-0.149,0.156,0.0,0,0.15
7,19.0,380,cruise,19.865,19.991,30.464,26.991,3.474,-0.125,1.524,30.464,19.865,3.474,-0.125,0.559,0.0,1,0.0
7,19.05,381,cruise,19.861,19.914,30.463,26.914,3.549,-0.053,1.53,29.471,19.865,2.558,-0.049,0.439,0.0,0,0.05
7,19.1,382,cruise,19.86,19.868,30.464,26.868,3.595,-0.008,1.533,28.481,19.865,1.613,-0.003,0.315,0.0,0,0.1
7,19.15,383,cruise,19.866,19.798,30.466,26.798,3.668,0.068,1.539,27.493,19.865,0.695,0.067,0.195,0.0,0,0.15
7,19.2,384,cruise,19.873,19.726,30.472,26.726,3.747,0.147,1.545,30.472,19.873,3.747,0.147,0.604,0.0,1,0.0
7,19.25,385,cruise,19.879,19.641,30.483,26.641,3.842,0.238,1.552,29.492,19.873,2.851,0.232,0.488,0.0,0,0.05
7,19.3,386,cruise,19.88,19.588,30.495,26.588,3.906,0.292,1.557,28.512,19.873,1.924,0.285,0.366,0.0,0,0.1
7,19.35,387,cruise,19.877,19.502,30.507,26.502,4.005,0.375,1.564,27.533,19.873,1.031,0.371,0.25,0.0,0,0.15
7,19.4,388,cruise,19.872,19.444,30.522,26.444,4.079,0.428,1.57,26.557,19.873,0.113,0.429,0.129,0.0,0,0.2
7,19.45,389,cruise,19.867,19.38,30.543,26.38,4.163,0.487,1.576,30.543,19.867,4.163,0.487,0.671,0.0,1,0.0
7,19.5,390,cruise,19.865,19.303,30.568,26.303,4.265,0.562,1.584,29.577,19.867,3.274,0.564,0.555,0.0,0,0.05
7,19.55,391,cruise,19.866,19.247,30.598,26.247,4.351,0.619,1.59,28.616,19.867,2.368,0.619,0.436,0.0,0,0.1
7,19.6,392,cruise,19.87,19.21,30.631,26.21,4.421,0.659,1.595,27.657,19.867,1.447,0.656,0.315,0.0,0,0.15
7,19.65,393,cruise,19.874,19.168,30.668,26.168,4.499,0.706,1.6,30.668,19.874,4.499,0.706,0.723,0.0,1,0.0
7,19.7,394,cruise,19.876,19.135,30.707,26.135,4.572,0.742,1.605,29.715,19.874,3.58,0.74,0.602,0.0,0,0.05
7,19.75,395,cruise,19.876,19.113,30.748,26.113,4.635,0.763,1.609,30.748,19.876,4.635,0.763,0.743,0.0,1,0.0
7,19.8,396,cruise,19.874,19.133,30.789,26.133,4.656,0.74,1.609,30.789,19.874,4.656,0.74,0.745,0.0,1,0.0
7,19.85,397,cruise,19.87,19.163,30.829,26.163,4.666,0.708,1.609,29.836,19.874,3.673,0.711,0.613,0.0,0,0.05
7,19.9,398,cruise,19.868,19.224,30.865,26.224,4.641,0.644,1.606,30.865,19.868,4.641,0.644,0.74,0.0,1,0.0
7,19.95,399,cruise,19.867,19.275,30.899,26.275,4.624,0.593,1.603,30.899,19.867,4.624,0.593,0.736,0.0,1,0.0
7,20.0,400,cruise,19.869,19.353,30.928,26.353,4.575,0.515,1.598,30.928,19.869,4.575,0.515,0.727,0.0,1,0.0
7,20.05,401,cruise,19.871,19.426,30.954,26.426,4.528,0.445,1.593,30.954,19.871,4.528,0.445,0.719,0.0,1,0.0
7,20.1,402,cruise,19.868,19.517,30.975,26.517,4.458,0.351,1.587,29.982,19.871,3.465,0.354,0.574,0.0,0,0.05
7,20.15,403,cruise,19.87,19.59,30.992,26.59,4.402,0.281,1.582,29.006,19.871,2.416,0.282,0.432,0.0,0,0.1
7,20.2,404,cruise,19.86,19.651,31.005,26.651,4.354,0.21,1.578,31.005,19.86,4.354,0.21,0.688,0.0,1,0.0
7,20.25,405,cruise,19.843,19.683,31.014,26.683,4.331,0.16,1.576,30.023,19.86,3.34,0.177,0.551,0.0,0,0.05
7,20.3,406,cruise,19.855,19.729,31.022,26.729,4.293,0.127,1.572,29.039,19.86,2.31,0.131,0.412,0.0,0,0.1
7,20.35,407,cruise,19.855,19.754,31.027,26.754,4.273,0.101,1.571,31.027,19.855,4.273,0.101,0.673,0.0,1,0.0
7,20.4,408,cruise,19.874,19.775,31.031,26.775,4.257,0.1,1.569,31.031,19.874,4.257,0.1,0.671,0.0,1,0.0
7,20.45,409,cruise,19.868,19.807,31.034,26.807,4.227,0.062,1.567,31.034,19.868,4.227,0.062,0.666,0.0,1,0.0
7,20.5,410,cruise,19.822,19.857,31.032,26.857,4.175,-0.035,1.563,31.032,19.822,4.175,-0.035,0.656,0.0,1,0.0
7,20.55,411,cruise,19.829,19.911,31.025,26.911,4.114,-0.083,1.558,31.025,19.829,4.114,-0.083,0.646,0.0,1,0.0
7,20.6,412,cruise,19.828,19.973,31.014,26.973,4.041,-0.145,1.553,30.028,19.829,3.055,-0.144,0.503,0.0,0,0.05
7,20.65,413,cruise,19.868,20.026,31.0,27.026,3.975,-0.158,1.548,29.029,19.829,2.003,-0.197,0.361,0.0,0,0.1
7,20.7,414,cruise,19.873,20.057,30.984,27.057,3.928,-0.183,1.545,28.027,19.829,0.971,-0.228,0.222,0.0,0,0.15
7,20.75,415,cruise,19.896,20.052,30.967,27.052,3.915,-0.156,1.544,30.967,19.896,3.915,-0.156,0.617,0.0,1,0.0
7,20.8,416,cruise,19.871,20.024,30.95,27.024,3.925,-0.154,1.546,29.967,19.896,2.942,-0.128,0.488,0.0,0,0.05
7,20.85,417,cruise,19.786,20.005,30.927,27.005,3.921,-0.219,1.546,28.967,19.896,1.962,-0.109,0.358,0.0,0,0.1
7,20.9,418,cruise,19.769,19.988,30.899,26.988,3.912,-0.218,1.546,27.969,19.896,0.981,-0.091,0.228,0.0,0,0.15
7,20.95,419,cruise,19.757,19.953,30.87,26.953,3.917,-0.196,1.547,30.87,19.757,3.917,-0.196,0.616,0.0,1,0.0
7,21.0,420,cruise,19.811,19.907,30.842,26.907,3.935,-0.096,1.549,30.842,19.811,3.935,-0.096,0.621,0.0,1,0.0
7,21.05,421,cruise,19.839,19.885,30.816,26.885,3.93,-0.046,1.55,30.816,19.839,3.93,-0.046,0.623,0.0,1,0.0
7,21.1,422,cruise,19.832,19.89,30.786,26.89,3.895,-0.058,1.548,30.786,19.832,3.895,-0.058,0.617,0.0,1,0.0
7,21.15,423,cruise,19.877,19.913,30.753,26.913,3.84,-0.036,1.544,30.753,19.877,3.84,-0.036,0.611,0.0,1,0.0
7,21.2,424,cruise,19.877,19.946,30.717,26.946,3.771,-0.07,1.54,29.762,19.877,2.816,-0.069,0.473,0.0,0,0.05
7,21.25,425,cruise,19.898,19.978,30.679,26.978,3.701,-0.08,1.536,28.77,19.877,1.792,-0.101,0.336,0.0,0,0.1
7,21.3,426,cruise,19.86,19.991,30.638,26.991,3.647,-0.13,1.533,27.777,19.877,0.787,-0.113,0.201,0.0,0,0.15
7,21.35,427,cruise,19.768,19.972,30.589,26.972,3.617,-0.205,1.532,26.785,19.877,-0.187,-0.095,0.072,0.0,0,0.2
7,21.4,428,cruise,19.752,19.918,30.539,26.918,3.62,-0.167,1.533,30.539,19.752,3.62,-0.167,0.577,0.0,1,0.0
7,21.45,429,cruise,19.733,19.841,30.49,26.841,3.649,-0.108,1.537,30.49,19.733,3.649,-0.108,0.583,0.0,1,0.0
7,21.5,430,cruise,19.785,19.782,30.445,26.782,3.664,0.003,1.539,30.445,19.785,3.664,0.003,0.589,0.0,1,0.0
7,21.55,431,cruise,19.806,19.756,30.405,26.756,3.649,0.05,1.539,30.405,19.806,3.649,0.05,0.588,0.0,1,0.0
7,21.6,432,cruise,19.799,19.755,30.364,26.755,3.609,0.044,1.537,30.364,19.799,3.609,0.044,0.583,0.0,1,0.0
7,21.65,433,cruise,19.862,19.763,30.325,26.763,3.562,0.099,1.534,29.405,19.799,2.642,0.036,0.453,0.0,0,0.05
7,21.7,434,cruise,19.885,19.779,30.289,26.779,3.509,0.106,1.531,28.447,19.799,1.668,0.02,0.323,0.0,0,0.1
7,21.75,435,cruise,19.927,19.767,30.256,26.767,3.49,0.16,1.531,30.256,19.927,3.49,0.16,0.571,0.0,1,0.0
7,21.8,436,cruise,19.89,19.755,30.228,26.755,3.473,0.135,1.53,29.311,19.927,2.556,0.172,0.447,0.0,0,0.05
7,21.85,437,cruise,19.787,19.731,30.197,26.731,3.467,0.057,1.53,28.368,19.927,1.637,0.196,0.325,0.0,0,0.1
7,21.9,438,cruise,19.751,19.684,30.165,26.684,3.481,0.067,1.532,27.424,19.927,0.74,0.243,0.207,0.0,0,0.15
7,21.95,439,cruise,19.725,19.65,30.136,26.65,3.486,0.075,1.534,30.136,19.725,3.486,0.075,0.567,0.0,1,0.0
7,22.0,440,cruise,19.769,19.583,30.115,26.583,3.532,0.186,1.538,30.115,19.769,3.532,0.186,0.577,0.0,1,0.0
7,22.05,441,cruise,19.797,19.556,30.103,26.556,3.547,0.242,1.539,30.103,19.797,3.547,0.242,0.581,0.0,1,0.0
7,22.1,442,cruise,19.875,19.526,30.1,26.526,3.574,0.349,1.542,30.1,19.875,3.574,0.349,0.588,0.0,1,0.0
7,22.15,443,cruise,19.909,19.537,30.107,26.537,3.569,0.372,1.541,29.195,19.875,2.658,0.337,0.466,0.0,0,0.05
7,22.2,444,cruise,19.95,19.526,30.122,26.526,3.596,0.424,1.543,28.29,19.875,1.764,0.349,0.347,0.0,0,0.1
7,22.25,445,cruise,19.915,19.454,30.143,26.454,3.689,0.461,1.549,27.383,19.875,0.929,0.42,0.238,0.0,0,0.15
7,22.3,446,cruise,19.883,19.411,30.17,26.411,3.759,0.472,1.554,30.17,19.883,3.759,0.472,0.617,0.0,1,0.0
7,22.35,447,cruise,19.814,19.324,30.201,26.324,3.877,0.49,1.563,30.201,19.814,3.877,0.49,0.633,0.0,1,0.0
7,22.4,448,cruise,19.721,19.301,30.233,26.301,3.931,0.42,1.566,29.317,19.814,3.015,0.512,0.519,0.0,0,0.05
7,22.45,449,cruise,19.719,19.266,30.265,26.266,3.999,0.453,1.571,28.429,19.814,2.163,0.548,0.407,0.0,0,0.1
7,22.5,450,cruise,19.739,19.264,30.303,26.264,4.04,0.475,1.573,27.54,19.814,1.276,0.55,0.288,0.0,0,0.15
7,22.55,451,cruise,19.807,19.208,30.35,26.208,4.142,0.599,1.58,26.649,19.814,0.44,0.605,0.179,0.0,0,0.2
7,22.6,452,cruise,19.859,19.089,30.404,26.089,4.315,0.77,1.593,30.404,19.859,4.315,0.77,0.701,0.0,1,0.0
7,22.65,453,cruise,19.931,19.014,30.468,26.014,4.455,0.918,1.602,30.468,19.931,4.455,0.918,0.725,0.0,1,0.0
7,22.7,454,cruise,19.947,18.934,30.54,25.934,4.605,1.013,1.613,29.599,19.931,3.665,0.997,0.622,0.0,0,0.05
7,22.75,455,cruise,19.942,18.931,30.616,25.931,4.685,1.011,1.617,30.616,19.942,4.685,1.011,0.758,0.0,1,0.0
7,22.8,456,cruise,19.873,18.911,30.692,25.911,4.78,0.962,1.623,30.692,19.873,4.78,0.962,0.769,0.0,1,0.0
7,22.85,457,cruise,19.823,18.959,30.766,25.959,4.807,0.864,1.623,29.823,19.873,3.864,0.914,0.646,0.0,0,0.05
7,22.9,458,cruise,19.767,18.981,30.839,25.981,4.858,0.786,1.625,28.949,19.873,2.967,0.892,0.525,0.0,0,0.1
7,22.95,459,cruise,19.776,19.035,30.911,26.035,4.876,0.741,1.624,30.911,19.776,4.876,0.741,0.775,0.0,1,0.0
7,23.0,460,cruise,19.791,19.045,30.984,26.045,4.939,0.746,1.627,30.984,19.791,4.939,0.746,0.783,0.0,1,0.0
7,23.05,461,cruise,19.855,19.012,31.059,26.012,5.047,0.844,1.634,30.107,19.791,4.095,0.779,0.672,0.0,0,0.05
7,23.1,462,cruise,19.898,19.052,31.135,26.052,5.083,0.846,1.634,29.223,19.791,3.171,0.739,0.547,0.0,0,0.1
7,23.15,463,cruise,19.906,19.061,31.207,26.061,5.146,0.844,1.637,31.207,19.906,5.146,0.844,0.814,0.0,1,0.0
7,23.2,464,cruise,19.919,19.114,31.277,26.114,5.163,0.805,1.636,30.318,19.906,4.204,0.792,0.687,0.0,0,0.05
7,23.25,465,cruise,19.894,19.142,31.344,26.142,5.202,0.751,1.637,31.344,19.894,5.202,0.751,0.819,0.0,1,0.0
7,23.3,466,cruise,19.869,19.153,31.407,26.153,5.254,0.716,1.64,31.407,19.869,5.254,0.716,0.824,0.0,1,0.0
7,23.35,467,cruise,19.825,19.238,31.463,26.238,5.225,0.588,1.635,31.463,19.825,5.225,0.588,0.816,0.0,1,0.0
7,23.4,468,cruise,19.819,19.293,31.513,26.293,5.219,0.526,1.633,30.551,19.825,4.258,0.532,0.685,0.0,0,0.05
7,23.45,469,cruise,19.806,19.396,31.555,26.396,5.16,0.411,1.627,29.63,19.825,3.235,0.429,0.546,0.0,0,0.1
7,23.5,470,cruise,19.847,19.436,31.594,26.436,5.158,0.411,1.626,31.594,19.847,5.158,0.411,0.801,0.0,1,0.0
7,23.55,471,cruise,19.87,19.504,31.63,26.504,5.126,0.366,1.622,30.664,19.847,4.161,0.343,0.666,0.0,0,0.05
7,23.6,472,cruise,19.909,19.537,31.664,26.537,5.127,0.372,1.621,31.664,19.909,5.127,0.372,0.796,0.0,1,0.0
7,23.65,473,cruise,19.902,19.553,31.694,26.553,5.141,0.349,1.621,30.724,19.909,4.171,0.356,0.668,0.0,0,0.05
7,23.7,474,cruise,19.897,19.634,31.72,26.634,5.086,0.263,1.616,29.777,19.909,3.143,0.275,0.528,0.0,0,0.1
7,23.75,475,cruise,19.856,19.678,31.739,26.678,5.061,0.177,1.613,28.823,19.909,2.145,0.231,0.394,0.0,0,0.15
7,23.8,476,cruise,19.839,19.728,31.755,26.728,5.027,0.112,1.61,31.755,19.839,5.027,0.112,0.774,0.0,1,0.0
7,23.85,477,cruise,19.814,19.719,31.767,26.719,5.048,0.095,1.611,31.767,19.814,5.048,0.095,0.776,0.0,1,0.0
7,23.9,478,cruise,19.835,19.765,31.779,26.765,5.014,0.07,1.608,31.779,19.835,5.014,0.07,0.771,0.0,1,0.0
7,23.95,479,cruise,19.845,19.801,31.789,26.801,4.988,0.044,1.605,31.789,19.845,4.988,0.044,0.767,0.0,1,0.0
7,24.0,480,cruise,19.862,19.887,31.795,26.887,4.908,-0.025,1.599,31.795,19.862,4.908,-0.025,0.754,0.0,1,0.0
7,24.05,481,cruise,19.896,19.952,31.8,26.952,4.848,-0.056,1.594,30.827,19.862,3.875,-0.09,0.614,0.0,0,0.05
7,24.1,482,cruise,19.906,20.044,31.802,27.044,4.759,-0.138,1.587,29.853,19.862,2.81,-0.181,0.469,0.0,0,0.1
7,24.15,483,cruise,19.904,20.081,31.802,27.081,4.721,-0.178,1.584,31.802,19.904,4.721,-0.178,0.723,0.0,1,0.0
7,24.2,484,cruise,19.875,20.069,31.799,27.069,4.73,-0.195,1.584,30.824,19.904,3.755,-0.165,0.595,0.0,0,0.05
7,24.25,485,cruise,19.854,20.116,31.794,27.116,4.677,-0.262,1.58,31.794,19.854,4.677,-0.262,0.715,0.0,1,0.0
7,24.3,486,cruise,19.815,20.155,31.783,27.155,4.628,-0.34,1.577,31.783,19.815,4.628,-0.34,0.706,0.0,1,0.0
7,24.35,487,cruise,19.75,20.225,31.766,27.225,4.541,-0.475,1.571,31.766,19.75,4.541,-0.475,0.69,0.0,1,0.0
7,24.4,488,cruise,19.656,20.275,31.738,27.275,4.463,-0.619,1.565,31.738,19.656,4.463,-0.619,0.674,0.0,1,0.0
7,24.45,489,cruise,19.655,20.352,31.701,27.352,4.349,-0.697,1.558,31.701,19.655,4.349,-0.697,0.657,0.0,1,0.0
7,24.5,490,cruise,19.721,20.4,31.662,27.4,4.262,-0.679,1.552,31.662,19.721,4.262,-0.679,0.646,0.0,1,0.0
7,24.55,491,cruise,19.808,20.473,31.624,27.473,4.151,-0.665,1.545,31.624,19.808,4.151,-0.665,0.631,0.0,1,0.0
7,24.6,492,cruise,19.895,20.511,31.587,27.511,4.075,-0.617,1.54,31.587,19.895,4.075,-0.617,0.623,0.0,1,0.0
7,24.65,493,cruise,19.966,20.529,31.55,27.529,4.021,-0.563,1.537,30.582,19.895,3.053,-0.634,0.486,0.0,0,0.05
7,24.7,494,cruise,19.988,20.58,31.513,27.58,3.933,-0.592,1.531,29.574,19.895,1.994,-0.685,0.343,0.0,0,0.1
7,24.75,495,cruise,19.952,20.591,31.473,27.591,3.882,-0.639,1.529,28.562,19.895,0.972,-0.696,0.206,0.0,0,0.15
7,24.8,496,cruise,19.882,20.581,31.431,27.581,3.85,-0.699,1.527,31.431,19.882,3.85,-0.699,0.59,0.0,1,0.0
7,24.85,497,cruise,19.809,20.526,31.39,27.526,3.864,-0.717,1.529,30.427,19.882,2.901,-0.644,0.465,0.0,0,0.05
7,24.9,498,cruise,19.762,20.498,31.349,27.498,3.851,-0.736,1.529,29.423,19.882,1.924,-0.616,0.336,0.0,0,0.1
7,24.95,499,cruise,19.748,20.44,31.312,27.44,3.872,-0.692,1.532,28.419,19.882,0.979,-0.558,0.212,0.0,0,0.15
7,25.0,500,cruise,19.786,20.395,31.282,27.395,3.886,-0.609,1.534,27.417,19.882,0.021,-0.514,0.086,0.0,0,0.2
7,25.05,501,cruise,19.83,20.299,31.261,27.299,3.962,-0.469,1.54,26.417,19.882,-0.882,-0.417,0.0,0.024,0,0.25
7,25.1,502,cruise,19.901,20.196,31.251,27.196,4.055,-0.295,1.547,25.421,19.882,-1.775,-0.314,0.0,0.111,0,0.3
7,25.15,503,cruise,19.945,20.031,31.253,27.031,4.222,-0.087,1.56,24.431,19.882,-2.601,-0.15,0.0,0.189,0,0.35
7,25.2,504,cruise,19.957,19.859,31.268,26.859,4.409,0.098,1.575,31.268,19.957,4.409,0.098,0.691,0.0,1,0.0
7,25.25,505,cruise,19.917,19.687,31.293,26.687,4.606,0.23,1.59,30.303,19.957,3.616,0.27,0.591,0.0,0,0.05
7,25.3,506,cruise,19.865,19.579,31.323,26.579,4.744,0.286,1.6,31.323,19.865,4.744,0.286,0.742,0.0,1,0.0
7,25.35,507,cruise,19.807,19.501,31.355,26.501,4.854,0.305,1.608,30.367,19.865,3.866,0.364,0.628,0.0,0,0.05
7,25.4,508,cruise,19.786,19.495,31.388,26.495,4.894,0.292,1.61,31.388,19.786,4.894,0.292,0.762,0.0,1,0.0
7,25.45,509,cruise,19.796,19.492,31.421,26.492,4.93,0.305,1.612,30.433,19.786,3.942,0.295,0.635,0.0,0,0.05
7,25.5,510,cruise,19.846,19.537,31.455,26.537,4.917,0.308,1.61,31.455,19.846,4.917,0.308,0.766,0.0,1,0.0
7,25.55,511,cruise,19.898,19.569,31.488,26.569,4.919,0.329,1.609,31.488,19.898,4.919,0.329,0.767,0.0,1,0.0
7,25.6,512,cruise,19.939,19.625,31.52,26.625,4.895,0.314,1.606,30.524,19.898,3.899,0.273,0.629,0.0,0,0.05
7,25.65,513,cruise,19.94,19.708,31.549,26.708,4.841,0.232,1.601,29.555,19.898,2.847,0.19,0.486,0.0,0,0.1
7,25.7,514,cruise,19.911,19.766,31.572,26.766,4.806,0.146,1.597,31.572,19.911,4.806,0.146,0.746,0.0,1,0.0
7,25.75,515,cruise,19.864,19.819,31.59,26.819,4.771,0.045,1.594,31.59,19.864,4.771,0.045,0.738,0.0,1,0.0
7,25.8,516,cruise,19.824,19.874,31.602,26.874,4.728,-0.05,1.59,31.602,19.824,4.728,-0.05,0.729,0.0,1,0.0
7,25.85,517,cruise,19.806,19.953,31.608,26.953,4.655,-0.148,1.584,30.618,19.824,3.665,-0.13,0.584,0.0,0,0.05
7,25.9,518,cruise,19.822,20.002,31.609,27.002,4.607,-0.18,1.58,31.609,19.822,4.607,-0.18,0.708,0.0,1,0.0
7,25.95,519,cruise,19.859,20.0,31.609,27.0,4.609,-0.14,1.58,30.618,19.822,3.618,-0.178,0.577,0.0,0,0.05
7,26.0,520,cruise,19.901,19.94,31.609,26.94,4.669,-0.039,1.585,31.609,19.901,4.669,-0.039,0.721,0.0,1,0.0
7,26.05,521,cruise,19.924,19.945,31.609,26.945,4.665,-0.021,1.585,31.609,19.924,4.665,-0.021,0.721,0.0,1,0.0
7,26.1,522,cruise,19.92,20.01,31.606,27.01,4.596,-0.09,1.58,30.612,19.924,3.602,-0.086,0.577,0.0,0,0.05
7,26.15,523,cruise,19.893,20.083,31.597,27.083,4.513,-0.19,1.573,29.609,19.924,2.526,-0.16,0.431,0.0,0,0.1
7,26.2,524,cruise,19.859,20.132,31.582,27.132,4.45,-0.273,1.569,28.604,19.924,1.471,-0.208,0.289,0.0,0,0.15
7,26.25,525,cruise,19.833,20.144,31.565,27.144,4.421,-0.312,1.567,31.565,19.833,4.421,-0.312,0.679,0.0,1,0.0
7,26.3,526,cruise,19.827,20.13,31.548,27.13,4.417,-0.303,1.567,31.548,19.827,4.417,-0.303,0.679,0.0,1,0.0
7,26.35,527,cruise,19.843,20.134,31.531,27.134,4.398,-0.291,1.566,30.542,19.827,3.408,-0.307,0.544,0.0,0,0.05
7,26.4,528,cruise,19.871,20.155,31.517,27.155,4.362,-0.283,1.564,29.535,19.827,2.381,-0.328,0.406,0.0,0,0.1
7,26.45,529,cruise,19.897,20.17,31.503,27.17,4.334,-0.273,1.562,31.503,19.897,4.334,-0.273,0.669,0.0,1,0.0
7,26.5,530,cruise,19.907,20.167,31.491,27.167,4.325,-0.26,1.562,30.498,19.897,3.331,-0.27,0.535,0.0,0,0.05
7,26.55,531,cruise,19.899,20.188,31.479,27.188,4.292,-0.289,1.559,29.492,19.897,2.304,-0.291,0.397,0.0,0,0.1
7,26.6,532,cruise,19.879,20.188,31.466,27.188,4.279,-0.309,1.559,31.466,19.879,4.279,-0.309,0.66,0.0,1,0.0
7,26.65,533,cruise,19.857,20.194,31.453,27.194,4.259,-0.336,1.558,31.453,19.857,4.259,-0.336,0.657,0.0,1,0.0
7,26.7,534,cruise,19.844,20.209,31.437,27.209,4.228,-0.365,1.556,31.437,19.844,4.228,-0.365,0.652,0.0,1,0.0
7,26.75,535,cruise,19.846,20.249,31.42,27.249,4.171,-0.403,1.552,30.429,19.844,3.18,-0.404,0.51,0.0,0,0.05
7,26.8,536,cruise,19.86,20.278,31.402,27.278,4.124,-0.418,1.549,29.418,19.844,2.14,-0.434,0.371,0.0,0,0.1
7,26.85,537,cruise,19.877,20.301,31.383,27.301,4.081,-0.424,1.546,28.406,19.844,1.104,-0.457,0.232,0.0,0,0.15
7,26.9,538,cruise,19.891,20.282,31.364,27.282,4.082,-0.392,1.546,31.364,19.891,4.082,-0.392,0.631,0.0,1,0.0
7,26.95,539,cruise,19.893,20.253,31.347,27.253,4.094,-0.36,1.548,31.347,19.893,4.094,-0.36,0.634,0.0,1,0.0
7,27.0,540,cruise,19.885,20.233,31.331,27.233,4.098,-0.348,1.549,30.337,19.893,3.104,-0.34,0.503,0.0,0,0.05
7,27.05,541,cruise,19.871,20.239,31.314,27.239,4.076,-0.368,1.547,31.314,19.871,4.076,-0.368,0.631,0.0,1,0.0
7,27.1,542,cruise,19.859,20.245,31.297,27.245,4.051,-0.386,1.546,31.297,19.859,4.051,-0.386,0.627,0.0,1,0.0
7,27.15,543,cruise,19.855,20.274,31.277,27.274,4.003,-0.42,1.543,31.277,19.855,4.003,-0.42,0.62,0.0,1,0.0
7,27.2,544,cruise,19.859,20.308,31.256,27.308,3.948,-0.449,1.539,31.256,19.859,3.948,-0.449,0.611,0.0,1,0.0
7,27.25,545,cruise,19.868,20.351,31.233,27.351,3.882,-0.483,1.535,31.233,19.868,3.882,-0.483,0.601,0.0,1,0.0
7,27.3,546,cruise,19.878,20.393,31.209,27.393,3.815,-0.515,1.53,31.209,19.878,3.815,-0.515,0.592,0.0,1,0.0
7,27.35,547,cruise,19.884,20.439,31.182,27.439,3.743,-0.555,1.526,31.182,19.884,3.743,-0.555,0.581,0.0,1,0.0
7,27.4,548,cruise,19.883,20.481,31.153,27.481,3.672,-0.598,1.521,31.153,19.883,3.672,-0.598,0.57,0.0,1,0.0
7,27.45,549,cruise,19.877,20.523,31.122,27.523,3.599,-0.646,1.516,31.122,19.877,3.599,-0.646,0.558,0.0,1,0.0
7,27.5,550,cruise,19.868,20.56,31.089,27.56,3.529,-0.691,1.512,30.095,19.877,2.536,-0.683,0.415,0.0,0,0.05
7,27.55,551,cruise,19.863,20.587,31.053,27.587,3.466,-0.724,1.508,29.067,19.877,1.48,-0.71,0.274,0.0,0,0.1
7,27.6,552,cruise,19.862,20.587,31.017,27.587,3.431,-0.725,1.507,28.037,19.877,0.451,-0.71,0.136,0.0,0,0.15
7,27.65,553,cruise,19.866,20.552,30.982,27.552,3.43,-0.686,1.507,30.982,19.866,3.43,-0.686,0.534,0.0,1,0.0
7,27.7,554,cruise,19.872,20.493,30.95,27.493,3.457,-0.621,1.51,29.956,19.866,2.464,-0.627,0.408,0.0,0,0.05
7,27.75,555,cruise,19.877,20.443,30.921,27.443,3.478,-0.565,1.513,30.921,19.877,3.478,-0.565,0.545,0.0,1,0.0
7,27.8,556,cruise,19.879,20.407,30.894,27.407,3.487,-0.528,1.514,30.894,19.879,3.487,-0.528,0.547,0.0,1,0.0
7,27.85,557,cruise,19.877,20.393,30.868,27.393,3.475,-0.516,1.514,30.868,19.877,3.475,-0.516,0.546,0.0,1,0.0
7,27.9,558,cruise,19.873,20.393,30.842,27.393,3.449,-0.52,1.512,30.842,19.873,3.449,-0.52,0.543,0.0,1,0.0
7,27.95,559,cruise,19.868,20.401,30.816,27.401,3.414,-0.533,1.51,30.816,19.868,3.414,-0.533,0.537,0.0,1,0.0
7,28.0,560,cruise,19.866,20.415,30.789,27.415,3.374,-0.549,1.508,30.789,19.866,3.374,-0.549,0.532,0.0,1,0.0
7,28.05,561,cruise,19.866,20.431,30.761,27.431,3.329,-0.565,1.506,30.761,19.866,3.329,-0.565,0.525,0.0,1,0.0
7,28.1,562,cruise,19.869,20.448,30.732,27.448,3.284,-0.579,1.503,30.732,19.869,3.284,-0.579,0.519,0.0,1,0.0
7,28.15,563,cruise,19.873,20.465,30.703,27.465,3.238,-0.592,1.5,30.703,19.873,3.238,-0.592,0.512,0.0,1,0.0
7,28.2,564,cruise,19.876,20.481,30.673,27.481,3.192,-0.605,1.498,30.673,19.876,3.192,-0.605,0.505,0.0,1,0.0
7,28.25,565,cruise,19.876,20.494,30.642,27.494,3.148,-0.619,1.495,29.648,19.876,2.154,-0.619,0.367,0.0,0,0.05
7,28.3,566,cruise,19.874,20.499,30.611,27.499,3.112,-0.625,1.493,28.623,19.876,1.124,-0.623,0.229,0.0,0,0.1
7,28.35,567,cruise,19.871,20.479,30.58,27.479,3.101,-0.608,1.493,27.599,19.876,0.12,-0.603,0.096,0.0,0,0.15
7,28.4,568,cruise,19.869,20.426,30.551,27.426,3.125,-0.557,1.496,26.576,19.876,-0.85,-0.55,0.0,0.024,0,0.2
7,28.45,569,cruise,19.868,20.334,30.526,27.334,3.192,-0.466,1.501,30.526,19.868,3.192,-0.466,0.51,0.0,1,0.0
7,28.5,570,cruise,19.869,20.226,30.506,27.226,3.28,-0.357,1.508,29.512,19.868,2.287,-0.358,0.393,0.0,0,0.05
7,28.55,571,cruise,19.871,20.135,30.491,27.135,3.356,-0.264,1.514,30.491,19.871,3.356,-0.264,0.539,0.0,1,0.0
7,28.6,572,cruise,19.873,20.072,30.48,27.072,3.408,-0.199,1.519,30.48,19.873,3.408,-0.199,0.548,0.0,1,0.0
7,28.65,573,cruise,19.874,20.04,30.471,27.04,3.431,-0.165,1.521,30.471,19.874,3.431,-0.165,0.552,0.0,1,0.0
7,28.7,574,cruise,19.874,20.029,30.463,27.029,3.435,-0.155,1.521,30.463,19.874,3.435,-0.155,0.553,0.0,1,0.0
7,28.75,575,cruise,19.872,20.032,30.455,27.032,3.424,-0.159,1.52,29.462,19.874,2.43,-0.158,0.419,0.0,0,0.05
7,28.8,576,cruise,19.871,20.036,30.447,27.036,3.411,-0.166,1.52,28.46,19.874,1.424,-0.162,0.284,0.0,0,0.1
7,28.85,577,cruise,19.87,20.024,30.439,27.024,3.415,-0.154,1.52,27.458,19.874,0.434,-0.15,0.153,0.0,0,0.15
7,28.9,578,cruise,19.869,19.984,30.432,26.984,3.449,-0.114,1.523,30.432,19.869,3.449,-0.114,0.556,0.0,1,0.0
7,28.95,579,cruise,19.87,19.925,30.428,26.925,3.504,-0.054,1.527,29.435,19.869,2.51,-0.055,0.433,0.0,0,0.05
7,29.0,580,cruise,19.872,19.879,30.427,26.879,3.549,-0.007,1.531,28.44,19.869,1.562,-0.009,0.308,0.0,0,0.1
7,29.05,581,cruise,19.873,19.836,30.428,26.836,3.592,0.036,1.534,27.447,19.869,0.611,0.033,0.183,0.0,0,0.15
7,29.1,582,cruise,19.873,19.781,30.432,26.781,3.65,0.092,1.538,26.457,19.869,-0.324,0.088,0.06,0.0,0,0.2
7,29.15,583,cruise,19.873,19.703,30.438,26.703,3.735,0.169,1.545,30.438,19.873,3.735,0.169,0.604,0.0,1,0.0
7,29.2,584,cruise,19.872,19.61,30.45,26.61,3.84,0.262,1.553,30.45,19.872,3.84,0.262,0.621,0.0,1,0.0
7,29.25,585,cruise,19.871,19.54,30.465,26.54,3.925,0.331,1.559,29.471,19.872,2.932,0.332,0.502,0.0,0,0.05
7,29.3,586,cruise,19.87,19.504,30.483,26.504,3.979,0.366,1.563,30.483,19.87,3.979,0.366,0.643,0.0,1,0.0
7,29.35,587,cruise,19.87,19.491,30.502,26.491,4.01,0.379,1.565,30.502,19.87,4.01,0.379,0.647,0.0,1,0.0
7,29.4,588,cruise,19.871,19.506,30.52,26.506,4.014,0.365,1.565,30.52,19.871,4.014,0.365,0.647,0.0,1,0.0
7,29.45,589,cruise,19.872,19.539,30.537,26.539,3.999,0.333,1.563,30.537,19.872,3.999,0.333,0.644,0.0,1,0.0
7,29.5,590,cruise,19.872,19.583,30.553,26.583,3.969,0.289,1.56,30.553,19.872,3.969,0.289,0.639,0.0,1,0.0
7,29.55,591,cruise,19.872,19.635,30.566,26.635,3.931,0.237,1.557,30.566,19.872,3.931,0.237,0.632,0.0,1,0.0
7,29.6,592,cruise,19.872,19.69,30.576,26.69,3.885,0.182,1.553,30.576,19.872,3.885,0.182,0.624,0.0,1,0.0
7,29.65,593,cruise,19.871,19.747,30.583,26.747,3.836,0.124,1.549,30.583,19.871,3.836,0.124,0.616,0.0,1,0.0
7,29.7,594,cruise,19.871,19.804,30.588,26.804,3.784,0.067,1.545,30.588,19.871,3.784,0.067,0.607,0.0,1,0.0
7,29.75,595,cruise,19.871,19.859,30.589,26.859,3.73,0.012,1.54,29.596,19.871,2.736,0.012,0.465,0.0,0,0.05
7,29.8,596,cruise,19.871,19.905,30.588,26.905,3.683,-0.034,1.537,28.601,19.871,1.696,-0.034,0.325,0.0,0,0.1
7,29.85,597,cruise,19.871,19.925,30.586,26.925,3.661,-0.054,1.535,27.605,19.871,0.68,-0.054,0.189,0.0,0,0.15
7,29.9,598,cruise,19.871,19.91,30.583,26.91,3.673,-0.039,1.536,30.583,19.871,3.673,-0.039,0.588,0.0,1,0.0
7,29.95,599,cruise,19.872,19.872,30.583,26.872,3.711,-0.0,1.539,29.589,19.871,2.717,-0.0,0.462,0.0,0,0.05
7,30.0,600,cruise,19.872,19.843,30.584,26.843,3.741,0.029,1.541,28.597,19.871,1.753,0.028,0.335,0.0,0,0.1
7,30.05,601,cruise,19.872,19.816,30.586,26.816,3.77,0.056,1.544,27.605,19.871,0.79,0.056,0.207,0.0,0,0.15
7,30.1,602,cruise,19.872,19.773,30.59,26.773,3.817,0.098,1.547,30.59,19.872,3.817,0.098,0.612,0.0,1,0.0
7,30.15,603,cruise,19.871,19.72,30.597,26.72,3.877,0.152,1.552,30.597,19.871,3.877,0.152,0.622,0.0,1,0.0
7,30.2,604,cruise,19.871,19.691,30.605,26.691,3.914,0.18,1.554,30.605,19.871,3.914,0.18,0.628,0.0,1,0.0
7,30.25,605,cruise,19.871,19.693,30.614,26.693,3.921,0.178,1.555,29.621,19.871,2.928,0.178,0.496,0.0,0,0.05
7,30.3,606,cruise,19.871,19.707,30.623,26.707,3.916,0.164,1.554,30.623,19.871,3.916,0.164,0.628,0.0,1,0.0
7,30.35,607,cruise,19.872,19.725,30.63,26.725,3.905,0.146,1.553,30.63,19.872,3.905,0.146,0.626,0.0,1,0.0
7,30.4,608,cruise,19.872,19.758,30.637,26.758,3.879,0.114,1.551,30.637,19.872,3.879,0.114,0.621,0.0,1,0.0
7,30.45,609,cruise,19.872,19.799,30.641,26.799,3.842,0.073,1.548,29.648,19.872,2.849,0.073,0.482,0.0,0,0.05
7,30.5,610,cruise,19.872,19.837,30.644,26.837,3.807,0.035,1.545,30.644,19.872,3.807,0.035,0.609,0.0,1,0.0
7,30.55,611,cruise,19.871,19.869,30.644,26.869,3.775,0.002,1.542,29.651,19.872,2.782,0.002,0.471,0.0,0,0.05
7,30.6,612,cruise,19.871,19.9,30.643,26.9,3.743,-0.029,1.54,28.656,19.872,1.756,-0.028,0.333,0.0,0,0.1
7,30.65,613,cruise,19.871,19.911,30.642,26.911,3.73,-0.04,1.539,27.661,19.872,0.75,-0.04,0.199,0.0,0,0.15
7,30.7,614,cruise,19.871,19.892,30.64,26.892,3.748,-0.021,1.54,30.64,19.871,3.748,-0.021,0.599,0.0,1,0.0
7,30.75,615,cruise,19.871,19.853,30.64,26.853,3.788,0.019,1.543,30.64,19.871,3.788,0.019,0.606,0.0,1,0.0
7,30.8,616,cruise,19.872,19.831,30.642,26.831,3.811,0.04,1.545,29.648,19.871,2.817,0.04,0.477,0.0,0,0.05
7,30.85,617,cruise,19.872,19.827,30.644,26.827,3.817,0.044,1.546,28.657,19.871,1.83,0.044,0.345,0.0,0,0.1
7,30.9,618,cruise,19.872,19.818,30.647,26.818,3.829,0.054,1.546,30.647,19.872,3.829,0.054,0.612,0.0,1,0.0
7,30.95,619,cruise,19.871,19.803,30.65,26.803,3.847,0.069,1.548,30.65,19.871,3.847,0.069,0.615,0.0,1,0.0
7,31.0,620,cruise,19.871,19.808,30.653,26.808,3.845,0.063,1.547,29.66,19.871,2.851,0.063,0.482,0.0,0,0.05
7,31.05,621,cruise,19.871,19.823,30.656,26.823,3.833,0.049,1.546,30.656,19.871,3.833,0.049,0.613,0.0,1,0.0
7,31.1,622,cruise,19.871,19.84,30.658,26.84,3.818,0.032,1.545,29.664,19.871,2.824,0.032,0.478,0.0,0,0.05
7,31.15,623,cruise,19.871,19.861,30.659,26.861,3.797,0.01,1.544,28.671,19.871,1.81,0.01,0.342,0.0,0,0.1
7,31.2,624,cruise,19.871,19.867,30.659,26.867,3.791,0.004,1.543,30.659,19.871,3.791,0.004,0.606,0.0,1,0.0
7,31.25,625,cruise,19.872,19.862,30.659,26.862,3.797,0.009,1.544,29.666,19.871,2.803,0.009,0.474,0.0,0,0.05
7,31.3,626,cruise,19.872,19.866,30.66,26.866,3.794,0.006,1.543,30.66,19.872,3.794,0.006,0.606,0.0,1,0.0
7,31.35,627,cruise,19.871,19.875,30.66,26.875,3.785,-0.003,1.543,30.66,19.871,3.785,-0.003,0.605,0.0,1,0.0
7,31.4,628,cruise,19.871,19.897,30.659,26.897,3.762,-0.025,1.541,29.665,19.871,2.769,-0.025,0.468,0.0,0,0.05
7,31.45,629,cruise,19.871,19.921,30.657,26.921,3.736,-0.05,1.539,28.67,19.871,1.749,-0.05,0.332,0.0,0,0.1
7,31.5,630,cruise,19.871,19.928,30.654,26.928,3.726,-0.056,1.538,30.654,19.871,3.726,-0.056,0.595,0.0,1,0.0
7,31.55,631,cruise,19.871,19.921,30.651,26.921,3.73,-0.05,1.539,30.651,19.871,3.73,-0.05,0.596,0.0,1,0.0
7,31.6,632,cruise,19.871,19.93,30.649,26.93,3.719,-0.059,1.538,30.649,19.871,3.719,-0.059,0.594,0.0,1,0.0
7,31.65,633,cruise,19.871,19.952,30.645,26.952,3.694,-0.08,1.536,29.652,19.871,2.7,-0.08,0.457,0.0,0,0.05
7,31.7,634,cruise,19.871,19.974,30.64,26.974,3.667,-0.102,1.534,30.64,19.871,3.667,-0.102,0.586,0.0,1,0.0
7,31.75,635,cruise,19.871,19.992,30.635,26.992,3.643,-0.12,1.532,29.641,19.871,2.65,-0.12,0.449,0.0,0,0.05
7,31.8,636,cruise,19.871,20.01,30.628,27.01,3.618,-0.139,1.531,30.628,19.871,3.618,-0.139,0.578,0.0,1,0.0
7,31.85,637,cruise,19.871,20.025,30.621,27.025,3.596,-0.153,1.529,29.627,19.871,2.602,-0.153,0.442,0.0,0,0.05
7,31.9,638,cruise,19.871,20.04,30.613,27.04,3.573,-0.169,1.528,28.626,19.871,1.586,-0.169,0.306,0.0,0,0.1
7,31.95,639,cruise,19.871,20.037,30.604,27.037,3.567,-0.166,1.527,30.604,19.871,3.567,-0.166,0.57,0.0,1,0.0
7,32.0,640,cruise,19.871,20.021,30.597,27.021,3.575,-0.15,1.528,30.597,19.871,3.575,-0.15,0.572,0.0,1,0.0
7,32.05,641,cruise,19.871,20.02,30.589,27.02,3.569,-0.149,1.528,30.589,19.871,3.569,-0.149,0.571,0.0,1,0.0
7,32.1,642,cruise,19.871,20.033,30.581,27.033,3.549,-0.161,1.527,30.581,19.871,3.549,-0.161,0.568,0.0,1,0.0
7,32.15,643,cruise,19.871,20.053,30.573,27.053,3.52,-0.182,1.525,30.573,19.871,3.52,-0.182,0.563,0.0,1,0.0
7,32.2,644,cruise,19.871,20.078,30.563,27.078,3.485,-0.207,1.522,30.563,19.871,3.485,-0.207,0.558,0.0,1,0.0
7,32.25,645,cruise,19.871,20.106,30.552,27.106,3.446,-0.234,1.52,29.558,19.871,2.452,-0.234,0.419,0.0,0,0.05
7,32.3,646,cruise,19.871,20.126,30.539,27.126,3.413,-0.255,1.517,28.552,19.871,1.426,-0.255,0.282,0.0,0,0.1
7,32.35,647,cruise,19.871,20.124,30.526,27.124,3.402,-0.253,1.517,27.546,19.871,0.422,-0.253,0.148,0.0,0,0.15
7,32.4,648,cruise,19.871,20.09,30.515,27.09,3.425,-0.218,1.519,26.54,19.871,-0.549,-0.218,0.019,0.0,0,0.2
7,32.45,649,cruise,19.871,20.019,30.506,27.019,3.487,-0.148,1.524,25.538,19.871,-1.481,-0.148,0.0,0.077,0,0.25
7,32.5,650,cruise,19.871,19.904,30.502,26.904,3.598,-0.033,1.532,30.502,19.871,3.598,-0.033,0.579,0.0,1,0.0
7,32.55,651,cruise,19.871,19.786,30.504,26.786,3.719,0.086,1.542,30.504,19.871,3.719,0.086,0.599,0.0,1,0.0
7,32.6,652,cruise,19.872,19.693,30.511,26.693,3.818,0.179,1.549,30.511,19.872,3.818,0.179,0.615,0.0,1,0.0
7,32.65,653,cruise,19.872,19.646,30.522,26.646,3.876,0.226,1.554,30.522,19.872,3.876,0.226,0.624,0.0,1,0.0
7,32.7,654,cruise,19.872,19.635,30.533,26.635,3.899,0.237,1.555,29.54,19.872,2.905,0.237,0.495,0.0,0,0.05
7,32.75,655,cruise,19.871,19.64,30.545,26.64,3.905,0.231,1.555,30.545,19.871,3.905,0.231,0.628,0.0,1,0.0
7,32.8,656,cruise,19.871,19.653,30.556,26.653,3.903,0.218,1.555,30.556,19.871,3.903,0.218,0.628,0.0,1,0.0
7,32.85,657,cruise,19.871,19.682,30.566,26.682,3.884,0.189,1.553,29.573,19.871,2.891,0.189,0.492,0.0,0,0.05
7,32.9,658,cruise,19.871,19.713,30.575,26.713,3.861,0.158,1.551,28.588,19.871,1.874,0.158,0.355,0.0,0,0.1
7,32.95,659,cruise,19.872,19.728,30.582,26.728,3.854,0.143,1.55,30.582,19.872,3.854,0.143,0.619,0.0,1,0.0
7,33.0,660,cruise,19.872,19.73,30.589,26.73,3.859,0.141,1.55,29.596,19.872,2.865,0.141,0.487,0.0,0,0.05
7,33.05,661,cruise,19.872,19.74,30.596,26.74,3.856,0.132,1.55,28.609,19.872,1.869,0.131,0.354,0.0,0,0.1
7,33.1,662,cruise,19.872,19.741,30.602,26.741,3.862,0.131,1.55,30.602,19.872,3.862,0.131,0.619,0.0,1,0.0
7,33.15,663,cruise,19.871,19.733,30.609,26.733,3.876,0.138,1.551,29.616,19.872,2.883,0.138,0.489,0.0,0,0.05
7,33.2,664,cruise,19.871,19.737,30.616,26.737,3.879,0.134,1.551,30.616,19.871,3.879,0.134,0.622,0.0,1,0.0
7,33.25,665,cruise,19.871,19.748,30.623,26.748,3.874,0.123,1.551,29.629,19.871,2.881,0.123,0.488,0.0,0,0.05
7,33.3,666,cruise,19.871,19.767,30.628,26.767,3.861,0.104,1.549,30.628,19.871,3.861,0.104,0.618,0.0,1,0.0
7,33.35,667,cruise,19.871,19.788,30.633,26.788,3.845,0.084,1.548,29.639,19.871,2.852,0.084,0.483,0.0,0,0.05
7,33.4,668,cruise,19.872,19.812,30.636,26.812,3.824,0.059,1.546,30.636,19.872,3.824,0.059,0.612,0.0,1,0.0
7,33.45,669,cruise,19.872,19.836,30.638,26.836,3.803,0.036,1.545,30.638,19.872,3.803,0.036,0.608,0.0,1,0.0
7,33.5,670,cruise,19.872,19.869,30.639,26.869,3.77,0.003,1.542,30.639,19.872,3.77,0.003,0.603,0.0,1,0.0
7,33.55,671,cruise,19.872,19.908,30.638,26.908,3.73,-0.036,1.539,29.645,19.872,2.737,-0.036,0.464,0.0,0,0.05
7,33.6,672,cruise,19.871,19.942,30.635,26.942,3.693,-0.071,1.536,30.635,19.871,3.693,-0.071,0.59,0.0,1,0.0
7,33.65,673,cruise,19.871,19.97,30.631,26.97,3.661,-0.098,1.534,30.631,19.871,3.661,-0.098,0.585,0.0,1,0.0
7,33.7,674,cruise,19.871,20.002,30.625,27.002,3.623,-0.131,1.531,29.631,19.871,2.629,-0.131,0.446,0.0,0,0.05
7,33.75,675,cruise,19.871,20.03,30.618,27.03,3.588,-0.158,1.529,30.618,19.871,3.588,-0.158,0.573,0.0,1,0.0
7,33.8,676,cruise,19.871,20.05,30.609,27.05,3.559,-0.179,1.527,30.609,19.871,3.559,-0.179,0.569,0.0,1,0.0
7,33.85,677,cruise,19.872,20.076,30.599,27.076,3.524,-0.204,1.524,29.606,19.871,2.53,-0.204,0.431,0.0,0,0.05
7,33.9,678,cruise,19.872,20.097,30.589,27.097,3.492,-0.225,1.522,30.589,19.872,3.492,-0.225,0.558,0.0,1,0.0
7,33.95,679,cruise,19.872,20.11,30.577,27.11,3.466,-0.239,1.52,29.583,19.872,2.473,-0.239,0.422,0.0,0,0.05
7,34.0,680,cruise,19.871,20.122,30.565,27.122,3.442,-0.251,1.519,28.577,19.872,1.455,-0.251,0.286,0.0,0,0.1
7,34.05,681,cruise,19.871,20.115,30.552,27.115,3.438,-0.244,1.519,27.571,19.872,0.457,-0.243,0.153,0.0,0,0.15
7,34.1,682,cruise,19.87,20.078,30.541,27.078,3.464,-0.207,1.521,30.541,19.87,3.464,-0.207,0.555,0.0,1,0.0
7,34.15,683,cruise,19.87,20.02,30.533,27.02,3.513,-0.15,1.525,30.533,19.87,3.513,-0.15,0.563,0.0,1,0.0
7,34.2,684,cruise,19.871,19.982,30.527,26.982,3.545,-0.111,1.528,29.533,19.87,2.551,-0.111,0.436,0.0,0,0.05
7,34.25,685,cruise,19.871,19.961,30.522,26.961,3.561,-0.09,1.529,28.535,19.87,1.574,-0.091,0.307,0.0,0,0.1
7,34.3,686,cruise,19.871,19.935,30.518,26.935,3.583,-0.064,1.531,30.518,19.871,3.583,-0.064,0.576,0.0,1,0.0
7,34.35,687,cruise,19.872,19.905,30.516,26.905,3.611,-0.033,1.533,29.522,19.871,2.618,-0.033,0.448,0.0,0,0.05
7,34.4,688,cruise,19.871,19.888,30.515,26.888,3.627,-0.016,1.534,30.515,19.871,3.627,-0.016,0.583,0.0,1,0.0
7,34.45,689,cruise,19.871,19.88,30.514,26.88,3.634,-0.009,1.535,30.514,19.871,3.634,-0.009,0.584,0.0,1,0.0
7,34.5,690,cruise,19.871,19.889,30.514,26.889,3.625,-0.018,1.534,30.514,19.871,3.625,-0.018,0.583,0.0,1,0.0
7,34.55,691,cruise,19.87,19.909,30.512,26.909,3.603,-0.039,1.533,29.519,19.871,2.609,-0.039,0.447,0.0,0,0.05
7,34.6,692,cruise,19.871,19.929,30.509,26.929,3.58,-0.059,1.531,28.522,19.871,1.593,-0.059,0.31,0.0,0,0.1
7,34.65,693,cruise,19.871,19.93,30.506,26.93,3.576,-0.059,1.531,27.526,19.871,0.595,-0.06,0.177,0.0,0,0.15
7,34.7,694,cruise,19.871,19.902,30.504,26.902,3.602,-0.031,1.533,30.504,19.871,3.602,-0.031,0.579,0.0,1,0.0
7,34.75,695,cruise,19.871,19.854,30.504,26.854,3.65,0.018,1.536,30.504,19.871,3.65,0.018,0.587,0.0,1,0.0
7,34.8,696,cruise,19.871,19.824,30.506,26.824,3.682,0.047,1.539,29.512,19.871,2.688,0.047,0.46,0.0,0,0.05
7,34.85,697,cruise,19.871,19.813,30.509,26.813,3.696,0.058,1.54,28.522,19.871,1.709,0.059,0.33,0.0,0,0.1
7,34.9,698,cruise,19.871,19.796,30.512,26.796,3.716,0.075,1.541,30.512,19.871,3.716,0.075,0.598,0.0,1,0.0
7,34.95,699,cruise,19.847,19.775,30.516,26.775,3.741,0.072,1.543,30.516,19.847,3.741,0.072,0.601,0.0,1,0.0
7,35.0,700,cruise,19.785,19.774,30.517,26.774,3.743,0.011,1.543,29.527,19.847,2.753,0.073,0.469,0.0,0,0.05
7,35.05,701,cruise,19.727,19.783,30.514,26.783,3.731,-0.056,1.542,30.514,19.727,3.731,-0.056,0.596,0.0,1,0.0
7,35.1,702,cruise,19.756,19.795,30.51,26.795,3.715,-0.039,1.541,29.525,19.727,2.73,-0.067,0.462,0.0,0,0.05
7,35.15,703,cruise,19.825,19.811,30.508,26.811,3.697,0.015,1.54,28.535,19.727,1.724,-0.083,0.327,0.0,0,0.1
7,35.2,704,cruise,19.9,19.811,30.508,26.811,3.696,0.089,1.54,27.544,19.727,0.733,-0.084,0.195,0.0,0,0.15
7,35.25,705,cruise,19.954,19.785,30.511,26.785,3.725,0.169,1.542,26.554,19.727,-0.231,-0.058,0.067,0.0,0,0.2
7,35.3,706,cruise,19.962,19.726,30.516,26.726,3.79,0.236,1.547,25.566,19.727,-1.16,0.001,0.0,0.041,0,0.25
7,35.35,707,cruise,19.924,19.627,30.525,26.627,3.897,0.297,1.555,30.525,19.924,3.897,0.297,0.63,0.0,1,0.0
7,35.4,708,cruise,19.863,19.518,30.535,26.518,4.017,0.346,1.564,29.547,19.924,3.029,0.407,0.517,0.0,0,0.05
7,35.45,709,cruise,19.806,19.43,30.546,26.43,4.116,0.375,1.572,30.546,19.806,4.116,0.375,0.661,0.0,1,0.0
7,35.5,710,cruise,19.777,19.385,30.558,26.385,4.173,0.392,1.576,29.577,19.806,3.191,0.421,0.54,0.0,0,0.05
7,35.55,711,cruise,19.789,19.373,30.572,26.373,4.199,0.416,1.578,30.572,19.789,4.199,0.416,0.674,0.0,1,0.0
7,35.6,712,cruise,19.815,19.381,30.587,26.381,4.207,0.435,1.578,30.587,19.815,4.207,0.435,0.675,0.0,1,0.0
7,35.65,713,cruise,19.875,19.412,30.605,26.412,4.193,0.463,1.577,29.618,19.815,3.206,0.403,0.541,0.0,0,0.05
7,35.7,714,cruise,19.903,19.452,30.625,26.452,4.173,0.452,1.574,30.625,19.903,4.173,0.452,0.671,0.0,1,0.0
7,35.75,715,cruise,19.928,19.493,30.645,26.493,4.152,0.435,1.572,30.645,19.928,4.152,0.435,0.668,0.0,1,0.0
7,35.8,716,cruise,19.91,19.546,30.664,26.546,4.119,0.364,1.569,30.664,19.91,4.119,0.364,0.661,0.0,1,0.0
7,35.85,717,cruise,19.88,19.606,30.68,26.606,4.074,0.274,1.565,30.68,19.88,4.074,0.274,0.652,0.0,1,0.0
7,35.9,718,cruise,19.835,19.67,30.692,26.67,4.022,0.165,1.56,29.7,19.88,3.031,0.21,0.511,0.0,0,0.05
7,35.95,719,cruise,19.815,19.727,30.699,26.727,3.972,0.088,1.556,28.718,19.88,1.991,0.153,0.371,0.0,0,0.1
7,36.0,720,cruise,19.807,19.761,30.705,26.761,3.944,0.046,1.554,27.733,19.88,0.972,0.119,0.234,0.0,0,0.15
7,36.05,721,cruise,19.839,19.761,30.711,26.761,3.951,0.078,1.554,26.748,19.88,-0.013,0.119,0.102,0.0,0,0.2
7,36.1,722,cruise,19.871,19.722,30.721,26.722,3.999,0.149,1.558,30.721,19.871,3.999,0.149,0.638,0.0,1,0.0
7,36.15,723,cruise,19.907,19.658,30.735,26.658,4.077,0.249,1.563,30.735,19.907,4.077,0.249,0.652,0.0,1,0.0
7,36.2,724,cruise,19.913,19.611,30.754,26.611,4.142,0.301,1.568,29.758,19.907,3.147,0.295,0.529,0.0,0,0.05
7,36.25,725,cruise,19.901,19.595,30.773,26.595,4.178,0.306,1.57,28.783,19.907,2.188,0.312,0.402,0.0,0,0.1
7,36.3,726,cruise,19.868,19.584,30.792,26.584,4.208,0.284,1.572,30.792,19.868,4.208,0.284,0.67,0.0,1,0.0
7,36.35,727,cruise,19.84,19.576,30.81,26.576,4.234,0.264,1.574,30.81,19.84,4.234,0.264,0.673,0.0,1,0.0
7,36.4,728,cruise,19.823,19.593,30.826,26.593,4.233,0.23,1.573,30.826,19.823,4.233,0.23,0.672,0.0,1,0.0
7,36.45,729,cruise,19.831,19.631,30.84,26.631,4.209,0.2,1.571,30.84,19.831,4.209,0.2,0.668,0.0,1,0.0
7,36.5,730,cruise,19.853,19.682,30.853,26.682,4.17,0.171,1.568,29.862,19.831,3.18,0.149,0.529,0.0,0,0.05
7,36.55,731,cruise,19.881,19.709,30.863,26.709,4.154,0.172,1.566,28.882,19.831,2.173,0.122,0.394,0.0,0,0.1
7,36.6,732,cruise,19.897,19.674,30.874,26.674,4.2,0.224,1.569,27.901,19.831,1.228,0.158,0.269,0.0,0,0.15
7,36.65,733,cruise,19.897,19.585,30.887,26.585,4.302,0.312,1.577,30.887,19.897,4.302,0.312,0.684,0.0,1,0.0
7,36.7,734,cruise,19.88,19.543,30.901,26.543,4.358,0.337,1.581,29.909,19.897,3.366,0.354,0.561,0.0,0,0.05
7,36.75,735,cruise,19.859,19.541,30.915,26.541,4.374,0.319,1.582,28.932,19.897,2.391,0.357,0.431,0.0,0,0.1
7,36.8,736,cruise,19.842,19.539,30.927,26.539,4.388,0.303,1.583,27.955,19.897,1.416,0.358,0.301,0.0,0,0.15
7,36.85,737,cruise,19.839,19.521,30.939,26.521,4.418,0.318,1.585,30.939,19.839,4.418,0.318,0.7,0.0,1,0.0
7,36.9,738,cruise,19.848,19.49,30.953,26.49,4.463,0.358,1.588,30.953,19.848,4.463,0.358,0.707,0.0,1,0.0
7,36.95,739,cruise,19.865,19.485,30.97,26.485,4.485,0.38,1.589,29.98,19.848,3.494,0.363,0.578,0.0,0,0.05
7,37.0,740,cruise,19.88,19.504,30.988,26.504,4.485,0.377,1.589,30.988,19.88,4.485,0.377,0.711,0.0,1,0.0
7,37.05,741,cruise,19.886,19.535,31.007,26.535,4.473,0.352,1.587,31.007,19.886,4.473,0.352,0.708,0.0,1,0.0
7,37.1,742,cruise,19.881,19.585,31.025,26.585,4.44,0.296,1.584,30.033,19.886,3.448,0.301,0.57,0.0,0,0.05
7,37.15,743,cruise,19.869,19.624,31.041,26.624,4.417,0.245,1.582,31.041,19.869,4.417,0.245,0.697,0.0,1,0.0
7,37.2,744,cruise,19.856,19.679,31.054,26.679,4.375,0.177,1.578,31.054,19.856,4.375,0.177,0.689,0.0,1,0.0
7,37.25,745,cruise,19.849,19.717,31.064,26.717,4.348,0.132,1.576,30.073,19.856,3.356,0.139,0.552,0.0,0,0.05
7,37.3,746,cruise,19.85,19.778,31.072,26.778,4.294,0.073,1.571,31.072,19.85,4.294,0.073,0.675,0.0,1,0.0
7,37.35,747,cruise,19.859,19.82,31.077,26.82,4.258,0.039,1.568,31.077,19.859,4.258,0.039,0.669,0.0,1,0.0
7,37.4,748,cruise,19.869,19.879,31.081,26.879,4.202,-0.009,1.564,31.081,19.869,4.202,-0.009,0.66,0.0,1,0.0
7,37.45,749,cruise,19.876,19.929,31.082,26.929,4.153,-0.052,1.56,31.082,19.876,4.153,-0.052,0.652,0.0,1,0.0
7,37.5,750,cruise,19.877,19.993,31.081,26.993,4.087,-0.116,1.555,31.081,19.877,4.087,-0.116,0.641,0.0,1,0.0
7,37.55,751,cruise,19.872,20.041,31.076,27.041,4.035,-0.169,1.551,31.076,19.872,4.035,-0.169,0.632,0.0,1,0.0
7,37.6,752,cruise,19.864,20.103,31.067,27.103,3.964,-0.239,1.545,31.067,19.864,3.964,-0.239,0.621,0.0,1,0.0
7,37.65,753,cruise,19.857,20.149,31.055,27.149,3.906,-0.292,1.541,30.063,19.864,2.913,-0.285,0.479,0.0,0,0.05
7,37.7,754,cruise,19.855,20.198,31.041,27.198,3.843,-0.343,1.537,29.056,19.864,1.858,-0.334,0.337,0.0,0,0.1
7,37.75,755,cruise,19.858,20.21,31.024,27.21,3.814,-0.353,1.535,28.047,19.864,0.836,-0.346,0.2,0.0,0,0.15
7,37.8,756,cruise,19.864,20.196,31.008,27.196,3.813,-0.332,1.535,31.008,19.864,3.813,-0.332,0.597,0.0,1,0.0
7,37.85,757,cruise,19.87,20.148,30.994,27.148,3.846,-0.279,1.538,30.994,19.87,3.846,-0.279,0.603,0.0,1,0.0
7,37.9,758,cruise,19.872,20.123,30.981,27.123,3.858,-0.251,1.54,30.981,19.872,3.858,-0.251,0.606,0.0,1,0.0
7,37.95,759,cruise,19.871,20.117,30.969,27.117,3.851,-0.246,1.539,29.975,19.872,2.858,-0.245,0.473,0.0,0,0.05
7,38.0,760,cruise,19.864,20.123,30.956,27.123,3.833,-0.26,1.538,28.969,19.872,1.846,-0.251,0.338,0.0,0,0.1
7,38.05,761,cruise,19.86,20.114,30.943,27.114,3.83,-0.254,1.538,30.943,19.86,3.83,-0.254,0.602,0.0,1,0.0
7,38.1,762,cruise,19.851,20.097,30.931,27.097,3.835,-0.245,1.539,30.931,19.851,3.835,-0.245,0.603,0.0,1,0.0
7,38.15,763,cruise,19.843,20.095,30.919,27.095,3.824,-0.251,1.539,30.919,19.843,3.824,-0.251,0.601,0.0,1,0.0
7,38.2,764,cruise,19.853,20.109,30.906,27.109,3.797,-0.255,1.537,30.906,19.853,3.797,-0.255,0.598,0.0,1,0.0
7,38.25,765,cruise,19.856,20.129,30.892,27.129,3.763,-0.273,1.535,30.892,19.856,3.763,-0.273,0.593,0.0,1,0.0
7,38.3,766,cruise,19.871,20.157,30.877,27.157,3.72,-0.286,1.532,29.884,19.856,2.727,-0.301,0.454,0.0,0,0.05
7,38.35,767,cruise,19.86,20.179,30.861,27.179,3.682,-0.319,1.529,30.861,19.86,3.682,-0.319,0.58,0.0,1,0.0
7,38.4,768,cruise,19.866,20.193,30.843,27.193,3.65,-0.327,1.527,29.851,19.86,2.658,-0.334,0.443,0.0,0,0.05
7,38.45,769,cruise,19.845,20.205,30.824,27.205,3.619,-0.361,1.526,28.841,19.86,1.636,-0.346,0.307,0.0,0,0.1
7,38.5,770,cruise,19.851,20.198,30.805,27.198,3.607,-0.347,1.525,30.805,19.851,3.607,-0.347,0.569,0.0,1,0.0
7,38.55,771,cruise,19.836,20.175,30.786,27.175,3.61,-0.34,1.526,30.786,19.836,3.61,-0.34,0.57,0.0,1,0.0
7,38.6,772,cruise,19.853,20.167,30.767,27.167,3.6,-0.314,1.526,29.778,19.836,2.611,-0.331,0.437,0.0,0,0.05
7,38.65,773,cruise,19.847,20.162,30.748,27.162,3.585,-0.315,1.525,30.748,19.847,3.585,-0.315,0.568,0.0,1,0.0
7,38.7,774,cruise,19.821,20.158,30.726,27.158,3.568,-0.337,1.524,30.726,19.821,3.568,-0.337,0.565,0.0,1,0.0
7,38.75,775,cruise,19.845,20.163,30.703,27.163,3.54,-0.318,1.523,30.703,19.845,3.54,-0.318,0.561,0.0,1,0.0
7,38.8,776,cruise,19.856,20.175,30.679,27.175,3.504,-0.319,1.521,30.679,19.856,3.504,-0.319,0.557,0.0,1,0.0
7,38.85,777,cruise,19.882,20.19,30.656,27.19,3.466,-0.308,1.518,29.671,19.856,2.481,-0.335,0.42,0.0,0,0.05
7,38.9,778,cruise,19.869,20.2,30.631,27.2,3.431,-0.331,1.516,30.631,19.869,3.431,-0.331,0.546,0.0,1,0.0
7,38.95,779,cruise,19.873,20.202,30.605,27.202,3.403,-0.328,1.515,29.622,19.869,2.421,-0.332,0.412,0.0,0,0.05
7,39.0,780,cruise,19.842,20.201,30.577,27.201,3.376,-0.359,1.514,28.614,19.869,1.413,-0.332,0.277,0.0,0,0.1
7,39.05,781,cruise,19.841,20.181,30.548,27.181,3.367,-0.339,1.514,27.606,19.869,0.425,-0.311,0.146,0.0,0,0.15
7,39.1,782,cruise,19.821,20.131,30.52,27.131,3.388,-0.31,1.516,26.6,19.869,-0.532,-0.262,0.02,0.0,0,0.2
7,39.15,783,cruise,19.768,20.047,30.49,27.047,3.443,-0.279,1.521,25.597,19.869,-1.45,-0.178,0.0,0.075,0,0.25
7,39.2,784,cruise,19.795,19.921,30.465,26.921,3.544,-0.126,1.529,24.6,19.869,-2.321,-0.052,0.0,0.159,0,0.3
7,39.25,785,cruise,19.827,19.759,30.447,26.759,3.689,0.069,1.541,23.611,19.869,-3.148,0.111,0.0,0.238,0,0.35
7,39.3,786,cruise,19.892,19.567,30.442,26.567,3.875,0.325,1.556,22.631,19.869,-3.936,0.302,0.0,0.313,0,0.4
7,39.35,787,cruise,19.912,19.352,30.448,26.352,4.096,0.56,1.573,30.448,19.912,4.096,0.56,0.664,0.0,1,0.0
7,39.4,788,cruise,19.924,19.176,30.465,26.176,4.289,0.748,1.589,30.465,19.924,4.289,0.748,0.696,0.0,1,0.0
7,39.45,789,cruise,19.874,19.058,30.487,26.058,4.429,0.816,1.6,29.519,19.924,3.461,0.866,0.59,0.0,0,0.05
7,39.5,790,cruise,19.776,18.991,30.509,25.991,4.517,0.785,1.606,30.509,19.776,4.517,0.785,0.728,0.0,1,0.0
7,39.55,791,cruise,19.748,18.964,30.528,25.964,4.565,0.784,1.61,30.528,19.748,4.565,0.784,0.735,0.0,1,0.0
7,39.6,792,cruise,19.733,18.979,30.548,25.979,4.569,0.754,1.61,30.548,19.733,4.569,0.754,0.734,0.0,1,0.0
7,39.65,793,cruise,19.776,19.014,30.568,26.014,4.554,0.762,1.608,29.614,19.733,3.6,0.719,0.604,0.0,0,0.05
7,39.7,794,cruise,19.798,19.066,30.588,26.066,4.522,0.732,1.604,28.677,19.733,2.611,0.667,0.47,0.0,0,0.1
7,39.75,795,cruise,19.871,19.095,30.61,26.095,4.515,0.776,1.603,27.739,19.733,1.644,0.638,0.341,0.0,0,0.15
7,39.8,796,decelerate,19.904,19.111,30.634,26.111,4.524,0.793,1.603,30.634,19.904,4.524,0.793,0.73,0.0,1,0.0
7,39.85,797,decelerate,19.938,19.093,30.662,26.093,4.57,0.846,1.606,30.662,19.938,4.57,0.846,0.737,0.0,1,0.0
7,39.9,798,decelerate,19.869,19.112,30.691,26.112,4.579,0.757,1.606,30.691,19.869,4.579,0.757,0.736,0.0,1,0.0
7,39.95,799,decelerate,19.671,19.135,30.71,26.135,4.575,0.536,1.605,29.761,19.869,3.626,0.734,0.608,0.0,0,0.05
7,40.0,800,decelerate,19.488,19.189,30.719,26.189,4.53,0.299,1.601,30.719,19.488,4.53,0.299,0.714,0.0,1,0.0
7,40.05,801,decelerate,19.261,19.222,30.716,26.222,4.494,0.039,1.598,29.788,19.488,3.566,0.266,0.584,0.0,0,0.05
7,40.1,802,decelerate,19.052,19.242,30.701,26.242,4.459,-0.19,1.596,30.701,19.052,4.459,-0.19,0.688,0.0,1,0.0
7,40.15,803,decelerate,18.83,19.296,30.678,26.296,4.382,-0.466,1.59,30.678,18.83,4.382,-0.466,0.669,0.0,1,0.0
7,40.2,804,decelerate,18.615,19.34,30.644,26.34,4.304,-0.725,1.584,30.644,18.615,4.304,-0.725,0.65,0.0,1,0.0
7,40.25,805,decelerate,18.427,19.401,30.599,26.401,4.198,-0.974,1.577,29.708,18.615,3.307,-0.786,0.515,0.0,0,0.05
7,40.3,806,decelerate,18.22,19.429,30.544,26.429,4.115,-1.209,1.572,30.544,18.22,4.115,-1.209,0.608,0.0,1,0.0
7,40.35,807,decelerate,18.06,19.47,30.479,26.47,4.009,-1.411,1.565,29.607,18.22,3.137,-1.251,0.477,0.0,0,0.05
7,40.4,808,decelerate,17.876,19.475,30.406,26.475,3.931,-1.599,1.561,28.668,18.22,2.193,-1.255,0.351,0.0,0,0.1
7,40.45,809,decelerate,17.73,19.486,30.325,26.486,3.838,-1.756,1.556,27.727,18.22,1.241,-1.267,0.223,0.0,0,0.15
7,40.5,810,decelerate,17.551,19.435,30.237,26.435,3.801,-1.885,1.556,26.786,18.22,0.35,-1.216,0.106,0.0,0,0.2
7,40.55,811,decelerate,17.401,19.38,30.144,26.38,3.765,-1.979,1.555,30.144,17.401,3.765,-1.979,0.536,0.0,1,0.0
7,40.6,812,decelerate,17.209,19.276,30.048,26.276,3.772,-2.066,1.559,29.218,17.401,2.943,-1.874,0.43,0.0,0,0.05
7,40.65,813,decelerate,17.052,19.141,29.947,26.141,3.806,-2.089,1.565,29.947,17.052,3.806,-2.089,0.538,0.0,1,0.0
7,40.7,814,decelerate,16.885,19.086,29.845,26.086,3.759,-2.2,1.564,29.845,16.885,3.759,-2.2,0.528,0.0,1,0.0
7,40.75,815,decelerate,16.701,19.036,29.736,26.036,3.7,-2.336,1.562,29.736,16.701,3.7,-2.336,0.515,0.0,1,0.0
7,40.8,816,decelerate,16.532,19.023,29.62,26.023,3.597,-2.492,1.557,29.62,16.532,3.597,-2.492,0.496,0.0,1,0.0
7,40.85,817,decelerate,16.331,18.985,29.496,25.985,3.511,-2.653,1.554,29.496,16.331,3.511,-2.653,0.48,0.0,1,0.0
7,40.9,818,decelerate,16.178,18.978,29.364,25.978,3.386,-2.8,1.547,29.364,16.178,3.386,-2.8,0.458,0.0,1,0.0
7,40.95,819,decelerate,16.021,18.942,29.228,25.942,3.286,-2.921,1.543,28.451,16.178,2.51,-2.764,0.342,0.0,0,0.05
7,41.0,820,decelerate,15.826,18.923,29.086,25.923,3.163,-3.097,1.537,27.538,16.178,1.615,-2.745,0.224,0.0,0,0.1
7,41.05,821,decelerate,15.665,18.857,28.937,25.857,3.08,-3.192,1.535,26.626,16.178,0.768,-2.679,0.113,0.0,0,0.15
7,41.1,822,decelerate,15.5,18.79,28.787,25.79,2.996,-3.29,1.532,25.715,16.178,-0.076,-2.613,0.003,0.0,0,0.2
7,41.15,823,decelerate,15.306,18.668,28.632,25.668,2.964,-3.362,1.534,28.632,15.306,2.964,-3.362,0.383,0.0,1,0.0
7,41.2,824,decelerate,15.144,18.552,28.475,25.552,2.923,-3.408,1.535,28.475,15.144,2.923,-3.408,0.376,0.0,1,0.0
7,41.25,825,decelerate,14.953,18.424,28.315,25.424,2.892,-3.47,1.537,27.586,15.144,2.162,-3.279,0.279,0.0,0,0.05
7,41.3,826,decelerate,14.798,18.341,28.153,25.341,2.812,-3.543,1.535,26.699,15.144,1.359,-3.196,0.175,0.0,0,0.1
7,41.35,827,decelerate,14.713,18.226,27.989,25.226,2.763,-3.513,1.536,27.989,14.713,2.763,-3.513,0.351,0.0,1,0.0
7,41.4,828,decelerate,14.594,18.137,27.827,25.137,2.69,-3.543,1.534,27.827,14.594,2.69,-3.543,0.341,0.0,1,0.0
7,41.45,829,decelerate,14.364,18.029,27.661,25.029,2.632,-3.665,1.534,26.954,14.594,1.925,-3.435,0.242,0.0,0,0.05
7,41.5,830,decelerate,14.0,17.957,27.484,24.957,2.526,-3.957,1.53,27.484,14.0,2.526,-3.957,0.305,0.0,1,0.0
7,41.55,831,decelerate,13.711,17.849,27.293,24.849,2.445,-4.138,1.529,26.617,14.0,1.769,-3.848,0.208,0.0,0,0.05
7,41.6,832,decelerate,13.514,17.772,27.095,24.772,2.323,-4.258,1.525,25.753,14.0,0.981,-3.772,0.105,0.0,0,0.1
7,41.65,833,decelerate,13.395,17.655,26.894,24.655,2.239,-4.26,1.523,24.891,14.0,0.236,-3.654,0.01,0.0,0,0.15
7,41.7,834,decelerate,13.313,17.545,26.693,24.545,2.148,-4.233,1.521,26.693,13.313,2.148,-4.233,0.245,0.0,1,0.0
7,41.75,835,decelerate,13.261,17.43,26.496,24.43,2.066,-4.17,1.52,26.496,13.261,2.066,-4.17,0.236,0.0,1,0.0
7,41.8,836,decelerate,13.144,17.311,26.302,24.311,1.991,-4.167,1.519,26.302,13.144,1.991,-4.167,0.227,0.0,1,0.0
7,41.85,837,decelerate,12.944,17.212,26.104,24.212,1.893,-4.268,1.517,25.464,13.144,1.252,-4.068,0.131,0.0,0,0.05
7,41.9,838,decelerate,12.739,17.078,25.901,24.078,1.822,-4.339,1.517,24.629,13.144,0.55,-3.934,0.042,0.0,0,0.1
7,41.95,839,decelerate,12.528,16.969,25.693,23.969,1.724,-4.441,1.514,23.798,13.144,-0.171,-3.825,0.0,0.038,0,0.15
7,42.0,840,decelerate,12.322,16.811,25.481,23.811,1.67,-4.489,1.516,25.481,12.322,1.67,-4.489,0.173,0.0,1,0.0
7,42.05,841,decelerate,12.126,16.685,25.266,23.685,1.581,-4.559,1.514,25.266,12.126,1.581,-4.559,0.159,0.0,1,0.0
7,42.1,842,decelerate,11.964,16.535,25.047,23.535,1.512,-4.571,1.515,25.047,11.964,1.512,-4.571,0.149,0.0,1,0.0
7,42.15,843,decelerate,11.792,16.425,24.825,23.425,1.401,-4.633,1.511,24.239,11.964,0.814,-4.46,0.06,0.0,0,0.05
7,42.2,844,decelerate,11.625,16.315,24.602,23.315,1.287,-4.69,1.508,24.602,11.625,1.287,-4.69,0.115,0.0,1,0.0
7,42.25,845,decelerate,11.436,16.189,24.375,23.189,1.185,-4.753,1.506,24.375,11.436,1.185,-4.753,0.1,0.0,1,0.0
7,42.3,846,decelerate,11.272,16.074,24.144,23.074,1.07,-4.802,1.502,23.583,11.436,0.509,-4.638,0.013,0.0,0,0.05
7,42.35,847,decelerate,11.148,15.92,23.911,22.92,0.991,-4.771,1.502,22.796,11.436,-0.124,-4.484,0.0,0.049,0,0.1
7,42.4,848,decelerate,11.072,15.787,23.681,22.787,0.895,-4.715,1.5,22.014,11.436,-0.773,-4.351,0.0,0.111,0,0.15
7,42.45,849,decelerate,10.965,15.637,23.454,22.637,0.816,-4.672,1.5,21.239,11.436,-1.398,-4.201,0.0,0.17,0,0.2
7,42.5,850,decelerate,10.367,15.453,23.213,22.453,0.76,-5.086,1.502,20.472,11.436,-1.981,-4.017,0.0,0.224,0,0.25
7,42.55,851,decelerate,9.916,15.273,22.956,22.273,0.684,-5.357,1.503,19.713,11.436,-2.559,-3.836,0.0,0.278,0,0.3
7,42.6,852,decelerate,9.594,15.052,22.69,22.052,0.638,-5.458,1.507,18.963,11.436,-3.089,-3.616,0.0,0.326,0,0.35
7,42.65,853,decelerate,9.401,14.848,22.421,21.848,0.573,-5.447,1.51,22.421,9.401,0.573,-5.447,0.0,0.005,1,0.0
7,42.7,854,decelerate,9.3,14.782,22.152,21.782,0.37,-5.482,1.499,22.152,9.3,0.37,-5.482,0.0,0.026,1,0.0
7,42.75,855,decelerate,9.278,14.749,21.882,21.749,0.133,-5.471,1.484,21.421,9.3,-0.328,-5.449,0.0,0.095,0,0.05
7,42.8,856,decelerate,9.305,14.488,21.619,21.488,0.13,-5.183,1.492,20.696,9.3,-0.793,-5.188,0.0,0.135,0,0.1
7,42.85,857,decelerate,9.374,14.168,21.376,21.168,0.208,-4.794,1.509,19.987,9.3,-1.18,-4.867,0.0,0.166,0,0.15
7,42.9,858,decelerate,9.429,13.859,21.15,20.859,0.291,-4.43,1.526,21.15,9.429,0.291,-4.43,0.0,0.008,1,0.0
7,42.95,859,decelerate,9.408,13.621,20.938,20.621,0.316,-4.213,1.537,20.47,9.429,-0.152,-4.193,0.0,0.046,0,0.05
7,43.0,860,decelerate,9.302,13.406,20.733,20.406,0.327,-4.104,1.547,19.8,9.429,-0.605,-3.977,0.0,0.086,0,0.1
7,43.05,861,decelerate,9.14,13.193,20.532,20.193,0.338,-4.053,1.556,20.532,9.14,0.338,-4.053,0.008,0.0,1,0.0
7,43.1,862,decelerate,8.927,12.988,20.331,19.988,0.343,-4.061,1.565,19.883,9.14,-0.105,-3.848,0.0,0.033,0,0.05
7,43.15,863,decelerate,8.708,12.801,20.128,19.801,0.327,-4.093,1.572,19.244,9.14,-0.557,-3.661,0.0,0.074,0,0.1
7,43.2,864,decelerate,8.469,12.615,19.924,19.615,0.309,-4.146,1.579,19.924,8.469,0.309,-4.146,0.001,0.0,1,0.0
7,43.25,865,decelerate,8.221,12.422,19.716,19.422,0.295,-4.201,1.587,19.303,8.469,-0.119,-3.953,0.0,0.037,0,0.05
7,43.3,866,decelerate,7.967,12.253,19.505,19.253,0.252,-4.285,1.592,18.69,8.469,-0.563,-3.784,0.0,0.077,0,0.1
7,43.35,867,decelerate,7.72,12.07,19.291,19.07,0.221,-4.349,1.598,18.086,8.469,-0.984,-3.601,0.0,0.115,0,0.15
7,43.4,868,decelerate,7.46,11.886,19.073,18.886,0.186,-4.426,1.605,17.491,8.469,-1.395,-3.417,0.0,0.152,0,0.2
7,43.45,869,decelerate,7.287,11.683,18.852,18.683,0.169,-4.396,1.614,18.852,7.287,0.169,-4.396,0.0,0.02,1,0.0
7,43.5,870,decelerate,7.213,11.509,18.636,18.509,0.127,-4.297,1.619,18.636,7.213,0.127,-4.297,0.0,0.022,1,0.0
7,43.55,871,decelerate,7.016,11.354,18.424,18.354,0.07,-4.338,1.623,18.424,7.016,0.07,-4.338,0.0,0.028,1,0.0
7,43.6,872,decelerate,6.538,11.178,18.199,18.178,0.021,-4.64,1.628,18.199,6.538,0.021,-4.64,0.0,0.041,1,0.0
7,43.65,873,decelerate,6.042,11.112,17.956,18.112,-0.156,-5.069,1.616,17.956,6.042,-0.156,-5.069,0.0,0.069,1,0.0
7,43.7,874,decelerate,5.674,11.081,17.692,18.081,-0.389,-5.406,1.597,17.692,5.674,-0.389,-5.406,0.0,0.101,1,0.0
7,43.75,875,decelerate,5.423,10.8,17.42,17.8,-0.38,-5.377,1.613,17.42,5.423,-0.38,-5.377,0.0,0.099,1,0.0
7,43.8,876,decelerate,5.263,10.261,17.164,17.261,-0.097,-4.998,1.673,16.899,5.423,-0.362,-4.838,0.0,0.084,0,0.05
7,43.85,877,decelerate,5.18,9.833,16.926,16.833,0.094,-4.652,1.721,16.926,5.18,0.094,-4.652,0.0,0.034,1,0.0
7,43.9,878,decelerate,5.121,9.472,16.704,16.472,0.231,-4.351,1.763,16.447,5.18,-0.025,-4.292,0.0,0.037,0,0.05
7,43.95,879,decelerate,5.09,9.155,16.495,16.155,0.341,-4.065,1.802,15.985,5.18,-0.169,-3.974,0.0,0.043,0,0.1
7,44.0,880,decelerate,5.085,8.883,16.301,15.883,0.419,-3.798,1.835,16.301,5.085,0.419,-3.798,0.027,0.0,1,0.0
7,44.05,881,decelerate,5.113,8.632,16.121,15.632,0.489,-3.519,1.868,16.121,5.113,0.489,-3.519,0.045,0.0,1,0.0
7,44.1,882,decelerate,5.166,8.398,15.954,15.398,0.557,-3.232,1.9,15.698,5.113,0.3,-3.285,0.028,0.0,0,0.05
7,44.15,883,decelerate,5.169,8.166,15.801,15.166,0.635,-2.997,1.935,15.287,5.113,0.12,-3.053,0.012,0.0,0,0.1
7,44.2,884,decelerate,5.117,7.955,15.657,14.955,0.702,-2.838,1.968,14.886,5.113,-0.069,-2.841,0.0,0.005,0,0.15
7,44.25,885,decelerate,5.043,7.743,15.52,14.743,0.777,-2.7,2.004,14.496,5.113,-0.247,-2.63,0.0,0.017,0,0.2
7,44.3,886,decelerate,4.979,7.533,15.389,14.533,0.857,-2.554,2.043,14.117,5.113,-0.416,-2.419,0.0,0.029,0,0.25
7,44.35,887,decelerate,4.9,7.325,15.266,14.325,0.941,-2.425,2.084,15.266,4.9,0.941,-2.425,0.142,0.0,1,0.0
7,44.4,888,decelerate,4.739,7.129,15.147,14.129,1.018,-2.39,2.125,14.907,4.9,0.778,-2.229,0.127,0.0,0,0.05
7,44.45,889,decelerate,4.537,6.94,15.028,13.94,1.088,-2.403,2.165,15.028,4.537,1.088,-2.403,0.163,0.0,1,0.0
7,44.5,890,decelerate,4.317,6.78,14.906,13.78,1.126,-2.463,2.198,14.906,4.317,1.126,-2.463,0.166,0.0,1,0.0
7,44.55,891,decelerate,4.092,6.63,14.781,13.63,1.151,-2.539,2.229,14.573,4.317,0.942,-2.313,0.147,0.0,0,0.05
7,44.6,892,decelerate,3.868,6.489,14.652,13.489,1.163,-2.621,2.258,14.247,4.317,0.758,-2.172,0.127,0.0,0,0.1
7,44.65,893,decelerate,3.652,6.344,14.519,13.344,1.175,-2.692,2.289,14.519,3.652,1.175,-2.692,0.166,0.0,1,0.0
7,44.7,894,decelerate,3.451,6.3,14.381,13.3,1.082,-2.849,2.283,14.381,3.451,1.082,-2.849,0.148,0.0,1,0.0
7,44.75,895,decelerate,3.255,6.286,14.234,13.286,0.948,-3.03,2.265,14.234,3.255,0.948,-3.03,0.124,0.0,1,0.0
7,44.8,896,decelerate,3.064,5.972,14.084,12.972,1.111,-2.908,2.358,13.927,3.255,0.955,-2.717,0.136,0.0,0,0.05
7,44.85,897,decelerate,2.878,5.563,13.946,12.563,1.383,-2.684,2.507,13.642,3.255,1.079,-2.307,0.166,0.0,0,0.1
7,44.9,898,decelerate,2.698,5.295,13.814,12.295,1.52,-2.597,2.609,13.814,2.698,1.52,-2.597,0.216,0.0,1,0.0
7,44.95,899,decelerate,2.524,5.059,13.687,12.059,1.628,-2.535,2.706,13.687,2.524,1.628,-2.535,0.232,0.0,1,0.0
7,45.0,900,decelerate,2.355,4.833,13.562,11.833,1.729,-2.478,2.806,13.441,2.524,1.609,-2.309,0.237,0.0,0,0.05
7,45.05,901,decelerate,2.192,4.634,13.44,11.634,1.806,-2.442,2.9,13.44,2.192,1.806,-2.442,0.259,0.0,1,0.0
7,45.1,902,decelerate,2.035,4.485,13.318,11.485,1.833,-2.45,2.969,13.213,2.192,1.728,-2.293,0.254,0.0,0,0.05
7,45.15,903,decelerate,1.832,4.368,13.194,11.368,1.827,-2.536,3.021,12.993,2.192,1.625,-2.175,0.244,0.0,0,0.1
7,45.2,904,decelerate,0.642,4.268,13.037,11.268,1.769,-3.625,3.055,13.037,0.642,1.769,-3.625,0.215,0.0,1,0.0
7,45.25,905,decelerate,0.001,4.174,12.832,11.174,1.658,-4.174,3.074,12.832,0.001,1.658,-4.174,0.182,0.0,1,0.0
7,45.3,906,decelerate,0.001,4.079,12.627,11.079,1.548,-4.079,3.095,12.627,0.001,1.548,-4.079,0.17,0.0,0,0.05
7,45.35,907,decelerate,0.001,3.98,12.427,10.98,1.448,-3.979,3.123,12.427,0.001,1.447,-3.979,0.16,0.0,0,0.1
7,45.4,908,decelerate,0.001,3.876,12.232,10.876,1.357,-3.875,3.156,12.232,0.001,1.357,-3.875,0.152,0.0,1,0.0
7,45.45,909,decelerate,0.001,3.769,12.043,10.769,1.274,-3.768,3.195,12.043,0.001,1.274,-3.768,0.144,0.0,0,0.05
7,45.5,910,decelerate,0.001,3.651,11.859,10.651,1.208,-3.651,3.248,11.859,0.001,1.208,-3.651,0.139,0.0,1,0.0
7,45.55,911,decelerate,0.0,3.542,11.68,10.542,1.138,-3.541,3.298,11.68,0.0,1.138,-3.541,0.134,0.0,1,0.0
7,45.6,912,decelerate,0.0,3.432,11.507,10.432,1.075,-3.431,3.353,11.507,0.0,1.075,-3.431,0.129,0.0,1,0.0
7,45.65,913,decelerate,0.0,3.319,11.339,10.319,1.02,-3.319,3.416,11.339,0.0,1.02,-3.319,0.125,0.0,1,0.0
7,45.7,914,decelerate,0.0,3.208,11.177,10.208,0.97,-3.208,3.485,11.177,0.0,0.97,-3.207,0.122,0.0,0,0.05
7,45.75,915,decelerate,0.0,3.096,11.021,10.096,0.925,-3.096,3.559,11.021,0.0,0.925,-3.096,0.12,0.0,1,0.0
7,45.8,916,decelerate,0.0,2.987,10.87,9.987,0.883,-2.987,3.639,10.87,0.0,0.883,-2.987,0.118,0.0,1,0.0
7,45.85,917,decelerate,0.0,2.878,10.724,9.878,0.846,-2.878,3.726,10.724,0.0,0.846,-2.878,0.117,0.0,0,0.05
7,45.9,918,decelerate,0.0,2.771,10.584,9.771,0.812,-2.771,3.819,10.584,0.0,0.812,-2.771,0.116,0.0,0,0.1
7,45.95,919,decelerate,0.0,2.668,10.449,9.668,0.781,-2.668,3.916,10.449,0.0,0.781,-2.668,0.115,0.0,1,0.0
7,46.0,920,decelerate,0.0,2.567,10.319,9.567,0.751,-2.567,4.019,10.319,0.0,0.751,-2.567,0.115,0.0,0,0.05
7,46.05,921,decelerate,0.0,2.468,10.194,9.468,0.726,-2.468,4.131,10.194,0.0,0.726,-2.468,0.115,0.0,0,0.1
7,46.1,922,decelerate,0.0,2.371,10.074,9.371,0.702,-2.371,4.248,10.074,0.0,0.702,-2.371,0.115,0.0,1,0.0
7,46.15,923,decelerate,0.0,2.277,9.959,9.277,0.681,-2.277,4.373,9.959,0.0,0.681,-2.277,0.115,0.0,1,0.0
7,46.2,924,stopped,0.0,2.185,9.848,9.185,0.663,-2.185,4.506,9.848,0.0,0.663,-2.185,0.115,0.0,1,0.0
7,46.25,925,stopped,0.0,2.096,9.742,9.096,0.646,-2.096,4.649,9.742,0.0,0.646,-2.096,0.116,0.0,1,0.0
7,46.3,926,stopped,0.0,2.008,9.64,9.008,0.631,-2.008,4.8,9.64,0.0,0.631,-2.008,0.117,0.0,0,0.05
7,46.35,927,stopped,0.0,1.924,9.542,8.924,0.618,-1.924,4.959,9.542,0.0,0.618,-1.924,0.118,0.0,1,0.0
7,46.4,928,stopped,0.0,1.844,9.449,8.844,0.605,-1.844,5.125,9.449,0.0,0.605,-1.844,0.119,0.0,1,0.0
7,46.45,929,stopped,0.0,1.767,9.359,8.767,0.592,-1.767,5.298,9.359,0.0,0.592,-1.767,0.12,0.0,1,0.0
7,46.5,930,stopped,0.0,1.693,9.273,8.693,0.581,-1.693,5.478,9.273,0.0,0.581,-1.693,0.121,0.0,1,0.0
7,46.55,931,stopped,0.0,1.621,9.191,8.621,0.57,-1.621,5.671,9.191,0.0,0.57,-1.621,0.122,0.0,1,0.0
7,46.6,932,stopped,0.0,1.548,9.112,8.548,0.564,-1.548,5.886,9.112,0.0,0.564,-1.548,0.124,0.0,0,0.05
7,46.65,933,stopped,0.0,1.485,9.037,8.485,0.552,-1.485,6.085,9.037,0.0,0.552,-1.485,0.124,0.0,0,0.1
7,46.7,934,stopped,0.0,1.424,8.965,8.424,0.54,-1.424,6.293,8.965,0.0,0.54,-1.424,0.125,0.0,1,0.0
7,46.75,935,stopped,0.0,1.366,8.895,8.366,0.529,-1.366,6.51,8.895,0.0,0.529,-1.366,0.125,0.0,1,0.0
7,46.8,936,stopped,0.0,1.311,8.829,8.311,0.518,-1.311,6.735,8.829,0.0,0.518,-1.311,0.125,0.0,0,0.05
7,46.85,937,stopped,0.0,1.262,8.765,8.262,0.503,-1.262,6.946,8.765,0.0,0.503,-1.262,0.125,0.0,0,0.1
7,46.9,938,stopped,0.0,1.223,8.703,8.223,0.48,-1.223,7.118,8.703,0.0,0.48,-1.223,0.123,0.0,1,0.0
7,46.95,939,stopped,0.0,1.184,8.643,8.184,0.459,-1.184,7.297,8.643,0.0,0.459,-1.184,0.122,0.0,1,0.0
7,47.0,940,stopped,0.0,1.148,8.585,8.148,0.437,-1.148,7.479,8.585,0.0,0.437,-1.148,0.12,0.0,1,0.0
7,47.05,941,stopped,0.0,1.112,8.529,8.112,0.417,-1.112,7.671,8.529,0.0,0.417,-1.112,0.119,0.0,0,0.05
7,47.1,942,stopped,0.0,1.077,8.475,8.077,0.397,-1.077,7.868,8.475,0.0,0.397,-1.077,0.117,0.0,1,0.0
7,47.15,943,stopped,0.0,1.042,8.422,8.042,0.38,-1.042,8.08,8.422,0.0,0.38,-1.042,0.116,0.0,1,0.0
7,47.2,944,stopped,0.0,1.009,8.371,8.009,0.362,-1.009,8.3,8.371,0.0,0.362,-1.009,0.115,0.0,0,0.05
7,47.25,945,stopped,0.0,0.975,8.322,7.975,0.346,-0.975,8.533,8.322,0.0,0.346,-0.975,0.114,0.0,1,0.0
7,47.3,946,stopped,0.0,0.943,8.274,7.943,0.331,-0.943,8.776,8.274,0.0,0.331,-0.943,0.113,0.0,1,0.0
7,47.35,947,stopped,0.0,0.914,8.228,7.914,0.314,-0.914,9.001,8.228,0.0,0.314,-0.914,0.111,0.0,0,0.05
7,47.4,948,stopped,0.0,0.887,8.183,7.887,0.296,-0.887,9.226,8.183,0.0,0.296,-0.887,0.11,0.0,1,0.0
7,47.45,949,stopped,0.0,0.862,8.14,7.862,0.278,-0.862,9.443,8.14,0.0,0.278,-0.862,0.108,0.0,0,0.05
7,47.5,950,stopped,0.0,0.835,8.098,7.835,0.263,-0.835,9.694,8.098,0.0,0.263,-0.835,0.107,0.0,1,0.0
7,47.55,951,stopped,0.0,0.806,8.058,7.806,0.252,-0.806,9.998,8.058,0.0,0.252,-0.806,0.107,0.0,0,0.05
7,47.6,952,stopped,0.0,0.752,8.019,7.752,0.267,-0.752,10.661,8.019,0.0,0.267,-0.752,0.11,0.0,1,0.0
7,47.65,953,stopped,0.0,0.746,7.982,7.746,0.236,-0.746,10.702,7.982,0.0,0.236,-0.746,0.107,0.0,0,0.05
7,47.7,954,stopped,0.0,0.688,7.946,7.688,0.258,-0.688,11.551,7.946,0.0,0.258,-0.688,0.111,0.0,0,0.1
7,47.75,955,stopped,0.0,0.712,7.911,7.712,0.198,-0.712,11.104,7.911,0.0,0.198,-0.712,0.103,0.0,0,0.15
7,47.8,956,stopped,0.0,0.636,7.878,7.636,0.242,-0.636,12.387,7.878,0.0,0.242,-0.636,0.111,0.0,0,0.2
7,47.85,957,stopped,0.0,0.666,7.845,7.666,0.179,-0.666,11.776,7.845,0.0,0.179,-0.666,0.102,0.0,1,0.0
7,47.9,958,stopped,0.0,0.581,7.814,7.581,0.234,-0.581,13.458,7.814,0.0,0.234,-0.581,0.112,0.0,1,0.0
7,47.95,959,stopped,0.0,0.616,7.784,7.616,0.168,-0.616,12.63,7.784,0.0,0.168,-0.616,0.102,0.0,0,0.05
7,48.0,960,stopped,0.0,0.526,7.756,7.526,0.23,-0.526,14.745,7.756,0.0,0.23,-0.526,0.113,0.0,1,0.0
7,48.05,961,stopped,0.0,0.564,7.728,7.564,0.164,-0.564,13.692,7.728,0.0,0.164,-0.564,0.103,0.0,0,0.05
7,48.1,962,stopped,0.0,0.492,7.702,7.492,0.21,-0.492,15.66,7.702,0.0,0.21,-0.492,0.112,0.0,0,0.1
7,48.15,963,stopped,0.0,0.531,7.676,7.531,0.146,-0.531,14.46,7.676,0.0,0.146,-0.531,0.102,0.0,0,0.15
7,48.2,964,stopped,0.0,0.453,7.652,7.453,0.199,-0.453,16.905,7.652,0.0,0.199,-0.453,0.112,0.0,0,0.2
7,48.25,965,stopped,0.0,0.483,7.628,7.483,0.145,-0.483,15.791,7.628,0.0,0.145,-0.483,0.103,0.0,1,0.0
7,48.3,966,stopped,0.0,0.436,7.605,7.436,0.169,-0.436,17.424,7.605,0.0,0.169,-0.436,0.108,0.0,0,0.05
7,48.35,967,stopped,0.0,0.43,7.583,7.43,0.153,-0.43,17.627,7.583,0.0,0.153,-0.43,0.106,0.0,1,0.0
7,48.4,968,stopped,0.0,0.441,7.562,7.441,0.12,-0.441,17.128,7.562,0.0,0.12,-0.441,0.101,0.0,0,0.05
7,48.45,969,stopped,0.0,0.418,7.541,7.418,0.123,-0.418,18.053,7.541,0.0,0.123,-0.418,0.103,0.0,1,0.0
7,48.5,970,stopped,0.0,0.418,7.521,7.418,0.102,-0.418,17.981,7.521,0.0,0.102,-0.418,0.1,0.0,1,0.0
7,48.55,971,stopped,0.0,0.398,7.502,7.398,0.104,-0.398,18.864,7.502,0.0,0.104,-0.398,0.101,0.0,0,0.05
7,48.6,972,stopped,0.0,0.332,7.484,7.332,0.152,-0.332,22.568,7.484,0.0,0.152,-0.332,0.109,0.0,1,0.0
7,48.65,973,stopped,0.0,0.368,7.466,7.368,0.098,-0.368,20.28,7.466,0.0,0.098,-0.368,0.101,0.0,1,0.0
7,48.7,974,stopped,0.0,0.384,7.448,7.384,0.064,-0.384,19.399,7.448,0.0,0.064,-0.384,0.096,0.0,1,0.0
7,48.75,975,stopped,0.0,0.34,7.431,7.34,0.09,-0.34,21.832,7.431,0.0,0.09,-0.34,0.101,0.0,1,0.0
7,48.8,976,stopped,0.0,0.347,7.414,7.347,0.067,-0.347,21.387,7.414,0.0,0.067,-0.347,0.097,0.0,0,0.05
7,48.85,977,stopped,0.0,0.356,7.396,7.356,0.041,-0.356,20.804,7.396,0.0,0.041,-0.356,0.094,0.0,0,0.1
7,48.9,978,stopped,0.0,0.351,7.379,7.351,0.028,-0.351,21.002,7.379,0.0,0.028,-0.351,0.092,0.0,0,0.15
7,48.95,979,stopped,0.0,0.277,7.364,7.277,0.087,-0.277,26.622,7.364,0.0,0.087,-0.277,0.102,0.0,1,0.0
7,49.0,980,stopped,0.0,0.297,7.35,7.297,0.053,-0.297,24.781,7.35,0.0,0.053,-0.297,0.097,0.0,1,0.0
7,49.05,981,stopped,0.0,0.235,7.336,7.235,0.101,-0.235,31.164,7.336,0.0,0.101,-0.235,0.106,0.0,1,0.0
7,49.1,982,stopped,0.0,0.245,7.323,7.245,0.078,-0.245,29.866,7.323,0.0,0.078,-0.245,0.102,0.0,0,0.05
7,49.15,983,stopped,0.0,0.219,7.311,7.219,0.092,-0.219,33.445,7.311,0.0,0.092,-0.219,0.105,0.0,0,0.1
7,49.2,984,stopped,0.0,0.242,7.299,7.242,0.057,-0.242,30.203,7.299,0.0,0.057,-0.242,0.1,0.0,0,0.15
7,49.25,985,stopped,0.0,0.193,7.288,7.193,0.095,-0.193,37.696,7.288,0.0,0.095,-0.193,0.106,0.0,0,0.2
7,49.3,986,stopped,0.0,0.214,7.278,7.214,0.064,-0.214,33.99,7.278,0.0,0.064,-0.214,0.101,0.0,1,0.0
7,49.35,987,stopped,0.0,0.152,7.269,7.152,0.117,-0.152,47.824,7.269,0.0,0.117,-0.152,0.111,0.0,0,0.05
7,49.4,988,stopped,0.0,0.178,7.261,7.178,0.082,-0.178,40.689,7.261,0.0,0.082,-0.178,0.105,0.0,0,0.1
7,49.45,989,stopped,0.0,0.132,7.253,7.132,0.122,-0.132,55.079,7.253,0.0,0.122,-0.132,0.112,0.0,0,0.15
7,49.5,990,stopped,0.0,0.149,7.246,7.149,0.097,-0.149,48.606,7.246,0.0,0.097,-0.149,0.108,0.0,0,0.2
