episode,time_sec,tick,leader_phase,leader_speed_mps,follower_speed_mps,distance_m,desired_distance_m,spacing_error_m,relative_velocity_mps,thw_sec,observed_distance_m,observed_lead_speed_mps,control_spacing_error_m,control_relative_velocity_mps,throttle,brake,comm_success,time_since_last_comm_success_sec
14,0.05,1,accelerate,0.0,0.0,12.825,7.0,5.825,0.0,128.247,12.825,0.0,5.825,0.0,0.778,0.0,0,0.05
14,0.1,2,accelerate,0.003,0.003,12.825,7.003,5.822,0.0,128.247,12.825,0.0,5.822,-0.003,0.778,0.0,0,0.1
14,0.15,3,accelerate,0.001,0.001,12.825,7.001,5.824,0.0,128.247,12.825,0.001,5.824,0.0,0.779,0.0,1,0.0
14,0.2,4,accelerate,0.0,0.0,12.825,7.0,5.825,-0.0,128.247,12.825,0.001,5.825,0.001,0.781,0.0,0,0.05
14,0.25,5,accelerate,0.0,0.001,12.825,7.001,5.824,-0.0,128.247,12.825,0.001,5.824,0.0,0.781,0.0,0,0.1
14,0.3,6,accelerate,0.001,0.001,12.825,7.001,5.824,-0.0,128.247,12.825,0.001,5.824,-0.0,0.782,0.0,1,0.0
14,0.35,7,accelerate,0.001,0.001,12.825,7.001,5.824,-0.0,128.247,12.825,0.001,5.824,-0.0,0.783,0.0,1,0.0
14,0.4,8,accelerate,0.0,0.0,12.825,7.0,5.824,-0.0,128.247,12.825,0.0,5.824,-0.0,0.784,0.0,1,0.0
14,0.45,9,accelerate,0.0,0.0,12.825,7.0,5.824,-0.0,128.247,12.825,0.0,5.824,-0.0,0.785,0.0,1,0.0
14,0.5,10,accelerate,0.0,0.0,12.825,7.0,5.825,-0.0,128.247,12.825,0.0,5.825,0.0,0.786,0.0,0,0.05
14,0.55,11,accelerate,0.0,0.0,12.825,7.0,5.825,-0.0,128.247,12.825,0.0,5.825,-0.0,0.787,0.0,1,0.0
14,0.6,12,accelerate,0.0,0.0,12.825,7.0,5.825,-0.0,128.247,12.825,0.0,5.825,-0.0,0.788,0.0,1,0.0
14,0.65,13,accelerate,0.158,0.305,12.82,7.305,5.515,-0.146,42.097,12.818,0.0,5.514,-0.304,0.738,0.0,0,0.05
14,0.7,14,accelerate,0.518,0.628,12.815,7.628,5.187,-0.11,20.408,12.815,0.518,5.187,-0.11,0.701,0.0,1,0.0
14,0.75,15,accelerate,0.821,0.892,12.812,7.892,4.92,-0.071,14.362,12.812,0.821,4.92,-0.071,0.668,0.0,1,0.0
14,0.8,16,accelerate,1.035,1.034,12.814,8.034,4.78,0.001,12.398,12.814,1.035,4.78,0.001,0.652,0.0,1,0.0
14,0.85,17,accelerate,1.162,1.15,12.815,8.15,4.665,0.012,11.143,12.815,1.162,4.665,0.012,0.638,0.0,1,0.0
14,0.9,18,accelerate,1.301,1.24,12.819,8.24,4.579,0.062,10.341,12.819,1.301,4.579,0.062,0.629,0.0,1,0.0
14,0.95,19,accelerate,1.417,1.368,12.824,8.368,4.456,0.049,9.373,12.824,1.417,4.456,0.049,0.613,0.0,1,0.0
14,1.0,20,accelerate,1.543,1.45,12.829,8.45,4.379,0.093,8.848,12.829,1.543,4.379,0.093,0.605,0.0,1,0.0
14,1.05,21,accelerate,1.645,1.532,12.837,8.532,4.305,0.113,8.379,12.757,1.543,4.225,0.011,0.582,0.0,0,0.05
14,1.1,22,accelerate,1.806,1.605,12.848,8.605,4.242,0.2,8.003,12.848,1.806,4.242,0.2,0.592,0.0,1,0.0
14,1.15,23,accelerate,1.917,1.678,12.861,8.678,4.183,0.239,7.664,12.861,1.917,4.183,0.239,0.586,0.0,1,0.0
14,1.2,24,accelerate,2.082,1.749,12.878,8.749,4.13,0.333,7.364,12.778,1.917,4.03,0.169,0.564,0.0,0,0.05
14,1.25,25,accelerate,2.228,1.823,12.9,8.823,4.077,0.405,7.077,12.9,2.228,4.077,0.405,0.579,0.0,1,0.0
14,1.3,26,accelerate,2.418,1.893,12.926,8.893,4.033,0.525,6.829,12.81,2.228,3.917,0.335,0.556,0.0,0,0.05
14,1.35,27,accelerate,2.584,1.969,12.957,8.969,3.988,0.615,6.58,12.957,2.584,3.988,0.615,0.575,0.0,1,0.0
14,1.4,28,accelerate,2.755,2.043,12.994,9.043,3.95,0.712,6.359,12.994,2.755,3.95,0.712,0.574,0.0,1,0.0
14,1.45,29,accelerate,2.842,2.125,13.032,9.125,3.907,0.717,6.133,13.032,2.842,3.907,0.717,0.569,0.0,1,0.0
14,1.5,30,accelerate,2.887,2.205,13.07,9.205,3.865,0.682,5.926,13.07,2.887,3.865,0.682,0.563,0.0,1,0.0
14,1.55,31,accelerate,2.886,2.291,13.104,9.291,3.813,0.595,5.72,12.961,2.887,3.67,0.596,0.535,0.0,0,0.05
14,1.6,32,accelerate,2.919,2.372,13.136,9.372,3.763,0.546,5.537,12.848,2.887,3.475,0.515,0.507,0.0,0,0.1
14,1.65,33,accelerate,2.98,2.438,13.165,9.438,3.728,0.542,5.401,12.73,2.887,3.293,0.449,0.481,0.0,0,0.15
14,1.7,34,accelerate,3.108,2.483,13.197,9.483,3.714,0.625,5.314,12.61,2.887,3.127,0.404,0.457,0.0,0,0.2
14,1.75,35,accelerate,3.256,2.535,13.233,9.535,3.698,0.721,5.22,12.487,2.887,2.952,0.352,0.433,0.0,0,0.25
14,1.8,36,accelerate,3.447,2.592,13.275,9.592,3.684,0.855,5.123,12.361,2.887,2.77,0.296,0.407,0.0,0,0.3
14,1.85,37,accelerate,3.624,2.642,13.324,9.642,3.682,0.982,5.043,12.232,2.887,2.59,0.245,0.382,0.0,0,0.35
14,1.9,38,accelerate,3.752,2.672,13.378,9.672,3.706,1.08,5.007,12.101,2.887,2.429,0.215,0.36,0.0,0,0.4
14,1.95,39,accelerate,3.783,2.697,13.434,9.697,3.737,1.086,4.981,13.434,3.783,3.737,1.086,0.564,0.0,1,0.0
14,2.0,40,accelerate,3.783,2.714,13.489,9.714,3.775,1.068,4.97,13.3,3.783,3.586,1.069,0.544,0.0,0,0.05
14,2.05,41,accelerate,3.797,2.756,13.542,9.756,3.787,1.042,4.915,13.165,3.783,3.409,1.027,0.519,0.0,0,0.1
14,2.1,42,accelerate,3.888,2.803,13.597,9.803,3.794,1.086,4.851,13.597,3.888,3.794,1.086,0.573,0.0,1,0.0
14,2.15,43,accelerate,4.026,2.866,13.654,9.866,3.788,1.16,4.764,13.456,3.888,3.59,1.022,0.545,0.0,0,0.05
14,2.2,44,accelerate,4.199,2.935,13.716,9.935,3.781,1.264,4.673,13.312,3.888,3.377,0.953,0.514,0.0,0,0.1
14,2.25,45,accelerate,4.381,3.011,13.783,10.011,3.773,1.37,4.578,13.783,4.381,3.773,1.37,0.582,0.0,1,0.0
14,2.3,46,accelerate,4.541,3.088,13.856,10.088,3.768,1.453,4.487,13.856,4.541,3.768,1.453,0.585,0.0,1,0.0
14,2.35,47,accelerate,4.619,3.179,13.929,10.179,3.75,1.439,4.381,13.929,4.619,3.75,1.439,0.582,0.0,1,0.0
14,2.4,48,accelerate,4.628,3.277,14.0,10.277,3.723,1.351,4.272,14.0,4.628,3.723,1.351,0.576,0.0,1,0.0
14,2.45,49,accelerate,4.627,3.382,14.065,10.382,3.683,1.245,4.158,13.834,4.628,3.452,1.245,0.537,0.0,0,0.05
14,2.5,50,accelerate,4.685,3.483,14.126,10.483,3.643,1.201,4.055,14.126,4.685,3.643,1.201,0.562,0.0,1,0.0
14,2.55,51,accelerate,4.803,3.583,14.188,10.583,3.605,1.22,3.959,14.188,4.803,3.605,1.22,0.558,0.0,1,0.0
14,2.6,52,accelerate,4.956,3.669,14.252,10.669,3.582,1.286,3.884,14.007,4.803,3.338,1.133,0.52,0.0,0,0.05
14,2.65,53,accelerate,5.128,3.763,14.319,10.763,3.556,1.365,3.805,14.319,5.128,3.556,1.365,0.558,0.0,1,0.0
14,2.7,54,accelerate,5.243,3.854,14.39,10.854,3.536,1.389,3.734,14.129,5.128,3.275,1.274,0.518,0.0,0,0.05
14,2.75,55,accelerate,5.09,3.944,14.452,10.944,3.509,1.146,3.665,14.452,5.09,3.509,1.146,0.545,0.0,1,0.0
14,2.8,56,accelerate,5.093,4.026,14.508,11.026,3.481,1.067,3.603,14.253,5.09,3.227,1.063,0.505,0.0,0,0.05
14,2.85,57,accelerate,5.0,4.107,14.556,11.107,3.449,0.893,3.544,14.05,5.09,2.943,0.983,0.465,0.0,0,0.1
14,2.9,58,accelerate,5.459,4.173,14.614,11.173,3.441,1.286,3.502,13.844,5.09,2.671,0.917,0.427,0.0,0,0.15
14,2.95,59,accelerate,5.818,4.224,14.689,11.224,3.465,1.594,3.478,14.689,5.818,3.465,1.594,0.556,0.0,1,0.0
14,3.0,60,accelerate,5.924,4.258,14.771,11.258,3.513,1.665,3.469,14.477,5.818,3.219,1.559,0.523,0.0,0,0.05
14,3.05,61,accelerate,5.894,4.325,14.852,11.325,3.527,1.568,3.434,14.852,5.894,3.527,1.568,0.565,0.0,1,0.0
14,3.1,62,accelerate,5.845,4.398,14.927,11.398,3.529,1.447,3.394,14.927,5.845,3.529,1.447,0.562,0.0,1,0.0
14,3.15,63,accelerate,5.815,4.48,14.996,11.48,3.516,1.335,3.347,14.996,5.815,3.516,1.335,0.557,0.0,1,0.0
14,3.2,64,accelerate,5.815,4.565,15.061,11.565,3.496,1.25,3.299,14.77,5.815,3.206,1.25,0.513,0.0,0,0.05
14,3.25,65,accelerate,5.848,4.645,15.122,11.645,3.477,1.203,3.256,14.54,5.815,2.895,1.17,0.469,0.0,0,0.1
14,3.3,66,accelerate,5.915,4.71,15.182,11.71,3.472,1.205,3.223,15.182,5.915,3.472,1.205,0.548,0.0,1,0.0
14,3.35,67,accelerate,6.014,4.772,15.244,11.772,3.472,1.242,3.195,15.244,6.014,3.472,1.242,0.55,0.0,1,0.0
14,3.4,68,accelerate,6.142,4.827,15.309,11.827,3.481,1.314,3.171,15.309,6.142,3.481,1.314,0.554,0.0,1,0.0
14,3.45,69,accelerate,6.136,4.906,15.372,11.906,3.466,1.23,3.133,15.372,6.136,3.466,1.23,0.55,0.0,1,0.0
14,3.5,70,accelerate,6.131,4.986,15.431,11.986,3.445,1.146,3.095,15.125,6.136,3.139,1.15,0.504,0.0,0,0.05
14,3.55,71,accelerate,6.633,5.059,15.498,12.059,3.439,1.575,3.064,14.873,6.136,2.815,1.077,0.459,0.0,0,0.1
14,3.6,72,accelerate,7.16,5.09,15.592,12.09,3.502,2.07,3.063,15.592,7.16,3.502,2.07,0.584,0.0,1,0.0
14,3.65,73,accelerate,7.555,5.003,15.711,12.003,3.708,2.552,3.14,15.341,7.16,3.338,2.156,0.566,0.0,0,0.05
14,3.7,74,accelerate,7.722,4.97,15.844,11.97,3.874,2.752,3.188,15.844,7.722,3.874,2.752,0.658,0.0,1,0.0
14,3.75,75,accelerate,7.703,5.102,15.977,12.102,3.874,2.601,3.131,15.591,7.722,3.489,2.62,0.603,0.0,0,0.05
14,3.8,76,accelerate,7.626,5.023,16.108,12.023,4.085,2.603,3.207,16.108,7.626,4.085,2.603,0.682,0.0,1,0.0
14,3.85,77,accelerate,7.518,5.057,16.235,12.057,4.178,2.461,3.21,15.857,7.626,3.8,2.569,0.644,0.0,0,0.05
14,3.9,78,accelerate,7.405,5.26,16.346,12.26,4.086,2.145,3.108,15.596,7.626,3.336,2.366,0.576,0.0,0,0.1
14,3.95,79,accelerate,7.305,5.229,16.451,12.229,4.222,2.076,3.146,16.451,7.305,4.222,2.076,0.685,0.0,1,0.0
14,4.0,80,accelerate,7.248,5.211,16.553,12.211,4.342,2.036,3.176,16.553,7.248,4.342,2.036,0.7,0.0,1,0.0
14,4.05,81,accelerate,7.239,5.214,16.655,12.214,4.44,2.025,3.194,16.293,7.248,4.078,2.034,0.666,0.0,0,0.05
14,4.1,82,accelerate,7.276,5.242,16.756,12.242,4.514,2.034,3.196,16.756,7.276,4.514,2.034,0.724,0.0,1,0.0
14,4.15,83,accelerate,7.341,5.292,16.858,12.292,4.566,2.049,3.186,16.858,7.341,4.566,2.049,0.733,0.0,1,0.0
14,4.2,84,accelerate,7.448,5.375,16.961,12.375,4.586,2.073,3.155,16.591,7.341,4.216,1.965,0.684,0.0,0,0.05
14,4.25,85,accelerate,7.583,5.484,17.066,12.484,4.582,2.099,3.112,16.319,7.341,3.836,1.857,0.63,0.0,0,0.1
14,4.3,86,accelerate,7.741,5.604,17.172,12.604,4.567,2.136,3.064,17.172,7.741,4.567,2.136,0.738,0.0,1,0.0
14,4.35,87,accelerate,7.905,5.732,17.28,12.732,4.548,2.174,3.015,17.28,7.905,4.548,2.174,0.737,0.0,1,0.0
14,4.4,88,accelerate,8.086,5.881,17.389,12.881,4.507,2.205,2.957,16.988,7.905,4.107,2.024,0.674,0.0,0,0.05
14,4.45,89,accelerate,8.279,5.872,17.505,12.872,4.632,2.406,2.981,16.695,7.905,3.822,2.033,0.637,0.0,0,0.1
14,4.5,90,accelerate,8.479,5.867,17.631,12.867,4.764,2.612,3.005,17.631,8.479,4.764,2.612,0.783,0.0,1,0.0
14,4.55,91,accelerate,8.672,6.385,17.755,13.385,4.37,2.287,2.781,17.755,8.672,4.37,2.287,0.72,0.0,1,0.0
14,4.6,92,accelerate,8.875,6.927,17.856,13.927,3.929,1.948,2.578,17.417,8.672,3.491,1.745,0.585,0.0,0,0.05
14,4.65,93,accelerate,9.083,7.338,17.945,14.338,3.606,1.745,2.445,17.945,9.083,3.606,1.745,0.601,0.0,1,0.0
14,4.7,94,accelerate,9.294,7.632,18.027,14.632,3.395,1.662,2.362,17.568,9.083,2.936,1.451,0.503,0.0,0,0.05
14,4.75,95,accelerate,9.471,7.792,18.109,14.792,3.317,1.679,2.324,17.182,9.083,2.389,1.291,0.425,0.0,0,0.1
14,4.8,96,accelerate,9.572,7.91,18.19,14.91,3.28,1.663,2.3,18.19,9.572,3.28,1.663,0.557,0.0,1,0.0
14,4.85,97,accelerate,9.588,7.998,18.268,14.998,3.27,1.59,2.284,18.268,9.588,3.27,1.59,0.553,0.0,1,0.0
14,4.9,98,accelerate,9.536,8.081,18.34,15.081,3.259,1.455,2.269,17.866,9.588,2.785,1.506,0.486,0.0,0,0.05
14,4.95,99,accelerate,9.505,8.156,18.405,15.156,3.248,1.349,2.257,17.46,9.588,2.304,1.431,0.42,0.0,0,0.1
14,5.0,100,accelerate,9.53,8.214,18.466,15.214,3.252,1.316,2.248,17.05,9.588,1.836,1.374,0.356,0.0,0,0.15
14,5.05,101,accelerate,9.595,8.249,18.527,15.249,3.279,1.346,2.246,18.527,9.595,3.279,1.346,0.548,0.0,1,0.0
14,5.1,102,accelerate,9.682,8.269,18.591,15.269,3.322,1.413,2.248,18.115,9.595,2.846,1.326,0.49,0.0,0,0.05
14,5.15,103,accelerate,9.807,8.294,18.657,15.294,3.363,1.514,2.249,17.701,9.595,2.407,1.301,0.431,0.0,0,0.1
14,5.2,104,accelerate,9.966,8.316,18.728,15.316,3.412,1.65,2.252,17.286,9.595,1.97,1.278,0.373,0.0,0,0.15
14,5.25,105,accelerate,10.118,8.327,18.806,15.327,3.478,1.791,2.258,18.806,10.118,3.478,1.791,0.591,0.0,1,0.0
14,5.3,106,accelerate,10.302,8.332,18.889,15.332,3.557,1.969,2.267,18.889,10.302,3.557,1.969,0.608,0.0,1,0.0
14,5.35,107,accelerate,10.492,8.357,18.981,15.357,3.625,2.135,2.271,18.473,10.302,3.117,1.945,0.549,0.0,0,0.05
14,5.4,108,accelerate,10.664,8.396,19.079,15.396,3.683,2.268,2.272,19.079,10.664,3.683,2.268,0.636,0.0,1,0.0
14,5.45,109,accelerate,10.69,8.447,19.176,15.447,3.729,2.243,2.27,19.176,10.69,3.729,2.243,0.642,0.0,1,0.0
14,5.5,110,accelerate,10.644,8.517,19.27,15.517,3.754,2.128,2.263,19.27,10.644,3.754,2.128,0.642,0.0,1,0.0
14,5.55,111,accelerate,10.944,8.601,19.366,15.601,3.765,2.342,2.252,19.366,10.944,3.765,2.342,0.652,0.0,1,0.0
14,5.6,112,accelerate,11.276,8.698,19.475,15.698,3.777,2.578,2.239,19.475,11.276,3.777,2.578,0.662,0.0,1,0.0
14,5.65,113,accelerate,11.476,8.805,19.589,15.805,3.784,2.671,2.225,19.041,11.276,3.235,2.47,0.586,0.0,0,0.05
14,5.7,114,accelerate,11.466,8.916,19.699,15.916,3.782,2.55,2.209,19.699,11.466,3.782,2.55,0.663,0.0,1,0.0
14,5.75,115,accelerate,11.413,9.026,19.798,16.026,3.772,2.387,2.193,19.798,11.413,3.772,2.387,0.656,0.0,1,0.0
14,5.8,116,accelerate,11.355,9.144,19.891,16.144,3.747,2.211,2.175,19.349,11.413,3.205,2.269,0.577,0.0,0,0.05
14,5.85,117,accelerate,11.294,9.26,19.974,16.26,3.714,2.034,2.157,19.974,11.294,3.714,2.034,0.638,0.0,1,0.0
14,5.9,118,accelerate,11.275,9.371,20.049,16.371,3.678,1.903,2.139,19.516,11.294,3.145,1.923,0.559,0.0,0,0.05
14,5.95,119,accelerate,11.316,9.475,20.119,16.475,3.644,1.84,2.123,19.053,11.294,2.578,1.819,0.48,0.0,0,0.1
14,6.0,120,accelerate,11.396,9.564,20.19,16.564,3.626,1.832,2.111,18.585,11.294,2.022,1.73,0.404,0.0,0,0.15
14,6.05,121,accelerate,11.469,9.624,20.262,16.624,3.638,1.845,2.105,18.115,11.294,1.491,1.67,0.331,0.0,0,0.2
14,6.1,122,accelerate,11.57,9.651,20.335,16.651,3.684,1.919,2.107,17.643,11.294,0.992,1.643,0.264,0.0,0,0.25
14,6.15,123,accelerate,11.639,9.63,20.409,16.63,3.778,2.009,2.119,20.409,11.639,3.778,2.009,0.648,0.0,1,0.0
14,6.2,124,accelerate,11.773,9.602,20.487,16.602,3.885,2.17,2.134,20.487,11.773,3.885,2.17,0.668,0.0,1,0.0
14,6.25,125,accelerate,11.913,9.598,20.577,16.598,3.978,2.315,2.144,20.577,11.913,3.978,2.315,0.686,0.0,1,0.0
14,6.3,126,accelerate,12.031,9.63,20.673,16.63,4.043,2.402,2.147,20.116,11.913,3.487,2.284,0.62,0.0,0,0.05
14,6.35,127,accelerate,12.157,9.676,20.771,16.676,4.095,2.481,2.147,19.654,11.913,2.978,2.237,0.551,0.0,0,0.1
14,6.4,128,accelerate,12.305,9.741,20.873,16.741,4.132,2.564,2.143,19.187,11.913,2.446,2.172,0.479,0.0,0,0.15
14,6.45,129,accelerate,12.41,9.8,20.98,16.8,4.179,2.61,2.141,18.719,11.913,1.918,2.113,0.407,0.0,0,0.2
14,6.5,130,accelerate,12.543,9.824,21.088,16.824,4.264,2.719,2.147,21.088,12.543,4.264,2.719,0.74,0.0,1,0.0
14,6.55,131,accelerate,12.688,9.85,21.204,16.85,4.354,2.838,2.153,20.624,12.543,3.774,2.693,0.675,0.0,0,0.05
14,6.6,132,accelerate,12.796,9.902,21.325,16.902,4.423,2.894,2.154,20.157,12.543,3.255,2.64,0.604,0.0,0,0.1
14,6.65,133,accelerate,12.924,9.977,21.449,16.977,4.472,2.947,2.15,19.689,12.543,2.712,2.566,0.53,0.0,0,0.15
14,6.7,134,accelerate,13.005,10.033,21.572,17.033,4.539,2.971,2.15,21.572,13.005,4.539,2.971,0.788,0.0,1,0.0
14,6.75,135,accelerate,13.139,10.103,21.696,17.103,4.593,3.036,2.148,21.696,13.139,4.593,3.036,0.798,0.0,1,0.0
14,6.8,136,accelerate,13.289,10.216,21.826,17.216,4.61,3.074,2.137,21.826,13.289,4.61,3.074,0.802,0.0,1,0.0
14,6.85,137,accelerate,13.401,10.352,21.956,17.352,4.605,3.049,2.121,21.956,13.401,4.605,3.049,0.801,0.0,1,0.0
14,6.9,138,accelerate,13.524,10.537,22.082,17.537,4.546,2.987,2.096,22.082,13.524,4.546,2.987,0.792,0.0,1,0.0
14,6.95,139,accelerate,13.598,10.586,22.206,17.586,4.62,3.012,2.098,21.595,13.524,4.009,2.937,0.72,0.0,0,0.05
14,7.0,140,accelerate,13.729,10.599,22.335,17.599,4.736,3.13,2.107,21.109,13.524,3.511,2.925,0.653,0.0,0,0.1
14,7.05,141,accelerate,13.878,10.773,22.472,17.773,4.699,3.105,2.086,22.472,13.878,4.699,3.105,0.819,0.0,1,0.0
14,7.1,142,accelerate,13.987,11.148,22.599,18.148,4.451,2.839,2.027,22.599,13.987,4.451,2.839,0.777,0.0,1,0.0
14,7.15,143,accelerate,14.108,11.409,22.713,18.409,4.304,2.699,1.991,22.713,14.108,4.304,2.699,0.754,0.0,1,0.0
14,7.2,144,accelerate,14.177,11.668,22.817,18.668,4.149,2.509,1.955,22.817,14.177,4.149,2.509,0.728,0.0,1,0.0
14,7.25,145,accelerate,14.301,11.893,22.916,18.893,4.023,2.408,1.927,22.916,14.301,4.023,2.408,0.708,0.0,1,0.0
14,7.3,146,accelerate,14.446,12.059,23.018,19.059,3.959,2.387,1.909,23.018,14.446,3.959,2.387,0.7,0.0,1,0.0
14,7.35,147,accelerate,14.541,12.211,23.119,19.211,3.908,2.33,1.893,23.119,14.541,3.908,2.33,0.692,0.0,1,0.0
14,7.4,148,accelerate,14.638,12.362,23.22,19.362,3.858,2.276,1.878,23.22,14.638,3.858,2.276,0.684,0.0,1,0.0
14,7.45,149,accelerate,14.677,12.463,23.318,19.463,3.855,2.213,1.871,22.664,14.638,3.201,2.174,0.593,0.0,0,0.05
14,7.5,150,accelerate,14.762,12.574,23.415,19.574,3.841,2.189,1.862,22.1,14.638,2.526,2.064,0.5,0.0,0,0.1
14,7.55,151,accelerate,14.873,12.615,23.517,19.615,3.902,2.259,1.864,23.517,14.873,3.902,2.259,0.691,0.0,1,0.0
14,7.6,152,accelerate,14.968,12.69,23.622,19.69,3.932,2.278,1.861,23.622,14.968,3.932,2.278,0.696,0.0,1,0.0
14,7.65,153,accelerate,15.096,12.789,23.735,19.789,3.947,2.308,1.856,23.054,14.968,3.266,2.18,0.604,0.0,0,0.05
14,7.7,154,accelerate,15.202,12.853,23.853,19.853,4.0,2.349,1.856,22.48,14.968,2.627,2.115,0.517,0.0,0,0.1
14,7.75,155,accelerate,15.338,12.915,23.977,19.915,4.062,2.423,1.857,21.899,14.968,1.984,2.053,0.43,0.0,0,0.15
14,7.8,156,accelerate,15.45,12.972,24.109,19.972,4.137,2.478,1.859,21.312,14.968,1.34,1.996,0.342,0.0,0,0.2
14,7.85,157,accelerate,15.552,12.964,24.25,19.964,4.286,2.588,1.871,24.25,15.552,4.286,2.588,0.756,0.0,1,0.0
14,7.9,158,accelerate,15.632,12.963,24.4,19.963,4.437,2.669,1.882,24.4,15.632,4.437,2.669,0.779,0.0,1,0.0
14,7.95,159,accelerate,15.689,12.949,24.555,19.949,4.606,2.74,1.896,23.823,15.632,3.874,2.683,0.705,0.0,0,0.05
14,8.0,160,accelerate,15.771,13.017,24.714,20.017,4.697,2.754,1.899,24.714,15.771,4.697,2.754,0.818,0.0,1,0.0
14,8.05,161,accelerate,15.866,13.123,24.878,20.123,4.755,2.743,1.896,24.131,15.771,4.008,2.648,0.723,0.0,0,0.05
14,8.1,162,accelerate,15.981,13.208,25.048,20.208,4.84,2.773,1.896,23.54,15.771,3.332,2.562,0.63,0.0,0,0.1
14,8.15,163,accelerate,16.008,13.302,25.22,20.302,4.918,2.706,1.896,25.22,16.008,4.918,2.706,0.846,0.0,1,0.0
14,8.2,164,accelerate,16.003,13.417,25.39,20.417,4.974,2.586,1.892,24.622,16.008,4.205,2.592,0.747,0.0,0,0.05
14,8.25,165,accelerate,16.106,13.505,25.56,20.505,5.055,2.601,1.893,25.56,16.106,5.055,2.601,0.861,0.0,1,0.0
14,8.3,166,accelerate,16.314,13.63,25.735,20.63,5.105,2.684,1.888,25.735,16.314,5.105,2.684,0.87,0.0,1,0.0
14,8.35,167,accelerate,16.49,13.725,25.913,20.725,5.188,2.765,1.888,25.115,16.314,4.389,2.588,0.772,0.0,0,0.05
14,8.4,168,accelerate,16.643,13.882,26.094,20.882,5.212,2.761,1.88,26.094,16.643,5.212,2.761,0.887,0.0,1,0.0
14,8.45,169,accelerate,16.774,13.991,26.273,20.991,5.282,2.783,1.878,26.273,16.774,5.282,2.783,0.897,0.0,1,0.0
14,8.5,170,accelerate,16.87,14.167,26.45,21.167,5.283,2.703,1.867,26.45,16.87,5.283,2.703,0.895,0.0,1,0.0
14,8.55,171,cruise,16.934,14.371,26.623,21.371,5.252,2.563,1.853,25.791,16.87,4.42,2.499,0.773,0.0,0,0.05
14,8.6,172,cruise,16.988,14.537,26.791,21.537,5.253,2.451,1.843,26.791,16.988,5.253,2.451,0.882,0.0,1,0.0
14,8.65,173,cruise,17.05,14.702,26.951,21.702,5.249,2.348,1.833,26.951,17.05,5.249,2.348,0.878,0.0,1,0.0
14,8.7,174,cruise,17.129,14.648,27.109,21.648,5.461,2.481,1.851,26.263,17.05,4.615,2.402,0.795,0.0,0,0.05
14,8.75,175,cruise,17.219,14.611,27.272,21.611,5.661,2.607,1.867,27.272,17.219,5.661,2.607,0.942,0.0,1,0.0
14,8.8,176,cruise,17.316,14.727,27.434,21.727,5.707,2.589,1.863,26.576,17.219,4.849,2.492,0.83,0.0,0,0.05
14,8.85,177,cruise,17.413,14.966,27.587,21.966,5.621,2.447,1.843,27.587,17.413,5.621,2.447,0.931,0.0,1,0.0
14,8.9,178,cruise,17.494,15.195,27.731,22.195,5.536,2.298,1.825,27.731,17.494,5.536,2.298,0.915,0.0,1,0.0
14,8.95,179,cruise,17.52,15.37,27.867,22.37,5.497,2.15,1.813,27.867,17.52,5.497,2.15,0.905,0.0,1,0.0
14,9.0,180,cruise,17.475,15.545,27.989,22.545,5.445,1.93,1.801,27.117,17.52,4.572,1.975,0.775,0.0,0,0.05
14,9.05,181,cruise,17.403,15.653,28.098,22.653,5.445,1.75,1.795,26.356,17.52,3.703,1.867,0.656,0.0,0,0.1
14,9.1,182,cruise,17.325,15.79,28.194,22.79,5.404,1.535,1.786,25.585,17.52,2.795,1.73,0.53,0.0,0,0.15
14,9.15,183,cruise,17.272,15.845,28.278,22.845,5.433,1.427,1.785,24.806,17.52,1.961,1.675,0.417,0.0,0,0.2
14,9.2,184,cruise,17.265,15.913,28.356,22.913,5.443,1.352,1.782,24.02,17.52,1.107,1.607,0.301,0.0,0,0.25
14,9.25,185,cruise,17.298,15.959,28.43,22.959,5.471,1.339,1.781,28.43,17.298,5.471,1.339,0.874,0.0,1,0.0
14,9.3,186,cruise,17.357,15.953,28.505,22.953,5.551,1.403,1.787,27.639,17.298,4.685,1.345,0.77,0.0,0,0.05
14,9.35,187,cruise,17.421,15.988,28.58,22.988,5.593,1.433,1.788,26.845,17.298,3.857,1.31,0.658,0.0,0,0.1
14,9.4,188,cruise,17.461,16.02,28.656,23.02,5.636,1.441,1.789,26.049,17.298,3.029,1.278,0.546,0.0,0,0.15
14,9.45,189,cruise,17.459,16.077,28.729,23.077,5.652,1.382,1.787,25.249,17.298,2.172,1.221,0.43,0.0,0,0.2
14,9.5,190,cruise,17.422,16.102,28.799,23.102,5.697,1.32,1.789,28.799,17.422,5.697,1.32,0.904,0.0,1,0.0
14,9.55,191,cruise,17.37,16.137,28.864,23.137,5.727,1.233,1.789,28.864,17.37,5.727,1.233,0.905,0.0,1,0.0
14,9.6,192,cruise,17.326,16.199,28.924,23.199,5.725,1.127,1.786,28.924,17.326,5.725,1.127,0.901,0.0,1,0.0
14,9.65,193,cruise,17.307,16.279,28.978,23.279,5.7,1.028,1.78,28.113,17.326,4.834,1.047,0.779,0.0,0,0.05
14,9.7,194,cruise,17.323,16.395,29.028,23.395,5.633,0.928,1.771,27.297,17.326,3.902,0.931,0.651,0.0,0,0.1
14,9.75,195,cruise,17.362,16.498,29.073,23.498,5.574,0.863,1.762,29.073,17.362,5.574,0.863,0.872,0.0,1,0.0
14,9.8,196,cruise,17.404,16.604,29.115,23.604,5.51,0.8,1.753,28.245,17.362,4.641,0.758,0.744,0.0,0,0.05
14,9.85,197,cruise,17.43,16.714,29.153,23.714,5.438,0.716,1.744,29.153,17.43,5.438,0.716,0.849,0.0,1,0.0
14,9.9,198,cruise,17.429,16.833,29.185,23.833,5.353,0.596,1.734,28.314,17.43,4.481,0.597,0.717,0.0,0,0.05
14,9.95,199,cruise,17.406,16.954,29.211,23.954,5.257,0.451,1.723,27.469,17.43,3.515,0.476,0.584,0.0,0,0.1
14,10.0,200,cruise,17.373,17.055,29.23,24.055,5.176,0.319,1.714,26.619,17.43,2.564,0.375,0.454,0.0,0,0.15
14,10.05,201,cruise,17.347,17.133,29.243,24.133,5.11,0.214,1.707,25.764,17.43,1.631,0.297,0.327,0.0,0,0.2
14,10.1,202,cruise,17.337,17.174,29.252,24.174,5.078,0.163,1.703,24.906,17.43,0.732,0.256,0.206,0.0,0,0.25
14,10.15,203,cruise,17.348,17.18,29.26,24.18,5.081,0.168,1.703,24.047,17.43,-0.132,0.251,0.091,0.0,0,0.3
14,10.2,204,cruise,17.371,17.146,29.271,24.146,5.125,0.225,1.707,23.189,17.43,-0.957,0.284,0.0,0.014,0,0.35
14,10.25,205,cruise,17.394,17.076,29.285,24.076,5.209,0.318,1.715,29.285,17.394,5.209,0.318,0.805,0.0,1,0.0
14,10.3,206,cruise,17.407,16.989,29.304,23.989,5.315,0.418,1.725,28.434,17.394,4.445,0.405,0.706,0.0,0,0.05
14,10.35,207,cruise,17.405,16.92,29.327,23.92,5.408,0.485,1.733,27.587,17.394,3.667,0.474,0.605,0.0,0,0.1
14,10.4,208,cruise,17.391,16.891,29.352,23.891,5.461,0.5,1.738,26.742,17.394,2.85,0.503,0.497,0.0,0,0.15
14,10.45,209,cruise,17.374,16.886,29.377,23.886,5.491,0.488,1.74,29.377,17.374,5.491,0.488,0.848,0.0,1,0.0
14,10.5,210,cruise,17.361,16.898,29.401,23.898,5.503,0.463,1.74,28.532,17.374,4.635,0.476,0.734,0.0,0,0.05
14,10.55,211,cruise,17.358,16.941,29.423,23.941,5.482,0.417,1.737,27.686,17.374,3.746,0.433,0.614,0.0,0,0.1
14,10.6,212,cruise,17.364,16.998,29.442,23.998,5.444,0.366,1.732,29.442,17.364,5.444,0.366,0.838,0.0,1,0.0
14,10.65,213,cruise,17.376,17.064,29.459,24.064,5.395,0.313,1.726,29.459,17.376,5.395,0.313,0.83,0.0,1,0.0
14,10.7,214,cruise,17.387,17.154,29.472,24.154,5.318,0.234,1.718,29.472,17.387,5.318,0.234,0.817,0.0,1,0.0
14,10.75,215,cruise,17.393,17.261,29.481,24.261,5.22,0.132,1.708,28.611,17.387,4.35,0.126,0.684,0.0,0,0.05
14,10.8,216,cruise,17.391,17.37,29.484,24.37,5.114,0.021,1.697,29.484,17.391,5.114,0.021,0.783,0.0,1,0.0
14,10.85,217,cruise,17.384,17.476,29.481,24.476,5.005,-0.093,1.687,28.612,17.391,4.136,-0.085,0.649,0.0,0,0.05
14,10.9,218,cruise,17.375,17.581,29.473,24.581,4.892,-0.206,1.676,27.735,17.391,3.154,-0.19,0.514,0.0,0,0.1
14,10.95,219,cruise,17.369,17.666,29.46,24.666,4.794,-0.297,1.668,29.46,17.369,4.794,-0.297,0.729,0.0,1,0.0
14,11.0,220,cruise,17.368,17.737,29.443,24.737,4.706,-0.368,1.66,29.443,17.368,4.706,-0.368,0.715,0.0,1,0.0
14,11.05,221,cruise,17.372,17.816,29.423,24.816,4.607,-0.443,1.652,29.423,17.372,4.607,-0.443,0.699,0.0,1,0.0
14,11.1,222,cruise,17.378,17.9,29.398,24.9,4.499,-0.521,1.642,29.398,17.378,4.499,-0.521,0.682,0.0,1,0.0
14,11.15,223,cruise,17.383,17.985,29.37,24.985,4.385,-0.601,1.633,29.37,17.383,4.385,-0.601,0.665,0.0,1,0.0
14,11.2,224,cruise,17.386,18.068,29.337,25.068,4.269,-0.682,1.624,29.337,17.386,4.269,-0.682,0.646,0.0,1,0.0
14,11.25,225,cruise,17.384,18.148,29.301,25.148,4.153,-0.764,1.615,28.431,17.386,3.283,-0.762,0.512,0.0,0,0.05
14,11.3,226,cruise,17.38,18.216,29.26,25.216,4.044,-0.836,1.606,27.522,17.386,2.305,-0.831,0.38,0.0,0,0.1
14,11.35,227,cruise,17.376,18.26,29.217,25.26,3.957,-0.883,1.6,29.217,17.376,3.957,-0.883,0.598,0.0,1,0.0
14,11.4,228,cruise,17.374,18.285,29.172,25.285,3.887,-0.911,1.595,29.172,17.374,3.887,-0.911,0.588,0.0,1,0.0
14,11.45,229,cruise,17.373,18.317,29.125,25.317,3.809,-0.943,1.59,29.125,17.373,3.809,-0.943,0.576,0.0,1,0.0
14,11.5,230,cruise,17.376,18.353,29.077,25.353,3.724,-0.977,1.584,29.077,17.376,3.724,-0.977,0.564,0.0,1,0.0
14,11.55,231,cruise,17.379,18.391,29.027,25.391,3.637,-1.012,1.578,28.158,17.376,2.768,-1.015,0.435,0.0,0,0.05
14,11.6,232,cruise,17.381,18.421,28.976,25.421,3.555,-1.04,1.573,27.238,17.376,1.817,-1.045,0.307,0.0,0,0.1
14,11.65,233,cruise,17.382,18.429,28.924,25.429,3.494,-1.047,1.569,28.924,17.382,3.494,-1.047,0.531,0.0,1,0.0
14,11.7,234,cruise,17.381,18.423,28.871,25.423,3.448,-1.042,1.567,28.871,17.381,3.448,-1.042,0.525,0.0,1,0.0
14,11.75,235,cruise,17.379,18.426,28.819,25.426,3.393,-1.047,1.564,27.95,17.381,2.524,-1.045,0.402,0.0,0,0.05
14,11.8,236,cruise,17.377,18.429,28.767,25.429,3.337,-1.052,1.561,28.767,17.377,3.337,-1.052,0.51,0.0,1,0.0
14,11.85,237,cruise,17.376,18.43,28.714,25.43,3.285,-1.054,1.558,27.845,17.377,2.416,-1.053,0.387,0.0,0,0.05
14,11.9,238,cruise,17.376,18.429,28.661,25.429,3.233,-1.053,1.555,26.924,17.377,1.495,-1.052,0.264,0.0,0,0.1
14,11.95,239,cruise,17.377,18.412,28.609,25.412,3.197,-1.035,1.554,26.003,17.377,0.591,-1.035,0.144,0.0,0,0.15
14,12.0,240,cruise,17.379,18.37,28.559,25.37,3.188,-0.991,1.555,28.559,17.379,3.188,-0.991,0.492,0.0,1,0.0
14,12.05,241,cruise,17.38,18.313,28.511,25.313,3.198,-0.933,1.557,28.511,17.38,3.198,-0.933,0.495,0.0,1,0.0
14,12.1,242,cruise,17.38,18.273,28.466,25.273,3.192,-0.893,1.558,28.466,17.38,3.192,-0.893,0.496,0.0,1,0.0
14,12.15,243,cruise,17.38,18.253,28.422,25.253,3.168,-0.874,1.557,27.553,17.38,2.299,-0.873,0.378,0.0,0,0.05
14,12.2,244,cruise,17.379,18.238,28.378,25.238,3.14,-0.859,1.556,28.378,17.379,3.14,-0.859,0.49,0.0,1,0.0
14,12.25,245,cruise,17.378,18.224,28.336,25.224,3.112,-0.846,1.555,27.467,17.379,2.243,-0.845,0.371,0.0,0,0.05
14,12.3,246,cruise,17.377,18.212,28.294,25.212,3.082,-0.835,1.554,26.556,17.379,1.344,-0.834,0.251,0.0,0,0.1
14,12.35,247,cruise,17.377,18.187,28.253,25.187,3.066,-0.81,1.553,25.646,17.379,0.459,-0.808,0.134,0.0,0,0.15
14,12.4,248,cruise,17.378,18.139,28.214,25.139,3.075,-0.761,1.555,28.214,17.378,3.075,-0.761,0.485,0.0,1,0.0
14,12.45,249,cruise,17.379,18.077,28.177,25.077,3.1,-0.698,1.559,27.308,17.378,2.231,-0.699,0.374,0.0,0,0.05
14,12.5,250,cruise,17.379,18.028,28.144,25.028,3.116,-0.648,1.561,26.406,17.378,1.379,-0.65,0.262,0.0,0,0.1
14,12.55,251,cruise,17.379,17.98,28.113,24.98,3.133,-0.601,1.564,28.113,17.379,3.133,-0.601,0.498,0.0,1,0.0
14,12.6,252,cruise,17.379,17.934,28.084,24.934,3.151,-0.555,1.566,27.216,17.379,2.282,-0.554,0.386,0.0,0,0.05
14,12.65,253,cruise,17.378,17.901,28.058,24.901,3.157,-0.523,1.567,26.32,17.379,1.419,-0.522,0.272,0.0,0,0.1
14,12.7,254,cruise,17.378,17.866,28.033,24.866,3.167,-0.488,1.569,28.033,17.378,3.167,-0.488,0.506,0.0,1,0.0
14,12.75,255,cruise,17.378,17.828,28.009,24.828,3.181,-0.451,1.571,27.14,17.378,2.312,-0.451,0.393,0.0,0,0.05
14,12.8,256,cruise,17.378,17.803,27.988,24.803,3.185,-0.425,1.572,27.988,17.378,3.185,-0.425,0.51,0.0,1,0.0
14,12.85,257,cruise,17.378,17.785,27.967,24.785,3.182,-0.407,1.572,27.967,17.378,3.182,-0.407,0.511,0.0,1,0.0
14,12.9,258,cruise,17.379,17.781,27.947,24.781,3.166,-0.403,1.572,27.078,17.378,2.297,-0.403,0.393,0.0,0,0.05
14,12.95,259,cruise,17.379,17.779,27.927,24.779,3.148,-0.4,1.571,27.927,17.379,3.148,-0.4,0.506,0.0,1,0.0
14,13.0,260,cruise,17.379,17.776,27.907,24.776,3.131,-0.397,1.57,27.907,17.379,3.131,-0.397,0.504,0.0,1,0.0
14,13.05,261,cruise,17.379,17.78,27.887,24.78,3.107,-0.401,1.568,27.887,17.379,3.107,-0.401,0.501,0.0,1,0.0
14,13.1,262,cruise,17.378,17.789,27.866,24.789,3.077,-0.411,1.566,26.997,17.379,2.209,-0.41,0.381,0.0,0,0.05
14,13.15,263,cruise,17.378,17.794,27.846,24.794,3.052,-0.416,1.565,26.108,17.379,1.314,-0.415,0.261,0.0,0,0.1
14,13.2,264,cruise,17.378,17.781,27.825,24.781,3.045,-0.403,1.565,25.218,17.379,0.438,-0.402,0.145,0.0,0,0.15
14,13.25,265,cruise,17.378,17.742,27.806,24.742,3.064,-0.364,1.567,24.33,17.379,-0.412,-0.364,0.033,0.0,0,0.2
14,13.3,266,cruise,17.378,17.675,27.79,24.675,3.115,-0.297,1.572,23.445,17.379,-1.23,-0.296,0.0,0.056,0,0.25
14,13.35,267,cruise,17.378,17.572,27.778,24.572,3.206,-0.193,1.581,22.565,17.379,-2.007,-0.193,0.0,0.131,0,0.3
14,13.4,268,cruise,17.379,17.436,27.772,24.436,3.336,-0.058,1.593,21.69,17.379,-2.746,-0.058,0.0,0.202,0,0.35
14,13.45,269,cruise,17.379,17.275,27.774,24.275,3.499,0.103,1.608,20.823,17.379,-3.452,0.103,0.0,0.269,0,0.4
14,13.5,270,cruise,17.378,17.093,27.785,24.093,3.692,0.285,1.626,27.785,17.378,3.692,0.285,0.601,0.0,1,0.0
14,13.55,271,cruise,17.378,16.95,27.804,23.95,3.854,0.428,1.64,26.935,17.378,2.985,0.428,0.512,0.0,0,0.05
14,13.6,272,cruise,17.378,16.858,27.828,23.858,3.971,0.521,1.651,26.09,17.378,2.233,0.521,0.415,0.0,0,0.1
14,13.65,273,cruise,17.378,16.8,27.856,23.8,4.056,0.578,1.658,25.249,17.378,1.45,0.579,0.313,0.0,0,0.15
14,13.7,274,cruise,17.378,16.754,27.886,23.754,4.132,0.624,1.664,27.886,17.378,4.132,0.624,0.672,0.0,1,0.0
14,13.75,275,cruise,17.378,16.717,27.919,23.717,4.202,0.661,1.67,27.05,17.378,3.333,0.661,0.566,0.0,0,0.05
14,13.8,276,cruise,17.378,16.708,27.952,23.708,4.244,0.67,1.673,27.952,17.378,4.244,0.67,0.688,0.0,1,0.0
14,13.85,277,cruise,17.378,16.724,27.985,23.724,4.262,0.655,1.673,27.985,17.378,4.262,0.655,0.69,0.0,1,0.0
14,13.9,278,cruise,17.378,16.764,28.017,23.764,4.253,0.614,1.671,28.017,17.378,4.253,0.614,0.688,0.0,1,0.0
14,13.95,279,cruise,17.378,16.821,28.046,23.821,4.225,0.558,1.667,27.177,17.378,3.356,0.558,0.566,0.0,0,0.05
14,14.0,280,cruise,17.378,16.881,28.072,23.881,4.191,0.497,1.663,26.334,17.378,2.453,0.498,0.444,0.0,0,0.1
14,14.05,281,cruise,17.378,16.927,28.095,23.927,4.168,0.451,1.66,25.488,17.378,1.561,0.451,0.323,0.0,0,0.15
14,14.1,282,cruise,17.378,16.949,28.117,23.949,4.167,0.429,1.659,28.117,17.378,4.167,0.429,0.67,0.0,1,0.0
14,14.15,283,cruise,17.378,16.956,28.138,23.956,4.182,0.422,1.659,27.269,17.378,3.313,0.422,0.556,0.0,0,0.05
14,14.2,284,cruise,17.378,16.975,28.159,23.975,4.184,0.404,1.659,28.159,17.378,4.184,0.404,0.671,0.0,1,0.0
14,14.25,285,cruise,17.378,17.006,28.178,24.006,4.172,0.372,1.657,28.178,17.378,4.172,0.372,0.669,0.0,1,0.0
14,14.3,286,cruise,17.378,17.054,28.195,24.054,4.141,0.324,1.653,28.195,17.378,4.141,0.324,0.663,0.0,1,0.0
14,14.35,287,cruise,17.378,17.113,28.21,24.113,4.097,0.265,1.648,28.21,17.378,4.097,0.265,0.655,0.0,1,0.0
14,14.4,288,cruise,17.378,17.178,28.221,24.178,4.043,0.201,1.643,27.352,17.378,3.174,0.201,0.53,0.0,0,0.05
14,14.45,289,cruise,17.378,17.238,28.229,24.238,3.991,0.14,1.638,28.229,17.378,3.991,0.14,0.637,0.0,1,0.0
14,14.5,290,cruise,17.378,17.293,28.235,24.293,3.942,0.085,1.633,27.366,17.378,3.073,0.085,0.513,0.0,0,0.05
14,14.55,291,cruise,17.378,17.345,28.237,24.345,3.893,0.034,1.628,26.499,17.378,2.155,0.034,0.388,0.0,0,0.1
14,14.6,292,cruise,17.378,17.378,28.238,24.378,3.86,0.0,1.625,25.631,17.378,1.253,0.0,0.267,0.0,0,0.15
14,14.65,293,cruise,17.378,17.385,28.238,24.385,3.853,-0.006,1.624,28.238,17.378,3.853,-0.006,0.613,0.0,1,0.0
14,14.7,294,cruise,17.378,17.374,28.238,24.374,3.863,0.004,1.625,28.238,17.378,3.863,0.004,0.615,0.0,1,0.0
14,14.75,295,cruise,17.378,17.381,28.238,24.381,3.856,-0.003,1.625,28.238,17.378,3.856,-0.003,0.614,0.0,1,0.0
14,14.8,296,cruise,17.378,17.406,28.237,24.406,3.83,-0.028,1.622,28.237,17.378,3.83,-0.028,0.61,0.0,1,0.0
14,14.85,297,cruise,17.378,17.443,28.234,24.443,3.791,-0.065,1.619,27.365,17.378,2.922,-0.065,0.487,0.0,0,0.05
14,14.9,298,cruise,17.378,17.48,28.23,24.48,3.75,-0.101,1.615,26.492,17.378,2.013,-0.101,0.365,0.0,0,0.1
14,14.95,299,cruise,17.378,17.5,28.224,24.5,3.724,-0.122,1.613,28.224,17.378,3.724,-0.122,0.592,0.0,1,0.0
14,15.0,300,cruise,17.378,17.51,28.218,24.51,3.707,-0.132,1.611,27.349,17.378,2.838,-0.132,0.474,0.0,0,0.05
14,15.05,301,cruise,17.378,17.526,28.211,24.526,3.685,-0.148,1.61,26.473,17.378,1.947,-0.148,0.355,0.0,0,0.1
14,15.1,302,cruise,17.378,17.532,28.203,24.532,3.671,-0.154,1.609,25.596,17.378,1.064,-0.154,0.237,0.0,0,0.15
14,15.15,303,cruise,17.378,17.517,28.196,24.517,3.679,-0.139,1.61,28.196,17.378,3.679,-0.139,0.586,0.0,1,0.0
14,15.2,304,cruise,17.378,17.489,28.19,24.489,3.701,-0.111,1.612,27.321,17.378,2.832,-0.111,0.474,0.0,0,0.05
14,15.25,305,cruise,17.378,17.474,28.185,24.474,3.71,-0.096,1.613,28.185,17.378,3.71,-0.096,0.592,0.0,1,0.0
14,15.3,306,cruise,17.378,17.474,28.18,24.474,3.706,-0.096,1.613,27.311,17.378,2.837,-0.096,0.475,0.0,0,0.05
14,15.35,307,cruise,17.379,17.484,28.175,24.484,3.691,-0.105,1.611,28.175,17.379,3.691,-0.105,0.589,0.0,1,0.0
14,15.4,308,cruise,17.379,17.5,28.169,24.5,3.669,-0.121,1.61,28.169,17.379,3.669,-0.121,0.585,0.0,1,0.0
14,15.45,309,cruise,17.379,17.527,28.162,24.527,3.635,-0.148,1.607,28.162,17.379,3.635,-0.148,0.58,0.0,1,0.0
14,15.5,310,cruise,17.378,17.561,28.154,24.561,3.593,-0.183,1.603,27.285,17.379,2.724,-0.182,0.457,0.0,0,0.05
14,15.55,311,cruise,17.377,17.592,28.144,24.592,3.552,-0.215,1.6,26.406,17.379,1.814,-0.213,0.335,0.0,0,0.1
14,15.6,312,cruise,17.377,17.605,28.133,24.605,3.528,-0.228,1.598,25.526,17.379,0.921,-0.226,0.215,0.0,0,0.15
14,15.65,313,cruise,17.378,17.592,28.122,24.592,3.53,-0.214,1.599,28.122,17.378,3.53,-0.214,0.564,0.0,1,0.0
14,15.7,314,cruise,17.378,17.562,28.112,24.562,3.55,-0.184,1.601,27.243,17.378,2.681,-0.185,0.451,0.0,0,0.05
14,15.75,315,cruise,17.379,17.544,28.104,24.544,3.56,-0.165,1.602,26.366,17.378,1.822,-0.166,0.337,0.0,0,0.1
14,15.8,316,cruise,17.379,17.525,28.096,24.525,3.571,-0.146,1.603,28.096,17.379,3.571,-0.146,0.571,0.0,1,0.0
14,15.85,317,cruise,17.379,17.507,28.089,24.507,3.582,-0.128,1.604,28.089,17.379,3.582,-0.128,0.573,0.0,1,0.0
14,15.9,318,cruise,17.379,17.509,28.083,24.509,3.573,-0.131,1.604,28.083,17.379,3.573,-0.131,0.572,0.0,1,0.0
14,15.95,319,cruise,17.378,17.526,28.076,24.526,3.55,-0.148,1.602,27.207,17.379,2.681,-0.148,0.453,0.0,0,0.05
14,16.0,320,cruise,17.378,17.545,28.068,24.545,3.523,-0.167,1.6,28.068,17.378,3.523,-0.167,0.564,0.0,1,0.0
14,16.05,321,cruise,17.378,17.563,28.059,24.563,3.496,-0.185,1.598,27.19,17.378,2.627,-0.185,0.444,0.0,0,0.05
14,16.1,322,cruise,17.378,17.582,28.049,24.582,3.467,-0.204,1.595,28.049,17.378,3.467,-0.204,0.556,0.0,1,0.0
14,16.15,323,cruise,17.378,17.598,28.038,24.598,3.44,-0.22,1.593,28.038,17.378,3.44,-0.22,0.551,0.0,1,0.0
14,16.2,324,cruise,17.379,17.622,28.027,24.622,3.405,-0.243,1.59,27.158,17.378,2.536,-0.243,0.43,0.0,0,0.05
14,16.25,325,cruise,17.379,17.642,28.014,24.642,3.372,-0.263,1.588,26.276,17.378,1.634,-0.264,0.309,0.0,0,0.1
14,16.3,326,cruise,17.379,17.645,28.0,24.645,3.355,-0.266,1.587,25.394,17.378,0.748,-0.267,0.191,0.0,0,0.15
14,16.35,327,cruise,17.379,17.623,27.988,24.623,3.365,-0.244,1.588,27.988,17.379,3.365,-0.244,0.541,0.0,1,0.0
14,16.4,328,cruise,17.378,17.584,27.976,24.584,3.392,-0.206,1.591,27.108,17.379,2.523,-0.206,0.43,0.0,0,0.05
14,16.45,329,cruise,17.378,17.557,27.967,24.557,3.41,-0.179,1.593,27.967,17.378,3.41,-0.179,0.549,0.0,1,0.0
14,16.5,330,cruise,17.378,17.543,27.959,24.543,3.415,-0.165,1.594,27.959,17.378,3.415,-0.165,0.55,0.0,1,0.0
14,16.55,331,cruise,17.378,17.547,27.95,24.547,3.403,-0.169,1.593,27.95,17.378,3.403,-0.169,0.548,0.0,1,0.0
14,16.6,332,cruise,17.378,17.561,27.941,24.561,3.38,-0.183,1.591,27.073,17.378,2.511,-0.183,0.429,0.0,0,0.05
14,16.65,333,cruise,17.378,17.576,27.932,24.576,3.356,-0.197,1.589,26.194,17.378,1.618,-0.198,0.309,0.0,0,0.1
14,16.7,334,cruise,17.379,17.575,27.922,24.575,3.347,-0.197,1.589,27.922,17.379,3.347,-0.197,0.54,0.0,1,0.0
14,16.75,335,cruise,17.379,17.565,27.912,24.565,3.348,-0.186,1.589,27.912,17.379,3.348,-0.186,0.54,0.0,1,0.0
14,16.8,336,cruise,17.378,17.568,27.903,24.568,3.335,-0.189,1.588,27.034,17.379,2.466,-0.189,0.423,0.0,0,0.05
14,16.85,337,cruise,17.378,17.574,27.893,24.574,3.319,-0.196,1.587,27.893,17.378,3.319,-0.196,0.536,0.0,1,0.0
14,16.9,338,cruise,17.378,17.58,27.883,24.58,3.303,-0.202,1.586,27.015,17.378,2.435,-0.202,0.418,0.0,0,0.05
14,16.95,339,cruise,17.378,17.588,27.873,24.588,3.285,-0.21,1.585,26.135,17.378,1.547,-0.21,0.299,0.0,0,0.1
14,17.0,340,cruise,17.378,17.582,27.863,24.582,3.281,-0.204,1.585,25.256,17.378,0.674,-0.204,0.183,0.0,0,0.15
14,17.05,341,cruise,17.378,17.553,27.854,24.553,3.301,-0.175,1.587,24.378,17.378,-0.175,-0.175,0.071,0.0,0,0.2
14,17.1,342,cruise,17.378,17.496,27.847,24.496,3.35,-0.118,1.592,23.502,17.378,-0.994,-0.118,0.0,0.028,0,0.25
14,17.15,343,cruise,17.378,17.407,27.843,24.407,3.436,-0.028,1.6,27.843,17.378,3.436,-0.028,0.557,0.0,1,0.0
14,17.2,344,cruise,17.378,17.308,27.845,24.308,3.536,0.07,1.609,27.845,17.378,3.536,0.07,0.574,0.0,1,0.0
14,17.25,345,cruise,17.378,17.233,27.85,24.233,3.618,0.146,1.616,27.85,17.378,3.618,0.146,0.587,0.0,1,0.0
14,17.3,346,cruise,17.378,17.197,27.859,24.197,3.661,0.181,1.62,27.859,17.378,3.661,0.181,0.594,0.0,1,0.0
14,17.35,347,cruise,17.378,17.193,27.868,24.193,3.675,0.186,1.621,26.999,17.378,2.806,0.186,0.48,0.0,0,0.05
14,17.4,348,cruise,17.378,17.201,27.877,24.201,3.676,0.177,1.621,26.139,17.378,1.938,0.177,0.364,0.0,0,0.1
14,17.45,349,cruise,17.378,17.204,27.886,24.204,3.682,0.175,1.621,27.886,17.378,3.682,0.175,0.597,0.0,1,0.0
14,17.5,350,cruise,17.378,17.203,27.895,24.203,3.692,0.175,1.622,27.026,17.378,2.823,0.175,0.482,0.0,0,0.05
14,17.55,351,cruise,17.378,17.213,27.903,24.213,3.691,0.166,1.621,26.165,17.378,1.953,0.166,0.366,0.0,0,0.1
14,17.6,352,cruise,17.378,17.216,27.911,24.216,3.695,0.162,1.621,27.911,17.378,3.695,0.162,0.598,0.0,1,0.0
14,17.65,353,cruise,17.378,17.216,27.919,24.216,3.703,0.162,1.622,27.919,17.378,3.703,0.162,0.599,0.0,1,0.0
14,17.7,354,cruise,17.378,17.233,27.927,24.233,3.694,0.145,1.621,27.927,17.378,3.694,0.145,0.597,0.0,1,0.0
14,17.75,355,cruise,17.378,17.263,27.933,24.263,3.671,0.116,1.618,27.933,17.378,3.671,0.116,0.593,0.0,1,0.0
14,17.8,356,cruise,17.378,17.3,27.938,24.3,3.638,0.078,1.615,27.938,17.378,3.638,0.078,0.588,0.0,1,0.0
14,17.85,357,cruise,17.378,17.342,27.941,24.342,3.599,0.036,1.611,27.072,17.378,2.73,0.036,0.465,0.0,0,0.05
14,17.9,358,cruise,17.378,17.379,27.941,24.379,3.562,-0.001,1.608,26.204,17.378,1.824,-0.001,0.343,0.0,0,0.1
14,17.95,359,cruise,17.378,17.398,27.941,24.398,3.543,-0.019,1.606,27.941,17.378,3.543,-0.019,0.572,0.0,1,0.0
14,18.0,360,cruise,17.378,17.404,27.94,24.404,3.536,-0.026,1.605,27.071,17.378,2.667,-0.026,0.455,0.0,0,0.05
14,18.05,361,cruise,17.378,17.415,27.938,24.415,3.523,-0.036,1.604,26.2,17.378,1.786,-0.036,0.337,0.0,0,0.1
14,18.1,362,cruise,17.378,17.415,27.936,24.415,3.521,-0.037,1.604,25.329,17.378,0.914,-0.037,0.221,0.0,0,0.15
14,18.15,363,cruise,17.378,17.395,27.935,24.395,3.54,-0.017,1.606,27.935,17.378,3.54,-0.017,0.571,0.0,1,0.0
14,18.2,364,cruise,17.378,17.362,27.935,24.362,3.573,0.016,1.609,27.935,17.378,3.573,0.016,0.577,0.0,1,0.0
14,18.25,365,cruise,17.378,17.35,27.936,24.35,3.587,0.029,1.61,27.068,17.378,2.718,0.029,0.463,0.0,0,0.05
14,18.3,366,cruise,17.378,17.351,27.938,24.351,3.587,0.027,1.61,27.938,17.378,3.587,0.027,0.579,0.0,1,0.0
14,18.35,367,cruise,17.378,17.359,27.939,24.359,3.58,0.019,1.609,27.939,17.378,3.58,0.019,0.578,0.0,1,0.0
14,18.4,368,cruise,17.378,17.381,27.939,24.381,3.558,-0.003,1.607,27.07,17.378,2.689,-0.003,0.458,0.0,0,0.05
14,18.45,369,cruise,17.378,17.404,27.939,24.404,3.534,-0.026,1.605,27.939,17.378,3.534,-0.026,0.57,0.0,1,0.0
14,18.5,370,cruise,17.374,17.425,27.936,24.425,3.511,-0.052,1.603,27.068,17.378,2.642,-0.047,0.451,0.0,0,0.05
14,18.55,371,cruise,17.375,17.447,27.933,24.447,3.486,-0.073,1.601,27.933,17.375,3.486,-0.073,0.562,0.0,1,0.0
14,18.6,372,cruise,17.355,17.467,27.928,24.467,3.461,-0.112,1.599,27.928,17.355,3.461,-0.112,0.558,0.0,1,0.0
14,18.65,373,cruise,17.362,17.493,27.922,24.493,3.429,-0.131,1.596,27.922,17.362,3.429,-0.131,0.553,0.0,1,0.0
14,18.7,374,cruise,17.375,17.523,27.915,24.523,3.391,-0.149,1.593,27.915,17.375,3.391,-0.149,0.547,0.0,1,0.0
14,18.75,375,cruise,17.37,17.555,27.906,24.555,3.351,-0.185,1.59,27.906,17.37,3.351,-0.185,0.541,0.0,1,0.0
14,18.8,376,cruise,17.375,17.587,27.895,24.587,3.308,-0.212,1.586,27.895,17.375,3.308,-0.212,0.534,0.0,1,0.0
14,18.85,377,cruise,17.371,17.618,27.881,24.618,3.263,-0.248,1.582,27.015,17.375,2.396,-0.243,0.411,0.0,0,0.05
14,18.9,378,cruise,17.306,17.642,27.862,24.642,3.22,-0.335,1.579,27.862,17.306,3.22,-0.335,0.518,0.0,1,0.0
14,18.95,379,cruise,17.302,17.657,27.84,24.657,3.184,-0.355,1.577,27.84,17.302,3.184,-0.355,0.513,0.0,1,0.0
14,19.0,380,cruise,17.344,17.674,27.82,24.674,3.146,-0.33,1.574,26.957,17.302,2.283,-0.373,0.392,0.0,0,0.05
14,19.05,381,cruise,17.395,17.686,27.804,24.686,3.118,-0.292,1.572,27.804,17.395,3.118,-0.292,0.506,0.0,1,0.0
14,19.1,382,cruise,17.403,17.692,27.785,24.692,3.093,-0.289,1.571,27.785,17.403,3.093,-0.289,0.503,0.0,1,0.0
14,19.15,383,cruise,17.414,17.702,27.764,24.702,3.062,-0.288,1.568,27.764,17.414,3.062,-0.288,0.499,0.0,1,0.0
14,19.2,384,cruise,17.403,17.714,27.74,24.714,3.026,-0.311,1.566,26.879,17.414,2.164,-0.301,0.379,0.0,0,0.05
14,19.25,385,cruise,17.387,17.721,27.715,24.721,2.994,-0.335,1.564,25.993,17.414,1.272,-0.307,0.259,0.0,0,0.1
14,19.3,386,cruise,17.362,17.709,27.689,24.709,2.98,-0.348,1.564,27.689,17.362,2.98,-0.348,0.486,0.0,1,0.0
14,19.35,387,cruise,17.348,17.685,27.664,24.685,2.979,-0.338,1.564,26.806,17.362,2.12,-0.324,0.372,0.0,0,0.05
14,19.4,388,cruise,17.337,17.666,27.64,24.666,2.974,-0.33,1.565,27.64,17.337,2.974,-0.33,0.486,0.0,1,0.0
14,19.45,389,cruise,17.355,17.65,27.618,24.65,2.968,-0.296,1.565,27.618,17.355,2.968,-0.296,0.486,0.0,1,0.0
14,19.5,390,cruise,17.367,17.644,27.599,24.644,2.955,-0.277,1.564,27.599,17.367,2.955,-0.277,0.485,0.0,1,0.0
14,19.55,391,cruise,17.393,17.644,27.583,24.644,2.938,-0.252,1.563,27.583,17.393,2.938,-0.252,0.483,0.0,1,0.0
14,19.6,392,cruise,17.407,17.649,27.568,24.649,2.919,-0.242,1.562,26.703,17.393,2.054,-0.256,0.365,0.0,0,0.05
14,19.65,393,cruise,17.388,17.648,27.555,24.648,2.906,-0.26,1.561,25.823,17.393,1.175,-0.256,0.248,0.0,0,0.1
14,19.7,394,cruise,17.379,17.631,27.543,24.631,2.912,-0.252,1.562,24.944,17.393,0.313,-0.238,0.134,0.0,0,0.15
14,19.75,395,cruise,17.348,17.588,27.533,24.588,2.945,-0.24,1.565,24.067,17.393,-0.521,-0.195,0.024,0.0,0,0.2
14,19.8,396,cruise,17.349,17.518,27.526,24.518,3.008,-0.169,1.571,23.193,17.393,-1.325,-0.125,0.0,0.061,0,0.25
14,19.85,397,cruise,17.352,17.411,27.525,24.411,3.113,-0.06,1.581,22.323,17.393,-2.088,-0.019,0.0,0.135,0,0.3
14,19.9,398,cruise,17.374,17.274,27.531,24.274,3.257,0.099,1.594,27.531,17.374,3.257,0.099,0.537,0.0,1,0.0
14,19.95,399,cruise,17.384,17.154,27.546,24.154,3.391,0.23,1.606,27.546,17.384,3.391,0.23,0.56,0.0,1,0.0
14,20.0,400,cruise,17.397,17.068,27.566,24.068,3.497,0.329,1.615,26.696,17.384,2.628,0.316,0.461,0.0,0,0.05
14,20.05,401,cruise,17.4,17.019,27.59,24.019,3.571,0.381,1.621,27.59,17.4,3.571,0.381,0.589,0.0,1,0.0
14,20.1,402,cruise,17.38,16.991,27.615,23.991,3.624,0.389,1.625,27.615,17.38,3.624,0.389,0.596,0.0,1,0.0
14,20.15,403,cruise,17.37,16.994,27.639,23.994,3.645,0.376,1.626,27.639,17.37,3.645,0.376,0.599,0.0,1,0.0
14,20.2,404,cruise,17.361,16.992,27.662,23.992,3.67,0.368,1.628,27.662,17.361,3.67,0.368,0.602,0.0,1,0.0
14,20.25,405,cruise,17.363,17.025,27.683,24.025,3.658,0.338,1.626,26.816,17.361,2.791,0.335,0.483,0.0,0,0.05
14,20.3,406,cruise,17.37,17.057,27.703,24.057,3.646,0.312,1.624,27.703,17.37,3.646,0.312,0.596,0.0,1,0.0
14,20.35,407,cruise,17.381,17.071,27.721,24.071,3.651,0.31,1.624,27.721,17.381,3.651,0.31,0.597,0.0,1,0.0
14,20.4,408,cruise,17.389,17.105,27.738,24.105,3.633,0.285,1.622,26.87,17.381,2.766,0.276,0.478,0.0,0,0.05
14,20.45,409,cruise,17.388,17.127,27.753,24.127,3.627,0.261,1.62,26.019,17.381,1.892,0.254,0.361,0.0,0,0.1
14,20.5,410,cruise,17.385,17.074,27.769,24.074,3.695,0.311,1.626,27.769,17.385,3.695,0.311,0.603,0.0,1,0.0
14,20.55,411,cruise,17.378,17.065,27.783,24.065,3.718,0.313,1.628,26.917,17.385,2.852,0.32,0.491,0.0,0,0.05
14,20.6,412,cruise,17.373,17.083,27.795,24.083,3.712,0.29,1.627,27.795,17.373,3.712,0.29,0.605,0.0,1,0.0
14,20.65,413,cruise,17.37,17.101,27.803,24.101,3.702,0.269,1.626,26.937,17.373,2.836,0.272,0.487,0.0,0,0.05
14,20.7,414,cruise,17.372,17.096,27.813,24.096,3.717,0.277,1.627,26.081,17.373,1.985,0.277,0.374,0.0,0,0.1
14,20.75,415,cruise,17.377,17.105,27.824,24.105,3.719,0.271,1.627,27.824,17.377,3.719,0.271,0.605,0.0,1,0.0
14,20.8,416,cruise,17.38,17.106,27.837,24.106,3.731,0.274,1.627,26.97,17.377,2.864,0.27,0.491,0.0,0,0.05
14,20.85,417,cruise,17.383,17.121,27.85,24.121,3.729,0.262,1.627,26.116,17.377,1.995,0.255,0.375,0.0,0,0.1
14,20.9,418,cruise,17.383,17.122,27.864,24.122,3.741,0.261,1.627,27.864,17.383,3.741,0.261,0.608,0.0,1,0.0
14,20.95,419,cruise,17.381,17.123,27.879,24.123,3.756,0.258,1.628,27.879,17.381,3.756,0.258,0.609,0.0,1,0.0
14,21.0,420,cruise,17.378,17.128,27.893,24.128,3.765,0.25,1.628,27.026,17.381,2.898,0.253,0.495,0.0,0,0.05
14,21.05,421,cruise,17.376,17.154,27.908,24.154,3.754,0.222,1.627,27.908,17.376,3.754,0.222,0.608,0.0,1,0.0
14,21.1,422,cruise,17.375,17.18,27.922,24.18,3.742,0.195,1.625,27.922,17.375,3.742,0.195,0.605,0.0,1,0.0
14,21.15,423,cruise,17.376,17.204,27.935,24.204,3.731,0.171,1.624,27.935,17.376,3.731,0.171,0.603,0.0,1,0.0
14,21.2,424,cruise,17.378,17.248,27.947,24.248,3.699,0.13,1.62,27.079,17.376,2.831,0.128,0.482,0.0,0,0.05
14,21.25,425,cruise,17.379,17.258,27.956,24.258,3.698,0.121,1.62,27.956,17.379,3.698,0.121,0.597,0.0,1,0.0
14,21.3,426,cruise,17.381,17.294,27.964,24.294,3.671,0.087,1.617,27.964,17.381,3.671,0.087,0.592,0.0,1,0.0
14,21.35,427,cruise,17.381,17.323,27.97,24.323,3.648,0.058,1.615,27.102,17.381,2.779,0.058,0.472,0.0,0,0.05
14,21.4,428,cruise,17.38,17.359,27.974,24.359,3.615,0.02,1.611,26.237,17.381,1.878,0.021,0.351,0.0,0,0.1
14,21.45,429,cruise,17.378,17.368,27.977,24.368,3.609,0.01,1.611,27.977,17.378,3.609,0.01,0.581,0.0,1,0.0
14,21.5,430,cruise,17.377,17.376,27.979,24.376,3.602,0.001,1.61,27.11,17.378,2.734,0.002,0.465,0.0,0,0.05
14,21.55,431,cruise,17.377,17.389,27.98,24.389,3.591,-0.012,1.609,27.98,17.377,3.591,-0.012,0.578,0.0,1,0.0
14,21.6,432,cruise,17.377,17.387,27.981,24.387,3.593,-0.011,1.609,27.112,17.377,2.725,-0.011,0.463,0.0,0,0.05
14,21.65,433,cruise,17.378,17.407,27.981,24.407,3.573,-0.03,1.607,26.243,17.377,1.836,-0.031,0.344,0.0,0,0.1
14,21.7,434,cruise,17.372,17.408,27.98,24.408,3.572,-0.035,1.607,25.374,17.377,0.966,-0.031,0.228,0.0,0,0.15
14,21.75,435,cruise,17.374,17.393,27.979,24.393,3.586,-0.018,1.609,27.979,17.374,3.586,-0.018,0.578,0.0,1,0.0
14,21.8,436,cruise,17.364,17.359,27.979,24.359,3.62,0.005,1.612,27.979,17.364,3.62,0.005,0.583,0.0,1,0.0
14,21.85,437,cruise,17.37,17.35,27.98,24.35,3.63,0.02,1.613,27.112,17.364,2.762,0.014,0.469,0.0,0,0.05
14,21.9,438,cruise,17.359,17.354,27.98,24.354,3.626,0.004,1.612,26.245,17.364,1.891,0.01,0.352,0.0,0,0.1
14,21.95,439,cruise,17.37,17.347,27.981,24.347,3.634,0.024,1.613,25.378,17.364,1.031,0.017,0.238,0.0,0,0.15
14,22.0,440,cruise,17.362,17.327,27.982,24.327,3.654,0.035,1.615,24.511,17.364,0.184,0.037,0.126,0.0,0,0.2
14,22.05,441,cruise,17.377,17.281,27.984,24.281,3.703,0.096,1.619,27.984,17.377,3.703,0.096,0.597,0.0,1,0.0
14,22.1,442,cruise,17.37,17.223,27.989,24.223,3.766,0.147,1.625,27.989,17.37,3.766,0.147,0.607,0.0,1,0.0
14,22.15,443,cruise,17.38,17.185,27.996,24.185,3.811,0.195,1.629,27.13,17.37,2.944,0.184,0.499,0.0,0,0.05
14,22.2,444,cruise,17.361,17.175,28.003,24.175,3.828,0.186,1.63,26.271,17.37,2.096,0.195,0.386,0.0,0,0.1
14,22.25,445,cruise,17.368,17.168,28.01,24.168,3.842,0.2,1.631,25.413,17.37,1.245,0.202,0.273,0.0,0,0.15
14,22.3,446,cruise,17.348,17.148,28.016,24.148,3.867,0.2,1.634,24.555,17.37,0.407,0.222,0.162,0.0,0,0.2
14,22.35,447,cruise,17.362,17.109,28.022,24.109,3.912,0.253,1.638,28.022,17.362,3.912,0.253,0.63,0.0,1,0.0
14,22.4,448,cruise,17.349,17.058,28.029,24.058,3.971,0.291,1.643,27.168,17.362,3.11,0.304,0.525,0.0,0,0.05
14,22.45,449,cruise,17.279,17.028,28.034,24.028,4.006,0.251,1.646,26.317,17.362,2.289,0.334,0.416,0.0,0,0.1
14,22.5,450,cruise,17.28,17.012,28.034,24.012,4.022,0.268,1.648,25.467,17.362,1.455,0.35,0.306,0.0,0,0.15
14,22.55,451,cruise,17.3,16.992,28.034,23.992,4.042,0.308,1.65,28.034,17.3,4.042,0.308,0.649,0.0,1,0.0
14,22.6,452,cruise,17.374,16.97,28.035,23.97,4.065,0.404,1.652,27.186,17.3,3.216,0.33,0.54,0.0,0,0.05
14,22.65,453,cruise,17.415,16.968,28.037,23.968,4.069,0.447,1.652,26.339,17.3,2.371,0.332,0.427,0.0,0,0.1
14,22.7,454,cruise,17.455,16.972,28.04,23.972,4.068,0.483,1.652,28.04,17.455,4.068,0.483,0.658,0.0,1,0.0
14,22.75,455,cruise,17.423,16.98,28.04,23.98,4.06,0.443,1.651,28.04,17.423,4.06,0.443,0.656,0.0,1,0.0
14,22.8,456,cruise,17.393,17.01,28.035,24.01,4.026,0.383,1.648,27.193,17.423,3.184,0.413,0.538,0.0,0,0.05
14,22.85,457,cruise,17.328,17.048,28.025,24.048,3.977,0.28,1.644,28.025,17.328,3.977,0.28,0.64,0.0,1,0.0
14,22.9,458,cruise,17.307,17.09,28.011,24.09,3.921,0.217,1.639,27.177,17.328,3.087,0.239,0.52,0.0,0,0.05
14,22.95,459,cruise,17.289,17.134,27.993,24.134,3.859,0.155,1.634,27.993,17.289,3.859,0.155,0.62,0.0,1,0.0
14,23.0,460,cruise,17.326,17.176,27.973,24.176,3.797,0.15,1.629,27.973,17.326,3.797,0.15,0.611,0.0,1,0.0
14,23.05,461,cruise,17.341,17.224,27.952,24.224,3.728,0.117,1.623,27.122,17.326,2.898,0.102,0.49,0.0,0,0.05
14,23.1,462,cruise,17.391,17.269,27.931,24.269,3.662,0.123,1.617,27.931,17.391,3.662,0.123,0.592,0.0,1,0.0
14,23.15,463,cruise,17.387,17.308,27.908,24.308,3.601,0.079,1.612,27.079,17.391,2.772,0.084,0.472,0.0,0,0.05
14,23.2,464,cruise,17.402,17.343,27.885,24.343,3.542,0.059,1.608,26.227,17.391,1.884,0.048,0.353,0.0,0,0.1
14,23.25,465,cruise,17.361,17.362,27.86,24.362,3.498,-0.001,1.605,27.86,17.361,3.498,-0.001,0.566,0.0,1,0.0
14,23.3,466,cruise,17.352,17.363,27.833,24.363,3.47,-0.011,1.603,27.833,17.352,3.47,-0.011,0.562,0.0,1,0.0
14,23.35,467,cruise,17.31,17.381,27.806,24.381,3.425,-0.07,1.6,26.988,17.352,2.607,-0.028,0.447,0.0,0,0.05
14,23.4,468,cruise,17.324,17.386,27.778,24.386,3.391,-0.062,1.598,26.142,17.352,1.755,-0.034,0.333,0.0,0,0.1
14,23.45,469,cruise,17.312,17.391,27.75,24.391,3.359,-0.079,1.596,27.75,17.312,3.359,-0.079,0.545,0.0,1,0.0
14,23.5,470,cruise,17.355,17.367,27.725,24.367,3.358,-0.012,1.596,26.912,17.312,2.545,-0.055,0.438,0.0,0,0.05
14,23.55,471,cruise,17.356,17.369,27.702,24.369,3.333,-0.013,1.595,26.075,17.312,1.706,-0.057,0.326,0.0,0,0.1
14,23.6,472,cruise,17.39,17.341,27.68,24.341,3.34,0.05,1.596,25.239,17.312,0.898,-0.028,0.219,0.0,0,0.15
14,23.65,473,cruise,17.366,17.315,27.662,24.315,3.347,0.051,1.598,24.403,17.312,0.088,-0.003,0.112,0.0,0,0.2
14,23.7,474,cruise,17.373,17.247,27.646,24.247,3.399,0.126,1.603,27.646,17.373,3.399,0.126,0.557,0.0,1,0.0
14,23.75,475,cruise,17.332,17.182,27.634,24.182,3.451,0.149,1.608,27.634,17.332,3.451,0.149,0.565,0.0,1,0.0
14,23.8,476,cruise,17.337,17.115,27.625,24.115,3.51,0.223,1.614,27.625,17.337,3.51,0.223,0.575,0.0,1,0.0
14,23.85,477,cruise,17.311,17.101,27.618,24.101,3.517,0.21,1.615,26.819,17.337,2.718,0.236,0.47,0.0,0,0.05
14,23.9,478,cruise,17.341,17.073,27.612,24.073,3.54,0.268,1.617,27.612,17.341,3.54,0.268,0.581,0.0,1,0.0
14,23.95,479,cruise,17.347,17.081,27.61,24.081,3.529,0.266,1.616,26.813,17.341,2.732,0.26,0.473,0.0,0,0.05
14,24.0,480,cruise,17.392,17.065,27.61,24.065,3.546,0.328,1.618,26.012,17.341,1.947,0.276,0.369,0.0,0,0.1
14,24.05,481,cruise,17.398,17.07,27.615,24.07,3.545,0.328,1.618,25.21,17.341,1.14,0.271,0.261,0.0,0,0.15
14,24.1,482,cruise,17.413,17.024,27.625,24.024,3.6,0.389,1.623,27.625,17.413,3.6,0.389,0.593,0.0,1,0.0
14,24.15,483,cruise,17.377,16.999,27.638,23.999,3.639,0.379,1.626,27.638,17.377,3.639,0.379,0.598,0.0,1,0.0
14,24.2,484,cruise,17.365,16.959,27.656,23.959,3.697,0.406,1.631,26.853,17.377,2.894,0.418,0.5,0.0,0,0.05
14,24.25,485,cruise,17.33,16.966,27.676,23.966,3.709,0.364,1.631,27.676,17.33,3.709,0.364,0.607,0.0,1,0.0
14,24.3,486,cruise,17.339,16.945,27.699,23.945,3.754,0.394,1.635,27.699,17.339,3.754,0.394,0.614,0.0,1,0.0
14,24.35,487,cruise,17.337,16.973,27.726,23.973,3.753,0.364,1.634,26.918,17.339,2.945,0.367,0.505,0.0,0,0.05
14,24.4,488,cruise,17.372,16.965,27.757,23.965,3.791,0.406,1.636,27.757,17.372,3.791,0.406,0.619,0.0,1,0.0
14,24.45,489,cruise,17.379,16.995,27.791,23.995,3.796,0.384,1.635,27.791,17.379,3.796,0.384,0.619,0.0,1,0.0
14,24.5,490,cruise,17.403,16.995,27.828,23.995,3.834,0.408,1.637,27.009,17.379,3.014,0.385,0.515,0.0,0,0.05
14,24.55,491,cruise,17.412,17.032,27.871,24.032,3.839,0.38,1.636,26.222,17.379,2.19,0.347,0.404,0.0,0,0.1
14,24.6,492,cruise,17.382,17.016,27.914,24.016,3.899,0.367,1.641,25.432,17.379,1.416,0.364,0.301,0.0,0,0.15
14,24.65,493,cruise,17.367,17.016,27.959,24.016,3.943,0.351,1.643,27.959,17.367,3.943,0.351,0.637,0.0,1,0.0
14,24.7,494,cruise,17.328,16.964,28.005,23.964,4.041,0.364,1.651,27.176,17.367,3.212,0.403,0.542,0.0,0,0.05
14,24.75,495,cruise,17.333,16.963,28.052,23.963,4.089,0.37,1.654,26.39,17.367,2.427,0.403,0.437,0.0,0,0.1
14,24.8,496,cruise,17.337,16.925,28.1,23.925,4.175,0.412,1.66,28.1,17.337,4.175,0.412,0.67,0.0,1,0.0
14,24.85,497,cruise,17.374,16.93,28.151,23.93,4.221,0.444,1.663,28.151,17.374,4.221,0.444,0.678,0.0,1,0.0
14,24.9,498,cruise,17.39,16.916,28.204,23.916,4.289,0.474,1.667,28.204,17.39,4.289,0.474,0.688,0.0,1,0.0
14,24.95,499,cruise,17.41,16.959,28.257,23.959,4.298,0.451,1.666,27.416,17.39,3.457,0.431,0.575,0.0,0,0.05
14,25.0,500,cruise,17.389,16.966,28.308,23.966,4.342,0.423,1.669,28.308,17.389,4.342,0.423,0.693,0.0,1,0.0
14,25.05,501,cruise,17.381,17.016,28.357,24.016,4.341,0.365,1.666,27.514,17.389,3.498,0.373,0.579,0.0,0,0.05
14,25.1,502,cruise,17.348,17.027,28.401,24.027,4.374,0.321,1.668,26.714,17.389,2.686,0.362,0.47,0.0,0,0.1
14,25.15,503,cruise,17.348,17.068,28.443,24.068,4.375,0.279,1.666,28.443,17.348,4.375,0.279,0.693,0.0,1,0.0
14,25.2,504,cruise,17.36,17.06,28.485,24.06,4.426,0.301,1.67,27.639,17.348,3.579,0.288,0.587,0.0,0,0.05
14,25.25,505,cruise,17.36,17.1,28.526,24.1,4.426,0.26,1.668,26.83,17.348,2.73,0.248,0.472,0.0,0,0.1
14,25.3,506,cruise,17.379,17.091,28.564,24.091,4.473,0.288,1.671,28.564,17.379,4.473,0.288,0.706,0.0,1,0.0
14,25.35,507,cruise,17.368,17.119,28.6,24.119,4.481,0.249,1.671,27.751,17.379,3.632,0.26,0.593,0.0,0,0.05
14,25.4,508,cruise,17.381,17.114,28.634,24.114,4.52,0.267,1.673,26.932,17.379,2.818,0.265,0.485,0.0,0,0.1
14,25.45,509,cruise,17.372,17.146,28.664,24.146,4.518,0.226,1.672,28.664,17.372,4.518,0.226,0.71,0.0,1,0.0
14,25.5,510,cruise,17.38,17.132,28.693,24.132,4.561,0.247,1.675,27.841,17.372,3.709,0.24,0.603,0.0,0,0.05
14,25.55,511,cruise,17.364,17.171,28.718,24.171,4.547,0.192,1.672,28.718,17.364,4.547,0.192,0.713,0.0,1,0.0
14,25.6,512,cruise,17.37,17.174,28.739,24.174,4.565,0.196,1.673,27.887,17.364,3.713,0.189,0.601,0.0,0,0.05
14,25.65,513,cruise,17.357,17.227,28.757,24.227,4.53,0.13,1.669,28.757,17.357,4.53,0.13,0.708,0.0,1,0.0
14,25.7,514,cruise,17.37,17.254,28.77,24.254,4.516,0.115,1.667,27.917,17.357,3.663,0.103,0.592,0.0,0,0.05
14,25.75,515,cruise,17.362,17.321,28.779,24.321,4.458,0.041,1.661,27.073,17.357,2.752,0.036,0.468,0.0,0,0.1
14,25.8,516,cruise,17.377,17.349,28.785,24.349,4.436,0.029,1.659,28.785,17.377,4.436,0.029,0.692,0.0,1,0.0
14,25.85,517,cruise,17.369,17.393,28.788,24.393,4.395,-0.024,1.655,27.935,17.377,3.542,-0.016,0.572,0.0,0,0.05
14,25.9,518,cruise,17.38,17.441,28.791,24.441,4.35,-0.061,1.651,27.083,17.377,2.642,-0.064,0.45,0.0,0,0.1
14,25.95,519,cruise,17.388,17.464,28.794,24.464,4.33,-0.076,1.649,26.228,17.377,1.764,-0.086,0.332,0.0,0,0.15
14,26.0,520,cruise,17.371,17.475,28.794,24.475,4.319,-0.104,1.648,25.37,17.377,0.895,-0.098,0.216,0.0,0,0.2
14,26.05,521,cruise,17.371,17.426,28.795,24.426,4.369,-0.054,1.652,24.512,17.377,0.086,-0.048,0.11,0.0,0,0.25
14,26.1,522,cruise,17.35,17.382,28.796,24.382,4.414,-0.032,1.657,28.796,17.35,4.414,-0.032,0.688,0.0,1,0.0
14,26.15,523,cruise,17.36,17.296,28.8,24.296,4.504,0.064,1.665,27.946,17.35,3.65,0.054,0.588,0.0,0,0.05
14,26.2,524,cruise,17.364,17.257,28.807,24.257,4.55,0.107,1.669,27.097,17.35,2.84,0.093,0.482,0.0,0,0.1
14,26.25,525,cruise,17.382,17.223,28.816,24.223,4.593,0.159,1.673,28.816,17.382,4.593,0.159,0.718,0.0,1,0.0
14,26.3,526,cruise,17.385,17.226,28.827,24.226,4.601,0.16,1.673,28.827,17.385,4.601,0.16,0.719,0.0,1,0.0
14,26.35,527,cruise,17.392,17.234,28.837,24.234,4.602,0.158,1.673,28.837,17.392,4.602,0.158,0.719,0.0,1,0.0
14,26.4,528,cruise,17.391,17.29,28.846,24.29,4.556,0.101,1.668,27.988,17.392,3.697,0.102,0.596,0.0,0,0.05
14,26.45,529,cruise,17.371,17.328,28.851,24.328,4.523,0.043,1.665,27.135,17.392,2.807,0.064,0.476,0.0,0,0.1
14,26.5,530,cruise,17.365,17.381,28.854,24.381,4.474,-0.015,1.66,26.279,17.392,1.898,0.011,0.353,0.0,0,0.15
14,26.55,531,cruise,17.345,17.384,28.855,24.384,4.47,-0.04,1.66,28.855,17.345,4.47,-0.04,0.695,0.0,1,0.0
14,26.6,532,cruise,17.283,17.399,28.851,24.399,4.452,-0.116,1.658,27.998,17.345,3.599,-0.055,0.578,0.0,0,0.05
14,26.65,533,cruise,17.183,17.424,28.839,24.424,4.415,-0.241,1.655,28.839,17.183,4.415,-0.241,0.681,0.0,1,0.0
14,26.7,534,cruise,17.181,17.442,28.821,24.442,4.379,-0.261,1.652,27.981,17.183,3.539,-0.259,0.563,0.0,0,0.05
14,26.75,535,cruise,17.25,17.488,28.801,24.488,4.313,-0.238,1.647,28.801,17.25,4.313,-0.238,0.667,0.0,1,0.0
14,26.8,536,cruise,17.34,17.508,28.783,24.508,4.275,-0.168,1.644,27.94,17.25,3.432,-0.258,0.549,0.0,0,0.05
14,26.85,537,cruise,17.424,17.56,28.768,24.56,4.207,-0.136,1.638,27.076,17.25,2.515,-0.311,0.425,0.0,0,0.1
14,26.9,538,cruise,17.48,17.58,28.753,24.58,4.173,-0.1,1.636,28.753,17.48,4.173,-0.1,0.653,0.0,1,0.0
14,26.95,539,cruise,17.484,17.609,28.738,24.609,4.129,-0.125,1.632,28.738,17.484,4.129,-0.125,0.646,0.0,1,0.0
14,27.0,540,cruise,17.441,17.629,28.72,24.629,4.091,-0.188,1.629,27.872,17.484,3.243,-0.145,0.528,0.0,0,0.05
14,27.05,541,cruise,17.375,17.674,28.698,24.674,4.024,-0.299,1.624,28.698,17.375,4.024,-0.299,0.627,0.0,1,0.0
14,27.1,542,cruise,17.314,17.694,28.673,24.694,3.979,-0.38,1.62,28.673,17.314,3.979,-0.38,0.618,0.0,1,0.0
14,27.15,543,cruise,17.283,17.744,28.644,24.744,3.901,-0.46,1.614,28.644,17.283,3.901,-0.46,0.605,0.0,1,0.0
14,27.2,544,cruise,17.296,17.772,28.615,24.772,3.843,-0.476,1.61,28.615,17.296,3.843,-0.476,0.597,0.0,1,0.0
14,27.25,545,cruise,17.322,17.825,28.588,24.825,3.763,-0.502,1.604,28.588,17.322,3.763,-0.502,0.585,0.0,1,0.0
14,27.3,546,cruise,17.385,17.853,28.565,24.853,3.712,-0.468,1.6,27.712,17.322,2.859,-0.531,0.464,0.0,0,0.05
14,27.35,547,cruise,17.414,17.896,28.545,24.896,3.649,-0.481,1.595,28.545,17.414,3.649,-0.481,0.57,0.0,1,0.0
14,27.4,548,cruise,17.44,17.907,28.527,24.907,3.62,-0.467,1.593,27.665,17.414,2.759,-0.492,0.451,0.0,0,0.05
14,27.45,549,cruise,17.424,17.936,28.511,24.936,3.575,-0.513,1.59,28.511,17.424,3.575,-0.513,0.56,0.0,1,0.0
14,27.5,550,cruise,17.395,17.938,28.495,24.938,3.557,-0.543,1.589,28.495,17.395,3.557,-0.543,0.556,0.0,1,0.0
14,27.55,551,cruise,17.361,17.966,28.477,24.966,3.51,-0.605,1.585,27.613,17.395,2.647,-0.572,0.434,0.0,0,0.05
14,27.6,552,cruise,17.323,17.968,28.457,24.968,3.489,-0.645,1.584,28.457,17.323,3.489,-0.645,0.544,0.0,1,0.0
14,27.65,553,cruise,17.323,17.986,28.437,24.986,3.451,-0.663,1.581,28.437,17.323,3.451,-0.663,0.538,0.0,1,0.0
14,27.7,554,cruise,17.334,17.986,28.418,24.986,3.432,-0.652,1.58,28.418,17.334,3.432,-0.652,0.536,0.0,1,0.0
14,27.75,555,cruise,17.374,18.011,28.399,25.011,3.388,-0.637,1.577,28.399,17.374,3.388,-0.637,0.53,0.0,1,0.0
14,27.8,556,cruise,17.404,18.036,28.382,25.036,3.346,-0.632,1.574,28.382,17.404,3.346,-0.632,0.525,0.0,1,0.0
14,27.85,557,cruise,17.423,18.041,28.365,25.041,3.324,-0.618,1.572,27.494,17.404,2.453,-0.637,0.406,0.0,0,0.05
14,27.9,558,cruise,17.419,18.059,28.347,25.059,3.288,-0.639,1.57,28.347,17.419,3.288,-0.639,0.517,0.0,1,0.0
14,27.95,559,cruise,17.388,18.055,28.327,25.055,3.272,-0.667,1.569,28.327,17.388,3.272,-0.667,0.514,0.0,1,0.0
14,28.0,560,cruise,17.363,18.07,28.304,25.07,3.234,-0.707,1.566,28.304,17.363,3.234,-0.707,0.508,0.0,1,0.0
14,28.05,561,cruise,17.343,18.078,28.279,25.078,3.201,-0.734,1.564,28.279,17.343,3.201,-0.734,0.502,0.0,1,0.0
14,28.1,562,cruise,17.345,18.094,28.253,25.094,3.159,-0.75,1.561,27.386,17.343,2.292,-0.751,0.381,0.0,0,0.05
14,28.15,563,cruise,17.359,18.08,28.225,25.08,3.146,-0.721,1.561,26.493,17.343,1.413,-0.736,0.264,0.0,0,0.1
14,28.2,564,cruise,17.381,18.002,28.199,25.002,3.197,-0.621,1.566,28.199,17.381,3.197,-0.621,0.506,0.0,1,0.0
14,28.25,565,cruise,17.399,17.852,28.177,24.852,3.325,-0.453,1.578,27.309,17.381,2.456,-0.471,0.412,0.0,0,0.05
14,28.3,566,cruise,17.403,17.775,28.159,24.775,3.383,-0.373,1.584,26.422,17.381,1.647,-0.394,0.306,0.0,0,0.1
14,28.35,567,cruise,17.396,17.745,28.14,24.745,3.396,-0.349,1.586,25.536,17.381,0.791,-0.364,0.193,0.0,0,0.15
14,28.4,568,cruise,17.382,17.708,28.122,24.708,3.414,-0.326,1.588,28.122,17.382,3.414,-0.326,0.544,0.0,1,0.0
14,28.45,569,cruise,17.369,17.657,28.105,24.657,3.447,-0.289,1.592,28.105,17.369,3.447,-0.289,0.55,0.0,1,0.0
14,28.5,570,cruise,17.361,17.624,28.089,24.624,3.464,-0.263,1.594,27.223,17.369,2.598,-0.256,0.438,0.0,0,0.05
14,28.55,571,cruise,17.363,17.606,28.074,24.606,3.468,-0.243,1.595,28.074,17.363,3.468,-0.243,0.554,0.0,1,0.0
14,28.6,572,cruise,17.371,17.597,28.061,24.597,3.464,-0.226,1.595,28.061,17.371,3.464,-0.226,0.554,0.0,1,0.0
14,28.65,573,cruise,17.381,17.604,28.05,24.604,3.446,-0.223,1.593,27.182,17.371,2.579,-0.232,0.436,0.0,0,0.05
14,28.7,574,cruise,17.389,17.615,28.039,24.615,3.424,-0.226,1.592,28.039,17.389,3.424,-0.226,0.549,0.0,1,0.0
14,28.75,575,cruise,17.39,17.625,28.028,24.625,3.403,-0.235,1.59,27.16,17.389,2.535,-0.237,0.43,0.0,0,0.05
14,28.8,576,cruise,17.386,17.637,28.018,24.637,3.381,-0.251,1.589,28.018,17.386,3.381,-0.251,0.542,0.0,1,0.0
14,28.85,577,cruise,17.379,17.63,28.008,24.63,3.378,-0.251,1.589,27.14,17.386,2.51,-0.244,0.427,0.0,0,0.05
14,28.9,578,cruise,17.373,17.642,27.997,24.642,3.355,-0.269,1.587,26.261,17.386,1.62,-0.255,0.307,0.0,0,0.1
14,28.95,579,cruise,17.37,17.617,27.987,24.617,3.37,-0.247,1.589,27.987,17.37,3.37,-0.247,0.541,0.0,1,0.0
14,29.0,580,cruise,17.371,17.605,27.977,24.605,3.372,-0.234,1.589,27.977,17.371,3.372,-0.234,0.542,0.0,1,0.0
14,29.05,581,cruise,17.375,17.603,27.968,24.603,3.366,-0.227,1.589,27.1,17.371,2.498,-0.232,0.425,0.0,0,0.05
14,29.1,582,cruise,17.38,17.595,27.96,24.595,3.365,-0.214,1.589,27.96,17.38,3.365,-0.214,0.542,0.0,1,0.0
14,29.15,583,cruise,17.384,17.601,27.952,24.601,3.351,-0.217,1.588,27.952,17.384,3.351,-0.217,0.54,0.0,1,0.0
14,29.2,584,cruise,17.384,17.598,27.943,24.598,3.345,-0.214,1.588,27.943,17.384,3.345,-0.214,0.539,0.0,1,0.0
14,29.25,585,cruise,17.382,17.619,27.933,24.619,3.314,-0.237,1.585,27.064,17.384,2.445,-0.235,0.418,0.0,0,0.05
14,29.3,586,cruise,17.378,17.627,27.922,24.627,3.295,-0.249,1.584,27.922,17.378,3.295,-0.249,0.531,0.0,1,0.0
14,29.35,587,cruise,17.375,17.64,27.911,24.64,3.271,-0.264,1.582,27.042,17.378,2.402,-0.261,0.412,0.0,0,0.05
14,29.4,588,cruise,17.374,17.642,27.898,24.642,3.256,-0.268,1.581,26.161,17.378,1.519,-0.264,0.294,0.0,0,0.1
14,29.45,589,cruise,17.375,17.638,27.886,24.638,3.248,-0.263,1.581,27.886,17.375,3.248,-0.263,0.524,0.0,1,0.0
14,29.5,590,cruise,17.377,17.622,27.874,24.622,3.252,-0.245,1.582,27.006,17.375,2.383,-0.247,0.41,0.0,0,0.05
14,29.55,591,cruise,17.38,17.604,27.863,24.604,3.259,-0.224,1.583,26.126,17.375,1.522,-0.229,0.295,0.0,0,0.1
14,29.6,592,cruise,17.381,17.587,27.853,24.587,3.267,-0.205,1.584,27.853,17.381,3.267,-0.205,0.529,0.0,1,0.0
14,29.65,593,cruise,17.381,17.561,27.844,24.561,3.283,-0.18,1.586,26.975,17.381,2.414,-0.18,0.416,0.0,0,0.05
14,29.7,594,cruise,17.38,17.548,27.836,24.548,3.288,-0.168,1.586,26.098,17.381,1.55,-0.166,0.301,0.0,0,0.1
14,29.75,595,cruise,17.378,17.526,27.828,24.526,3.302,-0.148,1.588,25.221,17.381,0.695,-0.145,0.188,0.0,0,0.15
14,29.8,596,cruise,17.377,17.489,27.822,24.489,3.333,-0.113,1.591,24.346,17.381,-0.143,-0.108,0.077,0.0,0,0.2
14,29.85,597,cruise,17.376,17.429,27.818,24.429,3.39,-0.052,1.596,27.818,17.376,3.39,-0.052,0.55,0.0,1,0.0
14,29.9,598,cruise,17.377,17.352,27.818,24.352,3.467,0.025,1.603,27.818,17.377,3.467,0.025,0.563,0.0,1,0.0
14,29.95,599,cruise,17.378,17.299,27.822,24.299,3.523,0.079,1.608,27.822,17.378,3.523,0.079,0.572,0.0,1,0.0
14,30.0,600,cruise,17.379,17.279,27.826,24.279,3.548,0.101,1.61,27.826,17.379,3.548,0.101,0.576,0.0,1,0.0
14,30.05,601,cruise,17.38,17.282,27.831,24.282,3.55,0.098,1.61,26.962,17.379,2.681,0.097,0.461,0.0,0,0.05
14,30.1,602,cruise,17.38,17.292,27.836,24.292,3.544,0.087,1.61,26.098,17.379,1.806,0.087,0.344,0.0,0,0.1
14,30.15,603,cruise,17.379,17.294,27.84,24.294,3.546,0.085,1.61,25.233,17.379,0.939,0.085,0.228,0.0,0,0.15
14,30.2,604,cruise,17.378,17.276,27.845,24.276,3.569,0.102,1.612,27.845,17.378,3.569,0.102,0.579,0.0,1,0.0
14,30.25,605,cruise,17.377,17.245,27.851,24.245,3.607,0.133,1.615,27.851,17.377,3.607,0.133,0.585,0.0,1,0.0
14,30.3,606,cruise,17.377,17.235,27.858,24.235,3.624,0.143,1.616,26.989,17.377,2.755,0.143,0.472,0.0,0,0.05
14,30.35,607,cruise,17.378,17.239,27.865,24.239,3.627,0.139,1.616,26.128,17.377,1.889,0.139,0.356,0.0,0,0.1
14,30.4,608,cruise,17.378,17.237,27.872,24.237,3.635,0.141,1.617,27.872,17.378,3.635,0.141,0.589,0.0,1,0.0
14,30.45,609,cruise,17.379,17.233,27.88,24.233,3.647,0.146,1.618,27.011,17.378,2.778,0.145,0.475,0.0,0,0.05
14,30.5,610,cruise,17.379,17.24,27.887,24.24,3.647,0.14,1.618,27.887,17.379,3.647,0.14,0.591,0.0,1,0.0
14,30.55,611,cruise,17.379,17.253,27.893,24.253,3.64,0.126,1.617,27.893,17.379,3.64,0.126,0.59,0.0,1,0.0
14,30.6,612,cruise,17.379,17.279,27.899,24.279,3.62,0.099,1.615,27.899,17.379,3.62,0.099,0.586,0.0,1,0.0
14,30.65,613,cruise,17.378,17.314,27.903,24.314,3.589,0.065,1.612,27.034,17.379,2.72,0.065,0.465,0.0,0,0.05
14,30.7,614,cruise,17.378,17.346,27.905,24.346,3.559,0.032,1.609,27.905,17.378,3.559,0.032,0.576,0.0,1,0.0
14,30.75,615,cruise,17.378,17.374,27.906,24.374,3.532,0.004,1.606,27.037,17.378,2.663,0.004,0.455,0.0,0,0.05
14,30.8,616,cruise,17.378,17.401,27.905,24.401,3.504,-0.023,1.604,26.167,17.378,1.767,-0.023,0.335,0.0,0,0.1
14,30.85,617,cruise,17.378,17.411,27.903,24.411,3.492,-0.033,1.603,27.903,17.378,3.492,-0.033,0.565,0.0,1,0.0
14,30.9,618,cruise,17.379,17.411,27.902,24.411,3.49,-0.033,1.603,27.033,17.378,2.622,-0.033,0.448,0.0,0,0.05
14,30.95,619,cruise,17.379,17.418,27.9,24.418,3.483,-0.039,1.602,27.9,17.379,3.483,-0.039,0.563,0.0,1,0.0
14,31.0,620,cruise,17.379,17.427,27.898,24.427,3.471,-0.048,1.601,27.898,17.379,3.471,-0.048,0.561,0.0,1,0.0
14,31.05,621,cruise,17.378,17.447,27.895,24.447,3.448,-0.069,1.599,27.026,17.379,2.579,-0.069,0.442,0.0,0,0.05
14,31.1,622,cruise,17.378,17.467,27.891,24.467,3.424,-0.089,1.597,26.153,17.379,1.686,-0.088,0.322,0.0,0,0.1
14,31.15,623,cruise,17.378,17.471,27.886,24.471,3.415,-0.093,1.596,25.279,17.379,0.808,-0.093,0.205,0.0,0,0.15
14,31.2,624,cruise,17.378,17.452,27.882,24.452,3.43,-0.074,1.598,27.882,17.378,3.43,-0.074,0.555,0.0,1,0.0
14,31.25,625,cruise,17.378,17.417,27.879,24.417,3.462,-0.039,1.601,27.879,17.378,3.462,-0.039,0.56,0.0,1,0.0
14,31.3,626,cruise,17.378,17.401,27.878,24.401,3.477,-0.023,1.602,27.878,17.378,3.477,-0.023,0.563,0.0,1,0.0
14,31.35,627,cruise,17.378,17.405,27.877,24.405,3.471,-0.027,1.602,27.008,17.378,2.602,-0.027,0.446,0.0,0,0.05
14,31.4,628,cruise,17.379,17.415,27.875,24.415,3.46,-0.037,1.601,26.137,17.378,1.722,-0.037,0.328,0.0,0,0.1
14,31.45,629,cruise,17.378,17.414,27.873,24.414,3.459,-0.036,1.601,27.873,17.378,3.459,-0.036,0.56,0.0,1,0.0
14,31.5,630,cruise,17.378,17.406,27.872,24.406,3.465,-0.028,1.601,27.872,17.378,3.465,-0.028,0.561,0.0,1,0.0
14,31.55,631,cruise,17.378,17.414,27.87,24.414,3.457,-0.035,1.6,27.001,17.378,2.588,-0.035,0.444,0.0,0,0.05
14,31.6,632,cruise,17.378,17.425,27.868,24.425,3.443,-0.047,1.599,27.868,17.378,3.443,-0.047,0.557,0.0,1,0.0
14,31.65,633,cruise,17.378,17.438,27.865,24.438,3.428,-0.059,1.598,26.996,17.378,2.559,-0.059,0.439,0.0,0,0.05
14,31.7,634,cruise,17.378,17.452,27.862,24.452,3.41,-0.074,1.596,27.862,17.378,3.41,-0.074,0.552,0.0,1,0.0
14,31.75,635,cruise,17.378,17.466,27.858,24.466,3.392,-0.087,1.595,26.989,17.378,2.523,-0.087,0.434,0.0,0,0.05
14,31.8,636,cruise,17.378,17.48,27.853,24.48,3.373,-0.102,1.593,26.115,17.378,1.635,-0.102,0.315,0.0,0,0.1
14,31.85,637,cruise,17.378,17.48,27.848,24.48,3.367,-0.102,1.593,27.848,17.378,3.367,-0.102,0.546,0.0,1,0.0
14,31.9,638,cruise,17.378,17.471,27.843,24.471,3.372,-0.093,1.594,26.974,17.378,2.503,-0.093,0.431,0.0,0,0.05
14,31.95,639,cruise,17.378,17.469,27.838,24.469,3.369,-0.091,1.594,26.101,17.378,1.631,-0.091,0.314,0.0,0,0.1
14,32.0,640,cruise,17.378,17.459,27.834,24.459,3.376,-0.08,1.594,25.227,17.378,0.769,-0.08,0.2,0.0,0,0.15
14,32.05,641,cruise,17.378,17.429,27.831,24.429,3.402,-0.05,1.597,24.355,17.378,-0.073,-0.05,0.089,0.0,0,0.2
14,32.1,642,cruise,17.378,17.374,27.83,24.374,3.456,0.004,1.602,27.83,17.378,3.456,0.004,0.561,0.0,1,0.0
14,32.15,643,cruise,17.378,17.304,27.832,24.304,3.528,0.074,1.608,27.832,17.378,3.528,0.074,0.573,0.0,1,0.0
14,32.2,644,cruise,17.378,17.256,27.838,24.256,3.581,0.122,1.613,27.838,17.378,3.581,0.122,0.582,0.0,1,0.0
14,32.25,645,cruise,17.378,17.241,27.844,24.241,3.603,0.137,1.615,26.975,17.378,2.734,0.137,0.469,0.0,0,0.05
14,32.3,646,cruise,17.378,17.241,27.851,24.241,3.61,0.137,1.615,27.851,17.378,3.61,0.137,0.586,0.0,1,0.0
14,32.35,647,cruise,17.378,17.25,27.858,24.25,3.608,0.128,1.615,27.858,17.378,3.608,0.128,0.585,0.0,1,0.0
14,32.4,648,cruise,17.378,17.273,27.864,24.273,3.591,0.106,1.613,26.995,17.378,2.722,0.106,0.466,0.0,0,0.05
14,32.45,649,cruise,17.378,17.297,27.868,24.297,3.571,0.081,1.611,26.13,17.378,1.833,0.081,0.347,0.0,0,0.1
14,32.5,650,cruise,17.378,17.308,27.872,24.308,3.563,0.07,1.61,25.265,17.378,0.956,0.07,0.23,0.0,0,0.15
14,32.55,651,cruise,17.378,17.296,27.876,24.296,3.58,0.082,1.612,24.4,17.378,0.104,0.082,0.117,0.0,0,0.2
14,32.6,652,cruise,17.378,17.255,27.881,24.255,3.625,0.123,1.616,23.536,17.378,-0.719,0.123,0.008,0.0,0,0.25
14,32.65,653,cruise,17.378,17.185,27.889,24.185,3.704,0.194,1.623,22.675,17.378,-1.51,0.194,0.0,0.071,0,0.3
14,32.7,654,cruise,17.378,17.077,27.902,24.077,3.824,0.301,1.634,27.902,17.378,3.824,0.301,0.62,0.0,1,0.0
14,32.75,655,cruise,17.379,16.972,27.92,23.972,3.948,0.407,1.645,27.051,17.378,3.08,0.407,0.524,0.0,0,0.05
14,32.8,656,cruise,17.378,16.893,27.943,23.893,4.05,0.485,1.654,27.943,17.378,4.05,0.485,0.656,0.0,1,0.0
14,32.85,657,cruise,17.378,16.857,27.968,23.857,4.112,0.521,1.659,27.099,17.378,3.243,0.521,0.55,0.0,0,0.05
14,32.9,658,cruise,17.378,16.853,27.995,23.853,4.141,0.525,1.661,27.995,17.378,4.141,0.525,0.67,0.0,1,0.0
14,32.95,659,cruise,17.378,16.87,28.02,23.87,4.15,0.508,1.661,28.02,17.378,4.15,0.508,0.67,0.0,1,0.0
14,33.0,660,cruise,17.378,16.909,28.045,23.909,4.135,0.469,1.659,27.176,17.378,3.267,0.469,0.551,0.0,0,0.05
14,33.05,661,cruise,17.379,16.955,28.067,23.955,4.111,0.423,1.655,28.067,17.379,4.111,0.423,0.662,0.0,1,0.0
14,33.1,662,cruise,17.379,17.004,28.086,24.004,4.082,0.375,1.652,27.217,17.379,3.213,0.375,0.541,0.0,0,0.05
14,33.15,663,cruise,17.379,17.055,28.104,24.055,4.048,0.323,1.648,26.366,17.379,2.31,0.323,0.419,0.0,0,0.1
14,33.2,664,cruise,17.378,17.093,28.118,24.093,4.026,0.286,1.645,28.118,17.378,4.026,0.286,0.646,0.0,1,0.0
14,33.25,665,cruise,17.378,17.121,28.132,24.121,4.011,0.257,1.643,28.132,17.378,4.011,0.257,0.643,0.0,1,0.0
14,33.3,666,cruise,17.378,17.162,28.144,24.162,3.981,0.216,1.64,28.144,17.378,3.981,0.216,0.638,0.0,1,0.0
14,33.35,667,cruise,17.378,17.213,28.153,24.213,3.94,0.165,1.636,28.153,17.378,3.94,0.165,0.631,0.0,1,0.0
14,33.4,668,cruise,17.378,17.269,28.159,24.269,3.89,0.109,1.631,27.29,17.378,3.021,0.109,0.506,0.0,0,0.05
14,33.45,669,cruise,17.378,17.321,28.163,24.321,3.842,0.057,1.626,28.163,17.378,3.842,0.057,0.614,0.0,1,0.0
14,33.5,670,cruise,17.378,17.367,28.165,24.367,3.797,0.011,1.622,28.165,17.378,3.797,0.011,0.607,0.0,1,0.0
14,33.55,671,cruise,17.378,17.417,28.164,24.417,3.746,-0.039,1.617,28.164,17.378,3.746,-0.039,0.598,0.0,1,0.0
14,33.6,672,cruise,17.378,17.469,28.16,24.469,3.692,-0.09,1.612,28.16,17.378,3.692,-0.09,0.589,0.0,1,0.0
14,33.65,673,cruise,17.378,17.52,28.154,24.52,3.634,-0.141,1.607,28.154,17.378,3.634,-0.141,0.58,0.0,1,0.0
14,33.7,674,cruise,17.378,17.57,28.146,24.57,3.576,-0.191,1.602,28.146,17.378,3.576,-0.191,0.57,0.0,1,0.0
14,33.75,675,cruise,17.378,17.617,28.135,24.617,3.517,-0.239,1.597,27.266,17.378,2.648,-0.239,0.445,0.0,0,0.05
14,33.8,676,cruise,17.378,17.656,28.121,24.656,3.466,-0.277,1.593,28.121,17.378,3.466,-0.277,0.553,0.0,1,0.0
14,33.85,677,cruise,17.378,17.685,28.107,24.685,3.422,-0.306,1.589,27.238,17.378,2.553,-0.306,0.43,0.0,0,0.05
14,33.9,678,cruise,17.378,17.709,28.091,24.709,3.382,-0.33,1.586,28.091,17.378,3.382,-0.33,0.54,0.0,1,0.0
14,33.95,679,cruise,17.378,17.727,28.074,24.727,3.347,-0.348,1.584,27.205,17.378,2.478,-0.348,0.419,0.0,0,0.05
14,34.0,680,cruise,17.378,17.742,28.056,24.742,3.314,-0.364,1.581,26.318,17.378,1.576,-0.364,0.298,0.0,0,0.1
14,34.05,681,cruise,17.378,17.741,28.038,24.741,3.297,-0.362,1.58,28.038,17.378,3.297,-0.362,0.528,0.0,1,0.0
14,34.1,682,cruise,17.378,17.728,28.02,24.728,3.292,-0.35,1.581,28.02,17.378,3.292,-0.35,0.527,0.0,1,0.0
14,34.15,683,cruise,17.378,17.728,28.002,24.728,3.275,-0.35,1.58,28.002,17.378,3.275,-0.35,0.525,0.0,1,0.0
14,34.2,684,cruise,17.378,17.737,27.984,24.737,3.248,-0.358,1.578,27.984,17.378,3.248,-0.358,0.521,0.0,1,0.0
14,34.25,685,cruise,17.378,17.751,27.966,24.751,3.215,-0.373,1.575,27.097,17.378,2.346,-0.373,0.4,0.0,0,0.05
14,34.3,686,cruise,17.378,17.762,27.947,24.762,3.185,-0.384,1.573,26.209,17.378,1.447,-0.384,0.28,0.0,0,0.1
14,34.35,687,cruise,17.378,17.756,27.929,24.756,3.173,-0.378,1.573,27.929,17.378,3.173,-0.378,0.51,0.0,1,0.0
14,34.4,688,cruise,17.378,17.737,27.91,24.737,3.173,-0.359,1.574,27.041,17.378,2.304,-0.359,0.395,0.0,0,0.05
14,34.45,689,cruise,17.378,17.725,27.892,24.725,3.168,-0.347,1.574,26.155,17.378,1.43,-0.347,0.279,0.0,0,0.1
14,34.5,690,cruise,17.378,17.703,27.876,24.703,3.173,-0.325,1.575,25.269,17.378,0.566,-0.325,0.165,0.0,0,0.15
14,34.55,691,cruise,17.378,17.662,27.861,24.662,3.199,-0.283,1.577,27.861,17.378,3.199,-0.283,0.517,0.0,1,0.0
14,34.6,692,cruise,17.378,17.608,27.848,24.608,3.24,-0.23,1.582,27.848,17.378,3.24,-0.23,0.524,0.0,1,0.0
14,34.65,693,cruise,17.378,17.576,27.838,24.576,3.262,-0.198,1.584,26.969,17.378,2.393,-0.198,0.412,0.0,0,0.05
14,34.7,694,cruise,17.378,17.558,27.828,24.558,3.27,-0.18,1.585,26.091,17.378,1.533,-0.18,0.298,0.0,0,0.1
14,34.75,695,cruise,17.378,17.535,27.82,24.535,3.285,-0.157,1.587,27.82,17.378,3.285,-0.157,0.533,0.0,1,0.0
14,34.8,696,cruise,17.378,17.51,27.813,24.51,3.303,-0.131,1.588,27.813,17.378,3.303,-0.131,0.536,0.0,1,0.0
14,34.85,697,cruise,17.378,17.502,27.807,24.502,3.304,-0.124,1.589,27.807,17.378,3.304,-0.124,0.536,0.0,1,0.0
14,34.9,698,cruise,17.378,17.508,27.8,24.508,3.292,-0.13,1.588,27.8,17.378,3.292,-0.13,0.535,0.0,1,0.0
14,34.95,699,cruise,17.378,17.523,27.793,24.523,3.271,-0.144,1.586,27.793,17.378,3.271,-0.144,0.531,0.0,1,0.0
14,35.0,700,cruise,17.378,17.542,27.786,24.542,3.243,-0.164,1.584,26.917,17.378,2.374,-0.164,0.411,0.0,0,0.05
14,35.05,701,cruise,17.378,17.558,27.777,24.558,3.219,-0.18,1.582,26.039,17.378,1.481,-0.18,0.291,0.0,0,0.1
14,35.1,702,cruise,17.378,17.556,27.768,24.556,3.212,-0.177,1.582,25.161,17.378,0.605,-0.177,0.175,0.0,0,0.15
14,35.15,703,cruise,17.378,17.528,27.76,24.528,3.232,-0.15,1.584,27.76,17.378,3.232,-0.15,0.526,0.0,1,0.0
14,35.2,704,cruise,17.378,17.485,27.754,24.485,3.269,-0.107,1.587,27.754,17.378,3.269,-0.107,0.532,0.0,1,0.0
14,35.25,705,cruise,17.378,17.46,27.749,24.46,3.289,-0.082,1.589,26.88,17.378,2.42,-0.082,0.42,0.0,0,0.05
14,35.3,706,cruise,17.378,17.448,27.745,24.448,3.297,-0.07,1.59,26.008,17.378,1.559,-0.07,0.306,0.0,0,0.1
14,35.35,707,cruise,17.378,17.43,27.742,24.43,3.312,-0.052,1.592,27.742,17.378,3.312,-0.052,0.54,0.0,1,0.0
14,35.4,708,cruise,17.378,17.409,27.74,24.409,3.332,-0.03,1.593,27.74,17.378,3.332,-0.03,0.543,0.0,1,0.0
14,35.45,709,cruise,17.378,17.405,27.739,24.405,3.334,-0.027,1.594,27.739,17.378,3.334,-0.027,0.544,0.0,1,0.0
14,35.5,710,cruise,17.378,17.414,27.738,24.414,3.323,-0.036,1.593,26.869,17.378,2.454,-0.036,0.426,0.0,0,0.05
14,35.55,711,cruise,17.378,17.425,27.735,24.425,3.31,-0.047,1.592,27.735,17.378,3.31,-0.047,0.54,0.0,1,0.0
14,35.6,712,cruise,17.378,17.435,27.733,24.435,3.298,-0.057,1.591,26.864,17.378,2.429,-0.057,0.422,0.0,0,0.05
14,35.65,713,cruise,17.378,17.445,27.73,24.445,3.284,-0.067,1.59,27.73,17.378,3.284,-0.067,0.536,0.0,1,0.0
14,35.7,714,cruise,17.378,17.454,27.726,24.454,3.272,-0.076,1.588,26.857,17.378,2.403,-0.076,0.418,0.0,0,0.05
14,35.75,715,cruise,17.378,17.464,27.722,24.464,3.258,-0.086,1.587,25.984,17.378,1.52,-0.086,0.3,0.0,0,0.1
14,35.8,716,cruise,17.378,17.459,27.718,24.459,3.259,-0.081,1.588,25.111,17.378,0.652,-0.081,0.184,0.0,0,0.15
14,35.85,717,cruise,17.378,17.431,27.714,24.431,3.283,-0.052,1.59,24.239,17.378,-0.192,-0.052,0.073,0.0,0,0.2
14,35.9,718,cruise,17.378,17.375,27.714,24.375,3.338,0.003,1.595,23.369,17.378,-1.006,0.003,0.0,0.026,0,0.25
14,35.95,719,cruise,17.379,17.287,27.716,24.287,3.429,0.091,1.603,22.503,17.378,-1.785,0.091,0.0,0.102,0,0.3
14,36.0,720,cruise,17.379,17.165,27.724,24.165,3.559,0.213,1.615,21.642,17.378,-2.523,0.213,0.0,0.173,0,0.35
14,36.05,721,cruise,17.379,17.015,27.739,24.015,3.724,0.364,1.63,27.739,17.379,3.724,0.364,0.608,0.0,1,0.0
14,36.1,722,cruise,17.379,16.89,27.761,23.89,3.871,0.488,1.644,27.761,17.379,3.871,0.488,0.632,0.0,1,0.0
14,36.15,723,cruise,17.378,16.803,27.789,23.803,3.985,0.574,1.654,26.92,17.379,3.116,0.575,0.535,0.0,0,0.05
14,36.2,724,cruise,17.378,16.759,27.819,23.759,4.06,0.619,1.66,26.081,17.379,2.322,0.62,0.43,0.0,0,0.1
14,36.25,725,cruise,17.378,16.735,27.851,23.735,4.115,0.642,1.664,25.244,17.379,1.508,0.643,0.323,0.0,0,0.15
14,36.3,726,cruise,17.378,16.713,27.883,23.713,4.17,0.665,1.668,27.883,17.378,4.17,0.665,0.678,0.0,1,0.0
14,36.35,727,cruise,17.379,16.692,27.917,23.692,4.225,0.686,1.672,27.917,17.379,4.225,0.686,0.686,0.0,1,0.0
14,36.4,728,cruise,17.379,16.701,27.951,23.701,4.25,0.678,1.674,27.082,17.379,3.381,0.677,0.573,0.0,0,0.05
14,36.45,729,cruise,17.379,16.731,27.984,23.731,4.254,0.648,1.673,27.984,17.379,4.254,0.648,0.689,0.0,1,0.0
14,36.5,730,cruise,17.379,16.771,28.016,23.771,4.244,0.607,1.67,27.147,17.379,3.375,0.607,0.57,0.0,0,0.05
14,36.55,731,cruise,17.378,16.821,28.044,23.821,4.223,0.557,1.667,28.044,17.378,4.223,0.557,0.682,0.0,1,0.0
14,36.6,732,cruise,17.378,16.875,28.071,23.875,4.196,0.503,1.663,28.071,17.378,4.196,0.503,0.676,0.0,1,0.0
14,36.65,733,cruise,17.378,16.939,28.094,23.939,4.155,0.439,1.659,28.094,17.378,4.155,0.439,0.669,0.0,1,0.0
14,36.7,734,cruise,17.378,17.008,28.114,24.008,4.105,0.37,1.653,28.114,17.378,4.105,0.37,0.66,0.0,1,0.0
14,36.75,735,cruise,17.378,17.081,28.13,24.081,4.049,0.297,1.647,27.261,17.378,3.18,0.297,0.534,0.0,0,0.05
14,36.8,736,cruise,17.378,17.147,28.143,24.147,3.995,0.231,1.641,28.143,17.378,3.995,0.231,0.64,0.0,1,0.0
14,36.85,737,cruise,17.379,17.206,28.153,24.206,3.946,0.172,1.636,28.153,17.379,3.946,0.172,0.632,0.0,1,0.0
14,36.9,738,cruise,17.379,17.268,28.159,24.268,3.891,0.11,1.631,28.159,17.379,3.891,0.11,0.623,0.0,1,0.0
14,36.95,739,cruise,17.378,17.33,28.163,24.33,3.832,0.048,1.625,28.163,17.378,3.832,0.048,0.613,0.0,1,0.0
14,37.0,740,cruise,17.378,17.392,28.163,24.392,3.772,-0.014,1.619,27.295,17.378,2.903,-0.014,0.487,0.0,0,0.05
14,37.05,741,cruise,17.378,17.445,28.161,24.445,3.716,-0.067,1.614,26.423,17.378,1.979,-0.066,0.362,0.0,0,0.1
14,37.1,742,cruise,17.378,17.476,28.157,24.476,3.681,-0.098,1.611,25.55,17.378,1.074,-0.097,0.24,0.0,0,0.15
14,37.15,743,cruise,17.378,17.477,28.152,24.477,3.675,-0.099,1.611,28.152,17.378,3.675,-0.099,0.587,0.0,1,0.0
14,37.2,744,cruise,17.378,17.46,28.147,24.46,3.688,-0.081,1.612,28.147,17.378,3.688,-0.081,0.589,0.0,1,0.0
14,37.25,745,cruise,17.378,17.459,28.143,24.459,3.684,-0.081,1.612,28.143,17.378,3.684,-0.081,0.589,0.0,1,0.0
14,37.3,746,cruise,17.378,17.476,28.139,24.476,3.663,-0.098,1.61,28.139,17.378,3.663,-0.098,0.585,0.0,1,0.0
14,37.35,747,cruise,17.378,17.504,28.133,24.504,3.629,-0.126,1.607,28.133,17.378,3.629,-0.126,0.58,0.0,1,0.0
14,37.4,748,cruise,17.378,17.539,28.126,24.539,3.587,-0.16,1.604,28.126,17.378,3.587,-0.16,0.573,0.0,1,0.0
14,37.45,749,cruise,17.378,17.577,28.117,24.577,3.54,-0.198,1.6,27.248,17.378,2.671,-0.198,0.45,0.0,0,0.05
14,37.5,750,cruise,17.378,17.609,28.106,24.609,3.497,-0.23,1.596,26.368,17.378,1.759,-0.23,0.327,0.0,0,0.1
14,37.55,751,cruise,17.378,17.622,28.094,24.622,3.472,-0.244,1.594,25.487,17.378,0.865,-0.243,0.207,0.0,0,0.15
14,37.6,752,cruise,17.378,17.608,28.082,24.608,3.474,-0.231,1.595,24.606,17.378,-0.002,-0.23,0.092,0.0,0,0.2
14,37.65,753,cruise,17.377,17.563,28.072,24.563,3.509,-0.186,1.598,28.072,17.377,3.509,-0.186,0.562,0.0,1,0.0
14,37.7,754,cruise,17.377,17.5,28.065,24.5,3.565,-0.122,1.604,27.196,17.377,2.696,-0.122,0.455,0.0,0,0.05
14,37.75,755,cruise,17.378,17.452,28.06,24.452,3.608,-0.074,1.608,26.322,17.377,1.87,-0.075,0.347,0.0,0,0.1
14,37.8,756,cruise,17.378,17.416,28.058,24.416,3.641,-0.039,1.611,28.058,17.378,3.641,-0.039,0.584,0.0,1,0.0
14,37.85,757,cruise,17.378,17.389,28.057,24.389,3.668,-0.011,1.613,28.057,17.378,3.668,-0.011,0.589,0.0,1,0.0
14,37.9,758,cruise,17.378,17.387,28.056,24.387,3.669,-0.009,1.614,27.187,17.378,2.8,-0.009,0.473,0.0,0,0.05
14,37.95,759,cruise,17.378,17.396,28.056,24.396,3.659,-0.018,1.613,28.056,17.378,3.659,-0.018,0.587,0.0,1,0.0
14,38.0,760,cruise,17.378,17.411,28.054,24.411,3.643,-0.033,1.611,27.185,17.378,2.774,-0.033,0.469,0.0,0,0.05
14,38.05,761,cruise,17.378,17.431,28.052,24.431,3.621,-0.053,1.609,26.314,17.378,1.884,-0.052,0.349,0.0,0,0.1
14,38.1,762,cruise,17.377,17.438,28.049,24.438,3.611,-0.061,1.608,28.049,17.377,3.611,-0.061,0.579,0.0,1,0.0
14,38.15,763,cruise,17.378,17.439,28.046,24.439,3.607,-0.061,1.608,27.177,17.377,2.738,-0.061,0.463,0.0,0,0.05
14,38.2,764,cruise,17.378,17.447,28.043,24.447,3.596,-0.069,1.607,26.305,17.377,1.858,-0.069,0.345,0.0,0,0.1
14,38.25,765,cruise,17.378,17.446,28.039,24.446,3.593,-0.068,1.607,25.433,17.377,0.986,-0.069,0.229,0.0,0,0.15
14,38.3,766,cruise,17.378,17.427,28.036,24.427,3.61,-0.049,1.609,24.561,17.377,0.134,-0.049,0.116,0.0,0,0.2
14,38.35,767,cruise,17.378,17.381,28.035,24.381,3.654,-0.003,1.613,28.035,17.378,3.654,-0.003,0.587,0.0,1,0.0
14,38.4,768,cruise,17.378,17.321,28.037,24.321,3.716,0.057,1.619,28.037,17.378,3.716,0.057,0.597,0.0,1,0.0
14,38.45,769,cruise,17.378,17.282,28.041,24.282,3.759,0.096,1.623,27.172,17.378,2.891,0.096,0.489,0.0,0,0.05
14,38.5,770,cruise,17.378,17.268,28.046,24.268,3.778,0.109,1.624,26.309,17.378,2.04,0.11,0.376,0.0,0,0.1
14,38.55,771,decelerate,17.378,17.258,28.052,24.258,3.794,0.12,1.625,28.052,17.378,3.794,0.12,0.61,0.0,1,0.0
14,38.6,772,decelerate,17.378,17.251,28.058,24.251,3.808,0.127,1.627,28.058,17.378,3.808,0.127,0.612,0.0,1,0.0
14,38.65,773,decelerate,17.339,17.264,28.063,24.264,3.799,0.075,1.626,27.195,17.378,2.931,0.113,0.495,0.0,0,0.05
14,38.7,774,decelerate,17.201,17.287,28.063,24.287,3.776,-0.085,1.623,28.063,17.201,3.776,-0.085,0.601,0.0,1,0.0
14,38.75,775,decelerate,16.984,17.312,28.051,24.312,3.738,-0.328,1.62,27.197,17.201,2.885,-0.111,0.481,0.0,0,0.05
14,38.8,776,decelerate,16.727,17.341,28.024,24.341,3.683,-0.614,1.616,28.024,16.727,3.683,-0.614,0.571,0.0,1,0.0
14,38.85,777,decelerate,16.524,17.368,27.984,24.368,3.617,-0.844,1.611,27.984,16.524,3.617,-0.844,0.554,0.0,1,0.0
14,38.9,778,decelerate,16.343,17.399,27.933,24.399,3.534,-1.057,1.605,27.115,16.524,2.716,-0.875,0.433,0.0,0,0.05
14,38.95,779,decelerate,16.16,17.425,27.871,24.425,3.445,-1.265,1.599,27.871,16.16,3.445,-1.265,0.517,0.0,1,0.0
14,39.0,780,decelerate,15.978,17.445,27.798,24.445,3.353,-1.466,1.593,27.798,15.978,3.353,-1.466,0.498,0.0,1,0.0
14,39.05,781,decelerate,15.801,17.464,27.714,24.464,3.25,-1.663,1.587,27.714,15.801,3.25,-1.663,0.478,0.0,1,0.0
14,39.1,782,decelerate,15.626,17.481,27.62,24.481,3.139,-1.855,1.58,26.84,15.801,2.359,-1.68,0.359,0.0,0,0.05
14,39.15,783,decelerate,15.454,17.488,27.516,24.488,3.028,-2.035,1.573,25.966,15.801,1.478,-1.688,0.241,0.0,0,0.1
14,39.2,784,decelerate,15.281,17.474,27.404,24.474,2.929,-2.193,1.568,27.404,15.281,2.929,-2.193,0.417,0.0,1,0.0
14,39.25,785,decelerate,15.109,17.447,27.284,24.447,2.837,-2.338,1.564,26.531,15.281,2.084,-2.165,0.306,0.0,0,0.05
14,39.3,786,decelerate,14.936,17.418,27.156,24.418,2.738,-2.482,1.559,27.156,14.936,2.738,-2.482,0.382,0.0,1,0.0
14,39.35,787,decelerate,14.802,17.387,27.023,24.387,2.636,-2.584,1.554,26.287,14.936,1.9,-2.451,0.272,0.0,0,0.05
14,39.4,788,decelerate,14.702,17.352,26.887,24.352,2.535,-2.651,1.549,25.419,14.936,1.067,-2.416,0.162,0.0,0,0.1
14,39.45,789,decelerate,14.623,17.303,26.749,24.303,2.446,-2.679,1.546,24.554,14.936,0.251,-2.367,0.055,0.0,0,0.15
14,39.5,790,decelerate,14.217,17.231,26.6,24.231,2.369,-3.014,1.544,23.692,14.936,-0.54,-2.296,0.0,0.036,0,0.2
14,39.55,791,decelerate,13.908,17.132,26.44,24.132,2.308,-3.223,1.543,22.834,14.936,-1.297,-2.196,0.0,0.11,0,0.25
14,39.6,792,decelerate,13.652,17.001,26.273,24.001,2.272,-3.349,1.545,26.273,13.652,2.272,-3.349,0.291,0.0,1,0.0
14,39.65,793,decelerate,13.486,16.885,26.104,23.885,2.218,-3.399,1.546,26.104,13.486,2.218,-3.399,0.282,0.0,1,0.0
14,39.7,794,decelerate,13.397,16.793,25.934,23.793,2.141,-3.396,1.544,25.265,13.486,1.472,-3.307,0.186,0.0,0,0.05
14,39.75,795,decelerate,13.327,16.71,25.766,23.71,2.056,-3.383,1.542,25.766,13.327,2.056,-3.383,0.261,0.0,1,0.0
14,39.8,796,decelerate,13.239,16.632,25.598,23.632,1.966,-3.393,1.539,24.936,13.327,1.303,-3.305,0.164,0.0,0,0.05
14,39.85,797,decelerate,13.084,16.557,25.429,23.557,1.872,-3.473,1.536,25.429,13.084,1.872,-3.473,0.234,0.0,1,0.0
14,39.9,798,decelerate,12.892,16.481,25.255,23.481,1.774,-3.589,1.532,24.607,13.084,1.126,-3.397,0.137,0.0,0,0.05
14,39.95,799,decelerate,12.665,16.405,25.075,23.405,1.67,-3.74,1.528,25.075,12.665,1.67,-3.74,0.198,0.0,1,0.0
14,40.0,800,decelerate,12.461,16.326,24.888,23.326,1.562,-3.864,1.524,24.261,12.665,0.936,-3.661,0.103,0.0,0,0.05
14,40.05,801,decelerate,12.273,16.243,24.696,23.243,1.453,-3.97,1.52,24.696,12.273,1.453,-3.97,0.161,0.0,1,0.0
14,40.1,802,decelerate,12.082,16.157,24.499,23.157,1.342,-4.075,1.516,23.891,12.273,0.734,-3.884,0.068,0.0,0,0.05
14,40.15,803,decelerate,11.919,16.067,24.298,23.067,1.231,-4.148,1.512,23.091,12.273,0.024,-3.794,0.0,0.017,0,0.1
14,40.2,804,decelerate,11.749,15.963,24.094,22.963,1.13,-4.214,1.509,22.296,12.273,-0.667,-3.69,0.0,0.084,0,0.15
14,40.25,805,decelerate,11.58,15.837,23.887,22.837,1.05,-4.257,1.508,23.887,11.58,1.05,-4.257,0.098,0.0,1,0.0
14,40.3,806,decelerate,11.395,15.723,23.677,22.723,0.954,-4.328,1.506,23.677,11.395,0.954,-4.328,0.083,0.0,1,0.0
14,40.35,807,decelerate,11.231,15.616,23.464,22.616,0.848,-4.386,1.503,22.901,11.395,0.284,-4.221,0.0,0.002,0,0.05
14,40.4,808,decelerate,11.153,15.507,23.251,22.507,0.743,-4.354,1.499,23.251,11.153,0.743,-4.354,0.054,0.0,1,0.0
14,40.45,809,decelerate,11.078,15.373,23.039,22.373,0.667,-4.294,1.499,22.485,11.153,0.112,-4.22,0.0,0.019,0,0.05
14,40.5,810,decelerate,10.758,15.194,22.825,22.194,0.632,-4.436,1.502,21.725,11.153,-0.469,-4.041,0.0,0.073,0,0.1
14,40.55,811,decelerate,10.206,14.978,22.594,21.978,0.616,-4.772,1.509,20.975,11.153,-1.003,-3.825,0.0,0.121,0,0.15
14,40.6,812,decelerate,9.786,14.817,22.347,21.817,0.53,-5.031,1.508,22.347,9.786,0.53,-5.031,0.003,0.0,1,0.0
14,40.65,813,decelerate,9.488,14.699,22.089,21.699,0.39,-5.211,1.503,21.61,9.786,-0.088,-4.913,0.0,0.057,0,0.05
14,40.7,814,decelerate,9.315,14.617,21.824,21.617,0.207,-5.303,1.493,21.824,9.315,0.207,-5.303,0.0,0.037,1,0.0
14,40.75,815,decelerate,9.234,14.609,21.555,21.609,-0.054,-5.375,1.475,21.555,9.234,-0.054,-5.375,0.0,0.065,1,0.0
14,40.8,816,decelerate,9.211,14.482,21.285,21.482,-0.197,-5.27,1.47,20.826,9.234,-0.656,-5.248,0.0,0.122,0,0.05
14,40.85,817,decelerate,9.246,14.158,21.031,21.158,-0.127,-4.912,1.485,20.112,9.234,-1.046,-4.924,0.0,0.153,0,0.1
14,40.9,818,decelerate,9.323,13.867,20.795,20.867,-0.072,-4.545,1.5,19.413,9.234,-1.454,-4.633,0.0,0.187,0,0.15
14,40.95,819,decelerate,9.398,13.603,20.578,20.603,-0.026,-4.205,1.513,20.578,9.398,-0.026,-4.205,0.0,0.033,1,0.0
14,41.0,820,decelerate,9.384,13.383,20.373,20.383,-0.009,-3.999,1.522,19.905,9.398,-0.477,-3.985,0.0,0.073,0,0.05
14,41.05,821,decelerate,9.286,13.176,20.177,20.176,0.0,-3.891,1.531,20.177,9.286,0.0,-3.891,0.0,0.023,1,0.0
14,41.1,822,decelerate,9.132,12.987,19.983,19.987,-0.003,-3.854,1.539,19.983,9.132,-0.003,-3.854,0.0,0.022,1,0.0
14,41.15,823,decelerate,8.938,12.807,19.791,19.807,-0.016,-3.869,1.545,19.341,9.132,-0.466,-3.675,0.0,0.064,0,0.05
14,41.2,824,decelerate,8.717,12.624,19.597,19.624,-0.027,-3.906,1.552,19.597,8.717,-0.027,-3.906,0.0,0.026,1,0.0
14,41.25,825,decelerate,8.479,12.452,19.401,19.452,-0.051,-3.973,1.558,18.974,8.717,-0.478,-3.735,0.0,0.067,0,0.05
14,41.3,826,decelerate,8.227,12.274,19.202,19.274,-0.072,-4.047,1.564,19.202,8.227,-0.072,-4.047,0.0,0.034,1,0.0
14,41.35,827,decelerate,7.975,12.105,18.999,19.105,-0.106,-4.131,1.57,18.999,7.975,-0.106,-4.131,0.0,0.04,1,0.0
14,41.4,828,decelerate,7.723,11.941,18.793,18.941,-0.148,-4.218,1.574,18.793,7.723,-0.148,-4.218,0.0,0.046,1,0.0
14,41.45,829,decelerate,7.471,11.755,18.583,18.755,-0.172,-4.284,1.581,18.204,7.723,-0.551,-4.032,0.0,0.082,0,0.05
14,41.5,830,decelerate,7.29,11.588,18.369,18.588,-0.219,-4.299,1.585,17.624,7.723,-0.964,-3.866,0.0,0.119,0,0.1
14,41.55,831,decelerate,7.2,11.415,18.16,18.415,-0.256,-4.215,1.591,18.16,7.2,-0.256,-4.215,0.0,0.057,1,0.0
14,41.6,832,decelerate,6.999,11.256,17.953,18.256,-0.303,-4.257,1.595,17.953,6.999,-0.303,-4.257,0.0,0.063,1,0.0
14,41.65,833,decelerate,6.512,11.169,17.731,18.169,-0.438,-4.657,1.587,17.396,6.999,-0.773,-4.17,0.0,0.108,0,0.05
14,41.7,834,decelerate,6.001,11.13,17.485,18.13,-0.645,-5.129,1.571,17.485,6.001,-0.645,-5.129,0.0,0.119,1,0.0
14,41.75,835,decelerate,5.627,10.85,17.224,17.85,-0.627,-5.224,1.587,17.224,5.627,-0.627,-5.224,0.0,0.119,1,0.0
14,41.8,836,decelerate,5.383,10.327,16.973,17.327,-0.353,-4.944,1.644,16.973,5.383,-0.353,-4.944,0.0,0.085,1,0.0
14,41.85,837,decelerate,5.235,9.882,16.737,16.882,-0.145,-4.647,1.694,16.737,5.235,-0.145,-4.647,0.0,0.057,1,0.0
14,41.9,838,decelerate,5.148,9.52,16.514,16.52,-0.006,-4.372,1.735,16.514,5.148,-0.006,-4.372,0.0,0.036,1,0.0
14,41.95,839,decelerate,5.094,9.204,16.304,16.204,0.1,-4.11,1.771,16.049,5.148,-0.155,-4.056,0.0,0.043,0,0.05
14,42.0,840,decelerate,5.062,8.933,16.107,15.933,0.174,-3.872,1.803,15.598,5.148,-0.336,-3.785,0.0,0.055,0,0.1
14,42.05,841,decelerate,5.053,8.676,15.922,15.676,0.245,-3.623,1.835,15.922,5.053,0.245,-3.623,0.01,0.0,1,0.0
14,42.1,842,decelerate,5.076,8.44,15.749,15.44,0.309,-3.364,1.866,15.496,5.053,0.056,-3.387,0.0,0.005,0,0.05
14,42.15,843,decelerate,5.122,8.213,15.59,15.213,0.377,-3.091,1.898,15.59,5.122,0.377,-3.091,0.046,0.0,1,0.0
14,42.2,844,decelerate,5.118,7.981,15.443,14.981,0.462,-2.863,1.935,15.443,5.118,0.462,-2.863,0.064,0.0,1,0.0
14,42.25,845,decelerate,5.061,7.779,15.305,14.779,0.526,-2.718,1.968,15.305,5.061,0.526,-2.718,0.078,0.0,1,0.0
14,42.3,846,decelerate,5.018,7.587,15.173,14.587,0.586,-2.569,2.0,14.922,5.061,0.335,-2.526,0.059,0.0,0,0.05
14,42.35,847,decelerate,4.856,7.402,15.049,14.402,0.647,-2.545,2.033,15.049,4.856,0.647,-2.545,0.1,0.0,1,0.0
14,42.4,848,decelerate,4.384,7.225,14.913,14.225,0.688,-2.841,2.064,14.913,4.384,0.688,-2.841,0.096,0.0,1,0.0
14,42.45,849,decelerate,3.884,7.056,14.761,14.056,0.705,-3.172,2.092,14.557,4.384,0.501,-2.672,0.077,0.0,0,0.05
14,42.5,850,decelerate,3.396,6.888,14.593,13.888,0.704,-3.492,2.118,14.593,3.396,0.704,-3.492,0.076,0.0,1,0.0
14,42.55,851,decelerate,3.287,6.716,14.417,13.716,0.702,-3.429,2.147,14.417,3.287,0.702,-3.429,0.078,0.0,1,0.0
14,42.6,852,decelerate,3.296,6.645,14.249,13.645,0.605,-3.349,2.144,14.249,3.296,0.605,-3.349,0.068,0.0,1,0.0
14,42.65,853,decelerate,3.313,6.631,14.083,13.631,0.453,-3.317,2.124,13.918,3.296,0.287,-3.334,0.026,0.0,0,0.05
14,42.7,854,decelerate,3.252,6.43,13.919,13.43,0.49,-3.177,2.165,13.919,3.252,0.49,-3.177,0.059,0.0,1,0.0
14,42.75,855,decelerate,3.123,5.914,13.773,12.914,0.859,-2.791,2.329,13.614,3.252,0.7,-2.662,0.104,0.0,0,0.05
14,42.8,856,decelerate,2.97,5.533,13.641,12.533,1.108,-2.563,2.466,13.33,3.252,0.798,-2.28,0.13,0.0,0,0.1
14,42.85,857,decelerate,2.804,5.208,13.518,12.208,1.309,-2.405,2.595,13.063,3.252,0.855,-1.956,0.148,0.0,0,0.15
14,42.9,858,decelerate,2.634,4.981,13.399,11.981,1.418,-2.347,2.69,13.399,2.634,1.418,-2.347,0.211,0.0,1,0.0
14,42.95,859,decelerate,2.463,4.742,13.284,11.742,1.542,-2.279,2.801,13.157,2.634,1.415,-2.108,0.218,0.0,0,0.05
14,43.0,860,decelerate,2.296,4.555,13.17,11.555,1.615,-2.26,2.891,13.17,2.296,1.615,-2.26,0.24,0.0,1,0.0
14,43.05,861,decelerate,2.131,4.411,13.057,11.411,1.646,-2.28,2.96,12.947,2.296,1.536,-2.115,0.234,0.0,0,0.05
14,43.1,862,decelerate,1.972,4.286,12.942,11.286,1.656,-2.314,3.02,12.731,2.296,1.445,-1.99,0.226,0.0,0,0.1
14,43.15,863,decelerate,1.624,4.184,12.822,11.184,1.638,-2.56,3.064,12.519,2.296,1.335,-1.888,0.215,0.0,0,0.15
14,43.2,864,decelerate,0.367,4.089,12.659,11.089,1.57,-3.722,3.096,12.659,0.367,1.57,-3.722,0.185,0.0,1,0.0
14,43.25,865,decelerate,0.001,3.995,12.459,10.995,1.464,-3.995,3.119,12.459,0.001,1.464,-3.995,0.162,0.0,1,0.0
14,43.3,866,decelerate,0.001,3.895,12.263,10.895,1.367,-3.895,3.148,12.263,0.001,1.367,-3.895,0.152,0.0,0,0.05
14,43.35,867,decelerate,0.001,3.791,12.071,10.791,1.28,-3.79,3.184,12.071,0.001,1.28,-3.791,0.144,0.0,0,0.1
14,43.4,868,decelerate,0.001,3.683,11.885,10.683,1.202,-3.682,3.227,11.885,0.001,1.202,-3.682,0.138,0.0,1,0.0
14,43.45,869,decelerate,0.001,3.573,11.705,10.573,1.131,-3.572,3.276,11.704,0.001,1.131,-3.572,0.132,0.0,0,0.05
14,43.5,870,decelerate,0.001,3.462,11.529,10.462,1.068,-3.461,3.33,11.529,0.001,1.068,-3.461,0.127,0.0,1,0.0
14,43.55,871,decelerate,0.001,3.35,11.36,10.35,1.01,-3.35,3.391,11.36,0.001,1.01,-3.35,0.123,0.0,1,0.0
14,43.6,872,decelerate,0.0,3.238,11.196,10.238,0.957,-3.238,3.457,11.196,0.001,0.957,-3.238,0.12,0.0,0,0.05
14,43.65,873,decelerate,0.0,3.127,11.037,10.127,0.91,-3.127,3.529,11.037,0.001,0.91,-3.127,0.117,0.0,0,0.1
14,43.7,874,decelerate,0.0,3.017,10.884,10.017,0.867,-3.017,3.607,10.884,0.001,0.867,-3.017,0.115,0.0,0,0.15
14,43.75,875,decelerate,0.0,2.908,10.737,9.908,0.829,-2.908,3.692,10.737,0.0,0.829,-2.908,0.114,0.0,1,0.0
14,43.8,876,decelerate,0.0,2.801,10.595,9.801,0.794,-2.801,3.783,10.595,0.0,0.794,-2.801,0.112,0.0,0,0.05
14,43.85,877,decelerate,0.0,2.692,10.458,9.692,0.766,-2.692,3.885,10.458,0.0,0.766,-2.692,0.112,0.0,0,0.1
14,43.9,878,decelerate,0.0,2.588,10.327,9.588,0.738,-2.588,3.99,10.327,0.0,0.738,-2.588,0.112,0.0,1,0.0
14,43.95,879,decelerate,0.0,2.488,10.2,9.488,0.713,-2.488,4.1,10.2,0.0,0.713,-2.488,0.112,0.0,0,0.05
14,44.0,880,decelerate,0.0,2.389,10.079,9.389,0.69,-2.389,4.219,10.079,0.0,0.69,-2.389,0.112,0.0,1,0.0
14,44.05,881,decelerate,0.0,2.293,9.962,9.293,0.669,-2.293,4.345,9.962,0.0,0.669,-2.293,0.113,0.0,0,0.05
14,44.1,882,decelerate,0.0,2.2,9.851,9.2,0.651,-2.2,4.478,9.851,0.0,0.651,-2.199,0.113,0.0,0,0.1
14,44.15,883,stopped,0.0,2.109,9.743,9.109,0.634,-2.109,4.619,9.743,0.0,0.634,-2.109,0.114,0.0,1,0.0
14,44.2,884,stopped,0.0,2.022,9.64,9.022,0.619,-2.022,4.769,9.64,0.0,0.619,-2.022,0.115,0.0,1,0.0
14,44.25,885,stopped,0.0,1.937,9.542,8.937,0.605,-1.937,4.926,9.542,0.0,0.605,-1.937,0.116,0.0,1,0.0
14,44.3,886,stopped,0.0,1.855,9.448,8.855,0.592,-1.855,5.092,9.448,0.0,0.592,-1.855,0.117,0.0,0,0.05
14,44.35,887,stopped,0.0,1.777,9.357,8.777,0.58,-1.777,5.265,9.357,0.0,0.58,-1.777,0.118,0.0,1,0.0
14,44.4,888,stopped,0.0,1.702,9.271,8.702,0.569,-1.702,5.448,9.271,0.0,0.569,-1.702,0.119,0.0,0,0.05
14,44.45,889,stopped,0.0,1.628,9.188,8.628,0.56,-1.628,5.644,9.188,0.0,0.56,-1.628,0.12,0.0,0,0.1
14,44.5,890,stopped,0.0,1.559,9.108,8.559,0.55,-1.558,5.844,9.108,0.0,0.55,-1.558,0.121,0.0,0,0.15
14,44.55,891,stopped,0.0,1.493,9.032,8.493,0.54,-1.493,6.051,9.032,0.0,0.54,-1.493,0.122,0.0,1,0.0
14,44.6,892,stopped,0.0,1.43,8.96,8.43,0.53,-1.43,6.265,8.96,0.0,0.53,-1.43,0.123,0.0,1,0.0
14,44.65,893,stopped,0.0,1.37,8.89,8.37,0.519,-1.37,6.487,8.89,0.0,0.519,-1.37,0.124,0.0,1,0.0
14,44.7,894,stopped,0.0,1.314,8.823,8.314,0.509,-1.314,6.715,8.823,0.0,0.509,-1.314,0.124,0.0,0,0.05
14,44.75,895,stopped,0.0,1.261,8.759,8.261,0.498,-1.261,6.946,8.759,0.0,0.498,-1.261,0.124,0.0,0,0.1
14,44.8,896,stopped,0.0,1.218,8.697,8.218,0.479,-1.218,7.138,8.697,0.0,0.479,-1.218,0.123,0.0,0,0.15
14,44.85,897,stopped,0.0,1.179,8.637,8.179,0.458,-1.179,7.325,8.637,0.0,0.458,-1.179,0.122,0.0,1,0.0
14,44.9,898,stopped,0.0,1.141,8.58,8.141,0.439,-1.141,7.52,8.58,0.0,0.439,-1.141,0.12,0.0,1,0.0
14,44.95,899,stopped,0.0,1.104,8.524,8.104,0.42,-1.104,7.722,8.524,0.0,0.42,-1.104,0.119,0.0,1,0.0
14,45.0,900,stopped,0.0,1.068,8.47,8.068,0.402,-1.068,7.93,8.47,0.0,0.402,-1.068,0.118,0.0,1,0.0
14,45.05,901,stopped,0.0,1.032,8.417,8.032,0.385,-1.032,8.157,8.417,0.0,0.385,-1.032,0.117,0.0,1,0.0
14,45.1,902,stopped,0.0,0.997,8.367,7.997,0.37,-0.997,8.394,8.367,0.0,0.37,-0.997,0.116,0.0,0,0.05
14,45.15,903,stopped,0.0,0.962,8.318,7.962,0.356,-0.962,8.645,8.318,0.0,0.356,-0.962,0.115,0.0,1,0.0
14,45.2,904,stopped,0.0,0.929,8.271,7.929,0.342,-0.929,8.906,8.271,0.0,0.342,-0.929,0.115,0.0,0,0.05
14,45.25,905,stopped,0.0,0.897,8.225,7.897,0.328,-0.897,9.167,8.225,0.0,0.328,-0.897,0.114,0.0,1,0.0
14,45.3,906,stopped,0.0,0.865,8.181,7.865,0.316,-0.865,9.462,8.181,0.0,0.316,-0.865,0.113,0.0,0,0.05
14,45.35,907,stopped,0.0,0.834,8.138,7.834,0.304,-0.834,9.756,8.138,0.0,0.304,-0.834,0.113,0.0,0,0.1
14,45.4,908,stopped,0.0,0.808,8.097,7.808,0.29,-0.808,10.027,8.097,0.0,0.29,-0.808,0.112,0.0,0,0.15
14,45.45,909,stopped,0.0,0.764,8.058,7.764,0.294,-0.764,10.55,8.058,0.0,0.294,-0.764,0.114,0.0,0,0.2
14,45.5,910,stopped,0.0,0.743,8.02,7.743,0.277,-0.743,10.796,8.02,0.0,0.277,-0.743,0.112,0.0,1,0.0
14,45.55,911,stopped,0.0,0.741,7.983,7.741,0.242,-0.741,10.771,7.983,0.0,0.242,-0.741,0.108,0.0,1,0.0
14,45.6,912,stopped,0.0,0.665,7.948,7.665,0.284,-0.665,11.958,7.948,0.0,0.284,-0.665,0.116,0.0,1,0.0
14,45.65,913,stopped,0.0,0.691,7.914,7.691,0.223,-0.691,11.445,7.914,0.0,0.223,-0.691,0.107,0.0,0,0.05
14,45.7,914,stopped,0.0,0.607,7.882,7.607,0.275,-0.607,12.982,7.882,0.0,0.275,-0.607,0.116,0.0,0,0.1
14,45.75,915,stopped,0.0,0.631,7.851,7.631,0.219,-0.631,12.437,7.851,0.0,0.219,-0.631,0.108,0.0,1,0.0
14,45.8,916,stopped,0.0,0.573,7.821,7.573,0.248,-0.573,13.651,7.821,0.0,0.248,-0.573,0.114,0.0,1,0.0
14,45.85,917,stopped,0.0,0.571,7.793,7.571,0.221,-0.571,13.635,7.793,0.0,0.221,-0.571,0.11,0.0,1,0.0
14,45.9,918,stopped,0.0,0.512,7.765,7.512,0.253,-0.512,15.164,7.765,0.0,0.253,-0.512,0.117,0.0,0,0.05
14,45.95,919,stopped,0.0,0.553,7.738,7.553,0.185,-0.553,13.996,7.738,0.0,0.185,-0.553,0.106,0.0,0,0.1
14,46.0,920,stopped,0.0,0.509,7.713,7.509,0.203,-0.509,15.146,7.713,0.0,0.203,-0.509,0.11,0.0,1,0.0
14,46.05,921,stopped,0.0,0.506,7.688,7.506,0.182,-0.505,15.208,7.688,0.0,0.182,-0.505,0.107,0.0,0,0.05
14,46.1,922,stopped,0.0,0.438,7.664,7.438,0.227,-0.438,17.514,7.664,0.0,0.227,-0.438,0.116,0.0,1,0.0
14,46.15,923,stopped,0.0,0.47,7.641,7.47,0.171,-0.47,16.259,7.641,0.0,0.171,-0.47,0.107,0.0,1,0.0
14,46.2,924,stopped,0.0,0.419,7.62,7.419,0.201,-0.419,18.18,7.62,0.0,0.201,-0.419,0.113,0.0,0,0.05
14,46.25,925,stopped,0.0,0.415,7.598,7.415,0.184,-0.415,18.317,7.598,0.0,0.184,-0.415,0.111,0.0,1,0.0
14,46.3,926,stopped,0.0,0.433,7.578,7.433,0.145,-0.433,17.508,7.578,0.0,0.145,-0.433,0.105,0.0,0,0.05
14,46.35,927,stopped,0.0,0.373,7.558,7.373,0.185,-0.373,20.237,7.558,0.0,0.185,-0.373,0.112,0.0,0,0.1
14,46.4,928,stopped,0.0,0.366,7.539,7.366,0.173,-0.366,20.597,7.539,0.0,0.173,-0.366,0.111,0.0,1,0.0
14,46.45,929,stopped,0.0,0.38,7.521,7.38,0.141,-0.38,19.798,7.521,0.0,0.141,-0.38,0.106,0.0,0,0.05
14,46.5,930,stopped,0.0,0.338,7.503,7.338,0.165,-0.338,22.198,7.503,0.0,0.165,-0.338,0.111,0.0,0,0.1
14,46.55,931,stopped,0.0,0.331,7.486,7.331,0.155,-0.331,22.613,7.486,0.0,0.155,-0.331,0.11,0.0,0,0.15
14,46.6,932,stopped,0.0,0.322,7.469,7.322,0.147,-0.322,23.209,7.469,0.0,0.147,-0.322,0.109,0.0,0,0.2
14,46.65,933,stopped,0.0,0.291,7.454,7.291,0.163,-0.291,25.578,7.454,0.0,0.163,-0.291,0.112,0.0,1,0.0
14,46.7,934,stopped,0.0,0.249,7.441,7.249,0.192,-0.249,29.915,7.441,0.0,0.192,-0.249,0.117,0.0,0,0.05
14,46.75,935,stopped,0.0,0.243,7.428,7.243,0.185,-0.243,30.624,7.428,0.0,0.185,-0.243,0.117,0.0,0,0.1
14,46.8,936,stopped,0.0,0.24,7.415,7.24,0.175,-0.24,30.843,7.415,0.0,0.175,-0.24,0.115,0.0,0,0.15
14,46.85,937,stopped,0.0,0.225,7.404,7.225,0.179,-0.225,32.91,7.404,0.0,0.179,-0.225,0.116,0.0,1,0.0
14,46.9,938,stopped,0.0,0.265,7.392,7.265,0.128,-0.265,27.936,7.392,0.0,0.128,-0.265,0.108,0.0,1,0.0
14,46.95,939,stopped,0.0,0.183,7.382,7.183,0.199,-0.183,40.339,7.382,0.0,0.199,-0.183,0.12,0.0,0,0.05
14,47.0,940,stopped,0.0,0.2,7.371,7.2,0.171,-0.2,36.852,7.371,0.0,0.171,-0.2,0.116,0.0,0,0.1
14,47.05,941,stopped,0.0,0.181,7.361,7.181,0.18,-0.181,40.561,7.361,0.0,0.18,-0.181,0.118,0.0,0,0.15
14,47.1,942,stopped,0.0,0.184,7.352,7.184,0.168,-0.184,39.886,7.352,0.0,0.168,-0.184,0.116,0.0,0,0.2
14,47.15,943,stopped,0.0,0.165,7.343,7.165,0.178,-0.165,44.445,7.343,0.0,0.178,-0.165,0.118,0.0,0,0.25
14,47.2,944,stopped,0.0,0.204,7.334,7.204,0.131,-0.204,35.982,7.334,0.0,0.131,-0.204,0.111,0.0,1,0.0
14,47.25,945,stopped,0.0,0.148,7.326,7.148,0.178,-0.148,49.646,7.326,0.0,0.178,-0.148,0.119,0.0,0,0.05
14,47.3,946,stopped,0.0,0.185,7.317,7.185,0.132,-0.185,39.469,7.317,0.0,0.132,-0.185,0.111,0.0,1,0.0
