episode,time_sec,tick,leader_phase,leader_speed_mps,follower_speed_mps,distance_m,desired_distance_m,spacing_error_m,relative_velocity_mps,thw_sec,observed_distance_m,observed_lead_speed_mps,control_spacing_error_m,control_relative_velocity_mps,throttle,brake,comm_success,time_since_last_comm_success_sec
11,0.05,1,accelerate,0.0,0.0,12.825,7.0,5.825,0.0,128.247,12.825,0.0,5.825,0.0,0.778,0.0,0,0.05
11,0.1,2,accelerate,0.003,0.003,12.825,7.003,5.822,0.0,128.247,12.825,0.0,5.822,-0.003,0.778,0.0,0,0.1
11,0.15,3,accelerate,0.001,0.001,12.825,7.001,5.824,0.0,128.247,12.825,0.001,5.824,0.0,0.779,0.0,1,0.0
11,0.2,4,accelerate,0.0,0.0,12.825,7.0,5.825,-0.0,128.247,12.825,0.0,5.825,-0.0,0.78,0.0,1,0.0
11,0.25,5,accelerate,0.0,0.001,12.825,7.001,5.824,-0.0,128.247,12.825,0.0,5.824,-0.0,0.781,0.0,1,0.0
11,0.3,6,accelerate,0.001,0.001,12.825,7.001,5.824,-0.0,128.247,12.825,0.001,5.824,-0.0,0.782,0.0,1,0.0
11,0.35,7,accelerate,0.001,0.001,12.825,7.001,5.824,-0.0,128.247,12.825,0.001,5.824,-0.0,0.783,0.0,1,0.0
11,0.4,8,accelerate,0.0,0.0,12.825,7.0,5.824,-0.0,128.247,12.825,0.0,5.824,-0.0,0.784,0.0,1,0.0
11,0.45,9,accelerate,0.0,0.0,12.825,7.0,5.824,-0.0,128.247,12.825,0.0,5.824,-0.0,0.785,0.0,1,0.0
11,0.5,10,accelerate,0.0,0.0,12.825,7.0,5.825,-0.0,128.247,12.825,0.0,5.825,0.0,0.786,0.0,0,0.05
11,0.55,11,accelerate,0.0,0.0,12.825,7.0,5.825,-0.0,128.247,12.825,0.0,5.825,0.0,0.787,0.0,0,0.1
11,0.6,12,accelerate,0.0,0.0,12.825,7.0,5.825,-0.0,128.247,12.825,0.0,5.825,0.0,0.788,0.0,0,0.15
11,0.65,13,accelerate,0.158,0.305,12.82,7.305,5.515,-0.146,42.097,12.82,0.158,5.515,-0.146,0.743,0.0,1,0.0
11,0.7,14,accelerate,0.518,0.628,12.815,7.628,5.187,-0.11,20.405,12.796,0.158,5.168,-0.47,0.687,0.0,0,0.05
11,0.75,15,accelerate,0.821,0.893,12.812,7.893,4.919,-0.072,14.352,12.758,0.158,4.865,-0.734,0.638,0.0,0,0.1
11,0.8,16,accelerate,1.035,0.982,12.814,7.982,4.832,0.052,13.045,12.713,0.158,4.73,-0.824,0.618,0.0,0,0.15
11,0.85,17,accelerate,1.162,1.089,12.819,8.089,4.729,0.073,11.766,12.663,0.158,4.573,-0.931,0.595,0.0,0,0.2
11,0.9,18,accelerate,1.301,1.238,12.824,8.238,4.586,0.063,10.357,12.824,1.301,4.586,0.063,0.63,0.0,1,0.0
11,0.95,19,accelerate,1.417,1.328,12.829,8.328,4.501,0.089,9.658,12.829,1.417,4.501,0.089,0.62,0.0,1,0.0
11,1.0,20,accelerate,1.543,1.416,12.837,8.416,4.421,0.126,9.064,12.764,1.417,4.348,0.001,0.598,0.0,0,0.05
11,1.05,21,accelerate,1.645,1.528,12.846,8.528,4.318,0.116,8.405,12.846,1.645,4.318,0.116,0.598,0.0,1,0.0
11,1.1,22,accelerate,1.806,1.588,12.858,8.588,4.27,0.218,8.098,12.771,1.645,4.183,0.057,0.579,0.0,0,0.05
11,1.15,23,accelerate,1.917,1.659,12.872,8.659,4.213,0.258,7.759,12.872,1.917,4.213,0.258,0.59,0.0,1,0.0
11,1.2,24,accelerate,2.082,1.726,12.89,8.726,4.164,0.356,7.468,12.79,1.917,4.064,0.191,0.569,0.0,0,0.05
11,1.25,25,accelerate,2.228,1.797,12.912,8.797,4.115,0.431,7.185,12.912,2.228,4.115,0.431,0.585,0.0,1,0.0
11,1.3,26,accelerate,2.418,1.865,12.94,8.865,4.075,0.553,6.94,12.94,2.418,4.075,0.553,0.584,0.0,1,0.0
11,1.35,27,accelerate,2.584,1.941,12.973,8.941,4.032,0.644,6.684,12.848,2.418,3.907,0.477,0.56,0.0,0,0.05
11,1.4,28,accelerate,2.755,2.015,13.011,9.015,3.995,0.74,6.456,13.011,2.755,3.995,0.74,0.581,0.0,1,0.0
11,1.45,29,accelerate,2.842,2.096,13.051,9.096,3.954,0.746,6.225,12.911,2.755,3.814,0.659,0.555,0.0,0,0.05
11,1.5,30,accelerate,2.887,2.176,13.09,9.176,3.914,0.711,6.016,12.807,2.755,3.631,0.579,0.528,0.0,0,0.1
11,1.55,31,accelerate,2.886,2.257,13.126,9.257,3.869,0.629,5.815,12.699,2.755,3.442,0.498,0.501,0.0,0,0.15
11,1.6,32,accelerate,2.919,2.329,13.159,9.329,3.83,0.589,5.649,13.159,2.919,3.83,0.589,0.556,0.0,1,0.0
11,1.65,33,accelerate,2.98,2.39,13.191,9.39,3.801,0.59,5.52,13.044,2.919,3.654,0.529,0.531,0.0,0,0.05
11,1.7,34,accelerate,3.108,2.44,13.225,9.44,3.785,0.668,5.42,13.225,3.108,3.785,0.668,0.554,0.0,1,0.0
11,1.75,35,accelerate,3.256,2.506,13.263,9.506,3.757,0.749,5.292,13.263,3.256,3.757,0.749,0.554,0.0,1,0.0
11,1.8,36,accelerate,3.447,2.591,13.305,9.591,3.715,0.856,5.136,13.137,3.256,3.547,0.665,0.524,0.0,0,0.05
11,1.85,37,accelerate,3.624,2.678,13.353,9.678,3.675,0.946,4.986,13.008,3.256,3.329,0.577,0.492,0.0,0,0.1
11,1.9,38,accelerate,3.752,2.753,13.404,9.753,3.651,0.999,4.869,13.404,3.752,3.651,0.999,0.55,0.0,1,0.0
11,1.95,39,accelerate,3.783,2.831,13.454,9.831,3.623,0.952,4.753,13.266,3.752,3.435,0.921,0.519,0.0,0,0.05
11,2.0,40,accelerate,3.783,2.905,13.501,9.905,3.596,0.878,4.648,13.501,3.783,3.596,0.878,0.539,0.0,1,0.0
11,2.05,41,accelerate,3.797,2.984,13.544,9.984,3.559,0.813,4.538,13.355,3.783,3.37,0.798,0.507,0.0,0,0.05
11,2.1,42,accelerate,3.888,3.058,13.586,10.058,3.527,0.83,4.442,13.586,3.888,3.527,0.83,0.53,0.0,1,0.0
11,2.15,43,accelerate,4.026,3.136,13.63,10.136,3.494,0.89,4.346,13.432,3.888,3.296,0.752,0.497,0.0,0,0.05
11,2.2,44,accelerate,4.199,3.208,13.678,10.208,3.471,0.991,4.264,13.274,3.888,3.067,0.681,0.465,0.0,0,0.1
11,2.25,45,accelerate,4.381,3.276,13.732,10.276,3.456,1.105,4.191,13.732,4.381,3.456,1.105,0.531,0.0,1,0.0
11,2.3,46,accelerate,4.541,3.34,13.792,10.34,3.452,1.201,4.13,13.568,4.381,3.228,1.041,0.499,0.0,0,0.05
11,2.35,47,accelerate,4.619,3.41,13.854,10.41,3.444,1.209,4.063,13.401,4.381,2.991,0.971,0.466,0.0,0,0.1
11,2.4,48,accelerate,4.628,3.472,13.914,10.472,3.442,1.156,4.007,13.23,4.381,2.758,0.909,0.433,0.0,0,0.15
11,2.45,49,accelerate,4.627,3.527,13.971,10.527,3.444,1.1,3.961,13.056,4.381,2.529,0.854,0.401,0.0,0,0.2
11,2.5,50,accelerate,4.685,3.566,14.027,10.566,3.461,1.118,3.933,14.027,4.685,3.461,1.118,0.535,0.0,1,0.0
11,2.55,51,accelerate,4.803,3.595,14.086,10.595,3.491,1.208,3.918,13.849,4.685,3.254,1.09,0.507,0.0,0,0.05
11,2.6,52,accelerate,4.956,3.646,14.151,10.646,3.504,1.309,3.881,14.151,4.956,3.504,1.309,0.548,0.0,1,0.0
11,2.65,53,accelerate,5.128,3.715,14.22,10.715,3.505,1.413,3.828,14.22,5.128,3.505,1.413,0.552,0.0,1,0.0
11,2.7,54,accelerate,5.243,3.79,14.293,10.79,3.504,1.453,3.772,14.293,5.243,3.504,1.453,0.554,0.0,1,0.0
11,2.75,55,accelerate,5.09,3.874,14.359,10.874,3.485,1.216,3.707,14.102,5.243,3.228,1.369,0.515,0.0,0,0.05
11,2.8,56,accelerate,5.093,3.955,14.418,10.955,3.463,1.138,3.645,13.906,5.243,2.951,1.288,0.476,0.0,0,0.1
11,2.85,57,accelerate,5.0,4.028,14.47,11.028,3.442,0.972,3.593,13.707,5.243,2.679,1.215,0.438,0.0,0,0.15
11,2.9,58,accelerate,5.459,4.083,14.532,11.083,3.449,1.376,3.559,13.505,5.243,2.422,1.16,0.402,0.0,0,0.2
11,2.95,59,accelerate,5.818,4.122,14.612,11.122,3.489,1.696,3.545,13.3,5.243,2.178,1.121,0.368,0.0,0,0.25
11,3.0,60,accelerate,5.924,4.129,14.7,11.129,3.571,1.795,3.56,14.7,5.924,3.571,1.795,0.577,0.0,1,0.0
11,3.05,61,accelerate,5.894,4.154,14.789,11.154,3.634,1.739,3.56,14.789,5.894,3.634,1.739,0.584,0.0,1,0.0
11,3.1,62,accelerate,5.845,4.209,14.873,11.209,3.663,1.636,3.533,14.873,5.845,3.663,1.636,0.585,0.0,1,0.0
11,3.15,63,accelerate,5.815,4.288,14.952,11.288,3.663,1.527,3.487,14.661,5.845,3.372,1.557,0.545,0.0,0,0.05
11,3.2,64,accelerate,5.815,4.373,15.025,11.373,3.652,1.441,3.436,14.444,5.845,3.071,1.472,0.502,0.0,0,0.1
11,3.25,65,accelerate,5.848,4.452,15.096,11.452,3.644,1.396,3.391,14.223,5.845,2.771,1.393,0.46,0.0,0,0.15
11,3.3,66,accelerate,5.915,4.515,15.166,11.515,3.652,1.4,3.359,15.166,5.915,3.652,1.4,0.578,0.0,1,0.0
11,3.35,67,accelerate,6.014,4.577,15.238,11.577,3.66,1.437,3.329,15.238,6.014,3.66,1.437,0.581,0.0,1,0.0
11,3.4,68,accelerate,6.142,4.642,15.312,11.642,3.67,1.5,3.299,15.312,6.142,3.67,1.5,0.585,0.0,1,0.0
11,3.45,69,accelerate,6.136,4.734,15.384,11.734,3.65,1.402,3.25,15.384,6.136,3.65,1.402,0.58,0.0,1,0.0
11,3.5,70,accelerate,6.131,4.83,15.451,11.83,3.622,1.302,3.199,15.145,6.136,3.315,1.306,0.532,0.0,0,0.05
11,3.55,71,accelerate,6.633,4.92,15.525,11.92,3.606,1.714,3.156,14.901,6.136,2.981,1.216,0.485,0.0,0,0.1
11,3.6,72,accelerate,7.16,4.994,15.625,11.994,3.631,2.165,3.129,15.625,7.16,3.631,2.165,0.604,0.0,1,0.0
11,3.65,73,accelerate,7.555,5.068,15.744,12.068,3.677,2.488,3.107,15.744,7.555,3.677,2.488,0.622,0.0,1,0.0
11,3.7,74,accelerate,7.722,5.05,15.874,12.05,3.824,2.672,3.143,15.874,7.722,3.824,2.672,0.648,0.0,1,0.0
11,3.75,75,accelerate,7.703,5.026,16.009,12.026,3.984,2.677,3.185,15.624,7.722,3.598,2.696,0.619,0.0,0,0.05
11,3.8,76,accelerate,7.626,5.085,16.137,12.085,4.052,2.54,3.173,15.369,7.722,3.284,2.637,0.576,0.0,0,0.1
11,3.85,77,accelerate,7.518,5.04,16.262,12.04,4.222,2.477,3.227,16.262,7.518,4.222,2.477,0.697,0.0,1,0.0
11,3.9,78,accelerate,7.405,5.008,16.384,12.008,4.376,2.397,3.271,16.384,7.405,4.376,2.397,0.715,0.0,1,0.0
11,3.95,79,accelerate,7.305,5.233,16.496,12.233,4.263,2.072,3.152,16.496,7.305,4.263,2.072,0.69,0.0,1,0.0
11,4.0,80,accelerate,7.248,5.346,16.591,12.346,4.245,1.902,3.103,16.591,7.248,4.245,1.902,0.683,0.0,1,0.0
11,4.05,81,accelerate,7.239,5.491,16.678,12.491,4.188,1.749,3.038,16.316,7.248,3.826,1.757,0.623,0.0,0,0.05
11,4.1,82,accelerate,7.276,5.58,16.763,12.58,4.183,1.696,3.004,16.763,7.276,4.183,1.696,0.669,0.0,1,0.0
11,4.15,83,accelerate,7.341,5.582,16.85,12.582,4.268,1.758,3.019,16.85,7.341,4.268,1.758,0.683,0.0,1,0.0
11,4.2,84,accelerate,7.448,5.613,16.94,12.613,4.327,1.836,3.018,16.57,7.341,3.957,1.728,0.641,0.0,0,0.05
11,4.25,85,accelerate,7.583,5.663,17.034,12.663,4.372,1.92,3.008,17.034,7.583,4.372,1.92,0.704,0.0,1,0.0
11,4.3,86,accelerate,7.741,5.733,17.133,12.733,4.4,2.008,2.988,16.749,7.583,4.016,1.85,0.655,0.0,0,0.05
11,4.35,87,accelerate,7.905,5.823,17.236,12.823,4.412,2.082,2.96,17.236,7.905,4.412,2.082,0.716,0.0,1,0.0
11,4.4,88,accelerate,8.086,5.929,17.342,12.929,4.412,2.157,2.925,17.342,8.086,4.412,2.157,0.719,0.0,1,0.0
11,4.45,89,accelerate,8.279,6.055,17.451,13.055,4.396,2.223,2.882,17.451,8.279,4.396,2.223,0.72,0.0,1,0.0
11,4.5,90,accelerate,8.479,6.1,17.566,13.1,4.466,2.379,2.88,17.566,8.479,4.466,2.379,0.735,0.0,1,0.0
11,4.55,91,accelerate,8.672,6.1,17.69,13.1,4.59,2.572,2.9,17.261,8.479,4.161,2.379,0.695,0.0,0,0.05
11,4.6,92,accelerate,8.875,6.318,17.821,13.318,4.502,2.557,2.821,16.953,8.479,3.635,2.161,0.618,0.0,0,0.1
11,4.65,93,accelerate,9.083,6.899,17.934,13.899,4.035,2.184,2.599,16.618,8.479,2.718,1.58,0.477,0.0,0,0.15
11,4.7,94,accelerate,9.294,7.301,18.035,14.301,3.734,1.993,2.47,16.259,8.479,1.958,1.178,0.363,0.0,0,0.2
11,4.75,95,accelerate,9.471,7.548,18.129,14.548,3.581,1.923,2.402,18.129,9.471,3.581,1.923,0.605,0.0,1,0.0
11,4.8,96,accelerate,9.572,7.655,18.223,14.655,3.568,1.917,2.38,18.223,9.572,3.568,1.917,0.603,0.0,1,0.0
11,4.85,97,accelerate,9.588,7.76,18.313,14.76,3.553,1.827,2.36,18.313,9.588,3.553,1.827,0.599,0.0,1,0.0
11,4.9,98,accelerate,9.536,7.865,18.396,14.865,3.532,1.671,2.339,18.396,9.536,3.532,1.671,0.591,0.0,1,0.0
11,4.95,99,accelerate,9.505,7.968,18.471,14.968,3.503,1.537,2.318,18.471,9.505,3.503,1.537,0.584,0.0,1,0.0
11,5.0,100,accelerate,9.53,8.069,18.54,15.069,3.471,1.461,2.298,18.54,9.53,3.471,1.461,0.577,0.0,1,0.0
11,5.05,101,accelerate,9.595,8.166,18.607,15.166,3.441,1.429,2.279,18.134,9.53,2.968,1.364,0.508,0.0,0,0.05
11,5.1,102,accelerate,9.682,8.255,18.672,15.255,3.418,1.427,2.262,18.672,9.682,3.418,1.427,0.57,0.0,1,0.0
11,5.15,103,accelerate,9.807,8.334,18.738,15.334,3.403,1.473,2.248,18.258,9.682,2.924,1.348,0.502,0.0,0,0.05
11,5.2,104,accelerate,9.966,8.409,18.806,15.409,3.397,1.557,2.236,18.806,9.966,3.397,1.557,0.573,0.0,1,0.0
11,5.25,105,accelerate,10.118,8.477,18.877,15.477,3.399,1.641,2.227,18.877,10.118,3.399,1.641,0.577,0.0,1,0.0
11,5.3,106,accelerate,10.302,8.549,18.951,15.549,3.402,1.752,2.217,18.951,10.302,3.402,1.752,0.581,0.0,1,0.0
11,5.35,107,accelerate,10.492,8.624,19.03,15.624,3.406,1.868,2.207,19.03,10.492,3.406,1.868,0.586,0.0,1,0.0
11,5.4,108,accelerate,10.664,8.702,19.113,15.702,3.412,1.962,2.197,19.113,10.664,3.412,1.962,0.591,0.0,1,0.0
11,5.45,109,accelerate,10.69,8.782,19.195,15.782,3.412,1.908,2.186,19.195,10.69,3.412,1.908,0.589,0.0,1,0.0
11,5.5,110,accelerate,10.644,8.866,19.271,15.866,3.406,1.779,2.174,19.271,10.644,3.406,1.779,0.585,0.0,1,0.0
11,5.55,111,accelerate,10.944,8.95,19.35,15.95,3.4,1.993,2.162,18.828,10.644,2.878,1.694,0.512,0.0,0,0.05
11,5.6,112,accelerate,11.276,9.029,19.442,16.029,3.413,2.247,2.153,18.381,10.644,2.352,1.615,0.44,0.0,0,0.1
11,5.65,113,accelerate,11.476,9.091,19.541,16.091,3.45,2.385,2.149,19.541,11.476,3.45,2.385,0.612,0.0,1,0.0
11,5.7,114,accelerate,11.466,9.142,19.638,16.142,3.497,2.325,2.148,19.09,11.476,2.948,2.335,0.544,0.0,0,0.05
11,5.75,115,accelerate,11.413,9.199,19.729,16.199,3.529,2.213,2.145,18.636,11.476,2.436,2.277,0.475,0.0,0,0.1
11,5.8,116,accelerate,11.355,9.252,19.815,16.252,3.563,2.103,2.142,19.815,11.355,3.563,2.103,0.62,0.0,1,0.0
11,5.85,117,accelerate,11.294,9.3,19.895,16.3,3.595,1.994,2.139,19.895,11.294,3.595,1.994,0.621,0.0,1,0.0
11,5.9,118,accelerate,11.275,9.364,19.969,16.364,3.606,1.911,2.133,19.437,11.294,3.073,1.931,0.55,0.0,0,0.05
11,5.95,119,accelerate,11.316,9.43,20.042,16.43,3.611,1.885,2.125,20.042,11.316,3.611,1.885,0.62,0.0,1,0.0
11,6.0,120,accelerate,11.396,9.502,20.116,16.502,3.613,1.893,2.117,20.116,11.396,3.613,1.893,0.622,0.0,1,0.0
11,6.05,121,accelerate,11.469,9.584,20.19,16.584,3.606,1.884,2.107,19.65,11.396,3.066,1.811,0.546,0.0,0,0.05
11,6.1,122,accelerate,11.57,9.667,20.264,16.667,3.597,1.904,2.096,20.264,11.57,3.597,1.904,0.621,0.0,1,0.0
11,6.15,123,accelerate,11.639,9.735,20.335,16.735,3.6,1.904,2.089,19.793,11.57,3.058,1.835,0.547,0.0,0,0.05
11,6.2,124,accelerate,11.773,9.818,20.405,16.818,3.588,1.955,2.078,20.405,11.773,3.588,1.955,0.622,0.0,1,0.0
11,6.25,125,accelerate,11.913,9.898,20.482,16.898,3.584,2.016,2.069,20.482,11.913,3.584,2.016,0.625,0.0,1,0.0
11,6.3,126,accelerate,12.031,9.973,20.561,16.973,3.589,2.059,2.062,20.005,11.913,3.032,1.941,0.549,0.0,0,0.05
11,6.35,127,accelerate,12.157,10.06,20.641,17.06,3.581,2.098,2.052,19.523,11.913,2.463,1.853,0.471,0.0,0,0.1
11,6.4,128,accelerate,12.305,10.129,20.725,17.129,3.596,2.176,2.046,20.725,12.305,3.596,2.176,0.633,0.0,1,0.0
11,6.45,129,accelerate,12.41,10.19,20.814,17.19,3.624,2.22,2.043,20.244,12.305,3.054,2.115,0.559,0.0,0,0.05
11,6.5,130,accelerate,12.543,10.243,20.905,17.243,3.662,2.3,2.041,19.759,12.305,2.516,2.062,0.486,0.0,0,0.1
11,6.55,131,accelerate,12.688,10.299,21.001,17.299,3.703,2.389,2.039,21.001,12.688,3.703,2.389,0.656,0.0,1,0.0
11,6.6,132,accelerate,12.796,10.352,21.103,17.352,3.75,2.444,2.038,20.516,12.688,3.164,2.335,0.583,0.0,0,0.05
11,6.65,133,accelerate,12.924,10.403,21.205,17.403,3.803,2.521,2.038,20.027,12.688,2.625,2.285,0.51,0.0,0,0.1
11,6.7,134,accelerate,13.005,10.463,21.308,17.463,3.844,2.541,2.036,19.534,12.688,2.071,2.224,0.434,0.0,0,0.15
11,6.75,135,accelerate,13.139,10.512,21.413,17.512,3.901,2.627,2.037,19.039,12.688,1.527,2.175,0.36,0.0,0,0.2
11,6.8,136,accelerate,13.289,10.529,21.529,17.529,4.0,2.76,2.045,21.529,13.289,4.0,2.76,0.71,0.0,1,0.0
11,6.85,137,accelerate,13.401,10.515,21.651,17.515,4.137,2.887,2.059,21.651,13.401,4.137,2.887,0.733,0.0,1,0.0
11,6.9,138,accelerate,13.524,10.541,21.777,17.541,4.236,2.983,2.066,21.777,13.524,4.236,2.983,0.75,0.0,1,0.0
11,6.95,139,accelerate,13.598,10.623,21.904,17.623,4.281,2.975,2.062,21.292,13.524,3.669,2.901,0.673,0.0,0,0.05
11,7.0,140,accelerate,13.729,10.708,22.03,17.708,4.322,3.021,2.057,22.03,13.729,4.322,3.021,0.764,0.0,1,0.0
11,7.05,141,accelerate,13.878,10.832,22.16,17.832,4.327,3.046,2.046,22.16,13.878,4.327,3.046,0.767,0.0,1,0.0
11,7.1,142,accelerate,13.987,10.984,22.291,17.984,4.307,3.003,2.029,22.291,13.987,4.307,3.003,0.763,0.0,1,0.0
11,7.15,143,accelerate,14.108,10.939,22.426,17.939,4.487,3.169,2.05,22.426,14.108,4.487,3.169,0.794,0.0,1,0.0
11,7.2,144,accelerate,14.177,10.92,22.563,17.92,4.642,3.257,2.066,22.563,14.177,4.642,3.257,0.818,0.0,1,0.0
11,7.25,145,accelerate,14.301,11.289,22.696,18.289,4.406,3.012,2.01,22.061,14.177,3.772,2.888,0.69,0.0,0,0.05
11,7.3,146,accelerate,14.446,11.602,22.821,18.602,4.22,2.845,1.967,22.821,14.446,4.22,2.845,0.749,0.0,1,0.0
11,7.35,147,accelerate,14.541,11.868,22.941,18.868,4.073,2.673,1.933,22.291,14.446,3.424,2.579,0.635,0.0,0,0.05
11,7.4,148,accelerate,14.638,12.092,23.057,19.092,3.964,2.545,1.907,23.057,14.638,3.964,2.545,0.706,0.0,1,0.0
11,7.45,149,accelerate,14.677,12.241,23.167,19.241,3.927,2.436,1.893,23.167,14.677,3.927,2.436,0.698,0.0,1,0.0
11,7.5,150,accelerate,14.762,12.39,23.274,19.39,3.885,2.373,1.879,23.274,14.762,3.885,2.373,0.691,0.0,1,0.0
11,7.55,151,accelerate,14.873,12.479,23.385,19.479,3.906,2.394,1.874,23.385,14.873,3.906,2.394,0.696,0.0,1,0.0
11,7.6,152,accelerate,14.968,12.609,23.496,19.609,3.887,2.359,1.863,22.822,14.873,3.213,2.264,0.599,0.0,0,0.05
11,7.65,153,accelerate,15.096,12.737,23.613,19.737,3.876,2.359,1.854,23.613,15.096,3.876,2.359,0.692,0.0,1,0.0
11,7.7,154,accelerate,15.202,12.82,23.734,19.82,3.915,2.382,1.851,23.734,15.202,3.915,2.382,0.698,0.0,1,0.0
11,7.75,155,accelerate,15.338,12.915,23.86,19.915,3.945,2.423,1.847,23.161,15.202,3.246,2.287,0.606,0.0,0,0.05
11,7.8,156,accelerate,15.45,12.959,23.99,19.959,4.03,2.491,1.851,22.579,15.202,2.62,2.242,0.522,0.0,0,0.1
11,7.85,157,accelerate,15.552,13.039,24.124,20.039,4.085,2.513,1.85,21.99,15.202,1.95,2.163,0.43,0.0,0,0.15
11,7.9,158,accelerate,15.632,13.109,24.268,20.109,4.159,2.523,1.851,24.268,15.632,4.159,2.523,0.738,0.0,1,0.0
11,7.95,159,accelerate,15.689,13.129,24.416,20.129,4.287,2.56,1.86,24.416,15.689,4.287,2.56,0.757,0.0,1,0.0
11,8.0,160,accelerate,15.771,13.185,24.569,20.185,4.383,2.585,1.863,24.569,15.771,4.383,2.585,0.771,0.0,1,0.0
11,8.05,161,accelerate,15.866,13.286,24.727,20.286,4.441,2.58,1.861,23.978,15.771,3.692,2.485,0.675,0.0,0,0.05
11,8.1,162,accelerate,15.981,13.356,24.889,20.356,4.533,2.625,1.864,24.889,15.981,4.533,2.625,0.792,0.0,1,0.0
11,8.15,163,accelerate,16.008,13.457,25.055,20.457,4.598,2.551,1.862,25.055,16.008,4.598,2.551,0.798,0.0,1,0.0
11,8.2,164,accelerate,16.003,13.527,25.216,20.527,4.69,2.476,1.864,25.216,16.003,4.69,2.476,0.808,0.0,1,0.0
11,8.25,165,accelerate,16.106,13.661,25.375,20.661,4.713,2.444,1.857,25.375,16.106,4.713,2.444,0.81,0.0,1,0.0
11,8.3,166,accelerate,16.314,13.822,25.54,20.822,4.718,2.492,1.848,25.54,16.314,4.718,2.492,0.812,0.0,1,0.0
11,8.35,167,accelerate,16.49,13.95,25.711,20.95,4.761,2.54,1.843,25.711,16.49,4.761,2.54,0.819,0.0,1,0.0
11,8.4,168,accelerate,16.643,14.094,25.882,21.094,4.788,2.549,1.836,25.882,16.643,4.788,2.549,0.823,0.0,1,0.0
11,8.45,169,accelerate,16.774,14.194,26.054,21.194,4.86,2.58,1.836,25.234,16.643,4.04,2.449,0.72,0.0,0,0.05
11,8.5,170,accelerate,16.87,14.346,26.223,21.346,4.877,2.524,1.828,26.223,16.87,4.877,2.524,0.834,0.0,1,0.0
11,8.55,171,accelerate,16.934,14.441,26.388,21.441,4.947,2.492,1.827,25.555,16.87,4.114,2.428,0.729,0.0,0,0.05
11,8.6,172,accelerate,16.988,14.589,26.548,21.589,4.958,2.399,1.82,24.876,16.87,3.287,2.28,0.614,0.0,0,0.1
11,8.65,173,accelerate,17.05,14.739,26.703,21.739,4.964,2.311,1.812,24.187,16.87,2.448,2.131,0.497,0.0,0,0.15
11,8.7,174,accelerate,17.129,14.82,26.857,21.82,5.036,2.309,1.812,23.489,16.87,1.669,2.05,0.391,0.0,0,0.2
11,8.75,175,accelerate,17.219,14.863,27.008,21.863,5.145,2.355,1.817,22.784,16.87,0.921,2.007,0.29,0.0,0,0.25
11,8.8,176,accelerate,17.316,14.817,27.161,21.817,5.345,2.499,1.833,22.074,16.87,0.257,2.053,0.203,0.0,0,0.3
11,8.85,177,accelerate,17.417,14.779,27.318,21.779,5.539,2.638,1.848,21.361,16.87,-0.418,2.091,0.114,0.0,0,0.35
11,8.9,178,accelerate,17.522,14.655,27.48,21.655,5.825,2.867,1.875,27.48,17.522,5.825,2.867,0.972,0.0,1,0.0
11,8.95,179,accelerate,17.629,14.557,27.649,21.557,6.092,3.072,1.899,26.773,17.522,5.216,2.965,0.894,0.0,0,0.05
11,9.0,180,accelerate,17.737,14.509,27.826,21.509,6.316,3.228,1.918,27.826,17.737,6.316,3.228,1.0,0.0,1,0.0
11,9.05,181,accelerate,17.846,14.491,28.006,21.491,6.516,3.356,1.933,28.006,17.846,6.516,3.356,1.0,0.0,1,0.0
11,9.1,182,accelerate,17.955,14.571,28.188,21.571,6.617,3.384,1.935,27.294,17.846,5.723,3.275,0.972,0.0,0,0.05
11,9.15,183,accelerate,18.065,14.719,28.368,21.719,6.649,3.347,1.927,28.368,18.065,6.649,3.347,1.0,0.0,1,0.0
11,9.2,184,accelerate,18.176,14.797,28.544,21.797,6.747,3.379,1.929,28.544,18.176,6.747,3.379,1.0,0.0,1,0.0
11,9.25,185,accelerate,18.286,14.802,28.724,21.802,6.922,3.485,1.941,27.813,18.176,6.011,3.374,1.0,0.0,0,0.05
11,9.3,186,accelerate,18.397,14.743,28.909,21.743,7.166,3.654,1.961,28.909,18.397,7.166,3.654,1.0,0.0,1,0.0
11,9.35,187,accelerate,18.508,15.045,29.09,22.045,7.045,3.463,1.934,29.09,18.508,7.045,3.463,1.0,0.0,1,0.0
11,9.4,188,accelerate,18.616,15.307,29.263,22.307,6.956,3.309,1.912,28.335,18.508,6.028,3.201,1.0,0.0,0,0.05
11,9.45,189,accelerate,18.718,15.536,29.428,22.536,6.892,3.182,1.894,27.566,18.508,5.03,2.972,0.87,0.0,0,0.1
11,9.5,190,accelerate,18.813,15.767,29.586,22.767,6.818,3.046,1.876,26.785,18.508,4.018,2.741,0.727,0.0,0,0.15
11,9.55,191,accelerate,18.904,15.947,29.737,22.947,6.79,2.957,1.865,25.994,18.508,3.047,2.561,0.592,0.0,0,0.2
11,9.6,192,accelerate,18.996,16.107,29.885,23.107,6.778,2.889,1.855,29.885,18.996,6.778,2.889,1.0,0.0,1,0.0
11,9.65,193,accelerate,19.092,16.227,30.03,23.227,6.802,2.864,1.851,30.03,19.092,6.802,2.864,1.0,0.0,1,0.0
11,9.7,194,accelerate,19.192,16.372,30.173,23.372,6.801,2.821,1.843,29.215,19.092,5.844,2.72,0.97,0.0,0,0.05
11,9.75,195,accelerate,19.297,16.537,30.313,23.537,6.777,2.76,1.833,30.313,19.297,6.777,2.76,1.0,0.0,1,0.0
11,9.8,196,cruise,19.403,16.703,30.45,23.703,6.747,2.7,1.823,29.482,19.297,5.779,2.593,0.957,0.0,0,0.05
11,9.85,197,cruise,19.509,16.893,30.584,23.893,6.691,2.616,1.81,30.584,19.509,6.691,2.616,1.0,0.0,1,0.0
11,9.9,198,cruise,19.615,17.083,30.712,24.083,6.629,2.532,1.798,29.734,19.509,5.651,2.426,0.934,0.0,0,0.05
11,9.95,199,cruise,19.722,17.282,30.837,24.282,6.555,2.441,1.784,30.837,19.722,6.555,2.441,1.0,0.0,1,0.0
11,10.0,200,cruise,19.831,17.479,30.956,24.479,6.478,2.352,1.771,29.967,19.722,5.488,2.244,0.907,0.0,0,0.05
11,10.05,201,cruise,19.933,17.679,31.071,24.679,6.392,2.254,1.758,29.087,19.722,4.408,2.043,0.756,0.0,0,0.1
11,10.1,202,cruise,20.007,17.861,31.181,24.861,6.32,2.146,1.746,31.181,20.007,6.32,2.146,1.0,0.0,1,0.0
11,10.15,203,cruise,20.016,18.031,31.284,25.031,6.253,1.985,1.735,30.283,20.007,5.252,1.976,0.866,0.0,0,0.05
11,10.2,204,cruise,19.955,18.205,31.377,25.205,6.172,1.75,1.724,29.377,20.007,4.172,1.802,0.716,0.0,0,0.1
11,10.25,205,cruise,19.867,18.367,31.456,25.367,6.09,1.5,1.713,31.456,19.867,6.09,1.5,0.962,0.0,1,0.0
11,10.3,206,cruise,19.781,18.514,31.524,25.514,6.01,1.267,1.703,31.524,19.781,6.01,1.267,0.944,0.0,1,0.0
11,10.35,207,cruise,19.73,18.677,31.581,25.677,5.904,1.054,1.691,30.594,19.781,4.917,1.104,0.792,0.0,0,0.05
11,10.4,208,cruise,19.73,18.841,31.629,25.841,5.788,0.89,1.679,29.655,19.781,3.814,0.941,0.64,0.0,0,0.1
11,10.45,209,cruise,19.767,18.985,31.67,25.985,5.685,0.782,1.668,31.67,19.767,5.685,0.782,0.884,0.0,1,0.0
11,10.5,210,cruise,19.828,19.111,31.707,26.111,5.596,0.718,1.659,30.717,19.767,4.606,0.656,0.736,0.0,0,0.05
11,10.55,211,cruise,19.899,19.239,31.741,26.239,5.502,0.659,1.65,29.758,19.767,3.518,0.528,0.587,0.0,0,0.1
11,10.6,212,cruise,19.954,19.351,31.773,26.351,5.421,0.602,1.642,31.773,19.954,5.421,0.602,0.843,0.0,1,0.0
11,10.65,213,cruise,19.966,19.448,31.801,26.448,5.352,0.518,1.635,31.801,19.966,5.352,0.518,0.831,0.0,1,0.0
11,10.7,214,cruise,19.933,19.558,31.822,26.558,5.264,0.375,1.627,30.825,19.966,4.267,0.408,0.683,0.0,0,0.05
11,10.75,215,cruise,19.875,19.672,31.836,26.672,5.164,0.203,1.618,29.844,19.966,3.172,0.294,0.533,0.0,0,0.1
11,10.8,216,cruise,19.817,19.766,31.841,26.766,5.075,0.051,1.611,31.841,19.817,5.075,0.051,0.778,0.0,1,0.0
11,10.85,217,cruise,19.785,19.844,31.841,26.844,4.997,-0.059,1.605,31.841,19.785,4.997,-0.059,0.764,0.0,1,0.0
11,10.9,218,cruise,19.794,19.932,31.835,26.932,4.903,-0.139,1.597,31.835,19.794,4.903,-0.139,0.749,0.0,1,0.0
11,10.95,219,cruise,19.836,20.029,31.826,27.029,4.797,-0.193,1.589,30.836,19.794,3.806,-0.236,0.6,0.0,0,0.05
11,11.0,220,cruise,19.893,20.122,31.816,27.122,4.694,-0.229,1.581,31.816,19.893,4.694,-0.229,0.718,0.0,1,0.0
11,11.05,221,cruise,19.936,20.205,31.803,27.205,4.598,-0.269,1.574,31.803,19.936,4.598,-0.269,0.704,0.0,1,0.0
11,11.1,222,cruise,19.945,20.292,31.788,27.292,4.496,-0.347,1.567,30.79,19.936,3.498,-0.356,0.555,0.0,0,0.05
11,11.15,223,cruise,19.918,20.371,31.767,27.371,4.396,-0.453,1.559,29.773,19.936,2.402,-0.435,0.406,0.0,0,0.1
11,11.2,224,cruise,19.872,20.425,31.741,27.425,4.317,-0.553,1.554,28.753,19.936,1.328,-0.489,0.261,0.0,0,0.15
11,11.25,225,cruise,19.828,20.441,31.712,27.441,4.271,-0.613,1.551,27.731,19.936,0.29,-0.505,0.122,0.0,0,0.2
11,11.3,226,cruise,19.806,20.415,31.681,27.415,4.266,-0.609,1.552,26.71,19.936,-0.705,-0.479,0.0,0.008,0,0.25
11,11.35,227,cruise,19.817,20.344,31.653,27.344,4.309,-0.527,1.556,31.653,19.817,4.309,-0.527,0.657,0.0,1,0.0
11,11.4,228,cruise,19.853,20.247,31.63,27.247,4.384,-0.394,1.562,31.63,19.853,4.384,-0.394,0.671,0.0,1,0.0
11,11.45,229,cruise,19.895,20.166,31.615,27.166,4.449,-0.271,1.568,30.621,19.853,3.455,-0.313,0.55,0.0,0,0.05
11,11.5,230,cruise,19.923,20.121,31.604,27.121,4.482,-0.199,1.571,31.604,19.923,4.482,-0.199,0.691,0.0,1,0.0
11,11.55,231,cruise,19.923,20.109,31.594,27.109,4.485,-0.186,1.571,31.594,19.923,4.485,-0.186,0.692,0.0,1,0.0
11,11.6,232,cruise,19.899,20.13,31.584,27.13,4.454,-0.231,1.569,30.588,19.923,3.459,-0.207,0.554,0.0,0,0.05
11,11.65,233,cruise,19.864,20.164,31.57,27.164,4.406,-0.3,1.566,31.57,19.864,4.406,-0.3,0.678,0.0,1,0.0
11,11.7,234,cruise,19.835,20.203,31.553,27.203,4.35,-0.368,1.562,31.553,19.835,4.35,-0.368,0.668,0.0,1,0.0
11,11.75,235,cruise,19.826,20.255,31.533,27.255,4.278,-0.429,1.557,30.541,19.835,3.287,-0.419,0.524,0.0,0,0.05
11,11.8,236,cruise,19.839,20.306,31.51,27.306,4.204,-0.467,1.552,29.527,19.835,2.221,-0.471,0.38,0.0,0,0.1
11,11.85,237,cruise,19.867,20.337,31.486,27.337,4.149,-0.47,1.548,31.486,19.867,4.149,-0.47,0.638,0.0,1,0.0
11,11.9,238,cruise,19.894,20.352,31.463,27.352,4.111,-0.458,1.546,31.463,19.894,4.111,-0.458,0.633,0.0,1,0.0
11,11.95,239,cruise,19.907,20.38,31.44,27.38,4.06,-0.473,1.543,30.445,19.894,3.065,-0.486,0.492,0.0,0,0.05
11,12.0,240,cruise,19.902,20.411,31.415,27.411,4.005,-0.509,1.539,29.425,19.894,2.014,-0.517,0.351,0.0,0,0.1
11,12.05,241,cruise,19.882,20.424,31.389,27.424,3.965,-0.542,1.537,28.404,19.894,0.98,-0.53,0.213,0.0,0,0.15
11,12.1,242,cruise,19.86,20.408,31.361,27.408,3.953,-0.548,1.537,27.383,19.894,-0.025,-0.514,0.08,0.0,0,0.2
11,12.15,243,cruise,19.845,20.356,31.335,27.356,3.979,-0.511,1.539,26.364,19.894,-0.992,-0.462,0.0,0.036,0,0.25
11,12.2,244,cruise,19.845,20.261,31.312,27.261,4.051,-0.417,1.545,25.349,19.894,-1.912,-0.367,0.0,0.126,0,0.3
11,12.25,245,cruise,19.857,20.124,31.296,27.124,4.171,-0.267,1.555,24.34,19.894,-2.784,-0.23,0.0,0.21,0,0.35
11,12.3,246,cruise,19.875,19.953,31.288,26.953,4.335,-0.078,1.568,23.339,19.894,-3.614,-0.059,0.0,0.289,0,0.4
11,12.35,247,cruise,19.889,19.755,31.291,26.755,4.536,0.135,1.584,31.291,19.889,4.536,0.135,0.708,0.0,1,0.0
11,12.4,248,cruise,19.893,19.592,31.303,26.592,4.711,0.302,1.598,30.308,19.889,3.716,0.298,0.605,0.0,0,0.05
11,12.45,249,cruise,19.887,19.482,31.321,26.482,4.839,0.404,1.608,31.321,19.887,4.839,0.404,0.759,0.0,1,0.0
11,12.5,250,cruise,19.873,19.431,31.343,26.431,4.912,0.443,1.613,31.343,19.873,4.912,0.443,0.77,0.0,1,0.0
11,12.55,251,cruise,19.861,19.435,31.364,26.435,4.93,0.426,1.614,31.364,19.861,4.93,0.426,0.771,0.0,1,0.0
11,12.6,252,cruise,19.855,19.477,31.384,26.477,4.907,0.377,1.611,31.384,19.855,4.907,0.377,0.767,0.0,1,0.0
11,12.65,253,cruise,19.857,19.545,31.401,26.545,4.856,0.312,1.607,31.401,19.857,4.856,0.312,0.758,0.0,1,0.0
11,12.7,254,cruise,19.867,19.629,31.414,26.629,4.786,0.238,1.6,31.414,19.867,4.786,0.238,0.746,0.0,1,0.0
11,12.75,255,cruise,19.877,19.722,31.424,26.722,4.702,0.155,1.593,31.424,19.877,4.702,0.155,0.732,0.0,1,0.0
11,12.8,256,cruise,19.884,19.819,31.429,26.819,4.61,0.065,1.586,30.435,19.877,3.616,0.058,0.584,0.0,0,0.05
11,12.85,257,cruise,19.884,19.909,31.429,26.909,4.52,-0.026,1.579,29.441,19.877,2.532,-0.032,0.436,0.0,0,0.1
11,12.9,258,cruise,19.878,19.975,31.426,26.975,4.451,-0.097,1.573,31.426,19.878,4.451,-0.097,0.69,0.0,1,0.0
11,12.95,259,cruise,19.869,20.02,31.419,27.02,4.4,-0.15,1.569,31.419,19.869,4.4,-0.15,0.682,0.0,1,0.0
11,13.0,260,cruise,19.863,20.075,31.41,27.075,4.335,-0.212,1.565,30.417,19.869,3.342,-0.205,0.539,0.0,0,0.05
11,13.05,261,cruise,19.861,20.13,31.398,27.13,4.268,-0.269,1.56,31.398,19.861,4.268,-0.269,0.66,0.0,1,0.0
11,13.1,262,cruise,19.865,20.181,31.383,27.181,4.202,-0.316,1.555,31.383,19.865,4.202,-0.316,0.65,0.0,1,0.0
11,13.15,263,cruise,19.871,20.238,31.365,27.238,4.128,-0.367,1.55,30.372,19.865,3.134,-0.373,0.505,0.0,0,0.05
11,13.2,264,cruise,19.877,20.29,31.346,27.29,4.056,-0.413,1.545,29.358,19.865,2.068,-0.425,0.362,0.0,0,0.1
11,13.25,265,cruise,19.879,20.319,31.324,27.319,4.005,-0.44,1.542,28.343,19.865,1.024,-0.455,0.221,0.0,0,0.15
11,13.3,266,cruise,19.878,20.314,31.302,27.314,3.988,-0.437,1.541,27.327,19.865,0.013,-0.45,0.087,0.0,0,0.2
11,13.35,267,cruise,19.873,20.27,31.281,27.27,4.011,-0.397,1.543,31.281,19.873,4.011,-0.397,0.622,0.0,1,0.0
11,13.4,268,cruise,19.869,20.2,31.263,27.2,4.063,-0.332,1.548,31.263,19.869,4.063,-0.332,0.631,0.0,1,0.0
11,13.45,269,cruise,19.866,20.147,31.249,27.147,4.102,-0.281,1.551,30.255,19.869,3.109,-0.278,0.505,0.0,0,0.05
11,13.5,270,cruise,19.866,20.123,31.235,27.123,4.113,-0.257,1.552,29.249,19.869,2.126,-0.254,0.375,0.0,0,0.1
11,13.55,271,cruise,19.869,20.103,31.223,27.103,4.12,-0.235,1.553,28.243,19.869,1.14,-0.235,0.244,0.0,0,0.15
11,13.6,272,cruise,19.873,20.071,31.212,27.071,4.142,-0.198,1.555,27.239,19.869,0.168,-0.202,0.116,0.0,0,0.2
11,13.65,273,cruise,19.875,20.013,31.204,27.013,4.192,-0.137,1.559,26.237,19.869,-0.776,-0.144,0.0,0.006,0,0.25
11,13.7,274,cruise,19.876,19.923,31.2,26.923,4.277,-0.047,1.566,25.239,19.869,-1.684,-0.055,0.0,0.095,0,0.3
11,13.75,275,cruise,19.874,19.794,31.201,26.794,4.408,0.081,1.576,31.201,19.874,4.408,0.081,0.69,0.0,1,0.0
11,13.8,276,cruise,19.872,19.668,31.209,26.668,4.541,0.204,1.587,30.216,19.874,3.548,0.207,0.58,0.0,0,0.05
11,13.85,277,cruise,19.869,19.571,31.223,26.571,4.651,0.298,1.595,29.235,19.874,2.664,0.303,0.465,0.0,0,0.1
11,13.9,278,cruise,19.868,19.512,31.239,26.512,4.727,0.355,1.601,28.259,19.874,1.746,0.362,0.345,0.0,0,0.15
11,13.95,279,cruise,19.869,19.467,31.258,26.467,4.791,0.402,1.606,27.284,19.874,0.817,0.407,0.223,0.0,0,0.2
11,14.0,280,cruise,19.871,19.415,31.28,26.415,4.865,0.455,1.611,26.313,19.874,-0.103,0.459,0.102,0.0,0,0.25
11,14.05,281,cruise,19.873,19.345,31.305,26.345,4.96,0.528,1.618,25.344,19.874,-1.001,0.529,0.0,0.012,0,0.3
11,14.1,282,cruise,19.874,19.248,31.334,26.248,5.086,0.627,1.628,31.334,19.874,5.086,0.627,0.799,0.0,1,0.0
11,14.15,283,cruise,19.874,19.138,31.369,26.138,5.231,0.736,1.639,30.375,19.874,4.237,0.736,0.69,0.0,0,0.05
11,14.2,284,cruise,19.873,19.051,31.408,26.051,5.357,0.822,1.649,29.421,19.874,3.37,0.823,0.577,0.0,0,0.1
11,14.25,285,cruise,19.871,19.006,31.451,26.006,5.445,0.865,1.655,31.451,19.871,5.445,0.865,0.855,0.0,1,0.0
11,14.3,286,cruise,19.87,18.999,31.494,25.999,5.495,0.87,1.658,30.501,19.871,4.501,0.871,0.729,0.0,0,0.05
11,14.35,287,cruise,19.869,19.035,31.537,26.035,5.502,0.834,1.657,29.55,19.871,3.515,0.836,0.596,0.0,0,0.1
11,14.4,288,cruise,19.87,19.085,31.577,26.085,5.492,0.785,1.655,28.597,19.871,2.511,0.786,0.461,0.0,0,0.15
11,14.45,289,cruise,19.872,19.127,31.615,26.127,5.488,0.745,1.653,27.641,19.871,1.514,0.744,0.327,0.0,0,0.2
11,14.5,290,cruise,19.873,19.145,31.651,26.145,5.507,0.728,1.653,26.684,19.871,0.539,0.726,0.196,0.0,0,0.25
11,14.55,291,cruise,19.873,19.131,31.688,26.131,5.557,0.742,1.656,31.688,19.873,5.557,0.742,0.866,0.0,1,0.0
11,14.6,292,cruise,19.873,19.095,31.726,26.095,5.631,0.778,1.661,31.726,19.873,5.631,0.778,0.877,0.0,1,0.0
11,14.65,293,cruise,19.872,19.08,31.766,26.08,5.686,0.793,1.665,31.766,19.872,5.686,0.793,0.885,0.0,1,0.0
11,14.7,294,cruise,19.871,19.113,31.804,26.113,5.691,0.758,1.664,31.804,19.871,5.691,0.758,0.884,0.0,1,0.0
11,14.75,295,cruise,19.87,19.191,31.84,26.191,5.649,0.679,1.659,31.84,19.87,5.649,0.679,0.876,0.0,1,0.0
11,14.8,296,cruise,19.87,19.297,31.871,26.297,5.573,0.572,1.652,31.871,19.87,5.573,0.572,0.862,0.0,1,0.0
11,14.85,297,cruise,19.87,19.422,31.896,26.422,5.474,0.448,1.642,30.902,19.87,4.48,0.447,0.712,0.0,0,0.05
11,14.9,298,cruise,19.871,19.55,31.914,26.55,5.365,0.321,1.632,29.927,19.87,3.377,0.32,0.561,0.0,0,0.1
11,14.95,299,cruise,19.872,19.658,31.927,26.658,5.27,0.215,1.624,31.927,19.872,5.27,0.215,0.81,0.0,1,0.0
11,15.0,300,cruise,19.873,19.748,31.935,26.748,5.187,0.125,1.617,30.942,19.872,4.194,0.124,0.663,0.0,0,0.05
11,15.05,301,cruise,19.873,19.842,31.939,26.842,5.096,0.031,1.61,29.951,19.872,3.109,0.03,0.516,0.0,0,0.1
11,15.1,302,cruise,19.872,19.921,31.938,26.921,5.017,-0.049,1.603,31.938,19.872,5.017,-0.049,0.767,0.0,1,0.0
11,15.15,303,cruise,19.871,19.986,31.933,26.986,4.948,-0.115,1.598,30.94,19.872,3.954,-0.114,0.623,0.0,0,0.05
11,15.2,304,cruise,19.87,20.057,31.925,27.057,4.869,-0.186,1.592,29.938,19.872,2.882,-0.185,0.478,0.0,0,0.1
11,15.25,305,cruise,19.87,20.115,31.914,27.115,4.8,-0.244,1.587,31.914,19.87,4.8,-0.244,0.732,0.0,1,0.0
11,15.3,306,cruise,19.871,20.16,31.901,27.16,4.74,-0.29,1.582,30.907,19.87,3.747,-0.29,0.59,0.0,0,0.05
11,15.35,307,cruise,19.871,20.214,31.885,27.214,4.671,-0.342,1.577,31.885,19.871,4.671,-0.342,0.711,0.0,1,0.0
11,15.4,308,cruise,19.872,20.27,31.866,27.27,4.596,-0.398,1.572,31.866,19.872,4.596,-0.398,0.7,0.0,1,0.0
11,15.45,309,cruise,19.872,20.338,31.844,27.338,4.506,-0.465,1.566,31.844,19.872,4.506,-0.465,0.685,0.0,1,0.0
11,15.5,310,cruise,19.872,20.412,31.818,27.412,4.407,-0.539,1.559,30.825,19.872,3.413,-0.539,0.537,0.0,0,0.05
11,15.55,311,cruise,19.872,20.48,31.789,27.48,4.31,-0.608,1.552,31.789,19.872,4.31,-0.608,0.654,0.0,1,0.0
11,15.6,312,cruise,19.871,20.538,31.757,27.538,4.219,-0.667,1.546,31.757,19.871,4.219,-0.667,0.64,0.0,1,0.0
11,15.65,313,cruise,19.871,20.599,31.722,27.599,4.123,-0.728,1.54,31.722,19.871,4.123,-0.728,0.625,0.0,1,0.0
11,15.7,314,cruise,19.871,20.659,31.684,27.659,4.024,-0.789,1.534,31.684,19.871,4.024,-0.789,0.61,0.0,1,0.0
11,15.75,315,cruise,19.871,20.718,31.643,27.718,3.925,-0.847,1.527,31.643,19.871,3.925,-0.847,0.595,0.0,1,0.0
11,15.8,316,cruise,19.872,20.773,31.599,27.773,3.826,-0.901,1.521,31.599,19.872,3.826,-0.901,0.58,0.0,1,0.0
11,15.85,317,cruise,19.872,20.823,31.552,27.823,3.729,-0.951,1.515,31.552,19.872,3.729,-0.951,0.566,0.0,1,0.0
11,15.9,318,cruise,19.872,20.868,31.503,27.868,3.636,-0.996,1.51,31.503,19.872,3.636,-0.996,0.552,0.0,1,0.0
11,15.95,319,cruise,19.872,20.907,31.452,27.907,3.545,-1.035,1.504,31.452,19.872,3.545,-1.035,0.538,0.0,1,0.0
11,16.0,320,cruise,19.872,20.941,31.399,27.941,3.458,-1.07,1.499,30.406,19.872,2.464,-1.069,0.393,0.0,0,0.05
11,16.05,321,cruise,19.871,20.962,31.345,27.962,3.383,-1.091,1.495,31.345,19.871,3.383,-1.091,0.515,0.0,1,0.0
11,16.1,322,cruise,19.871,20.97,31.29,27.97,3.32,-1.099,1.492,30.297,19.871,2.327,-1.099,0.374,0.0,0,0.05
11,16.15,323,cruise,19.871,20.971,31.235,27.971,3.264,-1.1,1.489,29.248,19.871,1.277,-1.1,0.234,0.0,0,0.1
11,16.2,324,cruise,19.871,20.949,31.181,27.949,3.232,-1.078,1.488,31.181,19.871,3.232,-1.078,0.495,0.0,1,0.0
11,16.25,325,cruise,19.872,20.911,31.129,27.911,3.218,-1.039,1.489,30.135,19.871,2.224,-1.039,0.362,0.0,0,0.05
11,16.3,326,cruise,19.872,20.876,31.078,27.876,3.202,-1.004,1.489,31.078,19.872,3.202,-1.004,0.493,0.0,1,0.0
11,16.35,327,cruise,19.872,20.844,31.029,27.844,3.185,-0.972,1.489,30.035,19.872,2.191,-0.972,0.36,0.0,0,0.05
11,16.4,328,cruise,19.872,20.816,30.98,27.816,3.164,-0.945,1.488,30.98,19.872,3.164,-0.945,0.49,0.0,1,0.0
11,16.45,329,cruise,19.871,20.789,30.934,27.789,3.145,-0.917,1.488,29.94,19.872,2.152,-0.917,0.356,0.0,0,0.05
11,16.5,330,cruise,19.871,20.764,30.889,27.764,3.125,-0.893,1.488,30.889,19.871,3.125,-0.893,0.487,0.0,1,0.0
11,16.55,331,cruise,19.871,20.738,30.845,27.738,3.107,-0.867,1.487,30.845,19.871,3.107,-0.867,0.485,0.0,1,0.0
11,16.6,332,cruise,19.871,20.721,30.802,27.721,3.081,-0.85,1.486,29.809,19.871,2.087,-0.85,0.35,0.0,0,0.05
11,16.65,333,cruise,19.871,20.703,30.76,27.703,3.057,-0.832,1.486,28.773,19.871,1.07,-0.832,0.215,0.0,0,0.1
11,16.7,334,cruise,19.872,20.667,30.72,27.667,3.053,-0.795,1.486,27.739,19.871,0.072,-0.795,0.083,0.0,0,0.15
11,16.75,335,cruise,19.872,20.601,30.682,27.601,3.08,-0.73,1.489,26.707,19.871,-0.894,-0.73,0.0,0.033,0,0.2
11,16.8,336,cruise,19.872,20.499,30.648,27.499,3.149,-0.628,1.495,25.68,19.871,-1.819,-0.628,0.0,0.123,0,0.25
11,16.85,337,cruise,19.872,20.357,30.621,27.357,3.264,-0.486,1.504,24.66,19.871,-2.698,-0.486,0.0,0.208,0,0.3
11,16.9,338,cruise,19.871,20.182,30.602,27.182,3.42,-0.311,1.516,30.602,19.871,3.42,-0.311,0.545,0.0,1,0.0
11,16.95,339,cruise,19.871,20.032,30.591,27.032,3.559,-0.161,1.527,30.591,19.871,3.559,-0.161,0.569,0.0,1,0.0
11,17.0,340,cruise,19.871,19.924,30.587,26.924,3.662,-0.053,1.535,29.593,19.871,2.669,-0.053,0.454,0.0,0,0.05
11,17.05,341,cruise,19.871,19.857,30.586,26.857,3.729,0.015,1.54,28.599,19.871,1.742,0.015,0.333,0.0,0,0.1
11,17.1,342,cruise,19.871,19.804,30.589,26.804,3.785,0.067,1.545,30.589,19.871,3.785,0.067,0.607,0.0,1,0.0
11,17.15,343,cruise,19.872,19.76,30.593,26.76,3.833,0.112,1.548,30.593,19.872,3.833,0.112,0.615,0.0,1,0.0
11,17.2,344,cruise,19.872,19.746,30.599,26.746,3.853,0.126,1.55,29.606,19.872,2.86,0.126,0.485,0.0,0,0.05
11,17.25,345,cruise,19.872,19.748,30.606,26.748,3.857,0.123,1.55,28.618,19.872,1.87,0.123,0.353,0.0,0,0.1
11,17.3,346,cruise,19.868,19.744,30.612,26.744,3.868,0.124,1.55,30.612,19.868,3.868,0.124,0.62,0.0,1,0.0
11,17.35,347,cruise,19.868,19.733,30.618,26.733,3.885,0.135,1.552,29.625,19.868,2.892,0.135,0.49,0.0,0,0.05
11,17.4,348,cruise,19.848,19.735,30.624,26.735,3.889,0.113,1.552,30.624,19.848,3.889,0.113,0.622,0.0,1,0.0
11,17.45,349,cruise,19.855,19.745,30.629,26.745,3.885,0.11,1.551,29.637,19.848,2.892,0.103,0.489,0.0,0,0.05
11,17.5,350,cruise,19.849,19.763,30.634,26.763,3.871,0.086,1.55,30.634,19.849,3.871,0.086,0.619,0.0,1,0.0
11,17.55,351,cruise,19.867,19.783,30.638,26.783,3.854,0.083,1.549,30.638,19.867,3.854,0.083,0.617,0.0,1,0.0
11,17.6,352,cruise,19.855,19.815,30.64,26.815,3.824,0.039,1.546,29.648,19.867,2.832,0.051,0.479,0.0,0,0.05
11,17.65,353,cruise,19.841,19.848,30.638,26.848,3.79,-0.006,1.544,28.656,19.867,1.808,0.019,0.342,0.0,0,0.1
11,17.7,354,cruise,19.851,19.861,30.632,26.861,3.771,-0.01,1.542,30.632,19.851,3.771,-0.01,0.603,0.0,1,0.0
11,17.75,355,cruise,19.868,19.86,30.628,26.86,3.768,0.008,1.542,29.639,19.851,2.779,-0.009,0.47,0.0,0,0.05
11,17.8,356,cruise,19.838,19.866,30.624,26.866,3.758,-0.028,1.542,28.646,19.851,1.78,-0.014,0.337,0.0,0,0.1
11,17.85,357,cruise,19.844,19.861,30.619,26.861,3.758,-0.018,1.542,27.653,19.851,0.792,-0.01,0.205,0.0,0,0.15
11,17.9,358,cruise,19.869,19.833,30.613,26.833,3.78,0.036,1.544,30.613,19.869,3.78,0.036,0.605,0.0,1,0.0
11,17.95,359,cruise,19.892,19.788,30.609,26.788,3.821,0.103,1.547,29.623,19.869,2.835,0.08,0.481,0.0,0,0.05
11,18.0,360,cruise,19.9,19.758,30.608,26.758,3.85,0.143,1.549,30.608,19.9,3.85,0.143,0.618,0.0,1,0.0
11,18.05,361,cruise,19.889,19.746,30.606,26.746,3.86,0.144,1.55,30.606,19.889,3.86,0.144,0.62,0.0,1,0.0
11,18.1,362,cruise,19.863,19.757,30.604,26.757,3.847,0.107,1.549,29.619,19.889,2.863,0.132,0.486,0.0,0,0.05
11,18.15,363,cruise,19.849,19.776,30.601,26.776,3.825,0.073,1.547,30.601,19.849,3.825,0.073,0.612,0.0,1,0.0
11,18.2,364,cruise,19.833,19.796,30.598,26.796,3.802,0.037,1.546,29.613,19.849,2.817,0.053,0.477,0.0,0,0.05
11,18.25,365,cruise,19.847,19.82,30.594,26.82,3.775,0.027,1.544,28.624,19.849,1.805,0.029,0.342,0.0,0,0.1
11,18.3,366,cruise,19.853,19.827,30.592,26.827,3.765,0.025,1.543,30.592,19.853,3.765,0.025,0.603,0.0,1,0.0
11,18.35,367,cruise,19.879,19.823,30.593,26.823,3.77,0.056,1.543,29.604,19.853,2.781,0.03,0.472,0.0,0,0.05
11,18.4,368,cruise,19.884,19.827,30.596,26.827,3.77,0.058,1.543,28.615,19.853,1.789,0.026,0.339,0.0,0,0.1
11,18.45,369,cruise,19.892,19.821,30.601,26.821,3.78,0.071,1.544,30.601,19.892,3.78,0.071,0.606,0.0,1,0.0
11,18.5,370,cruise,19.876,19.808,30.607,26.808,3.8,0.068,1.545,29.614,19.892,2.807,0.084,0.477,0.0,0,0.05
11,18.55,371,cruise,19.868,19.806,30.614,26.806,3.808,0.062,1.546,28.628,19.892,1.822,0.086,0.346,0.0,0,0.1
11,18.6,372,cruise,19.851,19.798,30.621,26.798,3.823,0.053,1.547,27.642,19.892,0.844,0.094,0.216,0.0,0,0.15
11,18.65,373,cruise,19.853,19.768,30.629,26.768,3.861,0.085,1.549,30.629,19.853,3.861,0.085,0.618,0.0,1,0.0
11,18.7,374,cruise,19.856,19.725,30.64,26.725,3.916,0.131,1.553,29.648,19.853,2.923,0.129,0.494,0.0,0,0.05
11,18.75,375,cruise,19.871,19.696,30.654,26.696,3.958,0.175,1.556,28.668,19.853,1.972,0.157,0.368,0.0,0,0.1
11,18.8,376,cruise,19.879,19.673,30.669,26.673,3.996,0.205,1.559,27.69,19.853,1.016,0.18,0.242,0.0,0,0.15
11,18.85,377,cruise,19.886,19.634,30.686,26.634,4.052,0.252,1.563,26.713,19.853,0.079,0.219,0.118,0.0,0,0.2
11,18.9,378,cruise,19.882,19.576,30.706,26.576,4.13,0.306,1.569,25.739,19.853,-0.836,0.278,0.0,0.002,0,0.25
11,18.95,379,cruise,19.875,19.467,30.728,26.467,4.262,0.409,1.579,30.728,19.875,4.262,0.409,0.682,0.0,1,0.0
11,19.0,380,cruise,19.865,19.361,30.755,26.361,4.395,0.504,1.589,29.763,19.875,3.403,0.515,0.571,0.0,0,0.05
11,19.05,381,cruise,19.861,19.275,30.787,26.275,4.512,0.586,1.597,30.787,19.861,4.512,0.586,0.721,0.0,1,0.0
11,19.1,382,cruise,19.86,19.219,30.821,26.219,4.602,0.641,1.604,29.829,19.861,3.611,0.642,0.603,0.0,0,0.05
11,19.15,383,cruise,19.866,19.213,30.854,26.213,4.641,0.653,1.606,28.872,19.861,2.659,0.648,0.476,0.0,0,0.1
11,19.2,384,cruise,19.873,19.193,30.888,26.193,4.696,0.68,1.609,30.888,19.873,4.696,0.68,0.749,0.0,1,0.0
11,19.25,385,cruise,19.879,19.171,30.925,26.171,4.753,0.708,1.613,29.933,19.873,3.762,0.702,0.625,0.0,0,0.05
11,19.3,386,cruise,19.88,19.172,30.959,26.172,4.787,0.708,1.615,30.959,19.88,4.787,0.708,0.762,0.0,1,0.0
11,19.35,387,cruise,19.877,19.218,30.99,26.218,4.772,0.659,1.613,30.99,19.877,4.772,0.659,0.758,0.0,1,0.0
11,19.4,388,cruise,19.872,19.236,31.016,26.236,4.78,0.635,1.612,31.016,19.872,4.78,0.635,0.758,0.0,1,0.0
11,19.45,389,cruise,19.867,19.31,31.042,26.31,4.732,0.557,1.608,31.042,19.867,4.732,0.557,0.749,0.0,1,0.0
11,19.5,390,cruise,19.865,19.402,31.065,26.402,4.663,0.463,1.601,31.065,19.865,4.663,0.463,0.737,0.0,1,0.0
11,19.55,391,cruise,19.866,19.497,31.085,26.497,4.587,0.369,1.594,30.093,19.865,3.596,0.367,0.592,0.0,0,0.05
11,19.6,392,cruise,19.87,19.584,31.101,26.584,4.517,0.286,1.588,31.101,19.87,4.517,0.286,0.712,0.0,1,0.0
11,19.65,393,cruise,19.874,19.649,31.114,26.649,4.465,0.225,1.583,31.114,19.874,4.465,0.225,0.703,0.0,1,0.0
11,19.7,394,cruise,19.876,19.734,31.125,26.734,4.391,0.143,1.577,31.125,19.876,4.391,0.143,0.69,0.0,1,0.0
11,19.75,395,cruise,19.876,19.812,31.132,26.812,4.32,0.064,1.571,30.14,19.876,3.328,0.065,0.546,0.0,0,0.05
11,19.8,396,cruise,19.874,19.887,31.136,26.887,4.249,-0.014,1.566,29.151,19.876,2.264,-0.011,0.401,0.0,0,0.1
11,19.85,397,cruise,19.87,19.927,31.137,26.927,4.21,-0.057,1.563,28.159,19.876,1.232,-0.051,0.263,0.0,0,0.15
11,19.9,398,cruise,19.868,19.942,31.137,26.942,4.195,-0.074,1.561,31.137,19.868,4.195,-0.074,0.657,0.0,1,0.0
11,19.95,399,cruise,19.867,19.916,31.136,26.916,4.22,-0.049,1.563,31.136,19.867,4.22,-0.049,0.661,0.0,1,0.0
11,20.0,400,cruise,19.869,19.922,31.136,26.922,4.215,-0.053,1.563,30.144,19.867,3.222,-0.054,0.528,0.0,0,0.05
11,20.05,401,cruise,19.871,19.927,31.136,26.927,4.209,-0.056,1.562,29.15,19.867,2.223,-0.06,0.394,0.0,0,0.1
11,20.1,402,cruise,19.868,19.94,31.134,26.94,4.195,-0.072,1.561,28.156,19.867,1.216,-0.072,0.26,0.0,0,0.15
11,20.15,403,cruise,19.87,19.918,31.133,26.918,4.215,-0.048,1.563,31.133,19.87,4.215,-0.048,0.66,0.0,1,0.0
11,20.2,404,cruise,19.86,19.891,31.132,26.891,4.241,-0.031,1.565,31.132,19.86,4.241,-0.031,0.664,0.0,1,0.0
11,20.25,405,cruise,19.843,19.877,31.131,26.877,4.254,-0.034,1.566,30.14,19.86,3.263,-0.017,0.534,0.0,0,0.05
11,20.3,406,cruise,19.855,19.891,31.13,26.891,4.238,-0.036,1.565,29.147,19.86,2.256,-0.031,0.4,0.0,0,0.1
11,20.35,407,cruise,19.855,19.894,31.128,26.894,4.233,-0.039,1.565,28.153,19.86,1.259,-0.034,0.267,0.0,0,0.15
11,20.4,408,cruise,19.874,19.883,31.126,26.883,4.243,-0.008,1.565,27.16,19.86,0.277,-0.022,0.136,0.0,0,0.2
11,20.45,409,cruise,19.868,19.837,31.125,26.837,4.289,0.032,1.569,26.168,19.86,-0.669,0.023,0.011,0.0,0,0.25
11,20.5,410,cruise,19.822,19.761,31.125,26.761,4.364,0.061,1.575,31.125,19.822,4.364,0.061,0.684,0.0,1,0.0
11,20.55,411,cruise,19.829,19.661,31.128,26.661,4.467,0.168,1.583,31.128,19.829,4.467,0.168,0.701,0.0,1,0.0
11,20.6,412,cruise,19.828,19.581,31.134,26.581,4.552,0.246,1.59,31.134,19.828,4.552,0.246,0.715,0.0,1,0.0
11,20.65,413,cruise,19.868,19.547,31.142,26.547,4.595,0.321,1.593,31.142,19.868,4.595,0.321,0.723,0.0,1,0.0
11,20.7,414,cruise,19.873,19.559,31.151,26.559,4.593,0.315,1.593,31.151,19.873,4.593,0.315,0.723,0.0,1,0.0
11,20.75,415,cruise,19.896,19.598,31.158,26.598,4.56,0.298,1.59,31.158,19.896,4.56,0.298,0.718,0.0,1,0.0
11,20.8,416,cruise,19.871,19.658,31.16,26.658,4.502,0.213,1.585,30.177,19.896,3.519,0.238,0.577,0.0,0,0.05
11,20.85,417,cruise,19.786,19.721,31.152,26.721,4.431,0.065,1.58,29.194,19.896,2.473,0.175,0.436,0.0,0,0.1
11,20.9,418,cruise,19.769,19.768,31.137,26.768,4.368,0.001,1.575,28.207,19.896,1.439,0.128,0.296,0.0,0,0.15
11,20.95,419,cruise,19.757,19.785,31.117,26.785,4.331,-0.028,1.573,31.117,19.757,4.331,-0.028,0.677,0.0,1,0.0
11,21.0,420,cruise,19.811,19.781,31.096,26.781,4.315,0.03,1.572,30.13,19.757,3.349,-0.024,0.546,0.0,0,0.05
11,21.05,421,cruise,19.839,19.786,31.074,26.786,4.288,0.053,1.571,31.074,19.839,4.288,0.053,0.674,0.0,1,0.0
11,21.1,422,cruise,19.832,19.806,31.048,26.806,4.243,0.026,1.568,30.088,19.839,3.283,0.033,0.539,0.0,0,0.05
11,21.15,423,cruise,19.877,19.837,31.02,26.837,4.183,0.04,1.564,31.02,19.877,4.183,0.04,0.659,0.0,1,0.0
11,21.2,424,cruise,19.877,19.872,30.987,26.872,4.115,0.004,1.559,30.987,19.877,4.115,0.004,0.649,0.0,1,0.0
11,21.25,425,cruise,19.898,19.919,30.952,26.919,4.033,-0.021,1.554,29.999,19.877,3.081,-0.042,0.509,0.0,0,0.05
11,21.3,426,cruise,19.86,19.965,30.912,26.965,3.947,-0.105,1.548,29.01,19.877,2.045,-0.088,0.37,0.0,0,0.1
11,21.35,427,cruise,19.768,19.991,30.863,26.991,3.872,-0.223,1.544,28.018,19.877,1.028,-0.114,0.233,0.0,0,0.15
11,21.4,428,cruise,19.752,19.986,30.809,26.986,3.823,-0.234,1.542,30.809,19.752,3.823,-0.234,0.602,0.0,1,0.0
11,21.45,429,cruise,19.733,19.959,30.754,26.959,3.795,-0.226,1.541,30.754,19.733,3.795,-0.226,0.599,0.0,1,0.0
11,21.5,430,cruise,19.785,19.949,30.702,26.949,3.753,-0.164,1.539,29.775,19.733,2.827,-0.215,0.47,0.0,0,0.05
11,21.55,431,cruise,19.806,19.95,30.652,26.95,3.701,-0.144,1.536,30.652,19.806,3.701,-0.144,0.589,0.0,1,0.0
11,21.6,432,cruise,19.799,19.957,30.6,26.957,3.643,-0.158,1.533,29.679,19.806,2.722,-0.151,0.458,0.0,0,0.05
11,21.65,433,cruise,19.862,19.963,30.55,26.963,3.586,-0.101,1.53,30.55,19.862,3.586,-0.101,0.575,0.0,1,0.0
11,21.7,434,cruise,19.885,19.975,30.503,26.975,3.528,-0.09,1.527,30.503,19.885,3.528,-0.09,0.567,0.0,1,0.0
11,21.75,435,cruise,19.927,19.982,30.459,26.982,3.477,-0.055,1.524,30.459,19.927,3.477,-0.055,0.562,0.0,1,0.0
11,21.8,436,cruise,19.89,20.007,30.419,27.007,3.412,-0.117,1.52,30.419,19.89,3.412,-0.117,0.551,0.0,1,0.0
11,21.85,437,cruise,19.787,20.014,30.373,27.014,3.36,-0.226,1.518,29.466,19.89,2.452,-0.124,0.423,0.0,0,0.05
11,21.9,438,cruise,19.751,20.001,30.325,27.001,3.325,-0.25,1.516,28.511,19.89,1.51,-0.111,0.298,0.0,0,0.1
11,21.95,439,cruise,19.725,19.999,30.279,26.999,3.28,-0.274,1.514,30.279,19.725,3.28,-0.274,0.528,0.0,1,0.0
11,22.0,440,cruise,19.769,19.964,30.24,26.964,3.276,-0.194,1.515,30.24,19.769,3.276,-0.194,0.53,0.0,1,0.0
11,22.05,441,cruise,19.797,19.958,30.209,26.958,3.251,-0.16,1.514,30.209,19.797,3.251,-0.16,0.528,0.0,1,0.0
11,22.1,442,cruise,19.875,19.935,30.186,26.935,3.252,-0.06,1.514,30.186,19.875,3.252,-0.06,0.532,0.0,1,0.0
11,22.15,443,cruise,19.909,19.943,30.174,26.943,3.231,-0.034,1.513,29.263,19.875,2.32,-0.068,0.407,0.0,0,0.05
11,22.2,444,cruise,19.95,19.921,30.171,26.921,3.249,0.028,1.514,30.171,19.95,3.249,0.028,0.534,0.0,1,0.0
11,22.25,445,cruise,19.915,19.848,30.174,26.848,3.326,0.068,1.52,29.256,19.95,2.408,0.102,0.425,0.0,0,0.05
11,22.3,446,cruise,19.883,19.826,30.183,26.826,3.357,0.057,1.522,30.183,19.883,3.357,0.057,0.549,0.0,1,0.0
11,22.35,447,cruise,19.814,19.772,30.195,26.772,3.423,0.042,1.527,30.195,19.814,3.423,0.042,0.558,0.0,1,0.0
11,22.4,448,cruise,19.721,19.772,30.206,26.772,3.434,-0.051,1.528,29.29,19.814,2.518,0.042,0.437,0.0,0,0.05
11,22.45,449,cruise,19.719,19.74,30.218,26.74,3.478,-0.02,1.531,30.218,19.719,3.478,-0.02,0.563,0.0,1,0.0
11,22.5,450,cruise,19.739,19.683,30.234,26.683,3.551,0.056,1.536,29.316,19.719,2.633,0.036,0.452,0.0,0,0.05
11,22.55,451,cruise,19.807,19.679,30.258,26.679,3.578,0.128,1.538,28.411,19.719,1.731,0.04,0.332,0.0,0,0.1
11,22.6,452,cruise,19.859,19.629,30.288,26.629,3.658,0.229,1.543,30.288,19.859,3.658,0.229,0.595,0.0,1,0.0
11,22.65,453,cruise,19.931,19.608,30.327,26.608,3.719,0.323,1.547,29.391,19.859,2.783,0.251,0.479,0.0,0,0.05
11,22.7,454,cruise,19.947,19.559,30.373,26.559,3.814,0.388,1.553,28.491,19.859,1.932,0.3,0.368,0.0,0,0.1
11,22.75,455,cruise,19.942,19.541,30.425,26.541,3.883,0.4,1.557,27.59,19.859,1.048,0.317,0.25,0.0,0,0.15
11,22.8,456,cruise,19.873,19.472,30.479,26.472,4.007,0.4,1.565,30.479,19.873,4.007,0.4,0.648,0.0,1,0.0
11,22.85,457,cruise,19.823,19.332,30.536,26.332,4.204,0.491,1.58,29.591,19.873,3.259,0.541,0.553,0.0,0,0.05
11,22.9,458,cruise,19.767,19.27,30.594,26.27,4.324,0.497,1.588,28.701,19.873,2.431,0.603,0.444,0.0,0,0.1
11,22.95,459,cruise,19.776,19.192,30.655,26.192,4.463,0.585,1.597,30.655,19.776,4.463,0.585,0.715,0.0,1,0.0
11,23.0,460,cruise,19.791,19.172,30.718,26.172,4.546,0.618,1.602,29.769,19.776,3.597,0.604,0.6,0.0,0,0.05
11,23.05,461,cruise,19.855,19.14,30.785,26.14,4.644,0.715,1.608,28.879,19.776,2.739,0.636,0.486,0.0,0,0.1
11,23.1,462,cruise,19.898,19.154,30.854,26.154,4.701,0.744,1.611,30.854,19.898,4.701,0.744,0.752,0.0,1,0.0
11,23.15,463,cruise,19.906,19.125,30.923,26.125,4.798,0.78,1.617,29.965,19.898,3.84,0.772,0.638,0.0,0,0.05
11,23.2,464,cruise,19.919,19.073,30.992,26.073,4.918,0.846,1.625,30.992,19.919,4.918,0.846,0.784,0.0,1,0.0
11,23.25,465,cruise,19.894,19.102,31.058,26.102,4.956,0.792,1.626,30.096,19.919,3.995,0.818,0.66,0.0,0,0.05
11,23.3,466,cruise,19.869,19.113,31.12,26.113,5.007,0.756,1.628,31.12,19.869,5.007,0.756,0.793,0.0,1,0.0
11,23.35,467,cruise,19.825,19.179,31.178,26.179,4.999,0.646,1.626,30.216,19.869,4.037,0.689,0.661,0.0,0,0.05
11,23.4,468,cruise,19.819,19.208,31.231,26.208,5.022,0.611,1.626,29.304,19.869,3.096,0.66,0.535,0.0,0,0.1
11,23.45,469,cruise,19.806,19.269,31.278,26.269,5.01,0.538,1.623,31.278,19.806,5.01,0.538,0.786,0.0,1,0.0
11,23.5,470,cruise,19.847,19.277,31.324,26.277,5.048,0.57,1.625,31.324,19.847,5.048,0.57,0.792,0.0,1,0.0
11,23.55,471,cruise,19.87,19.274,31.368,26.274,5.094,0.595,1.627,30.402,19.847,4.127,0.572,0.669,0.0,0,0.05
11,23.6,472,cruise,19.909,19.345,31.41,26.345,5.065,0.564,1.624,31.41,19.909,5.065,0.564,0.794,0.0,1,0.0
11,23.65,473,cruise,19.902,19.398,31.446,26.398,5.049,0.504,1.621,30.476,19.909,4.078,0.511,0.661,0.0,0,0.05
11,23.7,474,cruise,19.897,19.491,31.479,26.491,4.988,0.406,1.615,31.479,19.897,4.988,0.406,0.779,0.0,1,0.0
11,23.75,475,cruise,19.856,19.543,31.505,26.543,4.962,0.312,1.612,30.535,19.897,3.992,0.354,0.644,0.0,0,0.05
11,23.8,476,cruise,19.839,19.636,31.527,26.636,4.891,0.203,1.606,29.585,19.897,2.949,0.261,0.502,0.0,0,0.1
11,23.85,477,cruise,19.814,19.675,31.543,26.675,4.868,0.139,1.603,28.629,19.897,1.954,0.222,0.368,0.0,0,0.15
11,23.9,478,cruise,19.835,19.72,31.557,26.72,4.837,0.115,1.6,31.557,19.835,4.837,0.115,0.749,0.0,1,0.0
11,23.95,479,cruise,19.845,19.711,31.571,26.711,4.861,0.135,1.602,30.6,19.835,3.89,0.125,0.623,0.0,0,0.05
11,24.0,480,cruise,19.862,19.742,31.585,26.742,4.842,0.12,1.6,29.641,19.835,2.899,0.093,0.49,0.0,0,0.1
11,24.05,481,cruise,19.896,19.746,31.599,26.746,4.853,0.15,1.6,28.679,19.835,1.934,0.089,0.361,0.0,0,0.15
11,24.1,482,cruise,19.906,19.692,31.614,26.692,4.923,0.214,1.605,27.716,19.835,1.024,0.143,0.241,0.0,0,0.2
11,24.15,483,cruise,19.904,19.667,31.631,26.667,4.964,0.237,1.608,26.751,19.835,0.084,0.168,0.117,0.0,0,0.25
11,24.2,484,cruise,19.875,19.601,31.649,26.601,5.048,0.274,1.615,25.787,19.835,-0.814,0.234,0.0,0.001,0,0.3
11,24.25,485,cruise,19.854,19.522,31.669,26.522,5.148,0.332,1.622,24.824,19.835,-1.697,0.313,0.0,0.087,0,0.35
11,24.3,486,cruise,19.815,19.377,31.693,26.377,5.316,0.438,1.636,31.693,19.815,5.316,0.438,0.823,0.0,1,0.0
11,24.35,487,cruise,19.75,19.254,31.719,26.254,5.465,0.496,1.647,31.719,19.75,5.465,0.496,0.845,0.0,1,0.0
11,24.4,488,cruise,19.656,19.136,31.744,26.136,5.607,0.52,1.659,30.782,19.75,4.645,0.613,0.74,0.0,0,0.05
11,24.45,489,cruise,19.655,19.092,31.766,26.092,5.674,0.563,1.664,31.766,19.655,5.674,0.563,0.875,0.0,1,0.0
11,24.5,490,cruise,19.721,19.072,31.79,26.072,5.717,0.649,1.667,30.833,19.655,4.76,0.583,0.754,0.0,0,0.05
11,24.55,491,cruise,19.808,19.127,31.815,26.127,5.689,0.681,1.663,31.815,19.808,5.689,0.681,0.881,0.0,1,0.0
11,24.6,492,cruise,19.895,19.178,31.842,26.178,5.664,0.716,1.66,31.842,19.895,5.664,0.716,0.879,0.0,1,0.0
11,24.65,493,cruise,19.966,19.287,31.868,26.287,5.582,0.679,1.652,31.868,19.966,5.582,0.679,0.867,0.0,1,0.0
11,24.7,494,cruise,19.988,19.386,31.891,26.386,5.504,0.601,1.645,30.922,19.966,4.536,0.58,0.724,0.0,0,0.05
11,24.75,495,cruise,19.952,19.517,31.906,26.517,5.39,0.435,1.635,31.906,19.952,5.39,0.435,0.833,0.0,1,0.0
11,24.8,496,cruise,19.882,19.612,31.914,26.612,5.302,0.27,1.627,30.949,19.952,4.337,0.34,0.69,0.0,0,0.05
11,24.85,497,cruise,19.809,19.737,31.914,26.737,5.177,0.072,1.617,31.914,19.809,5.177,0.072,0.793,0.0,1,0.0
11,24.9,498,cruise,19.762,19.826,31.908,26.826,5.082,-0.063,1.609,31.908,19.762,5.082,-0.063,0.776,0.0,1,0.0
11,24.95,499,cruise,19.748,19.946,31.899,26.946,4.953,-0.198,1.599,30.936,19.762,3.99,-0.184,0.626,0.0,0,0.05
11,25.0,500,cruise,19.786,20.03,31.889,27.03,4.859,-0.243,1.592,29.958,19.762,2.929,-0.267,0.482,0.0,0,0.1
11,25.05,501,cruise,19.83,20.083,31.88,27.083,4.797,-0.253,1.587,28.975,19.762,1.892,-0.321,0.342,0.0,0,0.15
11,25.1,502,cruise,19.901,20.131,31.875,27.131,4.744,-0.23,1.583,27.987,19.762,0.856,-0.369,0.202,0.0,0,0.2
11,25.15,503,cruise,19.945,20.121,31.875,27.121,4.754,-0.176,1.584,26.998,19.762,-0.123,-0.359,0.072,0.0,0,0.25
11,25.2,504,cruise,19.957,20.08,31.881,27.08,4.8,-0.123,1.588,31.881,19.957,4.8,-0.123,0.736,0.0,1,0.0
11,25.25,505,cruise,19.917,19.989,31.891,26.989,4.902,-0.072,1.595,30.902,19.957,3.913,-0.032,0.621,0.0,0,0.05
11,25.3,506,cruise,19.865,19.933,31.904,26.933,4.972,-0.067,1.601,31.904,19.865,4.972,-0.067,0.761,0.0,1,0.0
11,25.35,507,cruise,19.807,19.89,31.918,26.89,5.027,-0.084,1.605,30.93,19.865,4.04,-0.025,0.638,0.0,0,0.05
11,25.4,508,cruise,19.786,19.912,31.93,26.912,5.019,-0.125,1.604,29.955,19.865,3.043,-0.046,0.504,0.0,0,0.1
11,25.45,509,cruise,19.796,19.914,31.942,26.914,5.028,-0.117,1.604,28.978,19.865,2.064,-0.049,0.374,0.0,0,0.15
11,25.5,510,cruise,19.846,19.928,31.955,26.928,5.027,-0.082,1.604,28.0,19.865,1.071,-0.063,0.241,0.0,0,0.2
11,25.55,511,cruise,19.898,19.892,31.972,26.892,5.08,0.006,1.607,27.021,19.865,0.129,-0.027,0.116,0.0,0,0.25
11,25.6,512,cruise,19.939,19.847,31.992,26.847,5.145,0.092,1.612,26.044,19.865,-0.803,0.018,0.0,0.005,0,0.3
11,25.65,513,cruise,19.94,19.748,32.016,26.748,5.268,0.192,1.621,32.016,19.94,5.268,0.192,0.809,0.0,1,0.0
11,25.7,514,cruise,19.911,19.646,32.043,26.646,5.397,0.265,1.631,32.043,19.911,5.397,0.265,0.828,0.0,1,0.0
11,25.75,515,cruise,19.864,19.549,32.072,26.549,5.524,0.315,1.641,32.072,19.864,5.524,0.315,0.847,0.0,1,0.0
11,25.8,516,cruise,19.824,19.514,32.101,26.514,5.588,0.31,1.645,32.101,19.824,5.588,0.31,0.855,0.0,1,0.0
11,25.85,517,cruise,19.806,19.527,32.128,26.527,5.601,0.278,1.645,32.128,19.806,5.601,0.278,0.856,0.0,1,0.0
11,25.9,518,cruise,19.822,19.595,32.152,26.595,5.557,0.227,1.641,32.152,19.822,5.557,0.227,0.848,0.0,1,0.0
11,25.95,519,cruise,19.859,19.663,32.172,26.663,5.509,0.196,1.636,32.172,19.859,5.509,0.196,0.841,0.0,1,0.0
11,26.0,520,cruise,19.901,19.704,32.189,26.704,5.485,0.197,1.634,32.189,19.901,5.485,0.197,0.838,0.0,1,0.0
11,26.05,521,cruise,19.924,19.695,32.204,26.695,5.509,0.229,1.635,32.204,19.924,5.509,0.229,0.842,0.0,1,0.0
11,26.1,522,cruise,19.92,19.762,32.214,26.762,5.452,0.158,1.63,31.22,19.924,4.458,0.161,0.7,0.0,0,0.05
11,26.15,523,cruise,19.893,19.881,32.217,26.881,5.336,0.012,1.621,30.23,19.924,3.349,0.043,0.548,0.0,0,0.1
11,26.2,524,cruise,19.859,19.989,32.212,26.989,5.222,-0.13,1.611,29.233,19.924,2.244,-0.065,0.397,0.0,0,0.15
11,26.25,525,cruise,19.833,20.056,32.2,27.056,5.143,-0.224,1.605,28.231,19.924,1.175,-0.133,0.252,0.0,0,0.2
11,26.3,526,cruise,19.827,20.075,32.185,27.075,5.11,-0.248,1.603,32.185,19.827,5.11,-0.248,0.773,0.0,1,0.0
11,26.35,527,cruise,19.843,20.061,32.171,27.061,5.11,-0.218,1.604,31.182,19.827,4.121,-0.234,0.642,0.0,0,0.05
11,26.4,528,cruise,19.871,20.059,32.16,27.059,5.101,-0.188,1.603,32.16,19.871,5.101,-0.188,0.774,0.0,1,0.0
11,26.45,529,cruise,19.897,20.086,32.151,27.086,5.065,-0.189,1.601,31.158,19.871,4.072,-0.214,0.636,0.0,0,0.05
11,26.5,530,cruise,19.907,20.135,32.141,27.135,5.006,-0.228,1.596,30.155,19.871,3.019,-0.264,0.494,0.0,0,0.1
11,26.55,531,cruise,19.899,20.17,32.13,27.17,4.96,-0.271,1.593,32.13,19.899,4.96,-0.271,0.752,0.0,1,0.0
11,26.6,532,cruise,19.879,20.212,32.117,27.212,4.905,-0.333,1.589,32.117,19.879,4.905,-0.333,0.743,0.0,1,0.0
11,26.65,533,cruise,19.857,20.256,32.101,27.256,4.845,-0.399,1.585,32.101,19.857,4.845,-0.399,0.733,0.0,1,0.0
11,26.7,534,cruise,19.844,20.332,32.081,27.332,4.749,-0.488,1.578,32.081,19.844,4.749,-0.488,0.717,0.0,1,0.0
11,26.75,535,cruise,19.846,20.405,32.057,27.405,4.652,-0.559,1.571,31.065,19.844,3.66,-0.561,0.569,0.0,0,0.05
11,26.8,536,cruise,19.86,20.483,32.03,27.483,4.546,-0.624,1.564,30.046,19.844,2.563,-0.639,0.42,0.0,0,0.1
11,26.85,537,cruise,19.877,20.526,32.0,27.526,4.474,-0.649,1.559,29.023,19.844,1.497,-0.682,0.277,0.0,0,0.15
11,26.9,538,cruise,19.891,20.546,31.97,27.546,4.424,-0.655,1.556,31.97,19.891,4.424,-0.655,0.668,0.0,1,0.0
11,26.95,539,cruise,19.893,20.526,31.94,27.526,4.414,-0.633,1.556,31.94,19.893,4.414,-0.633,0.667,0.0,1,0.0
11,27.0,540,cruise,19.885,20.534,31.91,27.534,4.375,-0.65,1.554,30.916,19.893,3.381,-0.642,0.529,0.0,0,0.05
11,27.05,541,cruise,19.871,20.547,31.878,27.547,4.331,-0.676,1.551,31.878,19.871,4.331,-0.676,0.655,0.0,1,0.0
11,27.1,542,cruise,19.859,20.575,31.845,27.575,4.27,-0.716,1.548,31.845,19.859,4.27,-0.716,0.645,0.0,1,0.0
11,27.15,543,cruise,19.855,20.608,31.809,27.608,4.201,-0.754,1.544,31.809,19.855,4.201,-0.754,0.635,0.0,1,0.0
11,27.2,544,cruise,19.859,20.652,31.771,27.652,4.119,-0.793,1.538,31.771,19.859,4.119,-0.793,0.623,0.0,1,0.0
11,27.25,545,cruise,19.868,20.703,31.731,27.703,4.027,-0.835,1.533,30.737,19.859,3.034,-0.845,0.476,0.0,0,0.05
11,27.3,546,cruise,19.878,20.745,31.688,27.745,3.943,-0.867,1.528,31.688,19.878,3.943,-0.867,0.597,0.0,1,0.0
11,27.35,547,cruise,19.884,20.78,31.645,27.78,3.865,-0.896,1.523,31.645,19.884,3.865,-0.896,0.585,0.0,1,0.0
11,27.4,548,cruise,19.883,20.814,31.599,27.814,3.785,-0.931,1.518,31.599,19.883,3.785,-0.931,0.574,0.0,1,0.0
11,27.45,549,cruise,19.877,20.851,31.552,27.851,3.7,-0.975,1.513,31.552,19.877,3.7,-0.975,0.561,0.0,1,0.0
11,27.5,550,cruise,19.868,20.885,31.502,27.885,3.617,-1.017,1.508,31.502,19.868,3.617,-1.017,0.548,0.0,1,0.0
11,27.55,551,cruise,19.863,20.919,31.45,27.919,3.532,-1.056,1.503,30.457,19.868,2.538,-1.05,0.403,0.0,0,0.05
11,27.6,552,cruise,19.862,20.939,31.397,27.939,3.457,-1.078,1.499,31.397,19.862,3.457,-1.078,0.525,0.0,1,0.0
11,27.65,553,cruise,19.866,20.949,31.343,27.949,3.394,-1.083,1.496,31.343,19.866,3.394,-1.083,0.516,0.0,1,0.0
11,27.7,554,cruise,19.872,20.959,31.289,27.959,3.329,-1.087,1.493,31.289,19.872,3.329,-1.087,0.508,0.0,1,0.0
11,27.75,555,cruise,19.877,20.97,31.234,27.97,3.264,-1.093,1.489,30.241,19.872,2.27,-1.098,0.366,0.0,0,0.05
11,27.8,556,cruise,19.879,20.972,31.18,27.972,3.208,-1.093,1.487,31.18,19.879,3.208,-1.093,0.491,0.0,1,0.0
11,27.85,557,cruise,19.877,20.964,31.125,27.964,3.162,-1.087,1.485,31.125,19.877,3.162,-1.087,0.485,0.0,1,0.0
11,27.9,558,cruise,19.873,20.959,31.071,27.959,3.113,-1.086,1.483,31.071,19.873,3.113,-1.086,0.479,0.0,1,0.0
11,27.95,559,cruise,19.868,20.955,31.017,27.955,3.062,-1.087,1.48,30.023,19.873,2.068,-1.082,0.34,0.0,0,0.05
11,28.0,560,cruise,19.866,20.944,30.963,27.944,3.019,-1.078,1.478,28.976,19.873,1.032,-1.071,0.202,0.0,0,0.1
11,28.05,561,cruise,19.866,20.91,30.91,27.91,3.0,-1.044,1.478,27.93,19.873,0.02,-1.037,0.068,0.0,0,0.15
11,28.1,562,cruise,19.869,20.844,30.86,27.844,3.015,-0.975,1.48,26.886,19.873,-0.958,-0.972,0.0,0.045,0,0.2
11,28.15,563,cruise,19.873,20.738,30.814,27.738,3.076,-0.865,1.486,25.847,19.873,-1.891,-0.865,0.0,0.136,0,0.25
11,28.2,564,cruise,19.876,20.592,30.775,27.592,3.184,-0.716,1.495,30.775,19.876,3.184,-0.716,0.501,0.0,1,0.0
11,28.25,565,cruise,19.876,20.455,30.744,27.455,3.289,-0.579,1.503,29.75,19.876,2.295,-0.579,0.387,0.0,0,0.05
11,28.3,566,cruise,19.874,20.348,30.718,27.348,3.37,-0.474,1.51,28.731,19.876,1.383,-0.472,0.269,0.0,0,0.1
11,28.35,567,cruise,19.871,20.261,30.697,27.261,3.436,-0.39,1.515,27.716,19.876,0.455,-0.386,0.148,0.0,0,0.15
11,28.4,568,cruise,19.869,20.173,30.68,27.173,3.507,-0.304,1.521,26.705,19.876,-0.467,-0.297,0.028,0.0,0,0.2
11,28.45,569,cruise,19.868,20.069,30.668,27.069,3.599,-0.201,1.528,30.668,19.868,3.599,-0.201,0.573,0.0,1,0.0
11,28.5,570,cruise,19.869,19.956,30.661,26.956,3.706,-0.087,1.536,29.668,19.868,2.712,-0.088,0.459,0.0,0,0.05
11,28.55,571,cruise,19.871,19.866,30.66,26.866,3.794,0.005,1.543,30.66,19.871,3.794,0.005,0.606,0.0,1,0.0
11,28.6,572,cruise,19.873,19.813,30.662,26.813,3.849,0.06,1.548,29.668,19.871,2.855,0.058,0.483,0.0,0,0.05
11,28.65,573,cruise,19.874,19.788,30.666,26.788,3.877,0.086,1.55,28.678,19.871,1.89,0.083,0.355,0.0,0,0.1
11,28.7,574,cruise,19.874,19.766,30.671,26.766,3.904,0.108,1.552,30.671,19.874,3.904,0.108,0.624,0.0,1,0.0
11,28.75,575,cruise,19.872,19.745,30.677,26.745,3.932,0.128,1.554,29.683,19.874,2.938,0.129,0.496,0.0,0,0.05
11,28.8,576,cruise,19.871,19.74,30.683,26.74,3.943,0.131,1.554,30.683,19.871,3.943,0.131,0.63,0.0,1,0.0
11,28.85,577,cruise,19.87,19.746,30.689,26.746,3.943,0.123,1.554,29.696,19.871,2.949,0.124,0.497,0.0,0,0.05
11,28.9,578,cruise,19.869,19.764,30.695,26.764,3.931,0.106,1.553,28.708,19.871,1.944,0.107,0.363,0.0,0,0.1
11,28.95,579,cruise,19.87,19.77,30.7,26.77,3.93,0.1,1.553,27.72,19.871,0.95,0.101,0.23,0.0,0,0.15
11,29.0,580,cruise,19.872,19.752,30.705,26.752,3.953,0.12,1.555,26.731,19.871,-0.021,0.119,0.101,0.0,0,0.2
11,29.05,581,cruise,19.873,19.702,30.713,26.702,4.011,0.17,1.559,25.745,19.871,-0.957,0.168,0.0,0.017,0,0.25
11,29.1,582,cruise,19.873,19.616,30.724,26.616,4.108,0.257,1.566,30.724,19.873,4.108,0.257,0.656,0.0,1,0.0
11,29.15,583,cruise,19.873,19.512,30.74,26.512,4.228,0.361,1.575,29.746,19.873,3.235,0.361,0.543,0.0,0,0.05
11,29.2,584,cruise,19.872,19.428,30.761,26.428,4.333,0.444,1.583,30.761,19.872,4.333,0.444,0.692,0.0,1,0.0
11,29.25,585,cruise,19.871,19.388,30.784,26.388,4.397,0.483,1.588,29.791,19.872,3.403,0.484,0.57,0.0,0,0.05
11,29.3,586,cruise,19.87,19.383,30.809,26.383,4.426,0.487,1.589,28.821,19.872,2.438,0.489,0.441,0.0,0,0.1
11,29.35,587,cruise,19.87,19.386,30.833,26.386,4.447,0.485,1.59,30.833,19.87,4.447,0.485,0.709,0.0,1,0.0
11,29.4,588,cruise,19.871,19.392,30.857,26.392,4.465,0.479,1.591,29.863,19.87,3.472,0.479,0.579,0.0,0,0.05
11,29.45,589,cruise,19.872,19.416,30.88,26.416,4.464,0.456,1.59,30.88,19.872,4.464,0.456,0.71,0.0,1,0.0
11,29.5,590,cruise,19.872,19.453,30.902,26.453,4.449,0.419,1.589,30.902,19.872,4.449,0.419,0.707,0.0,1,0.0
11,29.55,591,cruise,19.872,19.509,30.921,26.509,4.412,0.364,1.585,29.928,19.872,3.419,0.364,0.568,0.0,0,0.05
11,29.6,592,cruise,19.872,19.568,30.937,26.568,4.369,0.304,1.581,30.937,19.872,4.369,0.304,0.693,0.0,1,0.0
11,29.65,593,cruise,19.871,19.626,30.951,26.626,4.325,0.245,1.577,30.951,19.871,4.325,0.245,0.685,0.0,1,0.0
11,29.7,594,cruise,19.871,19.693,30.961,26.693,4.268,0.178,1.572,29.968,19.871,3.274,0.178,0.543,0.0,0,0.05
11,29.75,595,cruise,19.871,19.757,30.968,26.757,4.211,0.114,1.567,28.981,19.871,2.224,0.114,0.4,0.0,0,0.1
11,29.8,596,cruise,19.871,19.8,30.972,26.8,4.172,0.072,1.564,30.972,19.871,4.172,0.072,0.659,0.0,1,0.0
11,29.85,597,cruise,19.871,19.825,30.975,26.825,4.15,0.046,1.562,29.981,19.871,3.156,0.046,0.522,0.0,0,0.05
11,29.9,598,cruise,19.871,19.856,30.976,26.856,4.121,0.016,1.56,30.976,19.871,4.121,0.016,0.65,0.0,1,0.0
11,29.95,599,cruise,19.872,19.888,30.976,26.888,4.088,-0.017,1.558,30.976,19.872,4.088,-0.017,0.644,0.0,1,0.0
11,30.0,600,cruise,19.872,19.933,30.974,26.933,4.042,-0.061,1.554,30.974,19.872,4.042,-0.061,0.637,0.0,1,0.0
11,30.05,601,cruise,19.872,19.984,30.97,26.984,3.986,-0.112,1.55,30.97,19.872,3.986,-0.112,0.628,0.0,1,0.0
11,30.1,602,cruise,19.872,20.038,30.962,27.038,3.924,-0.166,1.545,30.962,19.872,3.924,-0.166,0.618,0.0,1,0.0
11,30.15,603,cruise,19.871,20.093,30.952,27.093,3.859,-0.222,1.54,29.959,19.872,2.866,-0.222,0.475,0.0,0,0.05
11,30.2,604,cruise,19.871,20.14,30.94,27.14,3.8,-0.269,1.536,30.94,19.871,3.8,-0.269,0.598,0.0,1,0.0
11,30.25,605,cruise,19.871,20.176,30.925,27.176,3.749,-0.305,1.533,30.925,19.871,3.749,-0.305,0.59,0.0,1,0.0
11,30.3,606,cruise,19.871,20.216,30.909,27.216,3.693,-0.344,1.529,29.915,19.871,2.7,-0.344,0.448,0.0,0,0.05
11,30.35,607,cruise,19.872,20.248,30.891,27.248,3.643,-0.377,1.526,28.903,19.871,1.655,-0.377,0.308,0.0,0,0.1
11,30.4,608,cruise,19.872,20.257,30.871,27.257,3.614,-0.385,1.524,30.871,19.872,3.614,-0.385,0.569,0.0,1,0.0
11,30.45,609,cruise,19.872,20.248,30.852,27.248,3.604,-0.376,1.524,30.852,19.872,3.604,-0.376,0.568,0.0,1,0.0
11,30.5,610,cruise,19.872,20.251,30.834,27.251,3.582,-0.38,1.523,29.84,19.872,2.589,-0.38,0.432,0.0,0,0.05
11,30.55,611,cruise,19.871,20.258,30.814,27.258,3.557,-0.386,1.521,30.814,19.871,3.557,-0.386,0.561,0.0,1,0.0
11,30.6,612,cruise,19.871,20.262,30.795,27.262,3.533,-0.391,1.52,29.801,19.871,2.539,-0.391,0.426,0.0,0,0.05
11,30.65,613,cruise,19.871,20.268,30.775,27.268,3.507,-0.397,1.518,28.788,19.871,1.52,-0.397,0.289,0.0,0,0.1
11,30.7,614,cruise,19.871,20.257,30.756,27.257,3.498,-0.386,1.518,27.775,19.871,0.517,-0.386,0.156,0.0,0,0.15
11,30.75,615,cruise,19.871,20.218,30.737,27.218,3.519,-0.347,1.52,30.737,19.871,3.519,-0.347,0.558,0.0,1,0.0
11,30.8,616,cruise,19.872,20.16,30.722,27.16,3.562,-0.289,1.524,30.722,19.872,3.562,-0.289,0.565,0.0,1,0.0
11,30.85,617,cruise,19.872,20.121,30.709,27.121,3.588,-0.249,1.526,30.709,19.872,3.588,-0.249,0.57,0.0,1,0.0
11,30.9,618,cruise,19.872,20.108,30.697,27.108,3.589,-0.236,1.527,29.703,19.872,2.596,-0.236,0.438,0.0,0,0.05
11,30.95,619,cruise,19.871,20.104,30.685,27.104,3.581,-0.232,1.526,30.685,19.871,3.581,-0.232,0.57,0.0,1,0.0
11,31.0,620,cruise,19.871,20.103,30.673,27.103,3.571,-0.231,1.526,30.673,19.871,3.571,-0.231,0.568,0.0,1,0.0
11,31.05,621,cruise,19.871,20.114,30.662,27.114,3.547,-0.243,1.524,30.662,19.871,3.547,-0.243,0.565,0.0,1,0.0
11,31.1,622,cruise,19.871,20.134,30.649,27.134,3.515,-0.262,1.522,30.649,19.871,3.515,-0.262,0.56,0.0,1,0.0
11,31.15,623,cruise,19.871,20.158,30.635,27.158,3.477,-0.286,1.52,29.641,19.871,2.484,-0.286,0.422,0.0,0,0.05
11,31.2,624,cruise,19.871,20.176,30.62,27.176,3.444,-0.305,1.518,28.633,19.871,1.457,-0.305,0.284,0.0,0,0.1
11,31.25,625,cruise,19.872,20.173,30.605,27.173,3.432,-0.302,1.517,30.605,19.872,3.432,-0.302,0.547,0.0,1,0.0
11,31.3,626,cruise,19.872,20.154,30.59,27.154,3.437,-0.282,1.518,29.597,19.872,2.443,-0.282,0.416,0.0,0,0.05
11,31.35,627,cruise,19.871,20.14,30.577,27.14,3.437,-0.268,1.518,30.577,19.871,3.437,-0.268,0.549,0.0,1,0.0
11,31.4,628,cruise,19.871,20.129,30.564,27.129,3.434,-0.258,1.518,30.564,19.871,3.434,-0.258,0.549,0.0,1,0.0
11,31.45,629,cruise,19.871,20.132,30.551,27.132,3.419,-0.261,1.518,30.551,19.871,3.419,-0.261,0.547,0.0,1,0.0
11,31.5,630,cruise,19.871,20.143,30.537,27.143,3.394,-0.272,1.516,30.537,19.871,3.394,-0.272,0.543,0.0,1,0.0
11,31.55,631,cruise,19.871,20.16,30.523,27.16,3.364,-0.288,1.514,30.523,19.871,3.364,-0.288,0.539,0.0,1,0.0
11,31.6,632,cruise,19.871,20.179,30.508,27.179,3.329,-0.307,1.512,30.508,19.871,3.329,-0.307,0.534,0.0,1,0.0
11,31.65,633,cruise,19.871,20.199,30.492,27.199,3.293,-0.328,1.51,29.499,19.871,2.299,-0.328,0.396,0.0,0,0.05
11,31.7,634,cruise,19.871,20.212,30.475,27.212,3.263,-0.341,1.508,30.475,19.871,3.263,-0.341,0.524,0.0,1,0.0
11,31.75,635,cruise,19.871,20.216,30.458,27.216,3.243,-0.344,1.507,29.465,19.871,2.249,-0.344,0.388,0.0,0,0.05
11,31.8,636,cruise,19.871,20.216,30.441,27.216,3.225,-0.345,1.506,30.441,19.871,3.225,-0.345,0.518,0.0,1,0.0
11,31.85,637,cruise,19.871,20.211,30.424,27.211,3.213,-0.34,1.505,30.424,19.871,3.213,-0.34,0.517,0.0,1,0.0
11,31.9,638,cruise,19.871,20.213,30.407,27.213,3.194,-0.342,1.504,30.407,19.871,3.194,-0.342,0.514,0.0,1,0.0
11,31.95,639,cruise,19.871,20.22,30.39,27.22,3.17,-0.348,1.503,29.396,19.871,2.177,-0.348,0.379,0.0,0,0.05
11,32.0,640,cruise,19.871,20.221,30.372,27.221,3.151,-0.349,1.502,30.372,19.871,3.151,-0.349,0.509,0.0,1,0.0
11,32.05,641,cruise,19.871,20.215,30.355,27.215,3.14,-0.343,1.502,29.361,19.871,2.147,-0.343,0.375,0.0,0,0.05
11,32.1,642,cruise,19.871,20.207,30.338,27.207,3.131,-0.336,1.501,30.338,19.871,3.131,-0.336,0.506,0.0,1,0.0
11,32.15,643,cruise,19.871,20.195,30.322,27.195,3.126,-0.324,1.501,30.322,19.871,3.126,-0.324,0.506,0.0,1,0.0
11,32.2,644,cruise,19.871,20.191,30.306,27.191,3.114,-0.32,1.501,30.306,19.871,3.114,-0.32,0.505,0.0,1,0.0
11,32.25,645,cruise,19.871,20.192,30.29,27.192,3.097,-0.321,1.5,29.296,19.871,2.104,-0.321,0.37,0.0,0,0.05
11,32.3,646,cruise,19.871,20.189,30.274,27.189,3.085,-0.317,1.5,28.286,19.871,1.098,-0.317,0.236,0.0,0,0.1
11,32.35,647,cruise,19.871,20.165,30.258,27.165,3.094,-0.293,1.501,27.278,19.871,0.113,-0.293,0.105,0.0,0,0.15
11,32.4,648,cruise,19.871,20.111,30.245,27.111,3.134,-0.24,1.504,30.245,19.871,3.134,-0.24,0.51,0.0,1,0.0
11,32.45,649,cruise,19.871,20.038,30.235,27.038,3.198,-0.166,1.509,30.235,19.871,3.198,-0.166,0.521,0.0,1,0.0
11,32.5,650,cruise,19.871,19.983,30.229,26.983,3.246,-0.111,1.513,29.235,19.871,2.252,-0.111,0.397,0.0,0,0.05
11,32.55,651,cruise,19.871,19.946,30.225,26.946,3.278,-0.075,1.515,28.237,19.871,1.291,-0.075,0.27,0.0,0,0.1
11,32.6,652,cruise,19.872,19.906,30.222,26.906,3.316,-0.034,1.518,30.222,19.872,3.316,-0.034,0.541,0.0,1,0.0
11,32.65,653,cruise,19.872,19.861,30.222,26.861,3.361,0.011,1.522,30.222,19.872,3.361,0.011,0.548,0.0,1,0.0
11,32.7,654,cruise,19.872,19.838,30.223,26.838,3.385,0.034,1.523,30.223,19.872,3.385,0.034,0.552,0.0,1,0.0
11,32.75,655,cruise,19.871,19.833,30.225,26.833,3.391,0.038,1.524,30.225,19.871,3.391,0.038,0.553,0.0,1,0.0
11,32.8,656,cruise,19.871,19.841,30.226,26.841,3.385,0.03,1.523,29.233,19.871,2.392,0.03,0.42,0.0,0,0.05
11,32.85,657,cruise,19.871,19.848,30.228,26.848,3.379,0.023,1.523,30.228,19.871,3.379,0.023,0.551,0.0,1,0.0
11,32.9,658,cruise,19.871,19.853,30.229,26.853,3.376,0.019,1.523,30.229,19.871,3.376,0.019,0.551,0.0,1,0.0
11,32.95,659,cruise,19.872,19.865,30.229,26.865,3.364,0.006,1.522,29.236,19.871,2.37,0.006,0.416,0.0,0,0.05
11,33.0,660,cruise,19.872,19.876,30.229,26.876,3.353,-0.004,1.521,28.242,19.871,1.366,-0.005,0.282,0.0,0,0.1
11,33.05,661,cruise,19.872,19.867,30.229,26.867,3.362,0.004,1.522,27.248,19.871,0.381,0.004,0.151,0.0,0,0.15
11,33.1,662,cruise,19.872,19.83,30.23,26.83,3.401,0.042,1.525,26.256,19.871,-0.574,0.042,0.025,0.0,0,0.2
11,33.15,663,cruise,19.871,19.758,30.234,26.758,3.476,0.113,1.53,25.267,19.871,-1.491,0.113,0.0,0.072,0,0.25
11,33.2,664,cruise,19.871,19.644,30.243,26.644,3.599,0.227,1.54,24.282,19.871,-2.362,0.227,0.0,0.156,0,0.3
11,33.25,665,cruise,19.871,19.494,30.259,26.494,3.766,0.378,1.552,23.304,19.871,-3.189,0.378,0.0,0.235,0,0.35
11,33.3,666,cruise,19.871,19.314,30.284,26.314,3.97,0.557,1.568,30.284,19.871,3.97,0.557,0.647,0.0,1,0.0
11,33.35,667,cruise,19.871,19.164,30.316,26.164,4.153,0.708,1.582,30.316,19.871,4.153,0.708,0.677,0.0,1,0.0
11,33.4,668,cruise,19.872,19.06,30.355,26.06,4.295,0.812,1.593,30.355,19.872,4.295,0.812,0.7,0.0,1,0.0
11,33.45,669,cruise,19.872,19.011,30.397,26.011,4.386,0.861,1.599,29.404,19.872,3.393,0.861,0.581,0.0,0,0.05
11,33.5,670,cruise,19.872,19.002,30.441,26.002,4.439,0.87,1.602,28.453,19.872,2.451,0.87,0.456,0.0,0,0.1
11,33.55,671,cruise,19.872,19.004,30.484,26.004,4.48,0.868,1.604,30.484,19.872,4.48,0.868,0.726,0.0,1,0.0
11,33.6,672,cruise,19.871,19.012,30.527,26.012,4.515,0.86,1.606,30.527,19.871,4.515,0.86,0.731,0.0,1,0.0
11,33.65,673,cruise,19.871,19.048,30.569,26.048,4.521,0.823,1.605,29.575,19.871,3.527,0.823,0.598,0.0,0,0.05
11,33.7,674,cruise,19.871,19.099,30.609,26.099,4.51,0.773,1.603,30.609,19.871,4.51,0.773,0.727,0.0,1,0.0
11,33.75,675,cruise,19.871,19.155,30.646,26.155,4.49,0.716,1.6,30.646,19.871,4.49,0.716,0.723,0.0,1,0.0
11,33.8,676,cruise,19.871,19.226,30.679,26.226,4.453,0.645,1.596,29.686,19.871,3.459,0.645,0.583,0.0,0,0.05
11,33.85,677,cruise,19.872,19.298,30.709,26.298,4.411,0.573,1.591,30.709,19.872,4.411,0.573,0.707,0.0,1,0.0
11,33.9,678,cruise,19.872,19.367,30.736,26.367,4.369,0.505,1.587,30.736,19.872,4.369,0.505,0.699,0.0,1,0.0
11,33.95,679,cruise,19.872,19.443,30.759,26.443,4.316,0.429,1.582,30.759,19.872,4.316,0.429,0.69,0.0,1,0.0
11,34.0,680,cruise,19.871,19.522,30.778,26.522,4.255,0.349,1.577,30.778,19.871,4.255,0.349,0.679,0.0,1,0.0
11,34.05,681,cruise,19.871,19.603,30.793,26.603,4.19,0.268,1.571,30.793,19.871,4.19,0.268,0.668,0.0,1,0.0
11,34.1,682,cruise,19.87,19.683,30.804,26.683,4.121,0.188,1.565,30.804,19.87,4.121,0.188,0.656,0.0,1,0.0
11,34.15,683,cruise,19.87,19.761,30.811,26.761,4.05,0.109,1.559,29.817,19.87,3.057,0.109,0.511,0.0,0,0.05
11,34.2,684,cruise,19.871,19.828,30.815,26.828,3.987,0.043,1.554,30.815,19.871,3.987,0.043,0.633,0.0,1,0.0
11,34.25,685,cruise,19.871,19.883,30.815,26.883,3.933,-0.012,1.55,29.822,19.871,2.939,-0.012,0.492,0.0,0,0.05
11,34.3,686,cruise,19.871,19.931,30.813,26.931,3.882,-0.06,1.546,28.826,19.871,1.895,-0.06,0.351,0.0,0,0.1
11,34.35,687,cruise,19.872,19.957,30.809,26.957,3.853,-0.085,1.544,27.829,19.871,0.872,-0.086,0.213,0.0,0,0.15
11,34.4,688,cruise,19.871,19.949,30.805,26.949,3.857,-0.077,1.544,30.805,19.871,3.857,-0.077,0.612,0.0,1,0.0
11,34.45,689,cruise,19.871,19.917,30.802,26.917,3.885,-0.046,1.547,29.809,19.871,2.891,-0.046,0.484,0.0,0,0.05
11,34.5,690,cruise,19.871,19.896,30.801,26.896,3.905,-0.025,1.548,28.814,19.871,1.918,-0.025,0.355,0.0,0,0.1
11,34.55,691,cruise,19.87,19.876,30.8,26.876,3.924,-0.006,1.55,27.819,19.871,0.943,-0.005,0.226,0.0,0,0.15
11,34.6,692,cruise,19.871,19.841,30.801,26.841,3.96,0.03,1.552,26.827,19.871,-0.014,0.031,0.099,0.0,0,0.2
11,34.65,693,cruise,19.871,19.779,30.804,26.779,4.025,0.091,1.557,25.836,19.871,-0.943,0.092,0.0,0.017,0,0.25
11,34.7,694,cruise,19.871,19.685,30.811,26.685,4.126,0.186,1.565,30.811,19.871,4.126,0.186,0.656,0.0,1,0.0
11,34.75,695,cruise,19.871,19.577,30.824,26.577,4.247,0.295,1.575,30.824,19.871,4.247,0.295,0.676,0.0,1,0.0
11,34.8,696,cruise,19.871,19.49,30.841,26.49,4.352,0.382,1.582,30.841,19.871,4.352,0.382,0.693,0.0,1,0.0
11,34.85,697,cruise,19.871,19.451,30.862,26.451,4.411,0.42,1.587,29.868,19.871,3.418,0.421,0.57,0.0,0,0.05
11,34.9,698,cruise,19.871,19.447,30.883,26.447,4.436,0.424,1.588,30.883,19.871,4.436,0.424,0.706,0.0,1,0.0
11,34.95,699,cruise,19.847,19.465,30.903,26.465,4.439,0.382,1.588,30.903,19.847,4.439,0.382,0.705,0.0,1,0.0
11,35.0,700,cruise,19.785,19.507,30.919,26.507,4.412,0.278,1.585,30.919,19.785,4.412,0.278,0.698,0.0,1,0.0
11,35.05,701,cruise,19.727,19.565,30.928,26.565,4.363,0.162,1.581,30.928,19.727,4.363,0.162,0.687,0.0,1,0.0
11,35.1,702,cruise,19.756,19.633,30.933,26.633,4.3,0.123,1.576,30.933,19.756,4.3,0.123,0.677,0.0,1,0.0
11,35.15,703,cruise,19.825,19.705,30.937,26.705,4.232,0.12,1.57,29.949,19.756,3.244,0.051,0.534,0.0,0,0.05
11,35.2,704,cruise,19.9,19.772,30.94,26.772,4.168,0.128,1.565,28.961,19.756,2.19,-0.016,0.391,0.0,0,0.1
11,35.25,705,cruise,19.954,19.815,30.943,26.815,4.128,0.139,1.562,27.971,19.756,1.157,-0.059,0.252,0.0,0,0.15
11,35.3,706,cruise,19.962,19.823,30.945,26.823,4.122,0.139,1.561,30.945,19.962,4.122,0.139,0.654,0.0,1,0.0
11,35.35,707,cruise,19.924,19.808,30.946,26.808,4.138,0.116,1.562,30.946,19.924,4.138,0.116,0.656,0.0,1,0.0
11,35.4,708,cruise,19.863,19.809,30.944,26.809,4.134,0.054,1.562,30.944,19.863,4.134,0.054,0.653,0.0,1,0.0
11,35.45,709,cruise,19.806,19.834,30.937,26.834,4.103,-0.028,1.56,29.953,19.863,3.119,0.029,0.517,0.0,0,0.05
11,35.5,710,cruise,19.777,19.866,30.926,26.866,4.06,-0.089,1.557,30.926,19.777,4.06,-0.089,0.638,0.0,1,0.0
11,35.55,711,cruise,19.789,19.899,30.914,26.899,4.015,-0.109,1.554,29.933,19.777,3.034,-0.122,0.5,0.0,0,0.05
11,35.6,712,cruise,19.815,19.933,30.903,26.933,3.969,-0.118,1.55,28.937,19.777,2.004,-0.156,0.362,0.0,0,0.1
11,35.65,713,cruise,19.875,19.951,30.893,26.951,3.942,-0.076,1.548,27.941,19.777,0.99,-0.174,0.226,0.0,0,0.15
11,35.7,714,cruise,19.903,19.939,30.887,26.939,3.948,-0.036,1.549,30.887,19.903,3.948,-0.036,0.625,0.0,1,0.0
11,35.75,715,cruise,19.928,19.907,30.885,26.907,3.978,0.021,1.551,29.893,19.903,2.986,-0.004,0.498,0.0,0,0.05
11,35.8,716,cruise,19.91,19.887,30.886,26.887,4.0,0.023,1.553,30.886,19.91,4.0,0.023,0.634,0.0,1,0.0
11,35.85,717,cruise,19.88,19.883,30.887,26.883,4.004,-0.003,1.553,30.887,19.88,4.004,-0.003,0.634,0.0,1,0.0
11,35.9,718,cruise,19.835,19.901,30.886,26.901,3.985,-0.067,1.552,30.886,19.835,3.985,-0.067,0.629,0.0,1,0.0
11,35.95,719,cruise,19.815,19.934,30.883,26.934,3.949,-0.119,1.549,30.883,19.815,3.949,-0.119,0.623,0.0,1,0.0
11,36.0,720,cruise,19.807,19.975,30.878,26.975,3.903,-0.168,1.546,29.888,19.815,2.913,-0.16,0.483,0.0,0,0.05
11,36.05,721,cruise,19.839,20.013,30.873,27.013,3.859,-0.174,1.543,28.891,19.815,1.878,-0.198,0.344,0.0,0,0.1
11,36.1,722,cruise,19.871,20.031,30.868,27.031,3.837,-0.159,1.541,27.894,19.815,0.863,-0.216,0.208,0.0,0,0.15
11,36.15,723,cruise,19.907,20.016,30.865,27.016,3.849,-0.109,1.542,26.896,19.815,-0.12,-0.202,0.077,0.0,0,0.2
11,36.2,724,cruise,19.913,19.965,30.866,26.965,3.9,-0.052,1.546,25.901,19.815,-1.064,-0.15,0.0,0.035,0,0.25
11,36.25,725,cruise,19.901,19.872,30.869,26.872,3.997,0.029,1.553,30.869,19.901,3.997,0.029,0.634,0.0,1,0.0
11,36.3,726,cruise,19.868,19.764,30.877,26.764,4.113,0.104,1.562,29.884,19.901,3.119,0.137,0.52,0.0,0,0.05
11,36.35,727,cruise,19.84,19.678,30.889,26.678,4.211,0.162,1.57,30.889,19.84,4.211,0.162,0.667,0.0,1,0.0
11,36.4,728,cruise,19.823,19.632,30.902,26.632,4.27,0.191,1.574,30.902,19.823,4.27,0.191,0.676,0.0,1,0.0
11,36.45,729,cruise,19.831,19.629,30.916,26.629,4.287,0.203,1.575,30.916,19.831,4.287,0.203,0.678,0.0,1,0.0
11,36.5,730,cruise,19.853,19.653,30.929,26.653,4.276,0.2,1.574,29.939,19.831,3.286,0.178,0.544,0.0,0,0.05
11,36.55,731,cruise,19.881,19.664,30.942,26.664,4.277,0.217,1.574,28.96,19.831,2.296,0.167,0.412,0.0,0,0.1
11,36.6,732,cruise,19.897,19.621,30.955,26.621,4.333,0.276,1.578,30.955,19.897,4.333,0.276,0.687,0.0,1,0.0
11,36.65,733,cruise,19.897,19.545,30.97,26.545,4.425,0.352,1.585,30.97,19.897,4.425,0.352,0.702,0.0,1,0.0
11,36.7,734,cruise,19.88,19.556,30.985,26.556,4.428,0.324,1.584,29.993,19.897,3.437,0.341,0.57,0.0,0,0.05
11,36.75,735,cruise,19.859,19.603,30.996,26.603,4.393,0.256,1.581,30.996,19.859,4.393,0.256,0.694,0.0,1,0.0
11,36.8,736,cruise,19.842,19.649,31.004,26.649,4.355,0.193,1.578,31.004,19.842,4.355,0.193,0.687,0.0,1,0.0
11,36.85,737,cruise,19.839,19.703,31.009,26.703,4.305,0.136,1.574,31.009,19.839,4.305,0.136,0.679,0.0,1,0.0
11,36.9,738,cruise,19.848,19.762,31.011,26.762,4.249,0.086,1.569,30.021,19.839,3.26,0.077,0.537,0.0,0,0.05
11,36.95,739,cruise,19.865,19.817,31.012,26.817,4.195,0.048,1.565,29.032,19.839,2.215,0.022,0.396,0.0,0,0.1
11,37.0,740,cruise,19.88,19.852,31.013,26.852,4.161,0.029,1.562,31.013,19.88,4.161,0.029,0.656,0.0,1,0.0
11,37.05,741,cruise,19.886,19.87,31.015,26.87,4.145,0.016,1.561,31.015,19.886,4.145,0.016,0.653,0.0,1,0.0
11,37.1,742,cruise,19.881,19.901,31.017,26.901,4.116,-0.02,1.559,30.024,19.886,3.123,-0.015,0.516,0.0,0,0.05
11,37.15,743,cruise,19.869,19.92,31.017,26.92,4.097,-0.052,1.557,31.017,19.869,4.097,-0.052,0.644,0.0,1,0.0
11,37.2,744,cruise,19.856,19.954,31.016,26.954,4.062,-0.098,1.554,31.016,19.856,4.062,-0.098,0.638,0.0,1,0.0
11,37.25,745,cruise,19.849,19.971,31.014,26.971,4.042,-0.122,1.553,31.014,19.849,4.042,-0.122,0.635,0.0,1,0.0
11,37.3,746,cruise,19.85,20.019,31.009,27.019,3.99,-0.169,1.549,31.009,19.85,3.99,-0.169,0.626,0.0,1,0.0
11,37.35,747,cruise,19.859,20.057,31.003,27.057,3.946,-0.198,1.546,31.003,19.859,3.946,-0.198,0.62,0.0,1,0.0
11,37.4,748,cruise,19.869,20.106,30.995,27.106,3.889,-0.237,1.542,30.002,19.859,2.896,-0.247,0.478,0.0,0,0.05
11,37.45,749,cruise,19.876,20.135,30.985,27.135,3.85,-0.259,1.539,29.0,19.859,1.864,-0.276,0.339,0.0,0,0.1
11,37.5,750,cruise,19.877,20.153,30.975,27.153,3.821,-0.276,1.537,30.975,19.877,3.821,-0.276,0.6,0.0,1,0.0
11,37.55,751,cruise,19.872,20.137,30.964,27.137,3.826,-0.265,1.538,30.964,19.872,3.826,-0.265,0.601,0.0,1,0.0
11,37.6,752,cruise,19.864,20.148,30.952,27.148,3.804,-0.284,1.536,30.952,19.864,3.804,-0.284,0.598,0.0,1,0.0
11,37.65,753,cruise,19.857,20.158,30.939,27.158,3.781,-0.301,1.535,30.939,19.857,3.781,-0.301,0.594,0.0,1,0.0
11,37.7,754,cruise,19.855,20.187,30.925,27.187,3.738,-0.332,1.532,30.925,19.855,3.738,-0.332,0.587,0.0,1,0.0
11,37.75,755,cruise,19.858,20.21,30.909,27.21,3.699,-0.352,1.529,29.916,19.855,2.706,-0.355,0.449,0.0,0,0.05
11,37.8,756,cruise,19.864,20.236,30.891,27.236,3.656,-0.372,1.527,28.906,19.855,1.67,-0.381,0.31,0.0,0,0.1
11,37.85,757,cruise,19.87,20.231,30.874,27.231,3.643,-0.361,1.526,30.874,19.87,3.643,-0.361,0.574,0.0,1,0.0
11,37.9,758,cruise,19.872,20.215,30.856,27.215,3.641,-0.343,1.526,29.863,19.87,2.648,-0.345,0.442,0.0,0,0.05
11,37.95,759,cruise,19.871,20.2,30.839,27.2,3.639,-0.329,1.527,28.852,19.87,1.652,-0.331,0.309,0.0,0,0.1
11,38.0,760,cruise,19.864,20.179,30.823,27.179,3.645,-0.315,1.528,30.823,19.864,3.645,-0.315,0.575,0.0,1,0.0
11,38.05,761,cruise,19.86,20.146,30.809,27.146,3.663,-0.286,1.529,29.816,19.864,2.67,-0.282,0.447,0.0,0,0.05
11,38.1,762,cruise,19.851,20.126,30.795,27.126,3.669,-0.275,1.53,28.81,19.864,1.684,-0.262,0.316,0.0,0,0.1
11,38.15,763,cruise,19.843,20.098,30.782,27.098,3.684,-0.254,1.532,30.782,19.843,3.684,-0.254,0.583,0.0,1,0.0
11,38.2,764,cruise,19.853,20.064,30.77,27.064,3.706,-0.211,1.534,29.778,19.843,2.714,-0.22,0.455,0.0,0,0.05
11,38.25,765,cruise,19.856,20.041,30.76,27.041,3.718,-0.185,1.535,30.76,19.856,3.718,-0.185,0.59,0.0,1,0.0
11,38.3,766,cruise,19.871,20.028,30.751,27.028,3.722,-0.158,1.535,29.758,19.856,2.73,-0.173,0.458,0.0,0,0.05
11,38.35,767,cruise,19.86,20.024,30.742,27.024,3.718,-0.164,1.535,28.757,19.856,1.733,-0.168,0.325,0.0,0,0.1
11,38.4,768,cruise,19.866,20.008,30.733,27.008,3.725,-0.142,1.536,30.733,19.866,3.725,-0.142,0.592,0.0,1,0.0
11,38.45,769,cruise,19.845,19.983,30.725,26.983,3.741,-0.139,1.538,29.733,19.866,2.75,-0.117,0.463,0.0,0,0.05
11,38.5,770,cruise,19.851,19.969,30.716,26.969,3.748,-0.118,1.538,30.716,19.851,3.748,-0.118,0.596,0.0,1,0.0
11,38.55,771,cruise,19.836,19.961,30.708,26.961,3.747,-0.126,1.538,29.719,19.851,2.757,-0.11,0.464,0.0,0,0.05
11,38.6,772,cruise,19.853,19.961,30.7,26.961,3.739,-0.108,1.538,30.7,19.853,3.739,-0.108,0.595,0.0,1,0.0
11,38.65,773,cruise,19.847,19.963,30.691,26.963,3.728,-0.115,1.537,30.691,19.847,3.728,-0.115,0.593,0.0,1,0.0
11,38.7,774,cruise,19.821,19.976,30.678,26.976,3.702,-0.155,1.536,30.678,19.821,3.702,-0.155,0.588,0.0,1,0.0
11,38.75,775,cruise,19.845,19.997,30.664,26.997,3.666,-0.152,1.533,29.679,19.821,2.682,-0.176,0.452,0.0,0,0.05
11,38.8,776,cruise,19.856,20.015,30.648,27.015,3.633,-0.16,1.531,28.679,19.821,1.664,-0.194,0.315,0.0,0,0.1
11,38.85,777,cruise,19.882,20.012,30.634,27.012,3.621,-0.13,1.531,27.679,19.821,0.667,-0.191,0.182,0.0,0,0.15
11,38.9,778,cruise,19.869,19.979,30.619,26.979,3.64,-0.109,1.533,30.619,19.869,3.64,-0.109,0.582,0.0,1,0.0
11,38.95,779,cruise,19.873,19.924,30.605,26.924,3.681,-0.051,1.536,29.623,19.869,2.699,-0.055,0.458,0.0,0,0.05
11,39.0,780,cruise,19.842,19.881,30.592,26.881,3.712,-0.039,1.539,28.629,19.869,1.748,-0.011,0.333,0.0,0,0.1
11,39.05,781,cruise,19.841,19.84,30.58,26.84,3.74,0.001,1.541,30.58,19.841,3.74,0.001,0.599,0.0,1,0.0
11,39.1,782,cruise,19.821,19.801,30.569,26.801,3.768,0.02,1.544,29.592,19.841,2.791,0.04,0.473,0.0,0,0.05
11,39.15,783,cruise,19.768,19.778,30.554,26.778,3.776,-0.01,1.545,28.605,19.841,1.827,0.063,0.346,0.0,0,0.1
11,39.2,784,cruise,19.795,19.753,30.539,26.753,3.786,0.042,1.546,27.62,19.841,0.867,0.088,0.218,0.0,0,0.15
11,39.25,785,cruise,19.827,19.71,30.526,26.71,3.816,0.117,1.549,30.526,19.827,3.816,0.117,0.613,0.0,1,0.0
11,39.3,786,cruise,19.892,19.655,30.519,26.655,3.864,0.238,1.553,29.548,19.827,2.893,0.172,0.492,0.0,0,0.05
11,39.35,787,cruise,19.912,19.616,30.515,26.616,3.899,0.296,1.556,30.515,19.912,3.899,0.296,0.63,0.0,1,0.0
11,39.4,788,cruise,19.924,19.597,30.514,26.597,3.917,0.327,1.557,29.543,19.912,2.946,0.315,0.503,0.0,0,0.05
11,39.45,789,cruise,19.874,19.594,30.512,26.594,3.918,0.281,1.557,30.512,19.874,3.918,0.281,0.632,0.0,1,0.0
11,39.5,790,cruise,19.776,19.6,30.505,26.6,3.905,0.176,1.556,30.505,19.776,3.905,0.176,0.627,0.0,1,0.0
11,39.55,791,cruise,19.748,19.617,30.493,26.617,3.876,0.131,1.554,29.537,19.776,2.919,0.159,0.495,0.0,0,0.05
11,39.6,792,cruise,19.733,19.641,30.48,26.641,3.839,0.092,1.552,28.568,19.776,1.927,0.135,0.361,0.0,0,0.1
11,39.65,793,cruise,19.776,19.64,30.469,26.64,3.828,0.136,1.551,30.469,19.776,3.828,0.136,0.615,0.0,1,0.0
11,39.7,794,cruise,19.798,19.635,30.461,26.635,3.826,0.163,1.551,29.505,19.776,2.87,0.141,0.487,0.0,0,0.05
11,39.75,795,cruise,19.871,19.625,30.456,26.625,3.831,0.246,1.552,30.456,19.871,3.831,0.246,0.619,0.0,1,0.0
11,39.8,796,decelerate,19.904,19.614,30.455,26.614,3.841,0.29,1.553,29.496,19.871,2.882,0.257,0.493,0.0,0,0.05
11,39.85,797,decelerate,19.938,19.626,30.457,26.626,3.831,0.312,1.552,28.536,19.871,1.91,0.245,0.363,0.0,0,0.1
11,39.9,798,decelerate,19.869,19.612,30.46,26.612,3.848,0.257,1.553,27.575,19.871,0.964,0.259,0.237,0.0,0,0.15
11,39.95,799,decelerate,19.671,19.587,30.456,26.587,3.869,0.084,1.555,26.616,19.871,0.029,0.284,0.113,0.0,0,0.2
11,40.0,800,decelerate,19.488,19.507,30.445,26.507,3.938,-0.019,1.561,30.445,19.488,3.938,-0.019,0.624,0.0,1,0.0
11,40.05,801,decelerate,19.261,19.431,30.43,26.431,3.999,-0.169,1.566,30.43,19.261,3.999,-0.169,0.628,0.0,1,0.0
11,40.1,802,decelerate,19.052,19.347,30.409,26.347,4.063,-0.295,1.572,29.491,19.261,3.144,-0.085,0.516,0.0,0,0.05
11,40.15,803,decelerate,18.83,19.318,30.385,26.318,4.068,-0.488,1.573,30.385,18.83,4.068,-0.488,0.626,0.0,1,0.0
11,40.2,804,decelerate,18.615,19.281,30.354,26.281,4.074,-0.666,1.574,30.354,18.615,4.074,-0.666,0.621,0.0,1,0.0
11,40.25,805,decelerate,18.427,19.291,30.316,26.291,4.025,-0.864,1.572,30.316,18.427,4.025,-0.864,0.608,0.0,1,0.0
11,40.3,806,decelerate,18.22,19.284,30.268,26.284,3.985,-1.064,1.57,30.268,18.22,3.985,-1.064,0.596,0.0,1,0.0
11,40.35,807,decelerate,18.06,19.312,30.213,26.312,3.901,-1.253,1.564,29.34,18.22,3.028,-1.093,0.467,0.0,0,0.05
11,40.4,808,decelerate,17.876,19.307,30.149,26.307,3.842,-1.432,1.562,30.149,17.876,3.842,-1.432,0.564,0.0,1,0.0
11,40.45,809,decelerate,17.73,19.324,30.078,26.324,3.754,-1.594,1.557,30.078,17.73,3.754,-1.594,0.547,0.0,1,0.0
11,40.5,810,decelerate,17.551,19.312,29.999,26.312,3.687,-1.761,1.553,29.999,17.551,3.687,-1.761,0.533,0.0,1,0.0
11,40.55,811,decelerate,17.401,19.262,29.911,26.262,3.65,-1.86,1.553,29.911,17.401,3.65,-1.86,0.525,0.0,1,0.0
11,40.6,812,decelerate,17.209,19.267,29.815,26.267,3.547,-2.058,1.547,28.985,17.401,2.717,-1.866,0.4,0.0,0,0.05
11,40.65,813,decelerate,17.052,19.246,29.709,26.246,3.463,-2.195,1.544,29.709,17.052,3.463,-2.195,0.489,0.0,1,0.0
11,40.7,814,decelerate,16.885,19.242,29.6,26.242,3.358,-2.357,1.538,28.783,17.052,2.541,-2.191,0.366,0.0,0,0.05
11,40.75,815,decelerate,16.701,19.202,29.484,26.202,3.282,-2.501,1.535,29.484,16.701,3.282,-2.501,0.454,0.0,1,0.0
11,40.8,816,decelerate,16.532,19.181,29.361,26.181,3.18,-2.649,1.531,29.361,16.532,3.18,-2.649,0.436,0.0,1,0.0
11,40.85,817,decelerate,16.331,19.128,29.23,26.128,3.102,-2.797,1.528,29.23,16.331,3.102,-2.797,0.42,0.0,1,0.0
11,40.9,818,decelerate,16.178,19.106,29.094,26.106,2.988,-2.928,1.523,29.094,16.178,2.988,-2.928,0.401,0.0,1,0.0
11,40.95,819,decelerate,16.021,19.053,28.954,26.053,2.901,-3.032,1.52,28.176,16.178,2.124,-2.875,0.287,0.0,0,0.05
11,41.0,820,decelerate,15.826,19.015,28.809,26.015,2.793,-3.189,1.515,28.809,15.826,2.793,-3.189,0.366,0.0,1,0.0
11,41.05,821,decelerate,15.665,18.938,28.658,25.938,2.72,-3.274,1.513,27.897,15.826,1.958,-3.112,0.257,0.0,0,0.05
11,41.1,822,decelerate,15.5,18.882,28.505,25.882,2.623,-3.381,1.51,26.986,15.826,1.104,-3.056,0.145,0.0,0,0.1
11,41.15,823,decelerate,15.306,18.778,28.347,25.778,2.568,-3.472,1.51,28.347,15.306,2.568,-3.472,0.327,0.0,1,0.0
11,41.2,824,decelerate,15.144,18.694,28.185,25.694,2.491,-3.55,1.508,28.185,15.144,2.491,-3.55,0.314,0.0,1,0.0
11,41.25,825,decelerate,14.953,18.59,28.019,25.59,2.429,-3.636,1.507,28.019,14.953,2.429,-3.636,0.303,0.0,1,0.0
11,41.3,826,decelerate,14.798,18.515,27.849,25.515,2.335,-3.717,1.504,27.849,14.798,2.335,-3.717,0.287,0.0,1,0.0
11,41.35,827,decelerate,14.713,18.412,27.679,25.412,2.267,-3.698,1.503,26.96,14.798,1.548,-3.614,0.186,0.0,0,0.05
11,41.4,828,decelerate,14.594,18.333,27.508,25.333,2.175,-3.739,1.5,27.508,14.594,2.175,-3.739,0.265,0.0,1,0.0
11,41.45,829,decelerate,14.364,18.217,27.334,25.217,2.117,-3.853,1.5,26.626,14.594,1.409,-3.623,0.167,0.0,0,0.05
11,41.5,830,decelerate,14.0,18.129,27.148,25.129,2.019,-4.129,1.498,27.148,14.0,2.019,-4.129,0.232,0.0,1,0.0
11,41.55,831,decelerate,13.711,18.004,26.951,25.004,1.948,-4.293,1.497,26.275,14.0,1.271,-4.003,0.136,0.0,0,0.05
11,41.6,832,decelerate,13.514,17.905,26.747,24.905,1.842,-4.392,1.494,26.747,13.514,1.842,-4.392,0.199,0.0,1,0.0
11,41.65,833,decelerate,13.395,17.774,26.541,24.774,1.767,-4.379,1.493,25.882,13.514,1.108,-4.26,0.106,0.0,0,0.05
11,41.7,834,decelerate,13.313,17.668,26.335,24.668,1.667,-4.356,1.491,26.335,13.313,1.667,-4.356,0.177,0.0,1,0.0
11,41.75,835,decelerate,13.261,17.527,26.131,24.527,1.604,-4.266,1.491,25.479,13.313,0.952,-4.214,0.086,0.0,0,0.05
11,41.8,836,decelerate,13.144,17.417,25.929,24.417,1.512,-4.273,1.489,25.929,13.144,1.512,-4.273,0.159,0.0,1,0.0
11,41.85,837,decelerate,12.944,17.274,25.723,24.274,1.449,-4.33,1.489,25.082,13.144,0.808,-4.13,0.07,0.0,0,0.05
11,41.9,838,decelerate,12.739,17.161,25.513,24.161,1.351,-4.422,1.487,25.513,12.739,1.351,-4.422,0.133,0.0,1,0.0
11,41.95,839,decelerate,12.528,17.015,25.298,24.015,1.283,-4.487,1.487,24.676,12.739,0.661,-4.276,0.046,0.0,0,0.05
11,42.0,840,decelerate,12.322,16.897,25.078,23.897,1.181,-4.575,1.484,25.078,12.322,1.181,-4.575,0.105,0.0,1,0.0
11,42.05,841,decelerate,12.126,16.775,24.857,23.775,1.082,-4.649,1.482,24.857,12.126,1.082,-4.649,0.089,0.0,1,0.0
11,42.1,842,decelerate,11.964,16.644,24.632,23.644,0.988,-4.68,1.48,24.632,11.964,0.988,-4.68,0.076,0.0,1,0.0
11,42.15,843,decelerate,11.792,16.52,24.405,23.52,0.885,-4.728,1.477,24.405,11.792,0.885,-4.728,0.06,0.0,1,0.0
11,42.2,844,decelerate,11.625,16.364,24.177,23.364,0.814,-4.738,1.478,24.177,11.625,0.814,-4.738,0.051,0.0,1,0.0
11,42.25,845,decelerate,11.436,16.238,23.946,23.238,0.708,-4.802,1.475,23.946,11.436,0.708,-4.802,0.034,0.0,1,0.0
11,42.3,846,decelerate,11.272,16.117,23.712,23.117,0.595,-4.845,1.471,23.712,11.272,0.595,-4.845,0.018,0.0,1,0.0
11,42.35,847,decelerate,11.148,15.972,23.477,22.972,0.504,-4.824,1.47,23.477,11.148,0.504,-4.824,0.006,0.0,1,0.0
11,42.4,848,decelerate,11.072,15.841,23.245,22.841,0.404,-4.769,1.467,22.694,11.148,-0.147,-4.693,0.0,0.057,0,0.05
11,42.45,849,decelerate,10.965,15.667,23.015,22.667,0.348,-4.702,1.469,21.917,11.148,-0.75,-4.519,0.0,0.113,0,0.1
11,42.5,850,decelerate,10.367,15.509,22.771,22.509,0.262,-5.142,1.468,22.771,10.367,0.262,-5.142,0.0,0.027,1,0.0
11,42.55,851,decelerate,9.916,15.369,22.51,22.369,0.14,-5.454,1.465,22.51,9.916,0.14,-5.454,0.0,0.047,1,0.0
11,42.6,852,decelerate,9.594,15.208,22.237,22.208,0.03,-5.614,1.462,21.755,9.916,-0.453,-5.292,0.0,0.103,0,0.05
11,42.65,853,decelerate,9.401,15.056,21.96,22.056,-0.096,-5.655,1.459,21.007,9.916,-1.049,-5.14,0.0,0.159,0,0.1
11,42.7,854,decelerate,9.3,14.866,21.683,21.866,-0.182,-5.565,1.459,20.266,9.916,-1.6,-4.95,0.0,0.209,0,0.15
11,42.75,855,decelerate,9.278,14.73,21.412,21.73,-0.318,-5.452,1.454,21.412,9.278,-0.318,-5.452,0.0,0.094,1,0.0
11,42.8,856,decelerate,9.305,14.668,21.146,21.668,-0.521,-5.363,1.442,21.146,9.305,-0.521,-5.363,0.0,0.112,1,0.0
11,42.85,857,decelerate,9.374,14.611,20.885,21.611,-0.726,-5.238,1.429,20.42,9.305,-1.191,-5.306,0.0,0.177,0,0.05
11,42.9,858,decelerate,9.429,14.225,20.64,21.225,-0.585,-4.796,1.451,19.707,9.305,-1.518,-4.92,0.0,0.201,0,0.1
11,42.95,859,decelerate,9.408,13.912,20.412,20.912,-0.5,-4.504,1.467,20.412,9.408,-0.5,-4.504,0.0,0.089,1,0.0
11,43.0,860,decelerate,9.302,13.632,20.194,20.632,-0.438,-4.33,1.481,19.729,9.408,-0.902,-4.223,0.0,0.122,0,0.05
11,43.05,861,decelerate,9.14,13.391,19.982,20.391,-0.409,-4.251,1.492,19.982,9.14,-0.409,-4.251,0.0,0.073,1,0.0
11,43.1,862,decelerate,8.927,13.175,19.772,20.175,-0.403,-4.248,1.501,19.772,8.927,-0.403,-4.248,0.0,0.073,1,0.0
11,43.15,863,decelerate,8.708,12.969,19.56,19.969,-0.409,-4.261,1.508,19.56,8.708,-0.409,-4.261,0.0,0.074,1,0.0
11,43.2,864,decelerate,8.469,12.753,19.347,19.753,-0.406,-4.284,1.517,19.347,8.469,-0.406,-4.284,0.0,0.074,1,0.0
11,43.25,865,decelerate,8.221,12.561,19.133,19.561,-0.428,-4.341,1.523,18.719,8.469,-0.842,-4.092,0.0,0.113,0,0.05
11,43.3,866,decelerate,7.967,12.371,18.916,19.371,-0.455,-4.403,1.529,18.1,8.469,-1.27,-3.902,0.0,0.151,0,0.1
11,43.35,867,decelerate,7.72,12.153,18.696,19.153,-0.456,-4.432,1.538,18.696,7.72,-0.456,-4.432,0.0,0.083,1,0.0
11,43.4,868,decelerate,7.46,11.975,18.473,18.975,-0.502,-4.515,1.543,18.097,7.72,-0.878,-4.254,0.0,0.121,0,0.05
11,43.45,869,decelerate,7.287,11.781,18.247,18.781,-0.534,-4.494,1.549,18.247,7.287,-0.534,-4.494,0.0,0.093,1,0.0
11,43.5,870,decelerate,7.213,11.62,18.027,18.62,-0.594,-4.408,1.551,18.027,7.213,-0.594,-4.408,0.0,0.096,1,0.0
11,43.55,871,decelerate,7.016,11.414,17.81,18.414,-0.604,-4.398,1.56,17.454,7.213,-0.96,-4.202,0.0,0.128,0,0.05
11,43.6,872,decelerate,6.538,11.255,17.581,18.255,-0.673,-4.716,1.562,17.581,6.538,-0.673,-4.716,0.0,0.112,1,0.0
11,43.65,873,decelerate,6.042,11.168,17.334,18.168,-0.834,-5.126,1.552,17.024,6.538,-1.144,-4.63,0.0,0.157,0,0.05
11,43.7,874,decelerate,5.674,11.141,17.068,18.141,-1.073,-5.467,1.532,16.469,6.538,-1.672,-4.603,0.0,0.21,0,0.1
11,43.75,875,decelerate,5.423,10.694,16.798,17.694,-0.896,-5.271,1.571,15.925,6.538,-1.769,-4.156,0.0,0.208,0,0.15
11,43.8,876,decelerate,5.263,10.185,16.546,17.185,-0.639,-4.922,1.625,16.546,5.263,-0.639,-4.922,0.0,0.115,1,0.0
11,43.85,877,decelerate,5.18,9.741,16.313,16.741,-0.428,-4.561,1.675,16.053,5.263,-0.688,-4.478,0.0,0.109,0,0.05
11,43.9,878,decelerate,5.121,9.423,16.093,16.423,-0.329,-4.301,1.708,16.093,5.121,-0.329,-4.301,0.0,0.068,1,0.0
11,43.95,879,decelerate,5.09,9.089,15.889,16.089,-0.2,-3.999,1.748,15.635,5.121,-0.454,-3.967,0.0,0.072,0,0.05
11,44.0,880,decelerate,5.085,8.852,15.697,15.852,-0.155,-3.767,1.773,15.697,5.085,-0.155,-3.767,0.0,0.038,1,0.0
11,44.05,881,decelerate,5.113,8.543,15.519,15.543,-0.024,-3.43,1.817,15.265,5.085,-0.278,-3.458,0.0,0.042,0,0.05
11,44.1,882,decelerate,5.166,8.34,15.356,15.34,0.016,-3.174,1.841,14.845,5.085,-0.495,-3.255,0.0,0.059,0,0.1
11,44.15,883,decelerate,5.169,8.066,15.207,15.066,0.14,-2.897,1.885,15.207,5.169,0.14,-2.897,0.018,0.0,1,0.0
11,44.2,884,decelerate,5.117,7.889,15.067,14.889,0.178,-2.772,1.91,14.811,5.169,-0.078,-2.719,0.0,0.004,0,0.05
11,44.25,885,decelerate,5.043,7.63,14.935,14.63,0.305,-2.587,1.957,14.935,5.043,0.305,-2.587,0.05,0.0,1,0.0
11,44.3,886,decelerate,4.979,7.474,14.808,14.474,0.334,-2.495,1.981,14.808,4.979,0.334,-2.495,0.058,0.0,1,0.0
11,44.35,887,decelerate,4.9,7.218,14.689,14.218,0.471,-2.318,2.035,14.443,4.979,0.225,-2.24,0.051,0.0,0,0.05
11,44.4,888,decelerate,4.739,7.079,14.573,14.079,0.494,-2.34,2.059,14.573,4.739,0.494,-2.34,0.084,0.0,1,0.0
11,44.45,889,decelerate,4.537,6.989,14.454,13.989,0.465,-2.452,2.068,14.454,4.537,0.465,-2.452,0.077,0.0,1,0.0
11,44.5,890,decelerate,4.317,7.025,14.324,14.025,0.299,-2.708,2.039,14.104,4.537,0.079,-2.488,0.024,0.0,0,0.05
11,44.55,891,decelerate,4.092,6.606,14.192,13.606,0.586,-2.515,2.148,13.764,4.537,0.158,-2.069,0.048,0.0,0,0.1
11,44.6,892,decelerate,3.868,6.052,14.077,13.052,1.025,-2.185,2.326,14.077,3.868,1.025,-2.185,0.16,0.0,1,0.0
11,44.65,893,decelerate,3.652,5.687,13.972,12.687,1.284,-2.035,2.457,13.786,3.868,1.098,-1.82,0.182,0.0,0,0.05
11,44.7,894,decelerate,3.451,5.354,13.876,12.354,1.521,-1.903,2.592,13.513,3.868,1.159,-1.487,0.202,0.0,0,0.1
11,44.75,895,decelerate,3.255,5.126,13.782,12.126,1.656,-1.871,2.689,13.782,3.255,1.656,-1.871,0.256,0.0,1,0.0
11,44.8,896,decelerate,3.064,4.918,13.69,11.918,1.772,-1.854,2.784,13.69,3.064,1.772,-1.854,0.272,0.0,1,0.0
11,44.85,897,decelerate,2.878,4.736,13.597,11.736,1.861,-1.858,2.871,13.597,2.878,1.861,-1.858,0.284,0.0,1,0.0
11,44.9,898,decelerate,2.698,4.611,13.503,11.611,1.892,-1.913,2.929,13.503,2.698,1.892,-1.913,0.287,0.0,1,0.0
11,44.95,899,decelerate,2.524,4.51,13.406,11.51,1.895,-1.987,2.972,13.276,2.698,1.766,-1.813,0.273,0.0,0,0.05
11,45.0,900,decelerate,2.355,4.424,13.304,11.424,1.88,-2.069,3.007,13.054,2.698,1.63,-1.726,0.258,0.0,0,0.1
11,45.05,901,decelerate,2.192,4.344,13.198,11.344,1.854,-2.152,3.038,13.198,2.192,1.854,-2.152,0.275,0.0,1,0.0
11,45.1,902,decelerate,2.035,4.267,13.089,11.267,1.821,-2.232,3.067,13.089,2.035,1.821,-2.232,0.268,0.0,1,0.0
11,45.15,903,decelerate,1.832,4.195,12.975,11.195,1.779,-2.363,3.093,12.975,1.832,1.779,-2.363,0.258,0.0,1,0.0
11,45.2,904,decelerate,0.642,4.125,12.825,11.125,1.7,-3.483,3.109,12.825,0.642,1.7,-3.483,0.21,0.0,1,0.0
11,45.25,905,decelerate,0.001,4.05,12.627,11.05,1.577,-4.049,3.118,12.627,0.001,1.577,-4.049,0.175,0.0,1,0.0
11,45.3,906,decelerate,0.001,3.964,12.428,10.964,1.464,-3.963,3.135,12.428,0.001,1.464,-3.963,0.163,0.0,1,0.0
11,45.35,907,decelerate,0.001,3.869,12.234,10.869,1.364,-3.868,3.162,12.233,0.001,1.364,-3.868,0.153,0.0,0,0.05
11,45.4,908,decelerate,0.001,3.767,12.044,10.767,1.277,-3.767,3.197,12.044,0.001,1.276,-3.767,0.145,0.0,0,0.1
11,45.45,909,decelerate,0.001,3.653,11.86,10.653,1.208,-3.652,3.247,11.86,0.001,1.207,-3.652,0.139,0.0,0,0.15
11,45.5,910,decelerate,0.001,3.545,11.682,10.545,1.137,-3.544,3.295,11.681,0.001,1.136,-3.545,0.133,0.0,0,0.2
11,45.55,911,decelerate,0.0,3.436,11.508,10.436,1.072,-3.435,3.349,11.507,0.001,1.071,-3.435,0.128,0.0,0,0.25
11,45.6,912,decelerate,0.0,3.324,11.34,10.324,1.017,-3.323,3.412,11.34,0.0,1.017,-3.323,0.125,0.0,1,0.0
11,45.65,913,decelerate,0.0,3.212,11.178,10.212,0.966,-3.212,3.48,11.178,0.0,0.966,-3.212,0.122,0.0,0,0.05
11,45.7,914,decelerate,0.0,3.101,11.021,10.101,0.921,-3.101,3.554,11.021,0.0,0.92,-3.1,0.119,0.0,0,0.1
11,45.75,915,decelerate,0.0,2.991,10.87,9.991,0.879,-2.991,3.634,10.87,0.0,0.879,-2.991,0.117,0.0,0,0.15
11,45.8,916,decelerate,0.0,2.882,10.724,9.882,0.842,-2.882,3.721,10.724,0.0,0.842,-2.882,0.116,0.0,0,0.2
11,45.85,917,decelerate,0.0,2.775,10.584,9.775,0.808,-2.775,3.813,10.584,0.0,0.808,-2.775,0.115,0.0,1,0.0
11,45.9,918,decelerate,0.0,2.672,10.448,9.672,0.777,-2.672,3.911,10.448,0.0,0.777,-2.672,0.115,0.0,0,0.05
11,45.95,919,decelerate,0.0,2.571,10.318,9.571,0.748,-2.571,4.014,10.318,0.0,0.748,-2.571,0.114,0.0,0,0.1
11,46.0,920,decelerate,0.0,2.471,10.193,9.471,0.722,-2.471,4.125,10.193,0.0,0.722,-2.471,0.114,0.0,0,0.15
11,46.05,921,decelerate,0.0,2.374,10.073,9.374,0.699,-2.374,4.243,10.073,0.0,0.699,-2.374,0.114,0.0,1,0.0
11,46.1,922,decelerate,0.0,2.28,9.958,9.28,0.678,-2.28,4.367,9.958,0.0,0.678,-2.28,0.114,0.0,1,0.0
11,46.15,923,decelerate,0.0,2.188,9.847,9.188,0.659,-2.188,4.501,9.847,0.0,0.659,-2.188,0.115,0.0,0,0.05
11,46.2,924,stopped,0.0,2.098,9.74,9.098,0.643,-2.098,4.644,9.74,0.0,0.643,-2.098,0.116,0.0,0,0.1
11,46.25,925,stopped,0.0,2.01,9.639,9.01,0.628,-2.01,4.795,9.639,0.0,0.628,-2.01,0.117,0.0,0,0.15
11,46.3,926,stopped,0.0,1.926,9.541,8.926,0.615,-1.926,4.954,9.541,0.0,0.615,-1.926,0.118,0.0,1,0.0
11,46.35,927,stopped,0.0,1.845,9.447,8.845,0.602,-1.845,5.12,9.447,0.0,0.602,-1.845,0.119,0.0,0,0.05
11,46.4,928,stopped,0.0,1.768,9.358,8.768,0.59,-1.768,5.293,9.358,0.0,0.59,-1.768,0.12,0.0,1,0.0
11,46.45,929,stopped,0.0,1.694,9.272,8.694,0.578,-1.694,5.474,9.272,0.0,0.578,-1.694,0.121,0.0,1,0.0
11,46.5,930,stopped,0.0,1.622,9.189,8.622,0.568,-1.622,5.666,9.189,0.0,0.568,-1.622,0.122,0.0,0,0.05
11,46.55,931,stopped,0.0,1.549,9.111,8.549,0.562,-1.549,5.882,9.111,0.0,0.562,-1.549,0.123,0.0,1,0.0
11,46.6,932,stopped,0.0,1.486,9.035,8.486,0.549,-1.486,6.082,9.035,0.0,0.549,-1.486,0.124,0.0,0,0.05
11,46.65,933,stopped,0.0,1.425,8.963,8.425,0.538,-1.425,6.29,8.963,0.0,0.538,-1.425,0.124,0.0,0,0.1
11,46.7,934,stopped,0.0,1.367,8.893,8.367,0.527,-1.367,6.507,8.893,0.0,0.527,-1.367,0.125,0.0,0,0.15
11,46.75,935,stopped,0.0,1.311,8.827,8.311,0.516,-1.311,6.732,8.827,0.0,0.516,-1.311,0.125,0.0,1,0.0
11,46.8,936,stopped,0.0,1.262,8.763,8.262,0.501,-1.262,6.944,8.763,0.0,0.501,-1.262,0.125,0.0,1,0.0
11,46.85,937,stopped,0.0,1.222,8.701,8.222,0.48,-1.222,7.122,8.701,0.0,0.48,-1.222,0.123,0.0,1,0.0
11,46.9,938,stopped,0.0,1.184,8.641,8.184,0.458,-1.184,7.3,8.641,0.0,0.458,-1.184,0.122,0.0,1,0.0
11,46.95,939,stopped,0.0,1.147,8.583,8.147,0.436,-1.147,7.482,8.583,0.0,0.436,-1.147,0.12,0.0,1,0.0
11,47.0,940,stopped,0.0,1.111,8.527,8.111,0.416,-1.111,7.674,8.527,0.0,0.416,-1.111,0.118,0.0,1,0.0
11,47.05,941,stopped,0.0,1.077,8.473,8.077,0.396,-1.077,7.87,8.473,0.0,0.396,-1.077,0.117,0.0,1,0.0
11,47.1,942,stopped,0.0,1.042,8.42,8.042,0.379,-1.042,8.082,8.42,0.0,0.379,-1.042,0.116,0.0,1,0.0
11,47.15,943,stopped,0.0,1.008,8.369,8.008,0.361,-1.008,8.303,8.369,0.0,0.361,-1.008,0.115,0.0,0,0.05
11,47.2,944,stopped,0.0,0.975,8.32,7.975,0.345,-0.975,8.536,8.32,0.0,0.345,-0.975,0.114,0.0,0,0.1
11,47.25,945,stopped,0.0,0.942,8.272,7.942,0.33,-0.942,8.778,8.272,0.0,0.33,-0.942,0.113,0.0,0,0.15
11,47.3,946,stopped,0.0,0.914,8.226,7.914,0.313,-0.914,9.002,8.226,0.0,0.313,-0.914,0.111,0.0,1,0.0
11,47.35,947,stopped,0.0,0.887,8.182,7.887,0.295,-0.887,9.227,8.182,0.0,0.295,-0.887,0.11,0.0,1,0.0
11,47.4,948,stopped,0.0,0.862,8.138,7.862,0.276,-0.862,9.44,8.138,0.0,0.276,-0.862,0.108,0.0,0,0.05
11,47.45,949,stopped,0.0,0.836,8.097,7.836,0.261,-0.836,9.69,8.097,0.0,0.261,-0.836,0.107,0.0,1,0.0
11,47.5,950,stopped,0.0,0.801,8.056,7.801,0.256,-0.801,10.063,8.056,0.0,0.256,-0.801,0.107,0.0,1,0.0
11,47.55,951,stopped,0.0,0.765,8.017,7.765,0.252,-0.765,10.478,8.017,0.0,0.252,-0.765,0.108,0.0,1,0.0
11,47.6,952,stopped,0.0,0.752,7.98,7.752,0.228,-0.752,10.608,7.98,0.0,0.228,-0.752,0.105,0.0,0,0.05
11,47.65,953,stopped,0.0,0.709,7.944,7.709,0.235,-0.709,11.204,7.944,0.0,0.235,-0.709,0.108,0.0,1,0.0
11,47.7,954,stopped,0.0,0.689,7.909,7.689,0.22,-0.689,11.474,7.909,0.0,0.22,-0.689,0.106,0.0,1,0.0
11,47.75,955,stopped,0.0,0.69,7.875,7.69,0.185,-0.69,11.406,7.875,0.0,0.185,-0.69,0.102,0.0,0,0.05
11,47.8,956,stopped,0.0,0.621,7.843,7.621,0.222,-0.621,12.633,7.843,0.0,0.222,-0.621,0.109,0.0,0,0.1
11,47.85,957,stopped,0.0,0.643,7.811,7.643,0.169,-0.643,12.157,7.811,0.0,0.169,-0.643,0.101,0.0,1,0.0
11,47.9,958,stopped,0.0,0.584,7.781,7.584,0.197,-0.584,13.319,7.781,0.0,0.197,-0.584,0.107,0.0,1,0.0
11,47.95,959,stopped,0.0,0.6,7.752,7.6,0.152,-0.6,12.926,7.752,0.0,0.152,-0.6,0.1,0.0,1,0.0
11,48.0,960,stopped,0.0,0.529,7.724,7.529,0.196,-0.529,14.612,7.724,0.0,0.196,-0.529,0.108,0.0,1,0.0
11,48.05,961,stopped,0.0,0.551,7.697,7.551,0.147,-0.551,13.981,7.697,0.0,0.147,-0.551,0.101,0.0,0,0.05
11,48.1,962,stopped,0.0,0.486,7.672,7.486,0.186,-0.486,15.801,7.672,0.0,0.186,-0.486,0.109,0.0,1,0.0
11,48.15,963,stopped,0.0,0.476,7.647,7.476,0.171,-0.476,16.076,7.647,0.0,0.171,-0.476,0.107,0.0,1,0.0
11,48.2,964,stopped,0.0,0.501,7.623,7.501,0.121,-0.501,15.205,7.623,0.0,0.121,-0.501,0.099,0.0,0,0.05
11,48.25,965,stopped,0.0,0.446,7.599,7.446,0.154,-0.446,17.044,7.599,0.0,0.154,-0.446,0.106,0.0,1,0.0
11,48.3,966,stopped,0.0,0.411,7.577,7.411,0.166,-0.411,18.433,7.577,0.0,0.166,-0.411,0.108,0.0,0,0.05
11,48.35,967,stopped,0.0,0.384,7.557,7.384,0.172,-0.384,19.659,7.557,0.0,0.172,-0.384,0.11,0.0,0,0.1
11,48.4,968,stopped,0.0,0.427,7.536,7.427,0.11,-0.427,17.662,7.536,0.0,0.11,-0.427,0.1,0.0,1,0.0
11,48.45,969,stopped,0.0,0.417,7.517,7.417,0.1,-0.417,18.017,7.517,0.0,0.1,-0.417,0.099,0.0,0,0.05
11,48.5,970,stopped,0.0,0.363,7.498,7.363,0.136,-0.363,20.675,7.498,0.0,0.136,-0.363,0.106,0.0,1,0.0
11,48.55,971,stopped,0.0,0.342,7.481,7.342,0.139,-0.342,21.903,7.481,0.0,0.139,-0.342,0.107,0.0,1,0.0
11,48.6,972,stopped,0.0,0.366,7.463,7.366,0.097,-0.366,20.38,7.463,0.0,0.097,-0.366,0.101,0.0,0,0.05
11,48.65,973,stopped,0.0,0.326,7.447,7.326,0.12,-0.326,22.82,7.447,0.0,0.12,-0.326,0.105,0.0,1,0.0
11,48.7,974,stopped,0.0,0.323,7.43,7.323,0.108,-0.323,23.039,7.43,0.0,0.108,-0.323,0.104,0.0,1,0.0
11,48.75,975,stopped,0.0,0.297,7.415,7.297,0.118,-0.297,24.954,7.415,0.0,0.118,-0.297,0.106,0.0,1,0.0
11,48.8,976,stopped,0.0,0.313,7.4,7.313,0.088,-0.313,23.658,7.4,0.0,0.088,-0.313,0.101,0.0,0,0.05
11,48.85,977,stopped,0.0,0.273,7.386,7.273,0.113,-0.273,27.03,7.386,0.0,0.113,-0.273,0.106,0.0,1,0.0
11,48.9,978,stopped,0.0,0.252,7.372,7.252,0.119,-0.252,29.231,7.372,0.0,0.119,-0.252,0.108,0.0,0,0.05
11,48.95,979,stopped,0.0,0.297,7.358,7.297,0.061,-0.297,24.807,7.358,0.0,0.061,-0.297,0.098,0.0,0,0.1
11,49.0,980,stopped,0.0,0.249,7.345,7.249,0.096,-0.249,29.528,7.345,0.0,0.096,-0.249,0.105,0.0,0,0.15
11,49.05,981,stopped,0.0,0.276,7.332,7.276,0.057,-0.276,26.587,7.332,0.0,0.057,-0.276,0.098,0.0,1,0.0
11,49.1,982,stopped,0.0,0.223,7.321,7.223,0.097,-0.223,32.768,7.321,0.0,0.097,-0.223,0.106,0.0,0,0.05
11,49.15,983,stopped,0.0,0.251,7.309,7.251,0.058,-0.251,29.169,7.309,0.0,0.058,-0.251,0.099,0.0,0,0.1
11,49.2,984,stopped,0.0,0.222,7.298,7.222,0.076,-0.222,32.854,7.298,0.0,0.076,-0.222,0.103,0.0,0,0.15
11,49.25,985,stopped,0.0,0.214,7.288,7.214,0.073,-0.214,34.033,7.288,0.0,0.073,-0.214,0.103,0.0,1,0.0
11,49.3,986,stopped,0.0,0.202,7.277,7.202,0.075,-0.202,36.007,7.277,0.0,0.075,-0.202,0.103,0.0,0,0.05
11,49.35,987,stopped,0.0,0.183,7.268,7.183,0.085,-0.183,39.779,7.268,0.0,0.085,-0.183,0.105,0.0,1,0.0
11,49.4,988,stopped,0.0,0.224,7.258,7.224,0.034,-0.224,32.445,7.258,0.0,0.034,-0.224,0.097,0.0,0,0.05
11,49.45,989,stopped,0.0,0.138,7.249,7.138,0.111,-0.138,52.609,7.249,0.0,0.111,-0.138,0.11,0.0,1,0.0
