episode,time_sec,tick,leader_phase,leader_speed_mps,follower_speed_mps,distance_m,desired_distance_m,spacing_error_m,relative_velocity_mps,thw_sec,observed_distance_m,observed_lead_speed_mps,control_spacing_error_m,control_relative_velocity_mps,throttle,brake,comm_success,time_since_last_comm_success_sec
9,0.05,1,accelerate,0.0,0.0,12.825,7.0,5.825,0.0,128.247,12.825,0.0,5.825,0.0,0.778,0.0,1,0.0
9,0.1,2,accelerate,0.003,0.003,12.825,7.003,5.822,0.0,128.247,12.825,0.003,5.822,0.0,0.778,0.0,1,0.0
9,0.15,3,accelerate,0.001,0.001,12.825,7.001,5.824,0.0,128.247,12.825,0.001,5.824,0.0,0.779,0.0,1,0.0
9,0.2,4,accelerate,0.0,0.0,12.825,7.0,5.825,-0.0,128.247,12.825,0.001,5.825,0.001,0.781,0.0,0,0.05
9,0.25,5,accelerate,0.0,0.001,12.825,7.001,5.824,-0.0,128.247,12.825,0.001,5.824,0.0,0.781,0.0,0,0.1
9,0.3,6,accelerate,0.001,0.001,12.825,7.001,5.824,-0.0,128.247,12.825,0.001,5.824,0.0,0.782,0.0,0,0.15
9,0.35,7,accelerate,0.001,0.001,12.825,7.001,5.824,-0.0,128.247,12.825,0.001,5.824,0.0,0.783,0.0,0,0.2
9,0.4,8,accelerate,0.0,0.0,12.825,7.0,5.824,-0.0,128.247,12.825,0.001,5.824,0.0,0.784,0.0,0,0.25
9,0.45,9,accelerate,0.0,0.0,12.825,7.0,5.824,-0.0,128.247,12.825,0.001,5.824,0.0,0.785,0.0,0,0.3
9,0.5,10,accelerate,0.0,0.0,12.825,7.0,5.825,-0.0,128.247,12.825,0.0,5.825,-0.0,0.786,0.0,1,0.0
9,0.55,11,accelerate,0.0,0.0,12.825,7.0,5.825,-0.0,128.247,12.825,0.0,5.825,-0.0,0.787,0.0,1,0.0
9,0.6,12,accelerate,0.0,0.0,12.825,7.0,5.825,-0.0,128.247,12.825,0.0,5.825,0.0,0.788,0.0,0,0.05
9,0.65,13,accelerate,0.158,0.305,12.82,7.305,5.515,-0.146,42.097,12.818,0.0,5.514,-0.304,0.738,0.0,0,0.1
9,0.7,14,accelerate,0.518,0.628,12.815,7.628,5.187,-0.11,20.408,12.815,0.518,5.187,-0.11,0.701,0.0,1,0.0
9,0.75,15,accelerate,0.821,0.892,12.812,7.892,4.92,-0.071,14.362,12.777,0.518,4.885,-0.374,0.653,0.0,0,0.05
9,0.8,16,accelerate,1.035,1.032,12.814,8.032,4.781,0.002,12.411,12.731,0.518,4.699,-0.515,0.624,0.0,0,0.1
9,0.85,17,accelerate,1.162,1.153,12.815,8.153,4.662,0.009,11.114,12.678,0.518,4.525,-0.635,0.598,0.0,0,0.15
9,0.9,18,accelerate,1.301,1.231,12.819,8.231,4.588,0.07,10.412,12.819,1.301,4.588,0.07,0.631,0.0,1,0.0
9,0.95,19,accelerate,1.417,1.361,12.824,8.361,4.462,0.056,9.421,12.756,1.301,4.395,-0.06,0.601,0.0,0,0.05
9,1.0,20,accelerate,1.543,1.44,12.83,8.44,4.39,0.103,8.912,12.688,1.301,4.249,-0.138,0.58,0.0,0,0.1
9,1.05,21,accelerate,1.645,1.515,12.838,8.515,4.323,0.129,8.472,12.617,1.301,4.102,-0.214,0.558,0.0,0,0.15
9,1.1,22,accelerate,1.806,1.588,12.85,8.588,4.262,0.218,8.092,12.85,1.806,4.262,0.218,0.595,0.0,1,0.0
9,1.15,23,accelerate,1.917,1.658,12.864,8.658,4.206,0.259,7.759,12.864,1.917,4.206,0.259,0.59,0.0,1,0.0
9,1.2,24,accelerate,2.082,1.725,12.882,8.725,4.157,0.357,7.468,12.882,2.082,4.157,0.357,0.587,0.0,1,0.0
9,1.25,25,accelerate,2.228,1.797,12.905,8.797,4.108,0.431,7.182,12.797,2.082,4.0,0.285,0.564,0.0,0,0.05
9,1.3,26,accelerate,2.418,1.865,12.932,8.865,4.067,0.553,6.935,12.708,2.082,3.843,0.217,0.542,0.0,0,0.1
9,1.35,27,accelerate,2.584,1.938,12.965,8.938,4.028,0.647,6.692,12.965,2.584,4.028,0.647,0.581,0.0,1,0.0
9,1.4,28,accelerate,2.755,2.008,13.003,9.008,3.995,0.748,6.477,12.869,2.584,3.862,0.577,0.558,0.0,0,0.05
9,1.45,29,accelerate,2.842,2.086,13.044,9.086,3.958,0.757,6.254,12.77,2.584,3.684,0.499,0.532,0.0,0,0.1
9,1.5,30,accelerate,2.887,2.159,13.083,9.159,3.924,0.728,6.06,13.083,2.887,3.924,0.728,0.572,0.0,1,0.0
9,1.55,31,accelerate,2.886,2.237,13.12,9.237,3.883,0.649,5.864,12.977,2.887,3.739,0.65,0.546,0.0,0,0.05
9,1.6,32,accelerate,2.919,2.314,13.154,9.314,3.84,0.604,5.684,13.154,2.919,3.84,0.604,0.558,0.0,1,0.0
9,1.65,33,accelerate,2.98,2.382,13.187,9.382,3.805,0.598,5.536,13.04,2.919,3.658,0.537,0.532,0.0,0,0.05
9,1.7,34,accelerate,3.108,2.438,13.221,9.438,3.783,0.671,5.424,13.221,3.108,3.783,0.671,0.554,0.0,1,0.0
9,1.75,35,accelerate,3.256,2.507,13.259,9.507,3.751,0.748,5.288,13.259,3.256,3.751,0.748,0.553,0.0,1,0.0
9,1.8,36,accelerate,3.447,2.594,13.301,9.594,3.707,0.853,5.127,13.301,3.447,3.707,0.853,0.551,0.0,1,0.0
9,1.85,37,accelerate,3.624,2.686,13.349,9.686,3.663,0.938,4.97,13.349,3.624,3.663,0.938,0.549,0.0,1,0.0
9,1.9,38,accelerate,3.752,2.771,13.399,9.771,3.628,0.981,4.836,13.399,3.752,3.628,0.981,0.546,0.0,1,0.0
9,1.95,39,accelerate,3.783,2.861,13.448,9.861,3.587,0.922,4.701,13.259,3.752,3.399,0.891,0.513,0.0,0,0.05
9,2.0,40,accelerate,3.783,2.942,13.493,9.942,3.551,0.841,4.586,13.493,3.783,3.551,0.841,0.532,0.0,1,0.0
9,2.05,41,accelerate,3.797,3.025,13.534,10.025,3.508,0.772,4.473,13.534,3.797,3.508,0.772,0.525,0.0,1,0.0
9,2.1,42,accelerate,3.888,3.103,13.574,10.103,3.47,0.785,4.374,13.574,3.888,3.47,0.785,0.521,0.0,1,0.0
9,2.15,43,accelerate,4.026,3.184,13.615,10.184,3.431,0.841,4.276,13.615,4.026,3.431,0.841,0.518,0.0,1,0.0
9,2.2,44,accelerate,4.199,3.26,13.662,10.26,3.401,0.939,4.191,13.662,4.199,3.401,0.939,0.518,0.0,1,0.0
9,2.25,45,accelerate,4.381,3.339,13.713,10.339,3.374,1.042,4.107,13.498,4.199,3.159,0.86,0.483,0.0,0,0.05
9,2.3,46,accelerate,4.541,3.41,13.769,10.41,3.359,1.131,4.038,13.769,4.541,3.359,1.131,0.52,0.0,1,0.0
9,2.35,47,accelerate,4.619,3.482,13.827,10.482,3.345,1.136,3.971,13.827,4.619,3.345,1.136,0.519,0.0,1,0.0
9,2.4,48,accelerate,4.628,3.554,13.883,10.554,3.329,1.074,3.906,13.883,4.628,3.329,1.074,0.515,0.0,1,0.0
9,2.45,49,accelerate,4.627,3.629,13.936,10.629,3.307,0.998,3.841,13.705,4.628,3.076,0.999,0.479,0.0,0,0.05
9,2.5,50,accelerate,4.685,3.696,13.986,10.696,3.29,0.988,3.784,13.986,4.685,3.29,0.988,0.508,0.0,1,0.0
9,2.55,51,accelerate,4.803,3.75,14.038,10.75,3.288,1.053,3.744,14.038,4.803,3.288,1.053,0.51,0.0,1,0.0
9,2.6,52,accelerate,4.956,3.814,14.094,10.814,3.28,1.142,3.696,14.094,4.956,3.28,1.142,0.513,0.0,1,0.0
9,2.65,53,accelerate,5.128,3.886,14.155,10.886,3.269,1.242,3.643,14.155,5.128,3.269,1.242,0.515,0.0,1,0.0
9,2.7,54,accelerate,5.243,3.954,14.22,10.954,3.266,1.289,3.597,13.96,5.128,3.006,1.174,0.478,0.0,0,0.05
9,2.75,55,accelerate,5.09,4.019,14.278,11.019,3.259,1.07,3.552,14.278,5.09,3.259,1.07,0.509,0.0,1,0.0
9,2.8,56,accelerate,5.093,4.08,14.33,11.08,3.251,1.014,3.513,14.076,5.09,2.997,1.01,0.473,0.0,0,0.05
9,2.85,57,accelerate,5.0,4.139,14.377,11.139,3.238,0.861,3.474,14.377,5.0,3.238,0.861,0.501,0.0,1,0.0
9,2.9,58,accelerate,5.459,4.193,14.433,11.193,3.24,1.266,3.442,14.169,5.0,2.976,0.806,0.464,0.0,0,0.05
9,2.95,59,accelerate,5.818,4.233,14.507,11.233,3.274,1.585,3.427,13.959,5.0,2.725,0.766,0.43,0.0,0,0.1
9,3.0,60,accelerate,5.924,4.278,14.589,11.278,3.311,1.646,3.41,13.746,5.0,2.468,0.721,0.395,0.0,0,0.15
9,3.05,61,accelerate,5.894,4.308,14.67,11.308,3.362,1.586,3.405,14.67,5.894,3.362,1.586,0.543,0.0,1,0.0
9,3.1,62,accelerate,5.845,4.336,14.747,11.336,3.411,1.509,3.401,14.454,5.894,3.118,1.558,0.51,0.0,0,0.05
9,3.15,63,accelerate,5.815,4.383,14.821,11.383,3.437,1.432,3.381,14.237,5.894,2.853,1.51,0.474,0.0,0,0.1
9,3.2,64,accelerate,5.815,4.431,14.891,11.431,3.459,1.383,3.36,14.891,5.815,3.459,1.383,0.551,0.0,1,0.0
9,3.25,65,accelerate,5.848,4.487,14.959,11.487,3.473,1.361,3.334,14.959,5.848,3.473,1.361,0.553,0.0,1,0.0
9,3.3,66,accelerate,5.915,4.555,15.028,11.555,3.473,1.36,3.299,15.028,5.915,3.473,1.36,0.553,0.0,1,0.0
9,3.35,67,accelerate,6.014,4.631,15.097,11.631,3.466,1.383,3.26,14.798,5.915,3.167,1.284,0.51,0.0,0,0.05
9,3.4,68,accelerate,6.142,4.691,15.168,11.691,3.477,1.451,3.234,14.565,5.915,2.874,1.224,0.47,0.0,0,0.1
9,3.45,69,accelerate,6.136,4.756,15.239,11.756,3.483,1.38,3.204,15.239,6.136,3.483,1.38,0.557,0.0,1,0.0
9,3.5,70,accelerate,6.131,4.818,15.306,11.818,3.488,1.314,3.177,15.306,6.131,3.488,1.314,0.556,0.0,1,0.0
9,3.55,71,accelerate,6.633,4.89,15.381,11.89,3.491,1.743,3.146,15.063,6.131,3.173,1.242,0.512,0.0,0,0.05
9,3.6,72,accelerate,7.16,4.961,15.483,11.961,3.522,2.199,3.121,15.483,7.16,3.522,2.199,0.591,0.0,1,0.0
9,3.65,73,accelerate,7.555,5.035,15.603,12.035,3.568,2.52,3.099,15.603,7.555,3.568,2.52,0.608,0.0,1,0.0
9,3.7,74,accelerate,7.722,5.114,15.733,12.114,3.619,2.608,3.076,15.733,7.722,3.619,2.608,0.619,0.0,1,0.0
9,3.75,75,accelerate,7.703,5.055,15.865,12.055,3.81,2.648,3.139,15.48,7.722,3.425,2.668,0.595,0.0,0,0.05
9,3.8,76,accelerate,7.626,5.136,15.994,12.136,3.858,2.489,3.114,15.226,7.722,3.09,2.586,0.548,0.0,0,0.1
9,3.85,77,accelerate,7.518,5.097,16.117,12.097,4.02,2.421,3.162,16.117,7.518,4.02,2.421,0.668,0.0,1,0.0
9,3.9,78,accelerate,7.405,5.128,16.237,12.128,4.109,2.277,3.166,16.237,7.405,4.109,2.277,0.675,0.0,1,0.0
9,3.95,79,accelerate,7.305,5.226,16.343,12.226,4.117,2.079,3.127,16.343,7.305,4.117,2.079,0.671,0.0,1,0.0
9,4.0,80,accelerate,7.248,5.195,16.446,12.195,4.251,2.052,3.165,16.083,7.305,3.887,2.11,0.642,0.0,0,0.05
9,4.05,81,accelerate,7.239,5.184,16.549,12.184,4.365,2.056,3.192,15.823,7.305,3.64,2.121,0.61,0.0,0,0.1
9,4.1,82,accelerate,7.276,5.186,16.652,12.186,4.467,2.09,3.211,15.564,7.305,3.379,2.12,0.575,0.0,0,0.15
9,4.15,83,accelerate,7.341,5.205,16.758,12.205,4.554,2.136,3.22,15.305,7.305,3.1,2.101,0.538,0.0,0,0.2
9,4.2,84,accelerate,7.448,5.232,16.867,12.232,4.635,2.216,3.224,15.044,7.305,2.811,2.073,0.499,0.0,0,0.25
9,4.25,85,accelerate,7.583,5.26,16.981,12.26,4.721,2.323,3.228,16.981,7.583,4.721,2.323,0.763,0.0,1,0.0
9,4.3,86,accelerate,7.741,5.294,17.101,12.294,4.807,2.447,3.23,16.717,7.583,4.423,2.289,0.723,0.0,0,0.05
9,4.35,87,accelerate,7.905,5.356,17.226,12.356,4.871,2.55,3.216,16.451,7.583,4.095,2.227,0.678,0.0,0,0.1
9,4.4,88,accelerate,8.086,5.444,17.356,12.444,4.912,2.642,3.188,16.18,7.583,3.736,2.139,0.627,0.0,0,0.15
9,4.45,89,accelerate,8.279,5.546,17.491,12.546,4.945,2.733,3.154,17.491,8.279,4.945,2.733,0.809,0.0,1,0.0
9,4.5,90,accelerate,8.479,5.661,17.63,12.661,4.969,2.818,3.114,17.63,8.479,4.969,2.818,0.816,0.0,1,0.0
9,4.55,91,accelerate,8.672,5.815,17.771,12.815,4.957,2.858,3.056,17.342,8.479,4.528,2.664,0.753,0.0,0,0.05
9,4.6,92,accelerate,8.875,5.807,17.919,12.807,5.112,3.067,3.086,17.052,8.479,4.244,2.671,0.716,0.0,0,0.1
9,4.65,93,accelerate,9.083,5.802,18.078,12.802,5.276,3.281,3.116,16.762,8.479,3.96,2.677,0.679,0.0,0,0.15
9,4.7,94,accelerate,9.294,6.326,18.235,13.326,4.909,2.969,2.883,16.46,8.479,3.134,2.153,0.552,0.0,0,0.2
9,4.75,95,accelerate,9.471,6.878,18.368,13.878,4.49,2.593,2.67,18.368,9.471,4.49,2.593,0.748,0.0,1,0.0
9,4.8,96,accelerate,9.572,7.239,18.487,14.239,4.248,2.333,2.554,18.487,9.572,4.248,2.333,0.708,0.0,1,0.0
9,4.85,97,accelerate,9.588,7.521,18.592,14.521,4.071,2.066,2.472,18.116,9.572,3.595,2.051,0.612,0.0,0,0.05
9,4.9,98,accelerate,9.536,7.707,18.684,14.707,3.977,1.829,2.424,17.734,9.572,3.027,1.865,0.531,0.0,0,0.1
9,4.95,99,accelerate,9.505,7.865,18.765,14.865,3.9,1.64,2.386,18.765,9.505,3.9,1.64,0.64,0.0,1,0.0
9,5.0,100,accelerate,9.53,7.999,18.838,14.999,3.839,1.531,2.355,18.368,9.505,3.369,1.506,0.565,0.0,0,0.05
9,5.05,101,accelerate,9.595,8.126,18.908,15.126,3.782,1.469,2.327,18.908,9.595,3.782,1.469,0.62,0.0,1,0.0
9,5.1,102,accelerate,9.682,8.243,18.974,15.243,3.731,1.438,2.302,18.498,9.595,3.255,1.351,0.546,0.0,0,0.05
9,5.15,103,accelerate,9.807,8.354,19.039,15.354,3.685,1.454,2.279,18.083,9.595,2.729,1.241,0.473,0.0,0,0.1
9,5.2,104,accelerate,9.966,8.446,19.105,15.446,3.66,1.52,2.262,17.663,9.595,2.218,1.149,0.402,0.0,0,0.15
9,5.25,105,accelerate,10.118,8.511,19.174,15.511,3.663,1.607,2.253,19.174,10.118,3.663,1.607,0.611,0.0,1,0.0
9,5.3,106,accelerate,10.302,8.56,19.247,15.56,3.687,1.742,2.249,19.247,10.302,3.687,1.742,0.619,0.0,1,0.0
9,5.35,107,accelerate,10.492,8.621,19.327,15.621,3.706,1.871,2.242,18.819,10.302,3.198,1.681,0.552,0.0,0,0.05
9,5.4,108,accelerate,10.664,8.69,19.41,15.69,3.72,1.974,2.234,18.387,10.302,2.697,1.612,0.484,0.0,0,0.1
9,5.45,109,accelerate,10.69,8.752,19.492,15.752,3.74,1.938,2.227,17.952,10.302,2.199,1.549,0.416,0.0,0,0.15
9,5.5,110,accelerate,10.644,8.799,19.571,15.799,3.772,1.845,2.224,17.514,10.302,1.715,1.503,0.35,0.0,0,0.2
9,5.55,111,accelerate,10.944,8.823,19.655,15.823,3.832,2.121,2.228,19.655,10.944,3.832,2.121,0.653,0.0,1,0.0
9,5.6,112,accelerate,11.276,8.833,19.755,15.833,3.922,2.443,2.237,19.755,11.276,3.922,2.443,0.677,0.0,1,0.0
9,5.65,113,accelerate,11.476,8.867,19.864,15.867,3.997,2.61,2.24,19.316,11.276,3.449,2.409,0.613,0.0,0,0.05
9,5.7,114,accelerate,11.466,8.925,19.972,15.925,4.047,2.542,2.238,18.875,11.276,2.95,2.351,0.545,0.0,0,0.1
9,5.75,115,accelerate,11.413,8.99,20.071,15.99,4.082,2.423,2.233,18.43,11.276,2.441,2.286,0.475,0.0,0,0.15
9,5.8,116,accelerate,11.355,9.048,20.167,16.048,4.119,2.307,2.229,17.983,11.276,1.936,2.228,0.406,0.0,0,0.2
9,5.85,117,accelerate,11.294,9.088,20.257,16.088,4.168,2.206,2.229,17.534,11.276,1.446,2.187,0.34,0.0,0,0.25
9,5.9,118,accelerate,11.275,9.106,20.342,16.106,4.236,2.169,2.234,17.084,11.276,0.978,2.17,0.277,0.0,0,0.3
9,5.95,119,accelerate,11.316,9.096,20.428,16.096,4.332,2.219,2.246,20.428,11.316,4.332,2.219,0.727,0.0,1,0.0
9,6.0,120,accelerate,11.396,9.066,20.52,16.066,4.454,2.329,2.263,19.984,11.316,3.918,2.249,0.673,0.0,0,0.05
9,6.05,121,accelerate,11.469,9.064,20.617,16.064,4.552,2.404,2.275,19.541,11.316,3.477,2.251,0.615,0.0,0,0.1
9,6.1,122,accelerate,11.57,9.093,20.716,16.093,4.622,2.477,2.278,19.098,11.316,3.005,2.222,0.552,0.0,0,0.15
9,6.15,123,accelerate,11.639,9.138,20.814,16.138,4.677,2.502,2.278,20.814,11.639,4.677,2.502,0.785,0.0,1,0.0
9,6.2,124,accelerate,11.773,9.183,20.914,16.183,4.731,2.59,2.277,20.372,11.639,4.189,2.457,0.719,0.0,0,0.05
9,6.25,125,accelerate,11.913,9.276,21.018,16.276,4.742,2.637,2.266,21.018,11.913,4.742,2.637,0.799,0.0,1,0.0
9,6.3,126,accelerate,12.031,9.399,21.124,16.399,4.725,2.632,2.248,20.569,11.913,4.171,2.514,0.72,0.0,0,0.05
9,6.35,127,accelerate,12.157,9.552,21.229,16.552,4.677,2.606,2.223,21.229,12.157,4.677,2.606,0.791,0.0,1,0.0
9,6.4,128,accelerate,12.305,9.712,21.334,16.712,4.622,2.593,2.197,20.77,12.157,4.058,2.445,0.704,0.0,0,0.05
9,6.45,129,accelerate,12.41,9.896,21.436,16.896,4.54,2.514,2.166,20.301,12.157,3.406,2.261,0.611,0.0,0,0.1
9,6.5,130,accelerate,12.543,10.066,21.535,17.066,4.469,2.477,2.139,21.535,12.543,4.469,2.477,0.761,0.0,1,0.0
9,6.55,131,accelerate,12.688,10.208,21.635,17.208,4.427,2.48,2.119,21.635,12.688,4.427,2.48,0.756,0.0,1,0.0
9,6.6,132,accelerate,12.796,10.38,21.733,17.38,4.353,2.416,2.094,21.733,12.796,4.353,2.416,0.745,0.0,1,0.0
9,6.65,133,accelerate,12.924,10.564,21.829,17.564,4.265,2.359,2.066,21.242,12.796,3.678,2.232,0.649,0.0,0,0.05
9,6.7,134,accelerate,13.005,10.723,21.92,17.723,4.196,2.281,2.044,20.742,12.796,3.019,2.073,0.557,0.0,0,0.1
9,6.75,135,accelerate,13.139,10.87,22.006,17.87,4.137,2.269,2.025,22.006,13.139,4.137,2.269,0.713,0.0,1,0.0
9,6.8,136,accelerate,13.289,10.991,22.098,17.991,4.107,2.298,2.011,22.098,13.289,4.107,2.298,0.711,0.0,1,0.0
9,6.85,137,accelerate,13.401,11.106,22.192,18.106,4.086,2.295,1.998,21.587,13.289,3.481,2.183,0.624,0.0,0,0.05
9,6.9,138,accelerate,13.524,11.239,22.283,18.239,4.044,2.285,1.983,21.067,13.289,2.829,2.051,0.533,0.0,0,0.1
9,6.95,139,accelerate,13.598,11.353,22.373,18.353,4.02,2.245,1.971,20.542,13.289,2.189,1.937,0.444,0.0,0,0.15
9,7.0,140,accelerate,13.729,11.403,22.462,18.403,4.059,2.326,1.97,20.012,13.289,1.609,1.886,0.366,0.0,0,0.2
9,7.05,141,accelerate,13.878,11.433,22.559,18.433,4.126,2.445,1.973,22.559,13.878,4.126,2.445,0.721,0.0,1,0.0
9,7.1,142,accelerate,13.987,11.441,22.664,18.441,4.223,2.546,1.981,22.664,13.987,4.223,2.546,0.738,0.0,1,0.0
9,7.15,143,accelerate,14.108,11.46,22.773,18.46,4.312,2.648,1.987,22.773,14.108,4.312,2.648,0.754,0.0,1,0.0
9,7.2,144,accelerate,14.177,11.54,22.88,18.54,4.34,2.637,1.983,22.88,14.177,4.34,2.637,0.758,0.0,1,0.0
9,7.25,145,accelerate,14.301,11.557,22.99,18.557,4.434,2.744,1.989,22.358,14.177,3.802,2.621,0.686,0.0,0,0.05
9,7.3,146,accelerate,14.446,11.515,23.111,18.515,4.597,2.932,2.007,23.111,14.446,4.597,2.932,0.803,0.0,1,0.0
9,7.35,147,accelerate,14.541,11.766,23.235,18.766,4.469,2.775,1.975,23.235,14.541,4.469,2.775,0.782,0.0,1,0.0
9,7.4,148,accelerate,14.638,12.111,23.348,19.111,4.238,2.527,1.928,22.698,14.541,3.587,2.431,0.653,0.0,0,0.05
9,7.45,149,accelerate,14.677,12.348,23.452,19.348,4.104,2.328,1.899,22.145,14.541,2.797,2.193,0.54,0.0,0,0.1
9,7.5,150,accelerate,14.762,12.543,23.55,19.543,4.006,2.219,1.877,23.55,14.762,4.006,2.219,0.703,0.0,1,0.0
9,7.55,151,accelerate,14.873,12.705,23.652,19.705,3.947,2.168,1.862,23.652,14.873,3.947,2.168,0.694,0.0,1,0.0
9,7.6,152,accelerate,14.968,12.815,23.757,19.815,3.942,2.153,1.854,23.757,14.968,3.942,2.153,0.694,0.0,1,0.0
9,7.65,153,accelerate,15.096,12.935,23.865,19.935,3.93,2.161,1.845,23.865,15.096,3.93,2.161,0.693,0.0,1,0.0
9,7.7,154,accelerate,15.202,13.004,23.976,20.004,3.972,2.198,1.844,23.288,15.096,3.285,2.093,0.605,0.0,0,0.05
9,7.75,155,accelerate,15.338,13.112,24.09,20.112,3.978,2.226,1.837,22.702,15.096,2.59,1.984,0.509,0.0,0,0.1
9,7.8,156,accelerate,15.45,13.213,24.212,20.213,4.0,2.238,1.832,24.212,15.45,4.0,2.238,0.706,0.0,1,0.0
9,7.85,157,accelerate,15.552,13.264,24.342,20.264,4.078,2.288,1.835,23.627,15.45,3.362,2.186,0.62,0.0,0,0.05
9,7.9,158,accelerate,15.632,13.331,24.478,20.331,4.147,2.301,1.836,23.034,15.45,2.702,2.119,0.53,0.0,0,0.1
9,7.95,159,accelerate,15.689,13.344,24.616,20.344,4.273,2.345,1.845,22.433,15.45,2.089,2.107,0.449,0.0,0,0.15
9,8.0,160,accelerate,15.771,13.39,24.759,20.39,4.369,2.381,1.849,24.759,15.771,4.369,2.381,0.762,0.0,1,0.0
9,8.05,161,accelerate,15.866,13.444,24.909,20.444,4.465,2.422,1.853,24.909,15.866,4.465,2.422,0.776,0.0,1,0.0
9,8.1,162,accelerate,15.981,13.489,25.066,20.489,4.577,2.492,1.858,24.309,15.866,3.82,2.378,0.689,0.0,0,0.05
9,8.15,163,accelerate,16.008,13.565,25.227,20.565,4.662,2.444,1.86,23.701,15.866,3.137,2.302,0.595,0.0,0,0.1
9,8.2,164,accelerate,16.003,13.592,25.384,20.592,4.792,2.411,1.868,25.384,16.003,4.792,2.411,0.819,0.0,1,0.0
9,8.25,165,accelerate,16.106,13.675,25.541,20.675,4.867,2.431,1.868,25.541,16.106,4.867,2.431,0.83,0.0,1,0.0
9,8.3,166,accelerate,16.314,13.802,25.707,20.802,4.905,2.512,1.863,24.921,16.106,4.119,2.304,0.726,0.0,0,0.05
9,8.35,167,accelerate,16.49,13.902,25.878,20.902,4.976,2.589,1.862,25.878,16.49,4.976,2.589,0.85,0.0,1,0.0
9,8.4,168,accelerate,16.643,14.021,26.052,21.021,5.031,2.622,1.858,26.052,16.643,5.031,2.622,0.858,0.0,1,0.0
9,8.45,169,accelerate,16.774,14.11,26.226,21.11,5.117,2.664,1.859,26.226,16.774,5.117,2.664,0.871,0.0,1,0.0
9,8.5,170,accelerate,16.87,14.269,26.399,21.269,5.13,2.6,1.85,26.399,16.87,5.13,2.6,0.871,0.0,1,0.0
9,8.55,171,accelerate,16.934,14.46,26.568,21.46,5.109,2.474,1.837,26.568,16.934,5.109,2.474,0.864,0.0,1,0.0
9,8.6,172,accelerate,16.988,14.615,26.732,21.615,5.117,2.373,1.829,25.895,16.934,4.28,2.319,0.748,0.0,0,0.05
9,8.65,173,accelerate,17.05,14.778,26.889,21.778,5.111,2.272,1.82,26.889,17.05,5.111,2.272,0.857,0.0,1,0.0
9,8.7,174,accelerate,17.129,14.884,27.041,21.884,5.157,2.246,1.817,27.041,17.129,5.157,2.246,0.862,0.0,1,0.0
9,8.75,175,accelerate,17.219,14.836,27.193,21.836,5.357,2.383,1.833,27.193,17.219,5.357,2.383,0.894,0.0,1,0.0
9,8.8,176,accelerate,17.316,14.763,27.349,21.763,5.586,2.553,1.853,27.349,17.316,5.586,2.553,0.93,0.0,1,0.0
9,8.85,177,accelerate,17.417,14.978,27.502,21.978,5.524,2.44,1.836,27.502,17.417,5.524,2.44,0.918,0.0,1,0.0
9,8.9,178,accelerate,17.522,15.153,27.646,22.153,5.493,2.369,1.824,26.775,17.417,4.622,2.264,0.792,0.0,0,0.05
9,8.95,179,accelerate,17.629,15.353,27.781,22.353,5.429,2.277,1.81,26.035,17.417,3.682,2.065,0.66,0.0,0,0.1
9,9.0,180,accelerate,17.737,15.539,27.911,22.539,5.373,2.198,1.796,25.282,17.417,2.743,1.879,0.528,0.0,0,0.15
9,9.05,181,accelerate,17.846,15.643,28.038,22.643,5.394,2.203,1.792,28.038,17.846,5.394,2.203,0.893,0.0,1,0.0
9,9.1,182,accelerate,17.955,15.745,28.162,22.745,5.417,2.211,1.789,27.268,17.846,4.524,2.102,0.773,0.0,0,0.05
9,9.15,183,accelerate,18.065,15.806,28.285,22.806,5.479,2.259,1.789,26.492,17.846,3.685,2.04,0.659,0.0,0,0.1
9,9.2,184,accelerate,18.176,15.908,28.408,22.908,5.5,2.268,1.786,28.408,18.176,5.5,2.268,0.909,0.0,1,0.0
9,9.25,185,accelerate,18.286,15.968,28.53,22.968,5.562,2.318,1.787,27.619,18.176,4.65,2.208,0.794,0.0,0,0.05
9,9.3,186,accelerate,18.397,16.083,28.651,23.083,5.568,2.314,1.781,28.651,18.397,5.568,2.314,0.92,0.0,1,0.0
9,9.35,187,accelerate,18.508,16.21,28.771,23.21,5.561,2.297,1.775,28.771,18.508,5.561,2.297,0.918,0.0,1,0.0
9,9.4,188,accelerate,18.616,16.334,28.89,23.334,5.556,2.282,1.769,28.89,18.616,5.556,2.282,0.917,0.0,1,0.0
9,9.45,189,accelerate,18.718,16.491,29.006,23.491,5.515,2.227,1.759,29.006,18.718,5.515,2.227,0.91,0.0,1,0.0
9,9.5,190,accelerate,18.813,16.632,29.118,23.632,5.486,2.181,1.751,29.118,18.813,5.486,2.181,0.904,0.0,1,0.0
9,9.55,191,accelerate,18.904,16.802,29.227,23.802,5.425,2.102,1.74,29.227,18.904,5.425,2.102,0.893,0.0,1,0.0
9,9.6,192,accelerate,18.996,16.961,29.332,23.961,5.371,2.035,1.729,28.384,18.904,4.423,1.943,0.754,0.0,0,0.05
9,9.65,193,accelerate,19.092,17.124,29.433,24.124,5.309,1.968,1.719,29.433,19.092,5.309,1.968,0.873,0.0,1,0.0
9,9.7,194,accelerate,19.192,17.268,29.531,24.268,5.263,1.924,1.71,28.573,19.092,4.305,1.823,0.735,0.0,0,0.05
9,9.75,195,accelerate,19.297,17.416,29.626,24.416,5.21,1.88,1.701,27.706,19.092,3.29,1.675,0.595,0.0,0,0.1
9,9.8,196,cruise,19.403,17.541,29.72,24.541,5.179,1.862,1.694,26.832,19.092,2.291,1.55,0.457,0.0,0,0.15
9,9.85,197,cruise,19.509,17.624,29.815,24.624,5.191,1.885,1.692,25.953,19.092,1.329,1.467,0.326,0.0,0,0.2
9,9.9,198,cruise,19.615,17.676,29.911,24.676,5.235,1.939,1.692,29.911,19.615,5.235,1.939,0.863,0.0,1,0.0
9,9.95,199,cruise,19.722,17.697,30.011,24.697,5.313,2.025,1.696,30.011,19.722,5.313,2.025,0.876,0.0,1,0.0
9,10.0,200,cruise,19.831,17.739,30.115,24.739,5.376,2.092,1.698,29.125,19.722,4.386,1.983,0.751,0.0,0,0.05
9,10.05,201,cruise,19.933,17.809,30.221,24.809,5.412,2.124,1.697,30.221,19.933,5.412,2.124,0.892,0.0,1,0.0
9,10.1,202,cruise,20.007,17.901,30.327,24.901,5.426,2.106,1.694,29.328,19.933,4.427,2.032,0.758,0.0,0,0.05
9,10.15,203,cruise,20.016,18.009,30.43,25.009,5.421,2.008,1.69,28.43,19.933,3.421,1.924,0.62,0.0,0,0.1
9,10.2,204,cruise,19.955,18.112,30.525,25.112,5.413,1.843,1.685,30.525,19.955,5.413,1.843,0.883,0.0,1,0.0
9,10.25,205,cruise,19.867,18.207,30.612,25.207,5.405,1.66,1.681,30.612,19.867,5.405,1.66,0.876,0.0,1,0.0
9,10.3,206,cruise,19.781,18.323,30.689,25.323,5.366,1.459,1.675,29.698,19.867,4.375,1.544,0.735,0.0,0,0.05
9,10.35,207,cruise,19.73,18.445,30.756,25.445,5.311,1.285,1.667,28.778,19.867,3.333,1.421,0.592,0.0,0,0.1
9,10.4,208,cruise,19.73,18.554,30.817,25.554,5.263,1.176,1.661,30.817,19.73,5.263,1.176,0.841,0.0,1,0.0
9,10.45,209,cruise,19.767,18.65,30.874,25.65,5.224,1.117,1.655,30.874,19.767,5.224,1.117,0.834,0.0,1,0.0
9,10.5,210,cruise,19.828,18.76,30.928,25.76,5.168,1.068,1.649,29.938,19.767,4.178,1.007,0.691,0.0,0,0.05
9,10.55,211,cruise,19.899,18.874,30.981,25.874,5.107,1.025,1.641,28.997,19.767,3.123,0.894,0.546,0.0,0,0.1
9,10.6,212,cruise,19.954,18.97,31.031,25.97,5.061,0.984,1.636,31.031,19.954,5.061,0.984,0.808,0.0,1,0.0
9,10.65,213,cruise,19.966,19.05,31.078,26.05,5.029,0.916,1.631,30.08,19.954,4.03,0.904,0.667,0.0,0,0.05
9,10.7,214,cruise,19.933,19.137,31.121,26.137,4.983,0.796,1.626,29.125,19.954,2.988,0.816,0.526,0.0,0,0.1
9,10.75,215,cruise,19.875,19.213,31.156,26.213,4.944,0.662,1.622,28.166,19.954,1.953,0.741,0.385,0.0,0,0.15
9,10.8,216,cruise,19.817,19.261,31.186,26.261,4.925,0.556,1.619,31.186,19.817,4.925,0.556,0.775,0.0,1,0.0
9,10.85,217,cruise,19.785,19.289,31.212,26.289,4.923,0.496,1.618,30.222,19.817,3.933,0.528,0.642,0.0,0,0.05
9,10.9,218,cruise,19.794,19.328,31.236,26.328,4.908,0.465,1.616,29.257,19.817,2.928,0.489,0.507,0.0,0,0.1
9,10.95,219,cruise,19.836,19.369,31.259,26.369,4.89,0.468,1.614,31.259,19.836,4.89,0.468,0.768,0.0,1,0.0
9,11.0,220,cruise,19.893,19.408,31.283,26.408,4.875,0.485,1.612,31.283,19.893,4.875,0.485,0.766,0.0,1,0.0
9,11.05,221,cruise,19.936,19.47,31.307,26.47,4.837,0.466,1.608,31.307,19.936,4.837,0.466,0.761,0.0,1,0.0
9,11.1,222,cruise,19.945,19.55,31.328,26.55,4.779,0.395,1.602,31.328,19.945,4.779,0.395,0.75,0.0,1,0.0
9,11.15,223,cruise,19.918,19.641,31.345,26.641,4.704,0.278,1.596,31.345,19.918,4.704,0.278,0.736,0.0,1,0.0
9,11.2,224,cruise,19.872,19.737,31.354,26.737,4.617,0.135,1.589,31.354,19.872,4.617,0.135,0.72,0.0,1,0.0
9,11.25,225,cruise,19.828,19.835,31.357,26.835,4.521,-0.007,1.581,30.364,19.872,3.529,0.037,0.572,0.0,0,0.05
9,11.3,226,cruise,19.806,19.924,31.353,26.924,4.428,-0.118,1.574,31.353,19.806,4.428,-0.118,0.686,0.0,1,0.0
9,11.35,227,cruise,19.817,20.002,31.345,27.002,4.343,-0.185,1.567,31.345,19.817,4.343,-0.185,0.673,0.0,1,0.0
9,11.4,228,cruise,19.853,20.08,31.334,27.08,4.254,-0.228,1.56,31.334,19.853,4.254,-0.228,0.66,0.0,1,0.0
9,11.45,229,cruise,19.895,20.157,31.322,27.157,4.164,-0.262,1.554,30.328,19.853,3.17,-0.305,0.513,0.0,0,0.05
9,11.5,230,cruise,19.923,20.224,31.307,27.224,4.083,-0.302,1.548,29.318,19.853,2.093,-0.372,0.367,0.0,0,0.1
9,11.55,231,cruise,19.923,20.264,31.291,27.264,4.027,-0.341,1.544,31.291,19.923,4.027,-0.341,0.626,0.0,1,0.0
9,11.6,232,cruise,19.899,20.283,31.273,27.283,3.99,-0.384,1.542,31.273,19.899,3.99,-0.384,0.619,0.0,1,0.0
9,11.65,233,cruise,19.864,20.311,31.252,27.311,3.941,-0.447,1.539,30.258,19.899,2.947,-0.413,0.479,0.0,0,0.05
9,11.7,234,cruise,19.835,20.341,31.228,27.341,3.887,-0.506,1.535,29.242,19.899,1.901,-0.442,0.339,0.0,0,0.1
9,11.75,235,cruise,19.826,20.352,31.202,27.352,3.85,-0.526,1.533,28.224,19.899,0.872,-0.453,0.201,0.0,0,0.15
9,11.8,236,cruise,19.839,20.332,31.176,27.332,3.844,-0.493,1.533,31.176,19.839,3.844,-0.493,0.596,0.0,1,0.0
9,11.85,237,cruise,19.867,20.292,31.153,27.292,3.862,-0.425,1.535,30.161,19.839,2.869,-0.452,0.467,0.0,0,0.05
9,11.9,238,cruise,19.894,20.262,31.134,27.262,3.872,-0.368,1.537,29.147,19.839,1.885,-0.423,0.337,0.0,0,0.1
9,11.95,239,cruise,19.907,20.234,31.117,27.234,3.883,-0.327,1.538,31.117,19.907,3.883,-0.327,0.607,0.0,1,0.0
9,12.0,240,cruise,19.902,20.205,31.102,27.205,3.896,-0.304,1.539,31.102,19.902,3.896,-0.304,0.609,0.0,1,0.0
9,12.05,241,cruise,19.882,20.201,31.086,27.201,3.885,-0.319,1.539,31.086,19.882,3.885,-0.319,0.607,0.0,1,0.0
9,12.1,242,cruise,19.86,20.216,31.069,27.216,3.853,-0.356,1.537,31.069,19.86,3.853,-0.356,0.602,0.0,1,0.0
9,12.15,243,cruise,19.845,20.242,31.05,27.242,3.808,-0.397,1.534,30.057,19.86,2.815,-0.382,0.463,0.0,0,0.05
9,12.2,244,cruise,19.845,20.268,31.029,27.268,3.761,-0.424,1.531,31.029,19.845,3.761,-0.424,0.587,0.0,1,0.0
9,12.25,245,cruise,19.857,20.289,31.008,27.289,3.718,-0.432,1.528,30.015,19.845,2.726,-0.445,0.449,0.0,0,0.05
9,12.3,246,cruise,19.875,20.309,30.986,27.309,3.676,-0.434,1.526,30.986,19.875,3.676,-0.434,0.576,0.0,1,0.0
9,12.35,247,cruise,19.889,20.325,30.964,27.325,3.639,-0.436,1.523,29.97,19.875,2.645,-0.45,0.438,0.0,0,0.05
9,12.4,248,cruise,19.893,20.34,30.942,27.34,3.602,-0.446,1.521,28.953,19.875,1.613,-0.465,0.3,0.0,0,0.1
9,12.45,249,cruise,19.887,20.336,30.92,27.336,3.584,-0.449,1.52,27.936,19.875,0.6,-0.461,0.165,0.0,0,0.15
9,12.5,250,cruise,19.873,20.302,30.898,27.302,3.595,-0.429,1.522,26.92,19.875,-0.382,-0.427,0.035,0.0,0,0.2
9,12.55,251,cruise,19.861,20.234,30.878,27.234,3.644,-0.373,1.526,25.907,19.875,-1.327,-0.359,0.0,0.067,0,0.25
9,12.6,252,cruise,19.855,20.122,30.862,27.122,3.74,-0.267,1.534,24.899,19.875,-2.223,-0.247,0.0,0.154,0,0.3
9,12.65,253,cruise,19.857,19.972,30.853,26.972,3.882,-0.114,1.545,30.853,19.857,3.882,-0.114,0.614,0.0,1,0.0
9,12.7,254,cruise,19.867,19.835,30.852,26.835,4.017,0.032,1.555,30.852,19.867,4.017,0.032,0.637,0.0,1,0.0
9,12.75,255,cruise,19.877,19.734,30.857,26.734,4.124,0.143,1.564,29.864,19.867,3.13,0.133,0.522,0.0,0,0.05
9,12.8,256,cruise,19.884,19.675,30.867,26.675,4.191,0.208,1.569,28.879,19.867,2.203,0.191,0.4,0.0,0,0.1
9,12.85,257,cruise,19.884,19.637,30.878,26.637,4.241,0.247,1.572,27.896,19.867,1.259,0.229,0.276,0.0,0,0.15
9,12.9,258,cruise,19.878,19.596,30.892,26.596,4.295,0.281,1.576,30.892,19.878,4.295,0.281,0.682,0.0,1,0.0
9,12.95,259,cruise,19.869,19.553,30.907,26.553,4.354,0.316,1.581,29.913,19.878,3.36,0.325,0.559,0.0,0,0.05
9,13.0,260,cruise,19.863,19.533,30.923,26.533,4.39,0.33,1.583,28.936,19.878,2.403,0.344,0.432,0.0,0,0.1
9,13.05,261,cruise,19.861,19.525,30.94,26.525,4.415,0.337,1.585,30.94,19.861,4.415,0.337,0.7,0.0,1,0.0
9,13.1,262,cruise,19.865,19.522,30.957,26.522,4.435,0.343,1.586,29.963,19.861,3.441,0.339,0.57,0.0,0,0.05
9,13.15,263,cruise,19.871,19.54,30.973,26.54,4.434,0.331,1.585,28.987,19.861,2.447,0.322,0.437,0.0,0,0.1
9,13.2,264,cruise,19.877,19.556,30.99,26.556,4.433,0.32,1.585,30.99,19.877,4.433,0.32,0.702,0.0,1,0.0
9,13.25,265,cruise,19.879,19.571,31.005,26.571,4.435,0.309,1.584,31.005,19.879,4.435,0.309,0.702,0.0,1,0.0
9,13.3,266,cruise,19.878,19.607,31.02,26.607,4.412,0.27,1.582,30.026,19.879,3.418,0.272,0.565,0.0,0,0.05
9,13.35,267,cruise,19.873,19.654,31.032,26.654,4.378,0.219,1.579,29.044,19.879,2.39,0.225,0.426,0.0,0,0.1
9,13.4,268,cruise,19.869,19.688,31.041,26.688,4.353,0.18,1.577,28.06,19.879,1.372,0.191,0.289,0.0,0,0.15
9,13.45,269,cruise,19.866,19.697,31.05,26.697,4.353,0.169,1.576,31.05,19.866,4.353,0.169,0.686,0.0,1,0.0
9,13.5,270,cruise,19.866,19.686,31.059,26.686,4.373,0.18,1.578,30.065,19.866,3.38,0.18,0.557,0.0,0,0.05
9,13.55,271,cruise,19.869,19.688,31.068,26.688,4.38,0.181,1.578,31.068,19.869,4.38,0.181,0.69,0.0,1,0.0
9,13.6,272,cruise,19.873,19.706,31.076,26.706,4.37,0.166,1.577,30.083,19.869,3.377,0.162,0.556,0.0,0,0.05
9,13.65,273,cruise,19.875,19.739,31.084,26.739,4.344,0.136,1.575,31.084,19.875,4.344,0.136,0.684,0.0,1,0.0
9,13.7,274,cruise,19.876,19.778,31.089,26.778,4.311,0.098,1.572,31.089,19.876,4.311,0.098,0.678,0.0,1,0.0
9,13.75,275,cruise,19.874,19.831,31.093,26.831,4.262,0.043,1.568,30.099,19.876,3.268,0.045,0.537,0.0,0,0.05
9,13.8,276,cruise,19.872,19.885,31.093,26.885,4.208,-0.014,1.564,29.106,19.876,2.221,-0.009,0.396,0.0,0,0.1
9,13.85,277,cruise,19.869,19.92,31.091,26.92,4.171,-0.051,1.561,31.091,19.869,4.171,-0.051,0.654,0.0,1,0.0
9,13.9,278,cruise,19.868,19.94,31.088,26.94,4.148,-0.072,1.559,30.095,19.869,3.154,-0.071,0.518,0.0,0,0.05
9,13.95,279,cruise,19.869,19.966,31.084,26.966,4.117,-0.098,1.557,31.084,19.869,4.117,-0.098,0.646,0.0,1,0.0
9,14.0,280,cruise,19.871,19.996,31.078,26.996,4.082,-0.125,1.554,31.078,19.871,4.082,-0.125,0.64,0.0,1,0.0
9,14.05,281,cruise,19.873,20.037,31.071,27.037,4.034,-0.164,1.551,30.077,19.871,3.04,-0.166,0.5,0.0,0,0.05
9,14.1,282,cruise,19.874,20.078,31.061,27.078,3.984,-0.204,1.547,29.074,19.871,1.996,-0.207,0.359,0.0,0,0.1
9,14.15,283,cruise,19.874,20.099,31.05,27.099,3.951,-0.225,1.545,28.069,19.871,0.97,-0.228,0.222,0.0,0,0.15
9,14.2,284,cruise,19.873,20.089,31.039,27.089,3.95,-0.217,1.545,31.039,19.873,3.95,-0.217,0.619,0.0,1,0.0
9,14.25,285,cruise,19.871,20.058,31.029,27.058,3.971,-0.187,1.547,31.029,19.871,3.971,-0.187,0.623,0.0,1,0.0
9,14.3,286,cruise,19.87,20.045,31.02,27.045,3.976,-0.175,1.548,31.02,19.87,3.976,-0.175,0.624,0.0,1,0.0
9,14.35,287,cruise,19.869,20.056,31.011,27.056,3.956,-0.186,1.546,31.011,19.869,3.956,-0.186,0.621,0.0,1,0.0
9,14.4,288,cruise,19.87,20.082,31.001,27.082,3.919,-0.212,1.544,30.008,19.869,2.925,-0.213,0.483,0.0,0,0.05
9,14.45,289,cruise,19.872,20.111,30.99,27.111,3.879,-0.24,1.541,30.99,19.872,3.879,-0.24,0.609,0.0,1,0.0
9,14.5,290,cruise,19.873,20.137,30.977,27.137,3.84,-0.264,1.538,29.984,19.872,2.846,-0.266,0.471,0.0,0,0.05
9,14.55,291,cruise,19.873,20.163,30.963,27.163,3.8,-0.29,1.536,30.963,19.873,3.8,-0.29,0.597,0.0,1,0.0
9,14.6,292,cruise,19.873,20.186,30.948,27.186,3.762,-0.313,1.533,29.954,19.873,2.768,-0.313,0.459,0.0,0,0.05
9,14.65,293,cruise,19.872,20.209,30.931,27.209,3.723,-0.336,1.531,28.944,19.873,1.736,-0.335,0.32,0.0,0,0.1
9,14.7,294,cruise,19.871,20.213,30.914,27.213,3.701,-0.341,1.529,27.934,19.873,0.721,-0.339,0.185,0.0,0,0.15
9,14.75,295,cruise,19.87,20.187,30.898,27.187,3.711,-0.317,1.531,30.898,19.87,3.711,-0.317,0.584,0.0,1,0.0
9,14.8,296,cruise,19.87,20.14,30.883,27.14,3.743,-0.271,1.533,30.883,19.87,3.743,-0.271,0.59,0.0,1,0.0
9,14.85,297,cruise,19.87,20.113,30.871,27.113,3.758,-0.243,1.535,30.871,19.87,3.758,-0.243,0.593,0.0,1,0.0
9,14.9,298,cruise,19.871,20.11,30.859,27.11,3.749,-0.239,1.535,29.866,19.87,2.756,-0.24,0.459,0.0,0,0.05
9,14.95,299,cruise,19.872,20.116,30.847,27.116,3.731,-0.244,1.533,30.847,19.872,3.731,-0.244,0.589,0.0,1,0.0
9,15.0,300,cruise,19.873,20.124,30.835,27.124,3.711,-0.251,1.532,30.835,19.873,3.711,-0.251,0.586,0.0,1,0.0
9,15.05,301,cruise,19.873,20.144,30.822,27.144,3.678,-0.271,1.53,29.828,19.873,2.684,-0.271,0.449,0.0,0,0.05
9,15.1,302,cruise,19.872,20.163,30.807,27.163,3.644,-0.291,1.528,28.82,19.873,1.657,-0.29,0.311,0.0,0,0.1
9,15.15,303,cruise,19.871,20.164,30.793,27.164,3.629,-0.293,1.527,30.793,19.871,3.629,-0.293,0.574,0.0,1,0.0
9,15.2,304,cruise,19.87,20.151,30.778,27.151,3.628,-0.281,1.527,29.785,19.871,2.634,-0.28,0.442,0.0,0,0.05
9,15.25,305,cruise,19.87,20.144,30.765,27.144,3.62,-0.274,1.527,28.778,19.871,1.633,-0.273,0.309,0.0,0,0.1
9,15.3,306,cruise,19.871,20.128,30.751,27.128,3.623,-0.257,1.528,30.751,19.871,3.623,-0.257,0.575,0.0,1,0.0
9,15.35,307,cruise,19.871,20.104,30.739,27.104,3.636,-0.232,1.529,29.746,19.871,2.642,-0.233,0.445,0.0,0,0.05
9,15.4,308,cruise,19.872,20.09,30.728,27.09,3.638,-0.218,1.53,28.741,19.871,1.651,-0.219,0.313,0.0,0,0.1
9,15.45,309,cruise,19.872,20.07,30.718,27.07,3.648,-0.197,1.531,27.737,19.871,0.667,-0.199,0.182,0.0,0,0.15
9,15.5,310,cruise,19.872,20.028,30.709,27.028,3.681,-0.156,1.533,30.709,19.872,3.681,-0.156,0.586,0.0,1,0.0
9,15.55,311,cruise,19.872,19.972,30.703,26.972,3.731,-0.1,1.537,29.709,19.872,2.738,-0.099,0.462,0.0,0,0.05
9,15.6,312,cruise,19.871,19.931,30.699,26.931,3.768,-0.06,1.54,30.699,19.871,3.768,-0.06,0.6,0.0,1,0.0
9,15.65,313,cruise,19.871,19.909,30.697,26.909,3.788,-0.039,1.542,30.697,19.871,3.788,-0.039,0.604,0.0,1,0.0
9,15.7,314,cruise,19.871,19.912,30.695,26.912,3.783,-0.041,1.542,30.695,19.871,3.783,-0.041,0.603,0.0,1,0.0
9,15.75,315,cruise,19.871,19.931,30.692,26.931,3.762,-0.06,1.54,29.699,19.871,2.768,-0.06,0.467,0.0,0,0.05
9,15.8,316,cruise,19.872,19.952,30.689,26.952,3.736,-0.081,1.538,30.689,19.872,3.736,-0.081,0.596,0.0,1,0.0
9,15.85,317,cruise,19.872,19.971,30.684,26.971,3.713,-0.099,1.536,29.691,19.872,2.719,-0.1,0.459,0.0,0,0.05
9,15.9,318,cruise,19.872,19.992,30.678,26.992,3.687,-0.12,1.535,30.678,19.872,3.687,-0.12,0.588,0.0,1,0.0
9,15.95,319,cruise,19.872,20.009,30.672,27.009,3.663,-0.137,1.533,30.672,19.872,3.663,-0.137,0.584,0.0,1,0.0
9,16.0,320,cruise,19.872,20.035,30.664,27.035,3.629,-0.164,1.531,30.664,19.872,3.629,-0.164,0.578,0.0,1,0.0
9,16.05,321,cruise,19.871,20.066,30.655,27.066,3.589,-0.195,1.528,29.662,19.872,2.596,-0.194,0.44,0.0,0,0.05
9,16.1,322,cruise,19.871,20.092,30.645,27.092,3.553,-0.221,1.525,28.658,19.872,1.566,-0.22,0.301,0.0,0,0.1
9,16.15,323,cruise,19.871,20.096,30.634,27.096,3.537,-0.225,1.524,27.653,19.872,0.557,-0.225,0.167,0.0,0,0.15
9,16.2,324,cruise,19.871,20.068,30.623,27.068,3.555,-0.197,1.526,30.623,19.871,3.555,-0.197,0.567,0.0,1,0.0
9,16.25,325,cruise,19.872,20.018,30.615,27.018,3.597,-0.147,1.529,29.622,19.871,2.603,-0.147,0.442,0.0,0,0.05
9,16.3,326,cruise,19.872,19.979,30.609,26.979,3.63,-0.107,1.532,28.622,19.871,1.643,-0.108,0.315,0.0,0,0.1
9,16.35,327,cruise,19.872,19.942,30.604,26.942,3.662,-0.07,1.535,27.624,19.871,0.682,-0.071,0.189,0.0,0,0.15
9,16.4,328,cruise,19.872,19.891,30.602,26.891,3.711,-0.019,1.539,26.628,19.871,-0.263,-0.02,0.064,0.0,0,0.2
9,16.45,329,cruise,19.871,19.816,30.603,26.816,3.788,0.056,1.544,30.603,19.871,3.788,0.056,0.607,0.0,1,0.0
9,16.5,330,cruise,19.871,19.724,30.609,26.724,3.884,0.147,1.552,30.609,19.871,3.884,0.147,0.623,0.0,1,0.0
9,16.55,331,cruise,19.871,19.656,30.618,26.656,3.963,0.216,1.558,29.625,19.871,2.969,0.216,0.503,0.0,0,0.05
9,16.6,332,cruise,19.871,19.621,30.63,26.621,4.01,0.25,1.561,30.63,19.871,4.01,0.25,0.643,0.0,1,0.0
9,16.65,333,cruise,19.871,19.609,30.643,26.609,4.034,0.262,1.563,30.643,19.871,4.034,0.262,0.647,0.0,1,0.0
9,16.7,334,cruise,19.872,19.624,30.656,26.624,4.032,0.248,1.562,29.663,19.871,3.039,0.248,0.513,0.0,0,0.05
9,16.75,335,cruise,19.872,19.649,30.668,26.649,4.019,0.223,1.561,28.681,19.871,2.032,0.223,0.378,0.0,0,0.1
9,16.8,336,cruise,19.872,19.663,30.678,26.663,4.016,0.209,1.56,27.698,19.871,1.035,0.209,0.245,0.0,0,0.15
9,16.85,337,cruise,19.872,19.651,30.689,26.651,4.038,0.22,1.562,26.715,19.871,0.063,0.22,0.116,0.0,0,0.2
9,16.9,338,cruise,19.871,19.608,30.701,26.608,4.093,0.264,1.566,25.733,19.871,-0.875,0.264,0.0,0.006,0,0.25
9,16.95,339,cruise,19.871,19.528,30.717,26.528,4.188,0.343,1.573,24.755,19.871,-1.773,0.343,0.0,0.094,0,0.3
9,17.0,340,cruise,19.871,19.406,30.737,26.406,4.332,0.466,1.584,30.737,19.871,4.332,0.466,0.693,0.0,1,0.0
9,17.05,341,cruise,19.871,19.285,30.764,26.285,4.479,0.586,1.595,30.764,19.871,4.479,0.586,0.717,0.0,1,0.0
9,17.1,342,cruise,19.871,19.193,30.797,26.193,4.604,0.679,1.605,30.797,19.871,4.604,0.679,0.736,0.0,1,0.0
9,17.15,343,cruise,19.872,19.152,30.832,26.152,4.68,0.72,1.61,30.832,19.872,4.68,0.72,0.748,0.0,1,0.0
9,17.2,344,cruise,19.872,19.161,30.868,26.161,4.707,0.711,1.611,30.868,19.872,4.707,0.711,0.751,0.0,1,0.0
9,17.25,345,cruise,19.872,19.204,30.902,26.204,4.698,0.668,1.609,29.909,19.872,3.705,0.668,0.616,0.0,0,0.05
9,17.3,346,cruise,19.868,19.262,30.934,26.262,4.672,0.606,1.606,30.934,19.868,4.672,0.606,0.743,0.0,1,0.0
9,17.35,347,cruise,19.868,19.325,30.962,26.325,4.637,0.543,1.602,29.969,19.868,3.643,0.542,0.604,0.0,0,0.05
9,17.4,348,cruise,19.848,19.395,30.986,26.395,4.591,0.452,1.598,30.986,19.848,4.591,0.452,0.727,0.0,1,0.0
9,17.45,349,cruise,19.855,19.465,31.007,26.465,4.542,0.39,1.593,31.007,19.855,4.542,0.39,0.719,0.0,1,0.0
9,17.5,350,cruise,19.849,19.544,31.024,26.544,4.479,0.304,1.587,30.031,19.855,3.487,0.31,0.575,0.0,0,0.05
9,17.55,351,cruise,19.867,19.621,31.036,26.621,4.415,0.245,1.582,31.036,19.867,4.415,0.245,0.697,0.0,1,0.0
9,17.6,352,cruise,19.855,19.692,31.045,26.692,4.354,0.163,1.577,31.045,19.855,4.354,0.163,0.686,0.0,1,0.0
9,17.65,353,cruise,19.841,19.767,31.048,26.767,4.281,0.074,1.571,31.048,19.841,4.281,0.074,0.673,0.0,1,0.0
9,17.7,354,cruise,19.851,19.844,31.045,26.844,4.201,0.007,1.564,31.045,19.851,4.201,0.007,0.66,0.0,1,0.0
9,17.75,355,cruise,19.868,19.921,31.039,26.921,4.119,-0.052,1.558,31.039,19.868,4.119,-0.052,0.647,0.0,1,0.0
9,17.8,356,cruise,19.838,19.995,31.03,26.995,4.035,-0.157,1.552,30.041,19.868,3.046,-0.127,0.502,0.0,0,0.05
9,17.85,357,cruise,19.844,20.058,31.017,27.058,3.958,-0.215,1.546,31.017,19.844,3.958,-0.215,0.621,0.0,1,0.0
9,17.9,358,cruise,19.869,20.109,30.999,27.109,3.89,-0.24,1.542,30.012,19.844,2.903,-0.266,0.478,0.0,0,0.05
9,17.95,359,cruise,19.892,20.153,30.978,27.153,3.825,-0.262,1.537,29.006,19.844,1.853,-0.31,0.337,0.0,0,0.1
9,18.0,360,cruise,19.9,20.174,30.956,27.174,3.783,-0.274,1.534,27.998,19.844,0.824,-0.33,0.199,0.0,0,0.15
9,18.05,361,cruise,19.889,20.161,30.934,27.161,3.773,-0.271,1.534,26.99,19.844,-0.171,-0.317,0.067,0.0,0,0.2
9,18.1,362,cruise,19.863,20.109,30.913,27.109,3.804,-0.245,1.537,30.913,19.863,3.804,-0.245,0.599,0.0,1,0.0
9,18.15,363,cruise,19.849,20.032,30.895,27.032,3.863,-0.183,1.542,30.895,19.849,3.863,-0.183,0.609,0.0,1,0.0
9,18.2,364,cruise,19.833,19.972,30.881,26.972,3.909,-0.139,1.546,30.881,19.833,3.909,-0.139,0.617,0.0,1,0.0
9,18.25,365,cruise,19.847,19.949,30.871,26.949,3.922,-0.102,1.547,29.885,19.833,2.937,-0.116,0.488,0.0,0,0.05
9,18.3,366,cruise,19.853,19.945,30.863,26.945,3.918,-0.092,1.547,30.863,19.853,3.918,-0.092,0.619,0.0,1,0.0
9,18.35,367,cruise,19.879,19.951,30.857,26.951,3.907,-0.072,1.547,29.868,19.853,2.917,-0.098,0.486,0.0,0,0.05
9,18.4,368,cruise,19.884,19.966,30.854,26.966,3.888,-0.082,1.545,28.873,19.853,1.907,-0.113,0.35,0.0,0,0.1
9,18.45,369,cruise,19.892,19.969,30.851,26.969,3.882,-0.077,1.545,30.851,19.892,3.882,-0.077,0.615,0.0,1,0.0
9,18.5,370,cruise,19.876,19.963,30.85,26.963,3.887,-0.087,1.545,29.857,19.892,2.894,-0.071,0.484,0.0,0,0.05
9,18.55,371,cruise,19.868,19.966,30.848,26.966,3.882,-0.099,1.545,30.848,19.868,3.882,-0.099,0.614,0.0,1,0.0
9,18.6,372,cruise,19.851,19.976,30.847,26.976,3.871,-0.125,1.544,30.847,19.851,3.871,-0.125,0.612,0.0,1,0.0
9,18.65,373,cruise,19.853,20.001,30.845,27.001,3.844,-0.148,1.542,30.845,19.853,3.844,-0.148,0.608,0.0,1,0.0
9,18.7,374,cruise,19.856,20.035,30.842,27.035,3.807,-0.179,1.539,29.849,19.853,2.814,-0.182,0.469,0.0,0,0.05
9,18.75,375,cruise,19.871,20.067,30.838,27.067,3.771,-0.196,1.537,30.838,19.871,3.771,-0.196,0.596,0.0,1,0.0
9,18.8,376,cruise,19.879,20.093,30.833,27.093,3.741,-0.214,1.535,30.833,19.879,3.741,-0.214,0.592,0.0,1,0.0
9,18.85,377,cruise,19.886,20.121,30.828,27.121,3.707,-0.235,1.532,29.834,19.879,2.713,-0.242,0.454,0.0,0,0.05
9,18.9,378,cruise,19.882,20.149,30.82,27.149,3.671,-0.268,1.53,30.82,19.882,3.671,-0.268,0.581,0.0,1,0.0
9,18.95,379,cruise,19.875,20.148,30.811,27.148,3.663,-0.272,1.529,30.811,19.875,3.663,-0.272,0.579,0.0,1,0.0
9,19.0,380,cruise,19.865,20.176,30.8,27.176,3.625,-0.31,1.527,30.8,19.865,3.625,-0.31,0.573,0.0,1,0.0
9,19.05,381,cruise,19.861,20.186,30.787,27.186,3.602,-0.325,1.525,29.796,19.865,2.61,-0.321,0.437,0.0,0,0.05
9,19.1,382,cruise,19.86,20.21,30.772,27.21,3.562,-0.35,1.523,28.79,19.865,1.579,-0.345,0.299,0.0,0,0.1
9,19.15,383,cruise,19.866,20.183,30.756,27.183,3.573,-0.316,1.524,30.756,19.866,3.573,-0.316,0.566,0.0,1,0.0
9,19.2,384,cruise,19.873,20.139,30.742,27.139,3.603,-0.266,1.526,30.742,19.873,3.603,-0.266,0.572,0.0,1,0.0
9,19.25,385,cruise,19.879,20.126,30.73,27.126,3.605,-0.247,1.527,30.73,19.879,3.605,-0.247,0.572,0.0,1,0.0
9,19.3,386,cruise,19.88,20.127,30.716,27.127,3.589,-0.247,1.526,29.725,19.879,2.597,-0.248,0.438,0.0,0,0.05
9,19.35,387,cruise,19.877,20.086,30.701,27.086,3.616,-0.208,1.529,30.701,19.877,3.616,-0.208,0.575,0.0,1,0.0
9,19.4,388,cruise,19.872,20.078,30.685,27.078,3.608,-0.206,1.528,30.685,19.872,3.608,-0.206,0.574,0.0,1,0.0
9,19.45,389,cruise,19.867,20.093,30.672,27.093,3.579,-0.226,1.527,29.681,19.872,2.588,-0.221,0.438,0.0,0,0.05
9,19.5,390,cruise,19.865,20.106,30.658,27.106,3.553,-0.241,1.525,28.676,19.872,1.57,-0.234,0.302,0.0,0,0.1
9,19.55,391,cruise,19.866,20.099,30.646,27.099,3.547,-0.233,1.525,30.646,19.866,3.547,-0.233,0.565,0.0,1,0.0
9,19.6,392,cruise,19.87,20.075,30.637,27.075,3.562,-0.205,1.526,30.637,19.87,3.562,-0.205,0.568,0.0,1,0.0
9,19.65,393,cruise,19.874,20.06,30.629,27.06,3.569,-0.186,1.527,29.637,19.87,2.577,-0.191,0.437,0.0,0,0.05
9,19.7,394,cruise,19.876,20.061,30.623,27.061,3.562,-0.184,1.527,28.638,19.87,1.578,-0.191,0.304,0.0,0,0.1
9,19.75,395,cruise,19.876,20.035,30.618,27.035,3.582,-0.159,1.528,30.618,19.876,3.582,-0.159,0.572,0.0,1,0.0
9,19.8,396,cruise,19.874,20.013,30.614,27.013,3.601,-0.14,1.53,29.622,19.876,2.608,-0.137,0.443,0.0,0,0.05
9,19.85,397,cruise,19.87,19.982,30.612,26.982,3.629,-0.112,1.532,30.612,19.87,3.629,-0.112,0.58,0.0,1,0.0
9,19.9,398,cruise,19.868,19.977,30.61,26.977,3.633,-0.109,1.532,29.617,19.87,2.64,-0.106,0.448,0.0,0,0.05
9,19.95,399,cruise,19.867,19.964,30.607,26.964,3.643,-0.097,1.533,28.622,19.87,1.658,-0.094,0.318,0.0,0,0.1
9,20.0,400,cruise,19.869,19.954,30.606,26.954,3.651,-0.086,1.534,27.627,19.87,0.673,-0.084,0.187,0.0,0,0.15
9,20.05,401,cruise,19.871,19.907,30.605,26.907,3.698,-0.036,1.537,26.633,19.87,-0.274,-0.037,0.062,0.0,0,0.2
9,20.1,402,cruise,19.868,19.842,30.607,26.842,3.765,0.026,1.543,25.642,19.87,-1.2,0.029,0.0,0.044,0,0.25
9,20.15,403,cruise,19.87,19.727,30.613,26.727,3.886,0.143,1.552,30.613,19.87,3.886,0.143,0.623,0.0,1,0.0
9,20.2,404,cruise,19.86,19.613,30.625,26.613,4.011,0.247,1.561,29.632,19.87,3.019,0.257,0.511,0.0,0,0.05
9,20.25,405,cruise,19.843,19.516,30.64,26.516,4.124,0.328,1.57,28.656,19.87,2.14,0.355,0.397,0.0,0,0.1
9,20.3,406,cruise,19.855,19.455,30.659,26.455,4.204,0.401,1.576,30.659,19.855,4.204,0.401,0.674,0.0,1,0.0
9,20.35,407,cruise,19.855,19.409,30.68,26.409,4.272,0.446,1.581,30.68,19.855,4.272,0.446,0.684,0.0,1,0.0
9,20.4,408,cruise,19.874,19.406,30.703,26.406,4.297,0.468,1.582,30.703,19.874,4.297,0.468,0.689,0.0,1,0.0
9,20.45,409,cruise,19.868,19.428,30.724,26.428,4.296,0.44,1.581,29.733,19.874,3.304,0.446,0.555,0.0,0,0.05
9,20.5,410,cruise,19.822,19.467,30.741,26.467,4.274,0.355,1.579,30.741,19.822,4.274,0.355,0.682,0.0,1,0.0
9,20.55,411,cruise,19.829,19.507,30.754,26.507,4.248,0.322,1.577,29.768,19.822,3.261,0.315,0.545,0.0,0,0.05
9,20.6,412,cruise,19.828,19.555,30.764,26.555,4.209,0.273,1.573,28.791,19.822,2.237,0.267,0.407,0.0,0,0.1
9,20.65,413,cruise,19.868,19.586,30.772,26.586,4.186,0.282,1.571,30.772,19.868,4.186,0.282,0.668,0.0,1,0.0
9,20.7,414,cruise,19.873,19.606,30.779,26.606,4.172,0.267,1.57,30.779,19.873,4.172,0.267,0.665,0.0,1,0.0
9,20.75,415,cruise,19.896,19.641,30.783,26.641,4.142,0.255,1.567,30.783,19.896,4.142,0.255,0.661,0.0,1,0.0
9,20.8,416,cruise,19.871,19.69,30.783,26.69,4.093,0.18,1.563,30.783,19.871,4.093,0.18,0.652,0.0,1,0.0
9,20.85,417,cruise,19.786,19.746,30.775,26.746,4.029,0.04,1.559,30.775,19.786,4.029,0.04,0.639,0.0,1,0.0
9,20.9,418,cruise,19.769,19.806,30.758,26.806,3.952,-0.037,1.553,30.758,19.769,3.952,-0.037,0.626,0.0,1,0.0
9,20.95,419,cruise,19.757,19.866,30.735,26.866,3.869,-0.109,1.547,30.735,19.757,3.869,-0.109,0.612,0.0,1,0.0
9,21.0,420,cruise,19.811,19.925,30.709,26.925,3.784,-0.114,1.541,30.709,19.811,3.784,-0.114,0.601,0.0,1,0.0
9,21.05,421,cruise,19.839,19.98,30.679,26.98,3.699,-0.142,1.535,29.714,19.811,2.733,-0.169,0.459,0.0,0,0.05
9,21.1,422,cruise,19.832,20.026,30.643,27.026,3.618,-0.193,1.53,30.643,19.832,3.618,-0.193,0.576,0.0,1,0.0
9,21.15,423,cruise,19.877,20.058,30.604,27.058,3.545,-0.181,1.526,30.604,19.877,3.545,-0.181,0.567,0.0,1,0.0
9,21.2,424,cruise,19.877,20.092,30.561,27.092,3.469,-0.216,1.521,30.561,19.877,3.469,-0.216,0.555,0.0,1,0.0
9,21.25,425,cruise,19.898,20.126,30.516,27.126,3.39,-0.228,1.516,30.516,19.898,3.39,-0.228,0.544,0.0,1,0.0
9,21.3,426,cruise,19.86,20.157,30.467,27.157,3.31,-0.297,1.511,29.518,19.898,2.36,-0.259,0.406,0.0,0,0.05
9,21.35,427,cruise,19.768,20.179,30.41,27.179,3.231,-0.411,1.507,30.41,19.768,3.231,-0.411,0.517,0.0,1,0.0
9,21.4,428,cruise,19.752,20.189,30.348,27.189,3.159,-0.437,1.503,30.348,19.752,3.159,-0.437,0.507,0.0,1,0.0
9,21.45,429,cruise,19.733,20.2,30.283,27.2,3.083,-0.467,1.499,29.354,19.752,2.154,-0.448,0.372,0.0,0,0.05
9,21.5,430,cruise,19.785,20.203,30.22,27.203,3.017,-0.419,1.496,28.36,19.752,1.157,-0.452,0.239,0.0,0,0.1
9,21.55,431,cruise,19.806,20.183,30.16,27.183,2.977,-0.377,1.494,30.16,19.806,2.977,-0.377,0.484,0.0,1,0.0
9,21.6,432,cruise,19.799,20.148,30.1,27.148,2.953,-0.349,1.494,30.1,19.799,2.953,-0.349,0.482,0.0,1,0.0
9,21.65,433,cruise,19.862,20.118,30.045,27.118,2.927,-0.256,1.493,29.124,19.799,2.006,-0.319,0.357,0.0,0,0.05
9,21.7,434,cruise,19.885,20.083,29.993,27.083,2.91,-0.198,1.493,29.993,19.885,2.91,-0.198,0.481,0.0,1,0.0
9,21.75,435,cruise,19.927,20.059,29.948,27.059,2.889,-0.132,1.493,29.948,19.927,2.889,-0.132,0.481,0.0,1,0.0
9,21.8,436,cruise,19.89,20.028,29.906,27.028,2.878,-0.139,1.493,29.906,19.89,2.878,-0.139,0.479,0.0,1,0.0
9,21.85,437,cruise,19.787,20.019,29.863,27.019,2.843,-0.232,1.492,29.863,19.787,2.843,-0.232,0.471,0.0,1,0.0
9,21.9,438,cruise,19.751,19.991,29.819,26.991,2.828,-0.24,1.492,29.819,19.751,2.828,-0.24,0.469,0.0,1,0.0
9,21.95,439,cruise,19.725,19.986,29.779,26.986,2.793,-0.261,1.49,29.779,19.725,2.793,-0.261,0.464,0.0,1,0.0
9,22.0,440,cruise,19.769,19.955,29.746,26.955,2.791,-0.186,1.491,29.746,19.769,2.791,-0.186,0.466,0.0,1,0.0
9,22.05,441,cruise,19.797,19.891,29.72,26.891,2.829,-0.094,1.494,28.814,19.769,1.923,-0.122,0.352,0.0,0,0.05
9,22.1,442,cruise,19.875,19.87,29.701,26.87,2.832,0.005,1.495,27.881,19.769,1.011,-0.101,0.231,0.0,0,0.1
9,22.15,443,cruise,19.909,19.81,29.692,26.81,2.882,0.099,1.499,29.692,19.909,2.882,0.099,0.488,0.0,1,0.0
9,22.2,444,cruise,19.95,19.766,29.693,26.766,2.927,0.183,1.502,29.693,19.95,2.927,0.183,0.496,0.0,1,0.0
9,22.25,445,cruise,19.915,19.705,29.702,26.705,2.997,0.21,1.507,28.782,19.95,2.077,0.244,0.385,0.0,0,0.05
9,22.3,446,cruise,19.883,19.617,29.716,26.617,3.099,0.267,1.515,29.716,19.883,3.099,0.267,0.522,0.0,1,0.0
9,22.35,447,cruise,19.814,19.584,29.734,26.584,3.15,0.23,1.518,28.812,19.883,2.228,0.299,0.407,0.0,0,0.05
9,22.4,448,cruise,19.721,19.529,29.751,26.529,3.222,0.192,1.523,29.751,19.721,3.222,0.192,0.536,0.0,1,0.0
9,22.45,449,cruise,19.719,19.512,29.77,26.512,3.258,0.207,1.526,29.77,19.719,3.258,0.207,0.541,0.0,1,0.0
9,22.5,450,cruise,19.739,19.471,29.795,26.471,3.324,0.268,1.53,28.875,19.719,2.404,0.248,0.429,0.0,0,0.05
9,22.55,451,cruise,19.807,19.467,29.829,26.467,3.362,0.34,1.532,27.978,19.719,1.512,0.253,0.31,0.0,0,0.1
9,22.6,452,cruise,19.859,19.415,29.871,26.415,3.456,0.444,1.539,29.871,19.859,3.456,0.444,0.576,0.0,1,0.0
9,22.65,453,cruise,19.931,19.298,29.922,26.298,3.624,0.634,1.551,28.984,19.859,2.686,0.561,0.477,0.0,0,0.05
9,22.7,454,cruise,19.947,19.254,29.979,26.254,3.725,0.693,1.557,29.979,19.947,3.725,0.693,0.62,0.0,1,0.0
9,22.75,455,cruise,19.942,19.197,30.041,26.197,3.843,0.744,1.565,30.041,19.942,3.843,0.744,0.637,0.0,1,0.0
9,22.8,456,cruise,19.873,19.207,30.103,26.207,3.896,0.666,1.567,30.103,19.873,3.896,0.666,0.642,0.0,1,0.0
9,22.85,457,cruise,19.823,19.195,30.163,26.195,3.969,0.628,1.571,30.163,19.823,3.969,0.628,0.65,0.0,1,0.0
9,22.9,458,cruise,19.767,19.232,30.223,26.232,3.991,0.535,1.571,30.223,19.767,3.991,0.535,0.65,0.0,1,0.0
9,22.95,459,cruise,19.776,19.237,30.282,26.237,4.045,0.539,1.574,30.282,19.776,4.045,0.539,0.657,0.0,1,0.0
9,23.0,460,cruise,19.791,19.199,30.341,26.199,4.142,0.592,1.58,30.341,19.791,4.142,0.592,0.672,0.0,1,0.0
9,23.05,461,cruise,19.855,19.233,30.401,26.233,4.169,0.623,1.581,30.401,19.855,4.169,0.623,0.677,0.0,1,0.0
9,23.1,462,cruise,19.898,19.242,30.462,26.242,4.22,0.655,1.583,30.462,19.898,4.22,0.655,0.685,0.0,1,0.0
9,23.15,463,cruise,19.906,19.303,30.52,26.303,4.217,0.602,1.581,29.561,19.898,3.257,0.594,0.554,0.0,0,0.05
9,23.2,464,cruise,19.919,19.318,30.576,26.318,4.258,0.601,1.583,30.576,19.919,4.258,0.601,0.688,0.0,1,0.0
9,23.25,465,cruise,19.894,19.369,30.63,26.369,4.261,0.525,1.581,30.63,19.894,4.261,0.525,0.686,0.0,1,0.0
9,23.3,466,cruise,19.869,19.384,30.681,26.384,4.298,0.485,1.583,30.681,19.869,4.298,0.485,0.689,0.0,1,0.0
9,23.35,467,cruise,19.825,19.35,30.728,26.35,4.379,0.476,1.588,29.765,19.869,3.416,0.519,0.573,0.0,0,0.05
9,23.4,468,cruise,19.819,19.38,30.771,26.38,4.391,0.439,1.588,28.843,19.869,2.463,0.488,0.445,0.0,0,0.1
9,23.45,469,cruise,19.806,19.373,30.809,26.373,4.437,0.434,1.59,30.809,19.806,4.437,0.434,0.706,0.0,1,0.0
9,23.5,470,cruise,19.847,19.399,30.847,26.399,4.448,0.448,1.59,30.847,19.847,4.448,0.448,0.708,0.0,1,0.0
9,23.55,471,cruise,19.87,19.409,30.884,26.409,4.475,0.461,1.591,30.884,19.87,4.475,0.461,0.712,0.0,1,0.0
9,23.6,472,cruise,19.909,19.469,30.919,26.469,4.451,0.44,1.588,30.919,19.909,4.451,0.44,0.708,0.0,1,0.0
9,23.65,473,cruise,19.902,19.496,30.952,26.496,4.456,0.406,1.588,29.981,19.909,3.485,0.413,0.578,0.0,0,0.05
9,23.7,474,cruise,19.897,19.563,30.982,26.563,4.418,0.334,1.584,30.982,19.897,4.418,0.334,0.7,0.0,1,0.0
9,23.75,475,cruise,19.856,19.588,31.007,26.588,4.419,0.267,1.583,31.007,19.856,4.419,0.267,0.698,0.0,1,0.0
9,23.8,476,cruise,19.839,19.594,31.028,26.594,4.434,0.246,1.584,31.028,19.839,4.434,0.246,0.699,0.0,1,0.0
9,23.85,477,cruise,19.814,19.661,31.044,26.661,4.383,0.153,1.579,30.075,19.839,3.413,0.178,0.561,0.0,0,0.05
9,23.9,478,cruise,19.835,19.705,31.057,26.705,4.352,0.13,1.576,29.115,19.839,2.411,0.135,0.426,0.0,0,0.1
9,23.95,479,cruise,19.845,19.756,31.068,26.756,4.312,0.089,1.573,31.068,19.845,4.312,0.089,0.678,0.0,1,0.0
9,24.0,480,cruise,19.862,19.758,31.077,26.758,4.319,0.104,1.573,31.077,19.862,4.319,0.104,0.679,0.0,1,0.0
9,24.05,481,cruise,19.896,19.804,31.086,26.804,4.282,0.092,1.57,31.086,19.896,4.282,0.092,0.674,0.0,1,0.0
9,24.1,482,cruise,19.906,19.83,31.095,26.83,4.265,0.076,1.568,30.119,19.896,3.29,0.066,0.541,0.0,0,0.05
9,24.15,483,cruise,19.904,19.886,31.103,26.886,4.217,0.018,1.564,31.103,19.904,4.217,0.018,0.663,0.0,1,0.0
9,24.2,484,cruise,19.875,19.908,31.108,26.908,4.199,-0.034,1.563,30.131,19.904,3.223,-0.005,0.53,0.0,0,0.05
9,24.25,485,cruise,19.854,19.958,31.11,26.958,4.152,-0.105,1.559,31.11,19.854,4.152,-0.105,0.65,0.0,1,0.0
9,24.3,486,cruise,19.815,19.974,31.11,26.974,4.135,-0.159,1.557,31.11,19.815,4.135,-0.159,0.646,0.0,1,0.0
9,24.35,487,cruise,19.75,19.972,31.103,26.972,4.131,-0.222,1.557,30.133,19.815,3.161,-0.156,0.516,0.0,0,0.05
9,24.4,488,cruise,19.656,20.016,31.086,27.016,4.07,-0.36,1.553,29.152,19.815,2.136,-0.201,0.378,0.0,0,0.1
9,24.45,489,cruise,19.655,20.028,31.062,27.028,4.034,-0.373,1.551,28.168,19.815,1.14,-0.213,0.245,0.0,0,0.15
9,24.5,490,cruise,19.721,20.026,31.04,27.026,4.013,-0.305,1.55,31.04,19.721,4.013,-0.305,0.625,0.0,1,0.0
9,24.55,491,cruise,19.808,19.979,31.022,26.979,4.043,-0.171,1.553,30.06,19.721,3.081,-0.258,0.502,0.0,0,0.05
9,24.6,492,cruise,19.895,19.964,31.01,26.964,4.046,-0.069,1.553,31.01,19.895,4.046,-0.069,0.637,0.0,1,0.0
9,24.65,493,cruise,19.966,19.936,31.002,26.936,4.065,0.03,1.555,30.033,19.895,3.097,-0.041,0.512,0.0,0,0.05
9,24.7,494,cruise,19.988,19.949,30.996,26.949,4.046,0.038,1.554,29.055,19.895,2.106,-0.055,0.379,0.0,0,0.1
9,24.75,495,cruise,19.952,19.923,30.989,26.923,4.066,0.029,1.555,28.076,19.895,1.153,-0.028,0.253,0.0,0,0.15
9,24.8,496,cruise,19.882,19.906,30.98,26.906,4.075,-0.024,1.556,30.98,19.882,4.075,-0.024,0.642,0.0,1,0.0
9,24.85,497,cruise,19.809,19.847,30.972,26.847,4.125,-0.038,1.561,30.008,19.882,3.162,0.035,0.523,0.0,0,0.05
9,24.9,498,cruise,19.762,19.829,30.964,26.829,4.134,-0.067,1.562,30.964,19.762,4.134,-0.067,0.649,0.0,1,0.0
9,24.95,499,cruise,19.748,19.804,30.959,26.804,4.155,-0.056,1.563,29.995,19.762,3.191,-0.042,0.524,0.0,0,0.05
9,25.0,500,cruise,19.786,19.821,30.958,26.821,4.138,-0.034,1.562,30.958,19.786,4.138,-0.034,0.651,0.0,1,0.0
9,25.05,501,cruise,19.83,19.817,30.963,26.817,4.146,0.013,1.562,29.99,19.786,3.173,-0.031,0.522,0.0,0,0.05
9,25.1,502,cruise,19.901,19.816,30.972,26.816,4.156,0.085,1.563,29.018,19.786,2.202,-0.03,0.393,0.0,0,0.1
9,25.15,503,cruise,19.945,19.835,30.987,26.835,4.152,0.11,1.562,28.046,19.786,1.21,-0.049,0.26,0.0,0,0.15
9,25.2,504,cruise,19.957,19.814,31.005,26.814,4.191,0.143,1.565,31.005,19.957,4.191,0.143,0.664,0.0,1,0.0
9,25.25,505,cruise,19.917,19.789,31.026,26.789,4.237,0.127,1.568,30.036,19.957,3.246,0.168,0.538,0.0,0,0.05
9,25.3,506,cruise,19.865,19.756,31.047,26.756,4.291,0.109,1.572,31.047,19.865,4.291,0.109,0.676,0.0,1,0.0
9,25.35,507,cruise,19.807,19.763,31.067,26.763,4.304,0.043,1.572,30.079,19.865,3.316,0.102,0.546,0.0,0,0.05
9,25.4,508,cruise,19.786,19.759,31.086,26.759,4.327,0.028,1.573,29.11,19.865,2.351,0.106,0.417,0.0,0,0.1
9,25.45,509,cruise,19.796,19.776,31.104,26.776,4.328,0.02,1.573,31.104,19.796,4.328,0.02,0.678,0.0,1,0.0
9,25.5,510,cruise,19.846,19.763,31.124,26.763,4.361,0.083,1.575,31.124,19.846,4.361,0.083,0.684,0.0,1,0.0
9,25.55,511,cruise,19.898,19.795,31.145,26.795,4.351,0.104,1.573,30.152,19.846,3.357,0.051,0.549,0.0,0,0.05
9,25.6,512,cruise,19.939,19.817,31.167,26.817,4.351,0.123,1.573,31.167,19.939,4.351,0.123,0.684,0.0,1,0.0
9,25.65,513,cruise,19.94,19.86,31.188,26.86,4.328,0.08,1.57,30.191,19.939,3.33,0.079,0.547,0.0,0,0.05
9,25.7,514,cruise,19.911,19.893,31.204,26.893,4.311,0.018,1.569,29.211,19.939,2.318,0.046,0.411,0.0,0,0.1
9,25.75,515,cruise,19.864,19.927,31.217,26.927,4.29,-0.063,1.567,31.217,19.864,4.29,-0.063,0.67,0.0,1,0.0
9,25.8,516,cruise,19.824,19.936,31.225,26.936,4.289,-0.112,1.566,30.233,19.864,3.298,-0.072,0.537,0.0,0,0.05
9,25.85,517,cruise,19.806,19.964,31.229,26.964,4.265,-0.159,1.564,31.229,19.806,4.265,-0.159,0.663,0.0,1,0.0
9,25.9,518,cruise,19.822,19.97,31.232,26.97,4.262,-0.149,1.564,31.232,19.822,4.262,-0.149,0.663,0.0,1,0.0
9,25.95,519,cruise,19.859,19.944,31.234,26.944,4.29,-0.085,1.566,31.234,19.859,4.29,-0.085,0.669,0.0,1,0.0
9,26.0,520,cruise,19.901,19.866,31.238,26.866,4.372,0.035,1.572,30.245,19.859,3.379,-0.007,0.55,0.0,0,0.05
9,26.05,521,cruise,19.924,19.854,31.242,26.854,4.388,0.07,1.574,29.256,19.859,2.402,0.005,0.42,0.0,0,0.1
9,26.1,522,cruise,19.92,19.878,31.245,26.878,4.366,0.042,1.572,28.264,19.859,1.386,-0.019,0.284,0.0,0,0.15
9,26.15,523,cruise,19.893,19.887,31.244,26.887,4.357,0.006,1.571,31.244,19.893,4.357,0.006,0.681,0.0,1,0.0
9,26.2,524,cruise,19.859,19.871,31.241,26.871,4.37,-0.012,1.572,30.25,19.893,3.379,0.022,0.551,0.0,0,0.05
9,26.25,525,cruise,19.833,19.861,31.238,26.861,4.376,-0.029,1.573,29.256,19.893,2.395,0.032,0.42,0.0,0,0.1
9,26.3,526,cruise,19.827,19.853,31.234,26.853,4.381,-0.026,1.573,31.234,19.827,4.381,-0.026,0.683,0.0,1,0.0
9,26.35,527,cruise,19.843,19.846,31.232,26.846,4.386,-0.003,1.574,30.242,19.827,3.396,-0.019,0.552,0.0,0,0.05
9,26.4,528,cruise,19.871,19.858,31.232,26.858,4.374,0.014,1.573,31.232,19.871,4.374,0.014,0.684,0.0,1,0.0
9,26.45,529,cruise,19.897,19.882,31.233,26.882,4.351,0.015,1.571,31.233,19.897,4.351,0.015,0.681,0.0,1,0.0
9,26.5,530,cruise,19.907,19.915,31.235,26.915,4.32,-0.008,1.568,31.235,19.907,4.32,-0.008,0.676,0.0,1,0.0
9,26.55,531,cruise,19.899,19.972,31.235,26.972,4.262,-0.073,1.564,31.235,19.899,4.262,-0.073,0.666,0.0,1,0.0
9,26.6,532,cruise,19.879,20.02,31.231,27.02,4.211,-0.141,1.56,30.238,19.899,3.218,-0.121,0.525,0.0,0,0.05
9,26.65,533,cruise,19.857,20.08,31.224,27.08,4.144,-0.223,1.555,29.238,19.899,2.158,-0.181,0.382,0.0,0,0.1
9,26.7,534,cruise,19.844,20.107,31.214,27.107,4.107,-0.263,1.552,31.214,19.844,4.107,-0.263,0.639,0.0,1,0.0
9,26.75,535,cruise,19.846,20.125,31.203,27.125,4.077,-0.279,1.55,31.203,19.846,4.077,-0.279,0.634,0.0,1,0.0
9,26.8,536,cruise,19.86,20.144,31.191,27.144,4.047,-0.284,1.548,31.191,19.86,4.047,-0.284,0.63,0.0,1,0.0
9,26.85,537,cruise,19.877,20.185,31.178,27.185,3.993,-0.307,1.545,31.178,19.877,3.993,-0.307,0.622,0.0,1,0.0
9,26.9,538,cruise,19.891,20.218,31.164,27.218,3.946,-0.328,1.541,31.164,19.891,3.946,-0.328,0.615,0.0,1,0.0
9,26.95,539,cruise,19.893,20.268,31.148,27.268,3.88,-0.375,1.537,30.154,19.891,2.886,-0.378,0.472,0.0,0,0.05
9,27.0,540,cruise,19.885,20.301,31.13,27.301,3.829,-0.416,1.533,29.141,19.891,1.84,-0.41,0.332,0.0,0,0.1
9,27.05,541,cruise,19.871,20.32,31.109,27.32,3.79,-0.448,1.531,28.127,19.891,0.807,-0.429,0.193,0.0,0,0.15
9,27.1,542,cruise,19.859,20.297,31.088,27.297,3.791,-0.438,1.532,27.113,19.891,-0.185,-0.407,0.062,0.0,0,0.2
9,27.15,543,cruise,19.855,20.243,31.068,27.243,3.825,-0.389,1.535,31.068,19.855,3.825,-0.389,0.597,0.0,1,0.0
9,27.2,544,cruise,19.859,20.159,31.052,27.159,3.893,-0.301,1.54,31.052,19.859,3.893,-0.301,0.609,0.0,1,0.0
9,27.25,545,cruise,19.868,20.097,31.04,27.097,3.944,-0.228,1.545,30.047,19.859,2.95,-0.238,0.485,0.0,0,0.05
9,27.3,546,cruise,19.878,20.06,31.031,27.06,3.97,-0.182,1.547,31.031,19.878,3.97,-0.182,0.623,0.0,1,0.0
9,27.35,547,cruise,19.884,20.047,31.023,27.047,3.976,-0.163,1.548,30.029,19.878,2.982,-0.169,0.492,0.0,0,0.05
9,27.4,548,cruise,19.883,20.048,31.015,27.048,3.968,-0.164,1.547,31.015,19.883,3.968,-0.164,0.624,0.0,1,0.0
9,27.45,549,cruise,19.877,20.058,31.007,27.058,3.949,-0.181,1.546,31.007,19.877,3.949,-0.181,0.62,0.0,1,0.0
9,27.5,550,cruise,19.868,20.082,30.997,27.082,3.914,-0.214,1.543,30.997,19.868,3.914,-0.214,0.615,0.0,1,0.0
9,27.55,551,cruise,19.863,20.118,30.985,27.118,3.867,-0.256,1.54,30.985,19.863,3.867,-0.256,0.607,0.0,1,0.0
9,27.6,552,cruise,19.862,20.159,30.971,27.159,3.812,-0.297,1.536,30.971,19.862,3.812,-0.297,0.598,0.0,1,0.0
9,27.65,553,cruise,19.866,20.203,30.955,27.203,3.752,-0.337,1.532,30.955,19.866,3.752,-0.337,0.589,0.0,1,0.0
9,27.7,554,cruise,19.872,20.246,30.937,27.246,3.691,-0.374,1.528,29.944,19.866,2.697,-0.381,0.447,0.0,0,0.05
9,27.75,555,cruise,19.877,20.282,30.918,27.282,3.636,-0.405,1.524,30.918,19.877,3.636,-0.405,0.571,0.0,1,0.0
9,27.8,556,cruise,19.879,20.307,30.897,27.307,3.59,-0.427,1.522,29.903,19.877,2.596,-0.429,0.432,0.0,0,0.05
9,27.85,557,cruise,19.877,20.327,30.875,27.327,3.547,-0.45,1.519,28.887,19.877,1.56,-0.45,0.293,0.0,0,0.1
9,27.9,558,cruise,19.873,20.326,30.852,27.326,3.526,-0.453,1.518,27.87,19.877,0.544,-0.449,0.158,0.0,0,0.15
9,27.95,559,cruise,19.868,20.294,30.83,27.294,3.537,-0.425,1.519,30.83,19.868,3.537,-0.425,0.557,0.0,1,0.0
9,28.0,560,cruise,19.866,20.239,30.811,27.239,3.571,-0.373,1.522,30.811,19.866,3.571,-0.373,0.564,0.0,1,0.0
9,28.05,561,cruise,19.866,20.202,30.793,27.202,3.591,-0.336,1.524,29.8,19.866,2.597,-0.337,0.435,0.0,0,0.05
9,28.1,562,cruise,19.869,20.183,30.777,27.183,3.594,-0.313,1.525,30.777,19.869,3.594,-0.313,0.569,0.0,1,0.0
9,28.15,563,cruise,19.873,20.171,30.762,27.171,3.591,-0.298,1.525,29.768,19.869,2.598,-0.302,0.436,0.0,0,0.05
9,28.2,564,cruise,19.876,20.167,30.747,27.167,3.58,-0.292,1.525,30.747,19.876,3.58,-0.292,0.568,0.0,1,0.0
9,28.25,565,cruise,19.876,20.166,30.733,27.166,3.566,-0.29,1.524,30.733,19.876,3.566,-0.29,0.566,0.0,1,0.0
9,28.3,566,cruise,19.874,20.177,30.718,27.177,3.541,-0.303,1.522,30.718,19.874,3.541,-0.303,0.562,0.0,1,0.0
9,28.35,567,cruise,19.871,20.196,30.702,27.196,3.506,-0.325,1.52,30.702,19.871,3.506,-0.325,0.557,0.0,1,0.0
9,28.4,568,cruise,19.869,20.219,30.685,27.219,3.466,-0.351,1.518,30.685,19.869,3.466,-0.351,0.55,0.0,1,0.0
9,28.45,569,cruise,19.868,20.244,30.667,27.244,3.422,-0.377,1.515,30.667,19.868,3.422,-0.377,0.544,0.0,1,0.0
9,28.5,570,cruise,19.869,20.27,30.647,27.27,3.377,-0.401,1.512,29.654,19.868,2.384,-0.402,0.404,0.0,0,0.05
9,28.55,571,cruise,19.871,20.287,30.627,27.287,3.339,-0.416,1.51,30.627,19.871,3.339,-0.416,0.531,0.0,1,0.0
9,28.6,572,cruise,19.873,20.295,30.606,27.295,3.31,-0.422,1.508,30.606,19.873,3.31,-0.422,0.527,0.0,1,0.0
9,28.65,573,cruise,19.874,20.307,30.584,27.307,3.277,-0.433,1.506,29.591,19.873,2.284,-0.434,0.39,0.0,0,0.05
9,28.7,574,cruise,19.874,20.313,30.562,27.313,3.249,-0.439,1.505,28.575,19.873,1.262,-0.44,0.254,0.0,0,0.1
9,28.75,575,cruise,19.872,20.297,30.541,27.297,3.243,-0.425,1.505,30.541,19.872,3.243,-0.425,0.518,0.0,1,0.0
9,28.8,576,cruise,19.871,20.266,30.52,27.266,3.254,-0.395,1.506,29.527,19.872,2.261,-0.394,0.388,0.0,0,0.05
9,28.85,577,cruise,19.87,20.24,30.501,27.24,3.261,-0.371,1.507,28.514,19.872,1.274,-0.368,0.258,0.0,0,0.1
9,28.9,578,cruise,19.869,20.205,30.484,27.205,3.279,-0.336,1.509,30.484,19.869,3.279,-0.336,0.526,0.0,1,0.0
9,28.95,579,cruise,19.87,20.162,30.468,27.162,3.307,-0.291,1.511,30.468,19.87,3.307,-0.291,0.531,0.0,1,0.0
9,29.0,580,cruise,19.872,20.137,30.455,27.137,3.317,-0.266,1.512,30.455,19.872,3.317,-0.266,0.533,0.0,1,0.0
9,29.05,581,cruise,19.873,20.129,30.442,27.129,3.313,-0.256,1.512,30.442,19.873,3.313,-0.256,0.533,0.0,1,0.0
9,29.1,582,cruise,19.873,20.131,30.429,27.131,3.298,-0.258,1.512,29.435,19.873,2.304,-0.258,0.399,0.0,0,0.05
9,29.15,583,cruise,19.873,20.132,30.416,27.132,3.284,-0.259,1.511,30.416,19.873,3.284,-0.259,0.529,0.0,1,0.0
9,29.2,584,cruise,19.872,20.129,30.403,27.129,3.274,-0.257,1.51,30.403,19.872,3.274,-0.257,0.528,0.0,1,0.0
9,29.25,585,cruise,19.871,20.134,30.39,27.134,3.256,-0.263,1.509,29.396,19.872,2.263,-0.262,0.393,0.0,0,0.05
9,29.3,586,cruise,19.87,20.136,30.377,27.136,3.241,-0.265,1.509,28.39,19.872,1.254,-0.264,0.258,0.0,0,0.1
9,29.35,587,cruise,19.87,20.118,30.364,27.118,3.246,-0.248,1.509,27.383,19.872,0.265,-0.247,0.127,0.0,0,0.15
9,29.4,588,cruise,19.871,20.071,30.353,27.071,3.281,-0.2,1.512,26.379,19.872,-0.693,-0.2,0.001,0.0,0,0.2
9,29.45,589,cruise,19.872,19.991,30.345,26.991,3.354,-0.119,1.518,25.377,19.872,-1.614,-0.119,0.0,0.09,0,0.25
9,29.5,590,cruise,19.872,19.867,30.343,26.867,3.476,0.005,1.527,24.381,19.872,-2.486,0.004,0.0,0.174,0,0.3
9,29.55,591,cruise,19.872,19.708,30.348,26.708,3.64,0.165,1.54,23.393,19.872,-3.315,0.164,0.0,0.253,0,0.35
9,29.6,592,cruise,19.872,19.52,30.362,26.52,3.841,0.351,1.555,30.362,19.872,3.841,0.351,0.623,0.0,1,0.0
9,29.65,593,cruise,19.871,19.365,30.385,26.365,4.02,0.506,1.569,29.391,19.872,3.026,0.507,0.52,0.0,0,0.05
9,29.7,594,cruise,19.871,19.259,30.413,26.259,4.155,0.613,1.579,30.413,19.871,4.155,0.613,0.674,0.0,1,0.0
9,29.75,595,cruise,19.871,19.202,30.446,26.202,4.244,0.669,1.586,30.446,19.871,4.244,0.669,0.688,0.0,1,0.0
9,29.8,596,cruise,19.871,19.192,30.479,26.192,4.287,0.68,1.588,30.479,19.871,4.287,0.68,0.694,0.0,1,0.0
9,29.85,597,cruise,19.871,19.215,30.513,26.215,4.298,0.657,1.588,29.519,19.871,3.304,0.657,0.562,0.0,0,0.05
9,29.9,598,cruise,19.871,19.252,30.544,26.252,4.293,0.62,1.587,28.557,19.871,2.305,0.62,0.428,0.0,0,0.1
9,29.95,599,cruise,19.872,19.28,30.574,26.28,4.294,0.591,1.586,27.593,19.871,1.313,0.591,0.295,0.0,0,0.15
9,30.0,600,cruise,19.872,19.285,30.604,26.285,4.318,0.586,1.587,26.629,19.871,0.344,0.586,0.165,0.0,0,0.2
9,30.05,601,cruise,19.872,19.259,30.633,26.259,4.374,0.613,1.591,25.665,19.871,-0.594,0.612,0.041,0.0,0,0.25
9,30.1,602,cruise,19.872,19.197,30.666,26.197,4.468,0.674,1.597,24.704,19.871,-1.493,0.674,0.0,0.058,0,0.3
9,30.15,603,cruise,19.871,19.094,30.702,26.094,4.609,0.777,1.608,23.747,19.871,-2.347,0.777,0.0,0.141,0,0.35
9,30.2,604,cruise,19.871,18.953,30.746,25.953,4.792,0.918,1.622,30.746,19.871,4.792,0.918,0.77,0.0,1,0.0
9,30.25,605,cruise,19.871,18.825,30.796,25.825,4.97,1.046,1.636,29.802,19.871,3.977,1.046,0.665,0.0,0,0.05
9,30.3,606,cruise,19.871,18.731,30.851,25.731,5.119,1.14,1.647,30.851,19.871,5.119,1.14,0.821,0.0,1,0.0
9,30.35,607,cruise,19.872,18.691,30.909,25.691,5.218,1.18,1.654,30.909,19.872,5.218,1.18,0.835,0.0,1,0.0
9,30.4,608,cruise,19.872,18.711,30.968,25.711,5.257,1.161,1.655,30.968,19.872,5.257,1.161,0.84,0.0,1,0.0
9,30.45,609,cruise,19.872,18.773,31.024,25.773,5.251,1.099,1.653,30.031,19.872,4.258,1.099,0.704,0.0,0,0.05
9,30.5,610,cruise,19.872,18.855,31.076,25.855,5.221,1.016,1.648,31.076,19.872,5.221,1.016,0.83,0.0,1,0.0
9,30.55,611,cruise,19.871,18.947,31.125,25.947,5.177,0.924,1.643,30.131,19.872,4.184,0.924,0.689,0.0,0,0.05
9,30.6,612,cruise,19.871,19.048,31.168,26.048,5.12,0.823,1.636,29.18,19.872,3.132,0.823,0.545,0.0,0,0.1
9,30.65,613,cruise,19.871,19.135,31.206,26.135,5.071,0.736,1.631,31.206,19.871,5.071,0.736,0.801,0.0,1,0.0
9,30.7,614,cruise,19.871,19.21,31.241,26.21,5.03,0.661,1.626,31.241,19.871,5.03,0.661,0.793,0.0,1,0.0
9,30.75,615,cruise,19.871,19.301,31.271,26.301,4.97,0.571,1.62,31.271,19.871,4.97,0.571,0.782,0.0,1,0.0
9,30.8,616,cruise,19.872,19.403,31.296,26.403,4.893,0.468,1.613,31.296,19.872,4.893,0.468,0.768,0.0,1,0.0
9,30.85,617,cruise,19.872,19.512,31.317,26.512,4.805,0.36,1.605,31.317,19.872,4.805,0.36,0.753,0.0,1,0.0
9,30.9,618,cruise,19.872,19.622,31.331,26.622,4.709,0.249,1.597,31.331,19.872,4.709,0.249,0.736,0.0,1,0.0
9,30.95,619,cruise,19.871,19.732,31.34,26.732,4.608,0.139,1.588,30.347,19.872,3.614,0.139,0.587,0.0,0,0.05
9,31.0,620,cruise,19.871,19.832,31.344,26.832,4.512,0.04,1.58,29.357,19.872,2.525,0.04,0.438,0.0,0,0.1
9,31.05,621,cruise,19.871,19.904,31.344,26.904,4.44,-0.032,1.575,28.363,19.872,1.46,-0.032,0.294,0.0,0,0.15
9,31.1,622,cruise,19.871,19.936,31.341,26.936,4.405,-0.065,1.572,31.341,19.871,4.405,-0.065,0.685,0.0,1,0.0
9,31.15,623,cruise,19.871,19.941,31.338,26.941,4.396,-0.07,1.571,30.344,19.871,3.403,-0.07,0.551,0.0,0,0.05
9,31.2,624,cruise,19.871,19.953,31.334,26.953,4.381,-0.082,1.57,29.347,19.871,2.394,-0.082,0.416,0.0,0,0.1
9,31.25,625,cruise,19.872,19.963,31.329,26.963,4.366,-0.091,1.569,31.329,19.872,4.366,-0.091,0.679,0.0,1,0.0
9,31.3,626,cruise,19.872,19.97,31.325,26.97,4.355,-0.098,1.569,30.331,19.872,3.362,-0.098,0.545,0.0,0,0.05
9,31.35,627,cruise,19.871,19.99,31.32,26.99,4.329,-0.119,1.567,29.332,19.872,2.342,-0.119,0.408,0.0,0,0.1
9,31.4,628,cruise,19.871,20.005,31.313,27.005,4.308,-0.133,1.565,31.313,19.871,4.308,-0.133,0.67,0.0,1,0.0
9,31.45,629,cruise,19.871,20.013,31.306,27.013,4.293,-0.142,1.564,31.306,19.871,4.293,-0.142,0.668,0.0,1,0.0
9,31.5,630,cruise,19.871,20.041,31.298,27.041,4.257,-0.17,1.562,30.305,19.871,3.263,-0.17,0.529,0.0,0,0.05
9,31.55,631,cruise,19.871,20.078,31.289,27.078,4.211,-0.206,1.558,31.289,19.871,4.211,-0.206,0.655,0.0,1,0.0
9,31.6,632,cruise,19.871,20.115,31.277,27.115,4.163,-0.243,1.555,30.284,19.871,3.169,-0.243,0.514,0.0,0,0.05
9,31.65,633,cruise,19.871,20.154,31.264,27.154,4.109,-0.283,1.551,29.277,19.871,2.122,-0.283,0.374,0.0,0,0.1
9,31.7,634,cruise,19.871,20.177,31.249,27.177,4.072,-0.306,1.549,31.249,19.871,4.072,-0.306,0.633,0.0,1,0.0
9,31.75,635,cruise,19.871,20.186,31.233,27.186,4.047,-0.314,1.547,30.24,19.871,3.054,-0.314,0.497,0.0,0,0.05
9,31.8,636,cruise,19.871,20.202,31.217,27.202,4.016,-0.33,1.545,31.217,19.871,4.016,-0.33,0.624,0.0,1,0.0
9,31.85,637,cruise,19.871,20.221,31.2,27.221,3.979,-0.349,1.543,31.2,19.871,3.979,-0.349,0.619,0.0,1,0.0
9,31.9,638,cruise,19.871,20.252,31.182,27.252,3.929,-0.381,1.54,30.188,19.871,2.936,-0.381,0.479,0.0,0,0.05
9,31.95,639,cruise,19.871,20.284,31.162,27.284,3.878,-0.412,1.536,31.162,19.871,3.878,-0.412,0.603,0.0,1,0.0
9,32.0,640,cruise,19.871,20.311,31.14,27.311,3.83,-0.439,1.533,31.14,19.871,3.83,-0.439,0.596,0.0,1,0.0
9,32.05,641,cruise,19.871,20.344,31.117,27.344,3.773,-0.473,1.53,30.124,19.871,2.78,-0.473,0.455,0.0,0,0.05
9,32.1,642,cruise,19.871,20.374,31.093,27.374,3.719,-0.502,1.526,29.106,19.871,1.732,-0.502,0.314,0.0,0,0.1
9,32.15,643,cruise,19.871,20.382,31.067,27.382,3.686,-0.51,1.524,31.067,19.871,3.686,-0.51,0.574,0.0,1,0.0
9,32.2,644,cruise,19.871,20.373,31.042,27.373,3.669,-0.501,1.524,30.049,19.871,2.676,-0.501,0.44,0.0,0,0.05
9,32.25,645,cruise,19.871,20.369,31.017,27.369,3.648,-0.497,1.523,29.03,19.871,1.661,-0.497,0.305,0.0,0,0.1
9,32.3,646,cruise,19.871,20.354,30.993,27.354,3.639,-0.482,1.523,28.012,19.871,0.659,-0.482,0.172,0.0,0,0.15
9,32.35,647,cruise,19.871,20.314,30.97,27.314,3.656,-0.442,1.525,26.995,19.871,-0.318,-0.442,0.043,0.0,0,0.2
9,32.4,648,cruise,19.871,20.242,30.95,27.242,3.708,-0.37,1.529,30.95,19.871,3.708,-0.37,0.582,0.0,1,0.0
9,32.45,649,cruise,19.871,20.149,30.934,27.149,3.785,-0.278,1.535,29.94,19.871,2.791,-0.278,0.463,0.0,0,0.05
9,32.5,650,cruise,19.871,20.075,30.923,27.075,3.848,-0.203,1.54,30.923,19.871,3.848,-0.203,0.606,0.0,1,0.0
9,32.55,651,cruise,19.871,20.031,30.914,27.031,3.883,-0.16,1.543,29.92,19.871,2.889,-0.16,0.48,0.0,0,0.05
9,32.6,652,cruise,19.872,20.012,30.907,27.012,3.894,-0.141,1.544,28.919,19.871,1.907,-0.141,0.35,0.0,0,0.1
9,32.65,653,cruise,19.872,19.994,30.9,26.994,3.906,-0.122,1.545,30.9,19.872,3.906,-0.122,0.617,0.0,1,0.0
9,32.7,654,cruise,19.872,19.973,30.894,26.973,3.921,-0.101,1.547,30.894,19.872,3.921,-0.101,0.619,0.0,1,0.0
9,32.75,655,cruise,19.871,19.975,30.889,26.975,3.914,-0.104,1.546,30.889,19.871,3.914,-0.104,0.618,0.0,1,0.0
9,32.8,656,cruise,19.871,19.996,30.884,26.996,3.888,-0.125,1.544,29.89,19.871,2.894,-0.125,0.482,0.0,0,0.05
9,32.85,657,cruise,19.871,20.021,30.877,27.021,3.856,-0.149,1.542,28.889,19.871,1.869,-0.149,0.344,0.0,0,0.1
9,32.9,658,cruise,19.871,20.029,30.869,27.029,3.839,-0.158,1.541,30.869,19.871,3.839,-0.158,0.607,0.0,1,0.0
9,32.95,659,cruise,19.872,20.026,30.861,27.026,3.835,-0.154,1.541,30.861,19.872,3.835,-0.154,0.606,0.0,1,0.0
9,33.0,660,cruise,19.872,20.037,30.853,27.037,3.816,-0.166,1.54,30.853,19.872,3.816,-0.166,0.603,0.0,1,0.0
9,33.05,661,cruise,19.872,20.062,30.844,27.062,3.782,-0.191,1.537,30.844,19.872,3.782,-0.191,0.598,0.0,1,0.0
9,33.1,662,cruise,19.872,20.095,30.833,27.095,3.738,-0.224,1.534,29.84,19.872,2.745,-0.223,0.459,0.0,0,0.05
9,33.15,663,cruise,19.871,20.125,30.821,27.125,3.696,-0.253,1.532,28.834,19.872,1.709,-0.253,0.319,0.0,0,0.1
9,33.2,664,cruise,19.871,20.133,30.808,27.133,3.675,-0.262,1.53,30.808,19.871,3.675,-0.262,0.581,0.0,1,0.0
9,33.25,665,cruise,19.871,20.126,30.795,27.126,3.669,-0.255,1.53,29.802,19.871,2.676,-0.255,0.448,0.0,0,0.05
9,33.3,666,cruise,19.871,20.125,30.783,27.125,3.658,-0.253,1.53,28.796,19.871,1.671,-0.253,0.314,0.0,0,0.1
9,33.35,667,cruise,19.871,20.112,30.77,27.112,3.658,-0.241,1.53,27.79,19.871,0.677,-0.241,0.182,0.0,0,0.15
9,33.4,668,cruise,19.872,20.076,30.759,27.076,3.684,-0.204,1.532,30.759,19.872,3.684,-0.204,0.584,0.0,1,0.0
9,33.45,669,cruise,19.872,20.022,30.751,27.022,3.728,-0.151,1.536,29.757,19.872,2.735,-0.151,0.46,0.0,0,0.05
9,33.5,670,cruise,19.872,19.983,30.744,26.983,3.761,-0.112,1.539,28.757,19.872,1.774,-0.112,0.333,0.0,0,0.1
9,33.55,671,cruise,19.872,19.949,30.74,26.949,3.791,-0.077,1.541,30.74,19.872,3.791,-0.077,0.603,0.0,1,0.0
9,33.6,672,cruise,19.871,19.916,30.737,26.916,3.821,-0.045,1.543,29.743,19.872,2.827,-0.045,0.475,0.0,0,0.05
9,33.65,673,cruise,19.871,19.901,30.735,26.901,3.834,-0.03,1.544,28.748,19.872,1.847,-0.03,0.345,0.0,0,0.1
9,33.7,674,cruise,19.871,19.884,30.734,26.884,3.85,-0.013,1.546,30.734,19.871,3.85,-0.013,0.613,0.0,1,0.0
9,33.75,675,cruise,19.871,19.864,30.734,26.864,3.87,0.007,1.547,29.741,19.871,2.876,0.007,0.484,0.0,0,0.05
9,33.8,676,cruise,19.871,19.859,30.735,26.859,3.875,0.012,1.548,30.735,19.871,3.875,0.012,0.617,0.0,1,0.0
9,33.85,677,cruise,19.872,19.864,30.735,26.864,3.872,0.008,1.547,30.735,19.872,3.872,0.008,0.616,0.0,1,0.0
9,33.9,678,cruise,19.872,19.885,30.735,26.885,3.85,-0.014,1.546,29.742,19.872,2.856,-0.014,0.48,0.0,0,0.05
9,33.95,679,cruise,19.872,19.91,30.734,26.91,3.823,-0.039,1.544,28.746,19.872,1.836,-0.039,0.344,0.0,0,0.1
9,34.0,680,cruise,19.871,19.919,30.731,26.919,3.812,-0.048,1.543,27.751,19.872,0.831,-0.048,0.209,0.0,0,0.15
9,34.05,681,cruise,19.871,19.9,30.729,26.9,3.829,-0.03,1.544,26.755,19.872,-0.145,-0.029,0.08,0.0,0,0.2
9,34.1,682,cruise,19.87,19.847,30.729,26.847,3.883,0.024,1.548,30.729,19.87,3.883,0.024,0.618,0.0,1,0.0
9,34.15,683,cruise,19.87,19.771,30.733,26.771,3.962,0.099,1.554,29.739,19.87,2.968,0.099,0.499,0.0,0,0.05
9,34.2,684,cruise,19.871,19.712,30.74,26.712,4.028,0.158,1.559,28.753,19.87,2.04,0.158,0.377,0.0,0,0.1
9,34.25,685,cruise,19.871,19.671,30.75,26.671,4.078,0.2,1.563,27.769,19.87,1.097,0.199,0.253,0.0,0,0.15
9,34.3,686,cruise,19.871,19.625,30.761,26.625,4.136,0.246,1.567,30.761,19.871,4.136,0.246,0.66,0.0,1,0.0
9,34.35,687,cruise,19.872,19.576,30.775,26.576,4.199,0.296,1.572,29.781,19.871,3.205,0.296,0.537,0.0,0,0.05
9,34.4,688,cruise,19.871,19.549,30.79,26.549,4.241,0.322,1.575,28.803,19.871,2.254,0.322,0.411,0.0,0,0.1
9,34.45,689,cruise,19.871,19.534,30.807,26.534,4.273,0.337,1.577,27.826,19.871,1.293,0.338,0.284,0.0,0,0.15
9,34.5,690,cruise,19.871,19.508,30.824,26.508,4.316,0.362,1.58,30.824,19.871,4.316,0.362,0.688,0.0,1,0.0
9,34.55,691,cruise,19.87,19.476,30.843,26.476,4.367,0.394,1.584,29.85,19.871,3.374,0.394,0.563,0.0,0,0.05
9,34.6,692,cruise,19.871,19.465,30.864,26.465,4.399,0.406,1.586,28.877,19.871,2.412,0.406,0.435,0.0,0,0.1
9,34.65,693,cruise,19.871,19.462,30.884,26.462,4.422,0.409,1.587,27.903,19.871,1.442,0.409,0.306,0.0,0,0.15
9,34.7,694,cruise,19.871,19.448,30.905,26.448,4.457,0.423,1.589,30.905,19.871,4.457,0.423,0.708,0.0,1,0.0
9,34.75,695,cruise,19.871,19.426,30.927,26.426,4.501,0.446,1.592,29.933,19.871,3.507,0.446,0.583,0.0,0,0.05
9,34.8,696,cruise,19.871,19.423,30.949,26.423,4.526,0.448,1.593,30.949,19.871,4.526,0.448,0.718,0.0,1,0.0
9,34.85,697,cruise,19.871,19.443,30.971,26.443,4.528,0.428,1.593,29.977,19.871,3.534,0.428,0.586,0.0,0,0.05
9,34.9,698,cruise,19.871,19.481,30.991,26.481,4.511,0.39,1.591,30.991,19.871,4.511,0.39,0.714,0.0,1,0.0
9,34.95,699,cruise,19.847,19.527,31.009,26.527,4.482,0.32,1.588,31.009,19.847,4.482,0.32,0.708,0.0,1,0.0
9,35.0,700,cruise,19.785,19.589,31.021,26.589,4.432,0.196,1.584,30.03,19.847,3.442,0.258,0.567,0.0,0,0.05
9,35.05,701,cruise,19.727,19.653,31.025,26.653,4.372,0.074,1.579,31.025,19.727,4.372,0.074,0.685,0.0,1,0.0
9,35.1,702,cruise,19.756,19.714,31.026,26.714,4.312,0.042,1.574,31.026,19.756,4.312,0.042,0.676,0.0,1,0.0
9,35.15,703,cruise,19.825,19.781,31.026,26.781,4.245,0.044,1.568,30.038,19.756,3.257,-0.025,0.533,0.0,0,0.05
9,35.2,704,cruise,19.9,19.844,31.026,26.844,4.181,0.056,1.563,31.026,19.9,4.181,0.056,0.659,0.0,1,0.0
9,35.25,705,cruise,19.954,19.9,31.025,26.9,4.125,0.054,1.559,30.032,19.9,3.132,0.0,0.518,0.0,0,0.05
9,35.3,706,cruise,19.962,19.952,31.021,26.952,4.069,0.01,1.555,29.035,19.9,2.083,-0.052,0.376,0.0,0,0.1
9,35.35,707,cruise,19.924,19.984,31.014,26.984,4.031,-0.06,1.552,28.037,19.9,1.053,-0.084,0.238,0.0,0,0.15
9,35.4,708,cruise,19.863,19.983,31.003,26.983,4.02,-0.12,1.551,27.037,19.9,0.054,-0.083,0.104,0.0,0,0.2
9,35.45,709,cruise,19.806,19.944,30.989,26.944,4.045,-0.138,1.554,30.989,19.806,4.045,-0.138,0.635,0.0,1,0.0
9,35.5,710,cruise,19.777,19.88,30.976,26.88,4.096,-0.103,1.558,30.976,19.777,4.096,-0.103,0.643,0.0,1,0.0
9,35.55,711,cruise,19.789,19.833,30.966,26.833,4.133,-0.044,1.561,30.966,19.789,4.133,-0.044,0.65,0.0,1,0.0
9,35.6,712,cruise,19.815,19.823,30.959,26.823,4.136,-0.008,1.562,30.959,19.815,4.136,-0.008,0.651,0.0,1,0.0
9,35.65,713,cruise,19.875,19.84,30.955,26.84,4.116,0.036,1.56,29.969,19.815,3.129,-0.024,0.516,0.0,0,0.05
9,35.7,714,cruise,19.903,19.866,30.954,26.866,4.088,0.038,1.558,28.977,19.815,2.111,-0.051,0.38,0.0,0,0.1
9,35.75,715,cruise,19.928,19.88,30.954,26.88,4.074,0.048,1.557,30.954,19.928,4.074,0.048,0.645,0.0,1,0.0
9,35.8,716,cruise,19.91,19.885,30.956,26.885,4.071,0.025,1.557,30.956,19.91,4.071,0.025,0.644,0.0,1,0.0
9,35.85,717,cruise,19.88,19.907,30.956,26.907,4.049,-0.027,1.555,29.963,19.91,3.056,0.003,0.508,0.0,0,0.05
9,35.9,718,cruise,19.835,19.936,30.953,26.936,4.017,-0.101,1.553,28.969,19.91,2.033,-0.026,0.37,0.0,0,0.1
9,35.95,719,cruise,19.815,19.951,30.949,26.951,3.998,-0.136,1.551,30.949,19.815,3.998,-0.136,0.629,0.0,1,0.0
9,36.0,720,cruise,19.807,19.954,30.944,26.954,3.99,-0.147,1.551,30.944,19.807,3.99,-0.147,0.627,0.0,1,0.0
9,36.05,721,cruise,19.839,19.973,30.94,26.973,3.967,-0.135,1.549,29.949,19.807,2.976,-0.167,0.491,0.0,0,0.05
9,36.1,722,cruise,19.871,19.998,30.938,26.998,3.939,-0.127,1.547,28.953,19.807,1.955,-0.191,0.354,0.0,0,0.1
9,36.15,723,cruise,19.907,20.008,30.936,27.008,3.928,-0.101,1.546,27.957,19.807,0.949,-0.201,0.22,0.0,0,0.15
9,36.2,724,cruise,19.913,19.991,30.935,26.991,3.945,-0.078,1.548,26.961,19.807,-0.029,-0.184,0.09,0.0,0,0.2
9,36.25,725,cruise,19.901,19.939,30.937,26.939,3.998,-0.038,1.552,25.968,19.807,-0.971,-0.132,0.0,0.026,0,0.25
9,36.3,726,cruise,19.868,19.848,30.941,26.848,4.093,0.02,1.559,24.978,19.807,-1.87,-0.041,0.0,0.113,0,0.3
9,36.35,727,cruise,19.84,19.716,30.949,26.716,4.234,0.124,1.57,30.949,19.84,4.234,0.124,0.669,0.0,1,0.0
9,36.4,728,cruise,19.823,19.589,30.963,26.589,4.374,0.235,1.581,30.963,19.823,4.374,0.235,0.691,0.0,1,0.0
9,36.45,729,cruise,19.831,19.492,30.981,26.492,4.489,0.339,1.589,29.992,19.823,3.499,0.331,0.578,0.0,0,0.05
9,36.5,730,cruise,19.853,19.44,31.004,26.44,4.564,0.413,1.595,29.024,19.823,2.584,0.383,0.457,0.0,0,0.1
9,36.55,731,cruise,19.881,19.39,31.029,26.39,4.639,0.491,1.6,28.058,19.823,1.668,0.433,0.337,0.0,0,0.15
9,36.6,732,cruise,19.897,19.298,31.057,26.298,4.759,0.599,1.609,27.095,19.823,0.797,0.525,0.224,0.0,0,0.2
9,36.65,733,cruise,19.897,19.17,31.09,26.17,4.92,0.727,1.622,26.136,19.823,-0.034,0.653,0.117,0.0,0,0.25
9,36.7,734,cruise,19.88,19.085,31.126,26.085,5.041,0.796,1.631,31.126,19.88,5.041,0.796,0.799,0.0,1,0.0
9,36.75,735,cruise,19.859,19.011,31.165,26.011,5.154,0.849,1.639,30.174,19.88,4.164,0.87,0.684,0.0,0,0.05
9,36.8,736,cruise,19.842,18.956,31.206,25.956,5.249,0.886,1.646,31.206,19.842,5.249,0.886,0.829,0.0,1,0.0
9,36.85,737,cruise,19.839,18.948,31.247,25.948,5.299,0.891,1.649,30.258,19.842,4.31,0.894,0.704,0.0,0,0.05
9,36.9,738,cruise,19.848,18.978,31.288,25.978,5.311,0.87,1.649,29.31,19.842,3.332,0.865,0.573,0.0,0,0.1
9,36.95,739,cruise,19.865,19.018,31.329,26.018,5.311,0.847,1.647,31.329,19.865,5.311,0.847,0.836,0.0,1,0.0
9,37.0,740,cruise,19.88,19.065,31.37,26.065,5.305,0.815,1.645,31.37,19.88,5.305,0.815,0.834,0.0,1,0.0
9,37.05,741,cruise,19.886,19.14,31.409,26.14,5.269,0.746,1.641,31.409,19.886,5.269,0.746,0.827,0.0,1,0.0
9,37.1,742,cruise,19.881,19.237,31.445,26.237,5.208,0.644,1.635,30.453,19.886,4.215,0.649,0.684,0.0,0,0.05
9,37.15,743,cruise,19.869,19.34,31.476,26.34,5.137,0.529,1.628,29.492,19.886,3.152,0.546,0.538,0.0,0,0.1
9,37.2,744,cruise,19.856,19.407,31.504,26.407,5.096,0.449,1.623,31.504,19.856,5.096,0.449,0.794,0.0,1,0.0
9,37.25,745,cruise,19.849,19.479,31.527,26.479,5.048,0.37,1.619,30.536,19.856,4.057,0.377,0.653,0.0,0,0.05
9,37.3,746,cruise,19.85,19.53,31.548,26.53,5.017,0.32,1.615,29.565,19.856,3.035,0.326,0.515,0.0,0,0.1
9,37.35,747,cruise,19.859,19.596,31.565,26.596,4.969,0.263,1.611,28.59,19.856,1.994,0.26,0.375,0.0,0,0.15
9,37.4,748,cruise,19.869,19.621,31.581,26.621,4.96,0.248,1.61,31.581,19.869,4.96,0.248,0.77,0.0,1,0.0
9,37.45,749,cruise,19.876,19.638,31.597,26.638,4.959,0.238,1.609,31.597,19.876,4.959,0.238,0.769,0.0,1,0.0
9,37.5,750,cruise,19.877,19.662,31.611,26.662,4.949,0.215,1.608,30.618,19.876,3.956,0.215,0.635,0.0,0,0.05
9,37.55,751,cruise,19.872,19.717,31.623,26.717,4.907,0.155,1.604,31.623,19.872,4.907,0.155,0.759,0.0,1,0.0
9,37.6,752,cruise,19.864,19.763,31.632,26.763,4.869,0.101,1.601,31.632,19.864,4.869,0.101,0.753,0.0,1,0.0
9,37.65,753,cruise,19.857,19.84,31.636,26.84,4.796,0.017,1.595,30.644,19.864,3.803,0.024,0.608,0.0,0,0.05
9,37.7,754,cruise,19.855,19.907,31.637,26.907,4.73,-0.052,1.589,31.637,19.855,4.73,-0.052,0.729,0.0,1,0.0
9,37.75,755,cruise,19.858,19.981,31.634,26.981,4.653,-0.123,1.583,31.634,19.858,4.653,-0.123,0.716,0.0,1,0.0
9,37.8,756,cruise,19.864,20.053,31.627,27.053,4.574,-0.189,1.577,30.634,19.858,3.581,-0.195,0.571,0.0,0,0.05
9,37.85,757,cruise,19.87,20.123,31.616,27.123,4.493,-0.253,1.571,31.616,19.87,4.493,-0.253,0.691,0.0,1,0.0
9,37.9,758,cruise,19.872,20.187,31.602,27.187,4.414,-0.315,1.565,30.608,19.87,3.421,-0.318,0.546,0.0,0,0.05
9,37.95,759,cruise,19.871,20.245,31.584,27.245,4.339,-0.374,1.56,29.597,19.87,2.352,-0.375,0.401,0.0,0,0.1
9,38.0,760,cruise,19.864,20.283,31.564,27.283,4.281,-0.419,1.556,31.564,19.864,4.281,-0.419,0.657,0.0,1,0.0
9,38.05,761,cruise,19.86,20.3,31.542,27.3,4.243,-0.44,1.554,30.549,19.864,3.25,-0.436,0.519,0.0,0,0.05
9,38.1,762,cruise,19.851,20.324,31.52,27.324,4.196,-0.472,1.551,29.534,19.864,2.21,-0.46,0.379,0.0,0,0.1
9,38.15,763,cruise,19.843,20.332,31.495,27.332,4.163,-0.489,1.549,28.518,19.864,1.186,-0.468,0.242,0.0,0,0.15
9,38.2,764,cruise,19.853,20.315,31.471,27.315,4.156,-0.462,1.549,27.502,19.864,0.187,-0.451,0.11,0.0,0,0.2
9,38.25,765,cruise,19.856,20.262,31.449,27.262,4.188,-0.406,1.552,26.488,19.864,-0.774,-0.398,0.0,0.012,0,0.25
9,38.3,766,cruise,19.871,20.17,31.431,27.17,4.261,-0.299,1.558,31.431,19.871,4.261,-0.299,0.658,0.0,1,0.0
9,38.35,767,cruise,19.86,20.057,31.418,27.057,4.361,-0.197,1.566,30.426,19.871,3.369,-0.187,0.543,0.0,0,0.05
9,38.4,768,cruise,19.866,19.964,31.41,26.964,4.446,-0.097,1.573,31.41,19.866,4.446,-0.097,0.69,0.0,1,0.0
9,38.45,769,cruise,19.845,19.913,31.405,26.913,4.492,-0.069,1.577,30.414,19.866,3.501,-0.047,0.565,0.0,0,0.05
9,38.5,770,cruise,19.851,19.899,31.401,26.899,4.502,-0.047,1.578,31.401,19.851,4.502,-0.047,0.699,0.0,1,0.0
9,38.55,771,cruise,19.836,19.904,31.396,26.904,4.491,-0.069,1.577,31.396,19.836,4.491,-0.069,0.697,0.0,1,0.0
9,38.6,772,cruise,19.853,19.935,31.389,26.935,4.454,-0.082,1.575,30.4,19.836,3.465,-0.099,0.559,0.0,0,0.05
9,38.65,773,cruise,19.847,19.973,31.38,26.973,4.407,-0.126,1.571,29.402,19.836,2.429,-0.137,0.419,0.0,0,0.1
9,38.7,774,cruise,19.821,19.998,31.366,26.998,4.368,-0.177,1.568,28.402,19.836,1.405,-0.162,0.282,0.0,0,0.15
9,38.75,775,cruise,19.845,19.995,31.351,26.995,4.356,-0.15,1.568,31.351,19.845,4.356,-0.15,0.676,0.0,1,0.0
9,38.8,776,cruise,19.856,19.973,31.337,26.973,4.365,-0.117,1.569,30.353,19.845,3.38,-0.128,0.546,0.0,0,0.05
9,38.85,777,cruise,19.882,19.962,31.325,26.962,4.362,-0.08,1.569,29.355,19.845,2.393,-0.117,0.415,0.0,0,0.1
9,38.9,778,cruise,19.869,19.954,31.311,26.954,4.357,-0.085,1.569,28.358,19.845,1.404,-0.109,0.284,0.0,0,0.15
9,38.95,779,cruise,19.873,19.93,31.298,26.93,4.368,-0.057,1.57,31.298,19.873,4.368,-0.057,0.68,0.0,1,0.0
9,39.0,780,cruise,19.842,19.895,31.284,26.895,4.389,-0.053,1.572,30.304,19.873,3.409,-0.021,0.554,0.0,0,0.05
9,39.05,781,cruise,19.841,19.877,31.27,26.877,4.394,-0.035,1.573,29.312,19.873,2.435,-0.003,0.425,0.0,0,0.1
9,39.1,782,cruise,19.821,19.865,31.256,26.865,4.391,-0.044,1.573,31.256,19.821,4.391,-0.044,0.684,0.0,1,0.0
9,39.15,783,cruise,19.768,19.855,31.237,26.855,4.382,-0.087,1.573,30.266,19.821,3.41,-0.034,0.554,0.0,0,0.05
9,39.2,784,cruise,19.795,19.863,31.217,26.863,4.353,-0.068,1.572,29.276,19.821,2.413,-0.043,0.42,0.0,0,0.1
9,39.25,785,cruise,19.827,19.868,31.196,26.868,4.328,-0.041,1.57,28.286,19.821,1.418,-0.047,0.287,0.0,0,0.15
9,39.3,786,cruise,19.892,19.853,31.179,26.853,4.326,0.039,1.57,27.296,19.821,0.443,-0.032,0.158,0.0,0,0.2
9,39.35,787,cruise,19.912,19.809,31.164,26.809,4.355,0.103,1.573,26.309,19.821,-0.5,0.012,0.034,0.0,0,0.25
9,39.4,788,cruise,19.924,19.731,31.154,26.731,4.424,0.193,1.579,31.154,19.924,4.424,0.193,0.696,0.0,1,0.0
9,39.45,789,cruise,19.874,19.631,31.148,26.631,4.517,0.244,1.587,31.148,19.874,4.517,0.244,0.71,0.0,1,0.0
9,39.5,790,cruise,19.776,19.549,31.14,26.549,4.591,0.226,1.593,31.14,19.776,4.591,0.226,0.72,0.0,1,0.0
9,39.55,791,cruise,19.748,19.515,31.132,26.515,4.617,0.233,1.595,30.176,19.776,3.661,0.261,0.597,0.0,0,0.05
9,39.6,792,cruise,19.733,19.511,31.124,26.511,4.612,0.222,1.595,31.124,19.733,4.612,0.222,0.722,0.0,1,0.0
9,39.65,793,cruise,19.776,19.524,31.117,26.524,4.593,0.252,1.594,30.163,19.733,3.639,0.209,0.592,0.0,0,0.05
9,39.7,794,cruise,19.798,19.558,31.111,26.558,4.553,0.24,1.591,31.111,19.798,4.553,0.24,0.715,0.0,1,0.0
9,39.75,795,cruise,19.871,19.59,31.107,26.59,4.517,0.281,1.588,31.107,19.871,4.517,0.281,0.712,0.0,1,0.0
9,39.8,796,decelerate,19.904,19.647,31.105,26.647,4.458,0.257,1.583,31.105,19.904,4.458,0.257,0.703,0.0,1,0.0
9,39.85,797,decelerate,19.938,19.695,31.104,26.695,4.409,0.243,1.579,31.104,19.938,4.409,0.243,0.696,0.0,1,0.0
9,39.9,798,decelerate,19.869,19.766,31.1,26.766,4.334,0.103,1.573,30.142,19.938,3.376,0.172,0.556,0.0,0,0.05
9,39.95,799,decelerate,19.671,19.809,31.085,26.809,4.276,-0.138,1.569,31.085,19.671,4.276,-0.138,0.665,0.0,1,0.0
9,40.0,800,decelerate,19.488,19.866,31.06,26.866,4.194,-0.377,1.563,31.06,19.488,4.194,-0.377,0.647,0.0,1,0.0
9,40.05,801,decelerate,19.261,19.898,31.023,26.898,4.125,-0.637,1.559,31.023,19.261,4.125,-0.637,0.629,0.0,1,0.0
9,40.1,802,decelerate,19.052,19.92,30.975,26.92,4.055,-0.868,1.555,30.975,19.052,4.055,-0.868,0.612,0.0,1,0.0
9,40.15,803,decelerate,18.83,19.971,30.918,26.971,3.947,-1.141,1.548,30.009,19.052,3.037,-0.92,0.474,0.0,0,0.05
9,40.2,804,decelerate,18.615,19.995,30.851,26.995,3.856,-1.38,1.543,30.851,18.615,3.856,-1.38,0.568,0.0,1,0.0
9,40.25,805,decelerate,18.427,20.023,30.776,27.023,3.753,-1.596,1.537,30.776,18.427,3.753,-1.596,0.547,0.0,1,0.0
9,40.3,806,decelerate,18.22,20.023,30.691,27.023,3.668,-1.804,1.533,30.691,18.22,3.668,-1.804,0.529,0.0,1,0.0
9,40.35,807,decelerate,18.06,20.044,30.599,27.044,3.554,-1.985,1.527,29.727,18.22,2.682,-1.825,0.397,0.0,0,0.05
9,40.4,808,decelerate,17.876,20.023,30.498,27.023,3.476,-2.147,1.523,30.498,17.876,3.476,-2.147,0.492,0.0,1,0.0
9,40.45,809,decelerate,17.73,20.018,30.392,27.018,3.373,-2.289,1.518,30.392,17.73,3.373,-2.289,0.473,0.0,1,0.0
9,40.5,810,decelerate,17.551,19.981,30.278,26.981,3.297,-2.43,1.515,30.278,17.551,3.297,-2.43,0.459,0.0,1,0.0
9,40.55,811,decelerate,17.401,19.91,30.158,26.91,3.248,-2.509,1.515,30.158,17.401,3.248,-2.509,0.449,0.0,1,0.0
9,40.6,812,decelerate,17.209,19.887,30.03,26.887,3.144,-2.678,1.51,29.201,17.401,2.314,-2.486,0.326,0.0,0,0.05
9,40.65,813,decelerate,17.052,19.836,29.896,26.836,3.06,-2.784,1.507,28.243,17.401,1.408,-2.435,0.207,0.0,0,0.1
9,40.7,814,decelerate,16.885,19.792,29.759,26.792,2.967,-2.906,1.504,27.286,17.401,0.495,-2.39,0.086,0.0,0,0.15
9,40.75,815,decelerate,16.701,19.689,29.618,26.689,2.929,-2.989,1.504,29.618,16.701,2.929,-2.989,0.391,0.0,1,0.0
9,40.8,816,decelerate,16.532,19.596,29.474,26.596,2.878,-3.064,1.504,28.674,16.701,2.078,-2.895,0.281,0.0,0,0.05
9,40.85,817,decelerate,16.331,19.478,29.325,26.478,2.847,-3.147,1.506,29.325,16.331,2.847,-3.147,0.375,0.0,1,0.0
9,40.9,818,decelerate,16.178,19.401,29.173,26.401,2.773,-3.223,1.504,28.391,16.331,1.99,-3.069,0.263,0.0,0,0.05
9,40.95,819,decelerate,16.021,19.301,29.021,26.301,2.721,-3.28,1.504,27.459,16.331,1.159,-2.969,0.156,0.0,0,0.1
9,41.0,820,decelerate,15.826,19.216,28.865,26.216,2.649,-3.39,1.502,28.865,15.826,2.649,-3.39,0.34,0.0,1,0.0
9,41.05,821,decelerate,15.665,19.097,28.707,26.097,2.61,-3.432,1.503,27.946,15.826,1.849,-3.27,0.238,0.0,0,0.05
9,41.1,822,decelerate,15.5,19.008,28.547,26.008,2.539,-3.508,1.502,28.547,15.5,2.539,-3.508,0.322,0.0,1,0.0
9,41.15,823,decelerate,15.306,18.893,28.384,25.893,2.491,-3.586,1.502,27.637,15.5,1.744,-3.392,0.22,0.0,0,0.05
9,41.2,824,decelerate,15.144,18.809,28.217,25.809,2.408,-3.665,1.5,28.217,15.144,2.408,-3.665,0.299,0.0,1,0.0
9,41.25,825,decelerate,14.953,18.697,28.046,25.697,2.35,-3.743,1.5,28.046,14.953,2.35,-3.743,0.289,0.0,1,0.0
9,41.3,826,decelerate,14.798,18.615,27.871,25.615,2.257,-3.817,1.497,27.871,14.798,2.257,-3.817,0.274,0.0,1,0.0
9,41.35,827,decelerate,14.713,18.506,27.697,25.506,2.19,-3.793,1.497,26.978,14.798,1.472,-3.709,0.173,0.0,0,0.05
9,41.4,828,decelerate,14.594,18.421,27.522,25.421,2.1,-3.827,1.494,26.087,14.798,0.666,-3.623,0.068,0.0,0,0.1
9,41.45,829,decelerate,14.364,18.29,27.344,25.29,2.054,-3.927,1.495,27.344,14.364,2.054,-3.927,0.243,0.0,1,0.0
9,41.5,830,decelerate,14.0,18.182,27.156,25.182,1.975,-4.181,1.494,27.156,14.0,1.975,-4.181,0.224,0.0,1,0.0
9,41.55,831,decelerate,13.711,18.047,26.958,25.047,1.91,-4.336,1.494,26.958,13.711,1.91,-4.336,0.21,0.0,1,0.0
9,41.6,832,decelerate,13.514,17.947,26.752,24.947,1.805,-4.433,1.491,26.086,13.711,1.139,-4.236,0.111,0.0,0,0.05
9,41.65,833,decelerate,13.395,17.813,26.544,24.813,1.731,-4.418,1.49,26.544,13.395,1.731,-4.418,0.184,0.0,1,0.0
9,41.7,834,decelerate,13.313,17.705,26.337,24.705,1.632,-4.392,1.488,25.682,13.395,0.977,-4.31,0.087,0.0,0,0.05
9,41.75,835,decelerate,13.261,17.561,26.132,24.561,1.57,-4.301,1.488,24.823,13.395,0.262,-4.167,0.0,0.003,0,0.1
9,41.8,836,decelerate,13.144,17.44,25.929,24.44,1.489,-4.296,1.487,25.929,13.144,1.489,-4.296,0.155,0.0,1,0.0
9,41.85,837,decelerate,12.944,17.282,25.723,24.282,1.441,-4.338,1.488,25.082,13.144,0.8,-4.138,0.069,0.0,0,0.05
9,41.9,838,decelerate,12.739,17.159,25.512,24.159,1.353,-4.42,1.487,25.512,12.739,1.353,-4.42,0.133,0.0,1,0.0
9,41.95,839,decelerate,12.528,17.006,25.297,24.006,1.292,-4.478,1.488,24.676,12.739,0.67,-4.267,0.047,0.0,0,0.05
9,42.0,840,decelerate,12.322,16.884,25.079,23.884,1.194,-4.562,1.485,25.079,12.322,1.194,-4.562,0.107,0.0,1,0.0
9,42.05,841,decelerate,12.126,16.76,24.858,23.76,1.098,-4.635,1.483,24.255,12.322,0.495,-4.438,0.018,0.0,0,0.05
9,42.1,842,decelerate,11.964,16.625,24.634,23.625,1.009,-4.661,1.482,23.437,12.322,-0.189,-4.303,0.0,0.051,0,0.1
9,42.15,843,decelerate,11.792,16.481,24.409,23.481,0.928,-4.69,1.481,24.409,11.792,0.928,-4.69,0.067,0.0,1,0.0
9,42.2,844,decelerate,11.625,16.313,24.183,23.313,0.871,-4.688,1.482,24.183,11.625,0.871,-4.688,0.06,0.0,1,0.0
9,42.25,845,decelerate,11.436,16.182,23.954,23.182,0.773,-4.746,1.48,23.954,11.436,0.773,-4.746,0.045,0.0,1,0.0
9,42.3,846,decelerate,11.272,16.058,23.723,23.058,0.665,-4.786,1.477,23.162,11.436,0.104,-4.622,0.0,0.03,0,0.05
9,42.35,847,decelerate,11.148,15.907,23.492,22.907,0.584,-4.759,1.477,22.376,11.436,-0.531,-4.471,0.0,0.09,0,0.1
9,42.4,848,decelerate,11.072,15.756,23.264,22.756,0.508,-4.684,1.476,21.596,11.436,-1.16,-4.32,0.0,0.149,0,0.15
9,42.45,849,decelerate,10.965,15.561,23.038,22.561,0.477,-4.595,1.481,20.823,11.436,-1.738,-4.125,0.0,0.202,0,0.2
9,42.5,850,decelerate,10.367,15.382,22.8,22.382,0.417,-5.015,1.482,20.058,11.436,-2.324,-3.946,0.0,0.257,0,0.25
9,42.55,851,decelerate,9.916,15.197,22.546,22.197,0.35,-5.281,1.484,22.546,9.916,0.35,-5.281,0.0,0.023,1,0.0
9,42.6,852,decelerate,9.594,15.025,22.283,22.025,0.258,-5.431,1.483,22.283,9.594,0.258,-5.431,0.0,0.036,1,0.0
9,42.65,853,decelerate,9.401,14.886,22.014,21.886,0.128,-5.486,1.479,22.014,9.401,0.128,-5.486,0.0,0.05,1,0.0
9,42.7,854,decelerate,9.3,14.747,21.745,21.747,-0.001,-5.447,1.475,21.282,9.401,-0.465,-5.346,0.0,0.106,0,0.05
9,42.75,855,decelerate,9.278,14.654,21.48,21.654,-0.175,-5.376,1.466,20.555,9.401,-1.1,-5.254,0.0,0.167,0,0.1
9,42.8,856,decelerate,9.305,14.583,21.218,21.583,-0.366,-5.278,1.455,21.218,9.305,-0.366,-5.278,0.0,0.094,1,0.0
9,42.85,857,decelerate,9.374,14.37,20.963,21.37,-0.406,-4.996,1.459,20.963,9.374,-0.406,-4.996,0.0,0.091,1,0.0
9,42.9,858,decelerate,9.429,14.045,20.728,21.045,-0.317,-4.616,1.476,20.728,9.429,-0.317,-4.616,0.0,0.073,1,0.0
9,42.95,859,decelerate,9.408,13.772,20.507,20.772,-0.265,-4.364,1.489,20.039,9.429,-0.733,-4.344,0.0,0.108,0,0.05
9,43.0,860,decelerate,9.302,13.523,20.296,20.523,-0.228,-4.222,1.501,19.363,9.429,-1.16,-4.095,0.0,0.145,0,0.1
9,43.05,861,decelerate,9.14,13.268,20.09,20.268,-0.178,-4.128,1.514,18.699,9.429,-1.569,-3.84,0.0,0.179,0,0.15
9,43.1,862,decelerate,8.927,13.037,19.886,20.037,-0.15,-4.11,1.525,19.886,8.927,-0.15,-4.11,0.0,0.044,1,0.0
9,43.15,863,decelerate,8.708,12.837,19.682,19.837,-0.155,-4.129,1.533,19.245,8.927,-0.592,-3.91,0.0,0.083,0,0.05
9,43.2,864,decelerate,8.469,12.623,19.475,19.623,-0.147,-4.154,1.543,19.475,8.469,-0.147,-4.154,0.0,0.045,1,0.0
9,43.25,865,decelerate,8.221,12.439,19.267,19.439,-0.172,-4.218,1.549,18.853,8.469,-0.586,-3.97,0.0,0.084,0,0.05
9,43.3,866,decelerate,7.967,12.254,19.056,19.254,-0.199,-4.287,1.555,19.056,7.967,-0.199,-4.287,0.0,0.054,1,0.0
9,43.35,867,decelerate,7.72,12.074,18.841,19.074,-0.233,-4.354,1.56,18.841,7.72,-0.233,-4.354,0.0,0.059,1,0.0
9,43.4,868,decelerate,7.46,11.883,18.622,18.883,-0.26,-4.423,1.567,18.246,7.72,-0.636,-4.162,0.0,0.094,0,0.05
9,43.45,869,decelerate,7.287,11.705,18.401,18.705,-0.304,-4.418,1.572,18.401,7.287,-0.304,-4.418,0.0,0.068,1,0.0
9,43.5,870,decelerate,7.213,11.531,18.184,18.531,-0.346,-4.318,1.577,17.824,7.287,-0.707,-4.244,0.0,0.104,0,0.05
9,43.55,871,decelerate,7.016,11.36,17.971,18.36,-0.388,-4.343,1.582,17.971,7.016,-0.388,-4.343,0.0,0.074,1,0.0
9,43.6,872,decelerate,6.538,11.177,17.747,18.177,-0.43,-4.638,1.588,17.747,6.538,-0.43,-4.638,0.0,0.086,1,0.0
9,43.65,873,decelerate,6.042,11.123,17.503,18.123,-0.621,-5.081,1.573,17.192,6.538,-0.931,-4.585,0.0,0.135,0,0.05
9,43.7,874,decelerate,5.674,11.072,17.239,18.072,-0.833,-5.398,1.557,16.64,6.538,-1.432,-4.534,0.0,0.184,0,0.1
9,43.75,875,decelerate,5.423,10.658,16.971,17.658,-0.687,-5.235,1.592,16.971,5.423,-0.687,-5.235,0.0,0.127,1,0.0
9,43.8,876,decelerate,5.263,10.132,16.722,17.132,-0.41,-4.869,1.65,16.457,5.423,-0.675,-4.709,0.0,0.113,0,0.05
9,43.85,877,decelerate,5.18,9.706,16.49,16.706,-0.217,-4.526,1.699,16.49,5.18,-0.217,-4.526,0.0,0.062,1,0.0
9,43.9,878,decelerate,5.121,9.344,16.273,16.344,-0.07,-4.222,1.742,16.017,5.18,-0.327,-4.164,0.0,0.064,0,0.05
9,43.95,879,decelerate,5.09,9.032,16.072,16.032,0.04,-3.942,1.78,15.561,5.18,-0.47,-3.851,0.0,0.071,0,0.1
9,44.0,880,decelerate,5.085,8.76,15.884,15.76,0.124,-3.675,1.813,15.12,5.18,-0.64,-3.58,0.0,0.081,0,0.15
9,44.05,881,decelerate,5.113,8.499,15.709,15.499,0.21,-3.386,1.848,15.709,5.113,0.21,-3.386,0.012,0.0,1,0.0
9,44.1,882,decelerate,5.166,8.251,15.55,15.251,0.299,-3.085,1.885,15.293,5.113,0.043,-3.137,0.0,0.002,0,0.05
9,44.15,883,decelerate,5.169,8.026,15.403,15.026,0.377,-2.857,1.919,15.403,5.169,0.377,-2.857,0.052,0.0,1,0.0
9,44.2,884,decelerate,5.117,7.809,15.266,14.809,0.457,-2.692,1.955,15.01,5.169,0.201,-2.64,0.035,0.0,0,0.05
9,44.25,885,decelerate,5.043,7.602,15.137,14.602,0.535,-2.559,1.991,15.137,5.043,0.535,-2.559,0.083,0.0,1,0.0
9,44.3,886,decelerate,4.979,7.406,15.013,14.406,0.607,-2.427,2.027,14.764,5.043,0.358,-2.363,0.066,0.0,0,0.05
9,44.35,887,decelerate,4.9,7.218,14.895,14.218,0.677,-2.318,2.064,14.401,5.043,0.182,-2.175,0.049,0.0,0,0.1
9,44.4,888,decelerate,4.739,7.026,14.781,14.026,0.755,-2.287,2.104,14.781,4.739,0.755,-2.287,0.121,0.0,1,0.0
9,44.45,889,decelerate,4.537,6.857,14.666,13.857,0.809,-2.32,2.139,14.666,4.537,0.809,-2.32,0.128,0.0,1,0.0
9,44.5,890,decelerate,4.317,6.696,14.549,13.696,0.853,-2.378,2.173,14.329,4.537,0.634,-2.158,0.11,0.0,0,0.05
9,44.55,891,decelerate,4.092,6.595,14.427,13.595,0.832,-2.503,2.188,14.427,4.092,0.832,-2.503,0.125,0.0,1,0.0
9,44.6,892,decelerate,3.868,6.579,14.296,13.579,0.717,-2.711,2.173,14.296,3.868,0.717,-2.711,0.103,0.0,1,0.0
9,44.65,893,decelerate,3.652,6.453,14.156,13.453,0.703,-2.8,2.194,13.97,3.868,0.517,-2.585,0.08,0.0,0,0.05
9,44.7,894,decelerate,3.451,5.961,14.026,12.961,1.065,-2.51,2.353,13.663,3.868,0.703,-2.093,0.122,0.0,0,0.1
9,44.75,895,decelerate,3.255,5.548,13.908,12.548,1.36,-2.293,2.507,13.38,3.868,0.831,-1.68,0.153,0.0,0,0.15
9,44.8,896,decelerate,3.064,5.223,13.799,12.223,1.576,-2.159,2.642,13.114,3.868,0.891,-1.355,0.172,0.0,0,0.2
9,44.85,897,decelerate,2.878,4.987,13.693,11.987,1.706,-2.109,2.746,12.86,3.868,0.873,-1.12,0.177,0.0,0,0.25
9,44.9,898,decelerate,2.698,4.761,13.589,11.761,1.828,-2.063,2.854,12.618,3.868,0.857,-0.893,0.183,0.0,0,0.3
9,44.95,899,decelerate,2.524,4.571,13.487,11.571,1.916,-2.047,2.951,12.387,3.868,0.816,-0.703,0.184,0.0,0,0.35
9,45.0,900,decelerate,2.355,4.412,13.385,11.412,1.973,-2.057,3.034,13.385,2.355,1.973,-2.057,0.293,0.0,1,0.0
9,45.05,901,decelerate,2.192,4.285,13.281,11.285,1.996,-2.093,3.099,13.281,2.192,1.996,-2.093,0.295,0.0,1,0.0
9,45.1,902,decelerate,2.035,4.191,13.175,11.191,1.984,-2.156,3.144,13.175,2.035,1.984,-2.156,0.292,0.0,1,0.0
9,45.15,903,decelerate,1.832,4.114,13.065,11.114,1.951,-2.282,3.176,13.065,1.832,1.951,-2.282,0.284,0.0,1,0.0
9,45.2,904,decelerate,0.642,4.047,12.919,11.047,1.872,-3.405,3.192,12.919,0.642,1.872,-3.405,0.236,0.0,1,0.0
9,45.25,905,decelerate,0.001,3.98,12.725,10.98,1.745,-3.979,3.197,12.725,0.001,1.745,-3.979,0.2,0.0,1,0.0
9,45.3,906,decelerate,0.001,3.905,12.529,10.905,1.624,-3.905,3.208,12.529,0.001,1.624,-3.905,0.186,0.0,1,0.0
9,45.35,907,decelerate,0.001,3.821,12.337,10.821,1.517,-3.82,3.229,12.337,0.001,1.516,-3.82,0.175,0.0,0,0.05
9,45.4,908,decelerate,0.001,3.73,12.15,10.73,1.42,-3.729,3.257,12.15,0.001,1.42,-3.729,0.165,0.0,1,0.0
9,45.45,909,decelerate,0.001,3.625,11.967,10.625,1.342,-3.624,3.301,11.967,0.001,1.342,-3.624,0.158,0.0,0,0.05
9,45.5,910,decelerate,0.001,3.529,11.79,10.529,1.261,-3.528,3.341,11.789,0.001,1.261,-3.528,0.151,0.0,0,0.1
9,45.55,911,decelerate,0.0,3.427,11.617,10.427,1.19,-3.427,3.39,11.616,0.001,1.189,-3.426,0.144,0.0,0,0.15
9,45.6,912,decelerate,0.0,3.324,11.449,10.324,1.126,-3.324,3.445,11.449,0.0,1.126,-3.324,0.139,0.0,1,0.0
9,45.65,913,decelerate,0.0,3.218,11.287,10.218,1.068,-3.218,3.507,11.287,0.0,1.068,-3.218,0.135,0.0,1,0.0
9,45.7,914,decelerate,0.0,3.113,11.13,10.113,1.016,-3.113,3.575,11.13,0.0,1.016,-3.113,0.132,0.0,1,0.0
9,45.75,915,decelerate,0.0,3.008,10.978,10.008,0.97,-3.008,3.649,10.977,0.0,0.969,-3.008,0.129,0.0,0,0.05
9,45.8,916,decelerate,0.0,2.904,10.831,9.904,0.927,-2.904,3.729,10.831,0.0,0.927,-2.904,0.127,0.0,1,0.0
9,45.85,917,decelerate,0.0,2.801,10.689,9.801,0.888,-2.801,3.817,10.689,0.0,0.888,-2.8,0.125,0.0,0,0.05
9,45.9,918,decelerate,0.0,2.699,10.552,9.699,0.853,-2.699,3.91,10.552,0.0,0.853,-2.699,0.124,0.0,0,0.1
9,45.95,919,decelerate,0.0,2.6,10.421,9.6,0.821,-2.6,4.008,10.421,0.0,0.821,-2.6,0.123,0.0,0,0.15
9,46.0,920,decelerate,0.0,2.504,10.294,9.504,0.791,-2.504,4.112,10.294,0.0,0.791,-2.504,0.122,0.0,1,0.0
9,46.05,921,decelerate,0.0,2.408,10.172,9.408,0.764,-2.408,4.224,10.172,0.0,0.764,-2.408,0.122,0.0,1,0.0
9,46.1,922,decelerate,0.0,2.316,10.055,9.316,0.739,-2.316,4.342,10.055,0.0,0.739,-2.316,0.121,0.0,1,0.0
9,46.15,923,decelerate,0.0,2.225,9.943,9.225,0.717,-2.225,4.468,9.943,0.0,0.717,-2.225,0.121,0.0,1,0.0
9,46.2,924,stopped,0.0,2.137,9.834,9.137,0.698,-2.137,4.603,9.834,0.0,0.698,-2.137,0.122,0.0,1,0.0
9,46.25,925,stopped,0.0,2.05,9.73,9.05,0.68,-2.05,4.746,9.73,0.0,0.68,-2.05,0.122,0.0,1,0.0
9,46.3,926,stopped,0.0,1.967,9.631,8.967,0.664,-1.967,4.897,9.631,0.0,0.664,-1.967,0.123,0.0,0,0.05
9,46.35,927,stopped,0.0,1.886,9.535,8.886,0.649,-1.886,5.056,9.535,0.0,0.649,-1.886,0.124,0.0,1,0.0
9,46.4,928,stopped,0.0,1.808,9.443,8.808,0.635,-1.808,5.222,9.443,0.0,0.635,-1.808,0.124,0.0,1,0.0
9,46.45,929,stopped,0.0,1.734,9.355,8.734,0.621,-1.734,5.395,9.355,0.0,0.621,-1.734,0.125,0.0,1,0.0
9,46.5,930,stopped,0.0,1.662,9.271,8.662,0.609,-1.662,5.577,9.271,0.0,0.609,-1.662,0.126,0.0,1,0.0
9,46.55,931,stopped,0.0,1.593,9.19,8.593,0.597,-1.593,5.768,9.19,0.0,0.597,-1.593,0.126,0.0,1,0.0
9,46.6,932,stopped,0.0,1.524,9.113,8.524,0.589,-1.524,5.981,9.113,0.0,0.589,-1.524,0.128,0.0,1,0.0
9,46.65,933,stopped,0.0,1.463,9.039,8.463,0.576,-1.463,6.179,9.039,0.0,0.576,-1.463,0.128,0.0,0,0.05
9,46.7,934,stopped,0.0,1.404,8.967,8.404,0.563,-1.404,6.386,8.967,0.0,0.563,-1.404,0.128,0.0,1,0.0
9,46.75,935,stopped,0.0,1.348,8.899,8.348,0.551,-1.348,6.601,8.899,0.0,0.551,-1.348,0.129,0.0,0,0.05
9,46.8,936,stopped,0.0,1.294,8.833,8.294,0.539,-1.294,6.826,8.833,0.0,0.539,-1.294,0.129,0.0,0,0.1
9,46.85,937,stopped,0.0,1.248,8.77,8.248,0.523,-1.247,7.03,8.77,0.0,0.523,-1.247,0.128,0.0,0,0.15
9,46.9,938,stopped,0.0,1.21,8.709,8.21,0.499,-1.21,7.197,8.709,0.0,0.499,-1.21,0.126,0.0,0,0.2
9,46.95,939,stopped,0.0,1.173,8.65,8.173,0.477,-1.173,7.373,8.65,0.0,0.477,-1.173,0.124,0.0,1,0.0
9,47.0,940,stopped,0.0,1.138,8.592,8.138,0.455,-1.138,7.553,8.592,0.0,0.455,-1.138,0.123,0.0,1,0.0
9,47.05,941,stopped,0.0,1.103,8.537,8.103,0.434,-1.103,7.743,8.537,0.0,0.434,-1.103,0.121,0.0,0,0.05
9,47.1,942,stopped,0.0,1.069,8.483,8.069,0.414,-1.069,7.938,8.483,0.0,0.414,-1.069,0.12,0.0,1,0.0
9,47.15,943,stopped,0.0,1.034,8.43,8.034,0.396,-1.034,8.149,8.43,0.0,0.396,-1.034,0.118,0.0,1,0.0
9,47.2,944,stopped,0.0,1.001,8.38,8.001,0.379,-1.001,8.369,8.38,0.0,0.379,-1.001,0.117,0.0,1,0.0
9,47.25,945,stopped,0.0,0.969,8.331,7.969,0.362,-0.969,8.601,8.331,0.0,0.362,-0.969,0.116,0.0,1,0.0
9,47.3,946,stopped,0.0,0.937,8.284,7.937,0.347,-0.937,8.84,8.284,0.0,0.347,-0.937,0.115,0.0,0,0.05
9,47.35,947,stopped,0.0,0.909,8.238,7.909,0.328,-0.909,9.06,8.238,0.0,0.328,-0.909,0.113,0.0,1,0.0
9,47.4,948,stopped,0.0,0.883,8.193,7.883,0.31,-0.883,9.278,8.193,0.0,0.31,-0.883,0.112,0.0,1,0.0
9,47.45,949,stopped,0.0,0.858,8.15,7.858,0.293,-0.858,9.504,8.15,0.0,0.293,-0.858,0.11,0.0,1,0.0
9,47.5,950,stopped,0.0,0.832,8.108,7.832,0.276,-0.832,9.746,8.108,0.0,0.276,-0.832,0.109,0.0,0,0.05
9,47.55,951,stopped,0.0,0.793,8.068,7.793,0.276,-0.793,10.18,8.068,0.0,0.276,-0.793,0.11,0.0,0,0.1
9,47.6,952,stopped,0.0,0.779,8.03,7.779,0.251,-0.779,10.311,8.03,0.0,0.251,-0.779,0.107,0.0,1,0.0
9,47.65,953,stopped,0.0,0.734,7.992,7.734,0.258,-0.734,10.887,7.992,0.0,0.258,-0.734,0.11,0.0,0,0.05
9,47.7,954,stopped,0.0,0.7,7.957,7.7,0.257,-0.7,11.373,7.957,0.0,0.257,-0.7,0.111,0.0,1,0.0
9,47.75,955,stopped,0.0,0.668,7.922,7.668,0.254,-0.668,11.857,7.922,0.0,0.254,-0.668,0.112,0.0,1,0.0
9,47.8,956,stopped,0.0,0.691,7.888,7.691,0.198,-0.691,11.424,7.888,0.0,0.198,-0.691,0.103,0.0,0,0.05
9,47.85,957,stopped,0.0,0.616,7.857,7.616,0.241,-0.616,12.756,7.857,0.0,0.241,-0.616,0.112,0.0,1,0.0
9,47.9,958,stopped,0.0,0.62,7.826,7.62,0.206,-0.62,12.631,7.826,0.0,0.206,-0.62,0.107,0.0,1,0.0
9,47.95,959,stopped,0.0,0.571,7.797,7.571,0.226,-0.571,13.647,7.797,0.0,0.226,-0.571,0.111,0.0,0,0.05
9,48.0,960,stopped,0.0,0.53,7.769,7.53,0.239,-0.53,14.665,7.769,0.0,0.239,-0.53,0.114,0.0,0,0.1
9,48.05,961,stopped,0.0,0.505,7.742,7.505,0.237,-0.505,15.335,7.742,0.0,0.237,-0.505,0.115,0.0,1,0.0
9,48.1,962,stopped,0.0,0.529,7.716,7.529,0.187,-0.529,14.587,7.716,0.0,0.187,-0.529,0.107,0.0,0,0.05
9,48.15,963,stopped,0.0,0.482,7.692,7.482,0.21,-0.482,15.966,7.692,0.0,0.21,-0.482,0.112,0.0,1,0.0
9,48.2,964,stopped,0.0,0.495,7.668,7.495,0.173,-0.495,15.493,7.668,0.0,0.173,-0.495,0.107,0.0,0,0.05
9,48.25,965,stopped,0.0,0.426,7.645,7.426,0.219,-0.426,17.945,7.645,0.0,0.219,-0.426,0.115,0.0,1,0.0
9,48.3,966,stopped,0.0,0.418,7.622,7.418,0.204,-0.418,18.217,7.622,0.0,0.204,-0.418,0.113,0.0,1,0.0
9,48.35,967,stopped,0.0,0.405,7.6,7.405,0.195,-0.405,18.781,7.6,0.0,0.195,-0.405,0.113,0.0,0,0.05
9,48.4,968,stopped,0.0,0.441,7.578,7.441,0.137,-0.441,17.177,7.578,0.0,0.137,-0.441,0.104,0.0,0,0.1
9,48.45,969,stopped,0.0,0.428,7.557,7.428,0.129,-0.428,17.642,7.557,0.0,0.129,-0.428,0.103,0.0,1,0.0
9,48.5,970,stopped,0.0,0.383,7.537,7.383,0.154,-0.383,19.669,7.537,0.0,0.154,-0.383,0.108,0.0,1,0.0
9,48.55,971,stopped,0.0,0.375,7.517,7.375,0.142,-0.375,20.042,7.517,0.0,0.142,-0.375,0.106,0.0,0,0.05
9,48.6,972,stopped,0.0,0.358,7.499,7.358,0.141,-0.358,20.974,7.499,0.0,0.141,-0.358,0.107,0.0,0,0.1
9,48.65,973,stopped,0.0,0.375,7.481,7.375,0.106,-0.375,19.973,7.481,0.0,0.106,-0.375,0.102,0.0,1,0.0
9,48.7,974,stopped,0.0,0.31,7.463,7.31,0.153,-0.31,24.048,7.463,0.0,0.153,-0.31,0.11,0.0,1,0.0
9,48.75,975,stopped,0.0,0.304,7.446,7.304,0.142,-0.304,24.494,7.446,0.0,0.142,-0.304,0.109,0.0,0,0.05
9,48.8,976,stopped,0.0,0.318,7.43,7.318,0.112,-0.318,23.387,7.43,0.0,0.112,-0.318,0.104,0.0,1,0.0
9,48.85,977,stopped,0.0,0.306,7.415,7.306,0.109,-0.306,24.238,7.415,0.0,0.109,-0.306,0.104,0.0,0,0.05
9,48.9,978,stopped,0.0,0.328,7.399,7.328,0.072,-0.328,22.585,7.399,0.0,0.072,-0.328,0.099,0.0,0,0.1
9,48.95,979,stopped,0.0,0.252,7.385,7.252,0.133,-0.252,29.3,7.385,0.0,0.133,-0.252,0.109,0.0,1,0.0
9,49.0,980,stopped,0.0,0.275,7.37,7.275,0.095,-0.275,26.787,7.37,0.0,0.095,-0.275,0.104,0.0,0,0.05
9,49.05,981,stopped,0.0,0.235,7.357,7.235,0.122,-0.235,31.254,7.357,0.0,0.122,-0.235,0.108,0.0,1,0.0
9,49.1,982,stopped,0.0,0.256,7.344,7.256,0.088,-0.256,28.649,7.344,0.0,0.088,-0.256,0.103,0.0,1,0.0
9,49.15,983,stopped,0.0,0.213,7.333,7.213,0.12,-0.213,34.481,7.333,0.0,0.12,-0.213,0.109,0.0,0,0.05
9,49.2,984,stopped,0.0,0.237,7.321,7.237,0.084,-0.237,30.913,7.321,0.0,0.084,-0.237,0.103,0.0,0,0.1
9,49.25,985,stopped,0.0,0.266,7.309,7.266,0.043,-0.266,27.436,7.309,0.0,0.043,-0.266,0.097,0.0,0,0.15
9,49.3,986,stopped,0.0,0.252,7.297,7.252,0.046,-0.252,29.002,7.297,0.0,0.046,-0.252,0.098,0.0,1,0.0
9,49.35,987,stopped,0.0,0.186,7.287,7.186,0.1,-0.186,39.102,7.287,0.0,0.1,-0.186,0.107,0.0,1,0.0
9,49.4,988,stopped,0.0,0.204,7.277,7.204,0.073,-0.204,35.7,7.277,0.0,0.073,-0.204,0.103,0.0,0,0.05
9,49.45,989,stopped,0.0,0.148,7.269,7.148,0.12,-0.148,48.951,7.269,0.0,0.12,-0.148,0.111,0.0,0,0.1
