episode,time_sec,tick,leader_phase,leader_speed_mps,follower_speed_mps,distance_m,desired_distance_m,spacing_error_m,relative_velocity_mps,thw_sec,observed_distance_m,observed_lead_speed_mps,control_spacing_error_m,control_relative_velocity_mps,throttle,brake,comm_success,time_since_last_comm_success_sec
13,0.05,1,accelerate,0.0,0.0,12.825,7.0,5.825,0.0,128.247,12.825,0.0,5.825,0.0,0.778,0.0,1,0.0
13,0.1,2,accelerate,0.003,0.003,12.825,7.003,5.822,0.0,128.247,12.825,0.0,5.822,-0.003,0.778,0.0,0,0.05
13,0.15,3,accelerate,0.001,0.001,12.825,7.001,5.824,0.0,128.247,12.825,0.001,5.824,0.0,0.779,0.0,1,0.0
13,0.2,4,accelerate,0.0,0.0,12.825,7.0,5.825,-0.0,128.247,12.825,0.001,5.825,0.001,0.781,0.0,0,0.05
13,0.25,5,accelerate,0.0,0.001,12.825,7.001,5.824,-0.0,128.247,12.825,0.0,5.824,-0.0,0.781,0.0,1,0.0
13,0.3,6,accelerate,0.001,0.001,12.825,7.001,5.824,-0.0,128.247,12.825,0.0,5.824,-0.0,0.782,0.0,0,0.05
13,0.35,7,accelerate,0.001,0.001,12.825,7.001,5.824,-0.0,128.247,12.825,0.0,5.824,-0.0,0.783,0.0,0,0.1
13,0.4,8,accelerate,0.0,0.0,12.825,7.0,5.824,-0.0,128.247,12.825,0.0,5.824,-0.0,0.784,0.0,1,0.0
13,0.45,9,accelerate,0.0,0.0,12.825,7.0,5.824,-0.0,128.247,12.825,0.0,5.824,0.0,0.785,0.0,0,0.05
13,0.5,10,accelerate,0.0,0.0,12.825,7.0,5.825,-0.0,128.247,12.825,0.0,5.825,-0.0,0.786,0.0,1,0.0
13,0.55,11,accelerate,0.0,0.0,12.825,7.0,5.825,-0.0,128.247,12.825,0.0,5.825,-0.0,0.787,0.0,1,0.0
13,0.6,12,accelerate,0.0,0.0,12.825,7.0,5.825,-0.0,128.247,12.825,0.0,5.825,0.0,0.788,0.0,0,0.05
13,0.65,13,accelerate,0.158,0.305,12.82,7.305,5.515,-0.146,42.097,12.82,0.158,5.515,-0.146,0.743,0.0,1,0.0
13,0.7,14,accelerate,0.518,0.628,12.815,7.628,5.187,-0.11,20.405,12.815,0.518,5.187,-0.11,0.701,0.0,1,0.0
13,0.75,15,accelerate,0.821,0.893,12.812,7.893,4.919,-0.072,14.346,12.777,0.518,4.884,-0.375,0.653,0.0,0,0.05
13,0.8,16,accelerate,1.035,1.0,12.813,8.0,4.813,0.034,12.809,12.731,0.518,4.73,-0.483,0.63,0.0,0,0.1
13,0.85,17,accelerate,1.162,1.125,12.815,8.125,4.691,0.038,11.394,12.815,1.162,4.691,0.038,0.642,0.0,1,0.0
13,0.9,18,accelerate,1.301,1.246,12.82,8.246,4.574,0.055,10.288,12.758,1.162,4.512,-0.084,0.615,0.0,0,0.05
13,0.95,19,accelerate,1.417,1.313,12.826,8.313,4.513,0.104,9.767,12.696,1.162,4.383,-0.151,0.597,0.0,0,0.1
13,1.0,20,accelerate,1.543,1.405,12.834,8.405,4.429,0.138,9.134,12.631,1.162,4.226,-0.243,0.573,0.0,0,0.15
13,1.05,21,accelerate,1.645,1.486,12.844,8.486,4.357,0.158,8.642,12.561,1.162,4.075,-0.324,0.551,0.0,0,0.2
13,1.1,22,accelerate,1.806,1.568,12.856,8.568,4.288,0.237,8.197,12.487,1.162,3.918,-0.406,0.528,0.0,0,0.25
13,1.15,23,accelerate,1.917,1.637,12.872,8.637,4.235,0.281,7.865,12.872,1.917,4.235,0.281,0.594,0.0,1,0.0
13,1.2,24,accelerate,2.082,1.706,12.891,8.706,4.185,0.376,7.555,12.791,1.917,4.085,0.211,0.572,0.0,0,0.05
13,1.25,25,accelerate,2.228,1.773,12.914,8.773,4.141,0.455,7.283,12.706,1.917,3.933,0.144,0.551,0.0,0,0.1
13,1.3,26,accelerate,2.418,1.84,12.943,8.84,4.103,0.578,7.033,12.943,2.418,4.103,0.578,0.588,0.0,1,0.0
13,1.35,27,accelerate,2.584,1.908,12.977,8.908,4.069,0.676,6.8,12.977,2.584,4.069,0.676,0.588,0.0,1,0.0
13,1.4,28,accelerate,2.755,1.984,13.016,8.984,4.033,0.772,6.562,13.016,2.755,4.033,0.772,0.587,0.0,1,0.0
13,1.45,29,accelerate,2.842,2.063,13.058,9.063,3.995,0.78,6.331,13.058,2.842,3.995,0.78,0.583,0.0,1,0.0
13,1.5,30,accelerate,2.887,2.148,13.099,9.148,3.951,0.74,6.099,13.099,2.887,3.951,0.74,0.576,0.0,1,0.0
13,1.55,31,accelerate,2.886,2.234,13.136,9.234,3.902,0.653,5.88,12.992,2.887,3.758,0.653,0.548,0.0,0,0.05
13,1.6,32,accelerate,2.919,2.321,13.17,9.321,3.848,0.597,5.673,13.17,2.919,3.848,0.597,0.559,0.0,1,0.0
13,1.65,33,accelerate,2.98,2.392,13.202,9.392,3.809,0.588,5.518,13.055,2.919,3.662,0.526,0.532,0.0,0,0.05
13,1.7,34,accelerate,3.108,2.454,13.235,9.454,3.781,0.654,5.393,12.936,2.919,3.482,0.465,0.507,0.0,0,0.1
13,1.75,35,accelerate,3.256,2.519,13.272,9.519,3.753,0.736,5.268,13.272,3.256,3.753,0.736,0.553,0.0,1,0.0
13,1.8,36,accelerate,3.447,2.605,13.314,9.605,3.71,0.842,5.112,13.147,3.256,3.542,0.651,0.522,0.0,0,0.05
13,1.85,37,accelerate,3.624,2.686,13.361,9.686,3.676,0.938,4.975,13.016,3.256,3.33,0.57,0.492,0.0,0,0.1
13,1.9,38,accelerate,3.752,2.762,13.412,9.762,3.649,0.989,4.855,12.882,3.256,3.119,0.493,0.462,0.0,0,0.15
13,1.95,39,accelerate,3.783,2.828,13.462,9.828,3.634,0.955,4.76,13.462,3.783,3.634,0.955,0.546,0.0,1,0.0
13,2.0,40,accelerate,3.783,2.893,13.509,9.893,3.616,0.889,4.669,13.32,3.783,3.427,0.89,0.517,0.0,0,0.05
13,2.05,41,accelerate,3.797,2.961,13.553,9.961,3.592,0.836,4.577,13.553,3.797,3.592,0.836,0.538,0.0,1,0.0
13,2.1,42,accelerate,3.888,3.034,13.596,10.034,3.563,0.855,4.482,13.404,3.797,3.371,0.764,0.507,0.0,0,0.05
13,2.15,43,accelerate,4.026,3.106,13.642,10.106,3.536,0.92,4.393,13.252,3.797,3.146,0.692,0.475,0.0,0,0.1
13,2.2,44,accelerate,4.199,3.174,13.692,10.174,3.518,1.025,4.314,13.692,4.199,3.518,1.025,0.536,0.0,1,0.0
13,2.25,45,accelerate,4.381,3.241,13.748,10.241,3.507,1.14,4.242,13.533,4.199,3.292,0.958,0.504,0.0,0,0.05
13,2.3,46,accelerate,4.541,3.312,13.809,10.312,3.497,1.229,4.17,13.809,4.541,3.497,1.229,0.541,0.0,1,0.0
13,2.35,47,accelerate,4.619,3.385,13.872,10.385,3.487,1.234,4.098,13.872,4.619,3.487,1.234,0.541,0.0,1,0.0
13,2.4,48,accelerate,4.628,3.465,13.933,10.465,3.468,1.163,4.021,13.702,4.619,3.237,1.154,0.505,0.0,0,0.05
13,2.45,49,accelerate,4.627,3.544,13.989,10.544,3.446,1.083,3.948,13.989,4.627,3.446,1.083,0.531,0.0,1,0.0
13,2.5,50,accelerate,4.685,3.622,14.044,10.622,3.422,1.063,3.878,13.811,4.627,3.19,1.005,0.495,0.0,0,0.05
13,2.55,51,accelerate,4.803,3.684,14.099,10.684,3.416,1.119,3.828,13.629,4.627,2.946,0.943,0.461,0.0,0,0.1
13,2.6,52,accelerate,4.956,3.748,14.159,10.748,3.41,1.208,3.778,14.159,4.956,3.41,1.208,0.532,0.0,1,0.0
13,2.65,53,accelerate,5.128,3.813,14.223,10.813,3.41,1.315,3.73,14.223,5.128,3.41,1.315,0.536,0.0,1,0.0
13,2.7,54,accelerate,5.243,3.886,14.291,10.886,3.405,1.357,3.678,14.291,5.243,3.405,1.357,0.538,0.0,1,0.0
13,2.75,55,accelerate,5.09,3.962,14.353,10.962,3.391,1.128,3.623,14.353,5.09,3.391,1.128,0.529,0.0,1,0.0
13,2.8,56,accelerate,5.093,4.04,14.407,11.04,3.367,1.054,3.566,14.407,5.093,3.367,1.054,0.524,0.0,1,0.0
13,2.85,57,accelerate,5.0,4.116,14.455,11.116,3.339,0.884,3.512,14.455,5.0,3.339,0.884,0.515,0.0,1,0.0
13,2.9,58,accelerate,5.459,4.19,14.512,11.19,3.322,1.269,3.463,14.248,5.0,3.058,0.809,0.475,0.0,0,0.05
13,2.95,59,accelerate,5.818,4.256,14.586,11.256,3.33,1.562,3.427,14.037,5.0,2.781,0.744,0.437,0.0,0,0.1
13,3.0,60,accelerate,5.924,4.293,14.666,11.293,3.373,1.63,3.416,13.824,5.0,2.53,0.706,0.402,0.0,0,0.15
13,3.05,61,accelerate,5.894,4.33,14.746,11.33,3.416,1.563,3.405,14.746,5.894,3.416,1.563,0.55,0.0,1,0.0
13,3.1,62,accelerate,5.845,4.367,14.822,11.367,3.456,1.479,3.394,14.822,5.845,3.456,1.479,0.553,0.0,1,0.0
13,3.15,63,accelerate,5.815,4.423,14.894,11.423,3.471,1.392,3.368,14.603,5.845,3.18,1.423,0.515,0.0,0,0.05
13,3.2,64,accelerate,5.815,4.488,14.962,11.488,3.474,1.327,3.334,14.38,5.845,2.893,1.358,0.475,0.0,0,0.1
13,3.25,65,accelerate,5.848,4.546,15.028,11.546,3.482,1.302,3.306,15.028,5.848,3.482,1.302,0.552,0.0,1,0.0
13,3.3,66,accelerate,5.915,4.606,15.093,11.606,3.487,1.309,3.277,15.093,5.915,3.487,1.309,0.553,0.0,1,0.0
13,3.35,67,accelerate,6.014,4.677,15.16,11.677,3.483,1.338,3.241,14.861,5.915,3.184,1.238,0.511,0.0,0,0.05
13,3.4,68,accelerate,6.142,4.733,15.229,11.733,3.496,1.408,3.217,15.229,6.142,3.496,1.408,0.559,0.0,1,0.0
13,3.45,69,accelerate,6.136,4.809,15.297,11.809,3.488,1.327,3.181,14.99,6.142,3.181,1.333,0.515,0.0,0,0.05
13,3.5,70,accelerate,6.131,4.883,15.361,11.883,3.478,1.249,3.146,14.748,6.142,2.865,1.259,0.471,0.0,0,0.1
13,3.55,71,accelerate,6.633,4.945,15.433,11.945,3.489,1.689,3.121,15.433,6.633,3.489,1.689,0.569,0.0,1,0.0
13,3.6,72,accelerate,7.16,5.005,15.533,12.005,3.527,2.154,3.103,15.533,7.16,3.527,2.154,0.59,0.0,1,0.0
13,3.65,73,accelerate,7.555,5.08,15.651,12.08,3.571,2.475,3.081,15.651,7.555,3.571,2.475,0.607,0.0,1,0.0
13,3.7,74,accelerate,7.722,5.018,15.783,12.018,3.765,2.705,3.145,15.783,7.722,3.765,2.705,0.642,0.0,1,0.0
13,3.75,75,accelerate,7.703,5.09,15.917,12.09,3.827,2.613,3.127,15.531,7.722,3.441,2.632,0.597,0.0,0,0.05
13,3.8,76,accelerate,7.626,5.037,16.047,12.037,4.01,2.589,3.186,15.278,7.722,3.241,2.686,0.572,0.0,0,0.1
13,3.85,77,accelerate,7.518,4.994,16.174,11.994,4.18,2.524,3.239,15.028,7.722,3.034,2.728,0.546,0.0,0,0.15
13,3.9,78,accelerate,7.405,5.218,16.289,12.218,4.07,2.186,3.121,14.77,7.722,2.552,2.504,0.475,0.0,0,0.2
13,3.95,79,accelerate,7.305,5.153,16.397,12.153,4.245,2.153,3.182,16.397,7.305,4.245,2.153,0.69,0.0,1,0.0
13,4.0,80,accelerate,7.248,5.114,16.504,12.114,4.39,2.134,3.227,16.504,7.248,4.39,2.134,0.709,0.0,1,0.0
13,4.05,81,accelerate,7.239,5.095,16.611,12.095,4.516,2.145,3.26,16.611,7.239,4.516,2.145,0.727,0.0,1,0.0
13,4.1,82,accelerate,7.276,5.1,16.719,12.1,4.62,2.176,3.279,16.356,7.239,4.257,2.14,0.693,0.0,0,0.05
13,4.15,83,accelerate,7.341,5.129,16.829,12.129,4.7,2.212,3.281,16.101,7.239,3.972,2.111,0.655,0.0,0,0.1
13,4.2,84,accelerate,7.448,5.186,16.941,12.186,4.755,2.262,3.267,16.941,7.448,4.755,2.262,0.765,0.0,1,0.0
13,4.25,85,accelerate,7.583,5.268,17.056,12.268,4.788,2.315,3.238,16.679,7.448,4.412,2.181,0.717,0.0,0,0.05
13,4.3,86,accelerate,7.741,5.382,17.173,12.382,4.791,2.359,3.191,17.173,7.741,4.791,2.359,0.775,0.0,1,0.0
13,4.35,87,accelerate,7.905,5.524,17.291,12.524,4.768,2.382,3.13,17.291,7.905,4.768,2.382,0.773,0.0,1,0.0
13,4.4,88,accelerate,8.086,5.695,17.41,12.695,4.715,2.391,3.057,17.01,7.905,4.315,2.21,0.708,0.0,0,0.05
13,4.45,89,accelerate,8.279,5.685,17.536,12.685,4.851,2.594,3.085,17.536,8.279,4.851,2.594,0.793,0.0,1,0.0
13,4.5,90,accelerate,8.479,5.679,17.672,12.679,4.993,2.8,3.112,17.252,8.279,4.573,2.6,0.757,0.0,0,0.05
13,4.55,91,accelerate,8.672,6.21,17.805,13.21,4.594,2.462,2.867,17.805,8.672,4.594,2.462,0.756,0.0,1,0.0
13,4.6,92,accelerate,8.875,6.858,17.912,13.858,4.054,2.017,2.612,17.473,8.672,3.615,1.814,0.604,0.0,0,0.05
13,4.65,93,accelerate,9.083,7.255,18.005,14.255,3.75,1.828,2.482,18.005,9.083,3.75,1.828,0.623,0.0,1,0.0
13,4.7,94,accelerate,9.294,7.54,18.092,14.54,3.552,1.754,2.399,18.092,9.294,3.552,1.754,0.595,0.0,1,0.0
13,4.75,95,accelerate,9.471,7.707,18.179,14.707,3.472,1.764,2.359,18.179,9.471,3.472,1.764,0.585,0.0,1,0.0
13,4.8,96,accelerate,9.572,7.854,18.263,14.854,3.41,1.719,2.325,18.263,9.572,3.41,1.719,0.576,0.0,1,0.0
13,4.85,97,accelerate,9.588,7.984,18.343,14.984,3.359,1.603,2.297,18.343,9.588,3.359,1.603,0.566,0.0,1,0.0
13,4.9,98,accelerate,9.536,8.101,18.414,15.101,3.314,1.436,2.273,18.414,9.536,3.314,1.436,0.555,0.0,1,0.0
13,4.95,99,accelerate,9.505,8.206,18.477,15.206,3.271,1.299,2.252,18.477,9.505,3.271,1.299,0.545,0.0,1,0.0
13,5.0,100,accelerate,9.53,8.3,18.535,15.3,3.234,1.23,2.233,18.535,9.53,3.234,1.23,0.539,0.0,1,0.0
13,5.05,101,accelerate,9.595,8.386,18.59,15.386,3.204,1.209,2.217,18.117,9.53,2.731,1.144,0.469,0.0,0,0.05
13,5.1,102,accelerate,9.682,8.459,18.645,15.459,3.186,1.223,2.204,17.696,9.53,2.237,1.071,0.401,0.0,0,0.1
13,5.15,103,accelerate,9.807,8.511,18.701,15.511,3.189,1.296,2.197,18.701,9.807,3.189,1.296,0.536,0.0,1,0.0
13,5.2,104,accelerate,9.966,8.549,18.761,15.549,3.212,1.417,2.195,18.275,9.807,2.726,1.258,0.474,0.0,0,0.05
13,5.25,105,accelerate,10.118,8.587,18.826,15.587,3.239,1.532,2.192,18.826,10.118,3.239,1.532,0.552,0.0,1,0.0
13,5.3,106,accelerate,10.302,8.623,18.896,15.623,3.273,1.679,2.191,18.397,10.118,2.774,1.496,0.489,0.0,0,0.05
13,5.35,107,accelerate,10.492,8.662,18.973,15.662,3.311,1.829,2.19,17.965,10.118,2.303,1.456,0.425,0.0,0,0.1
13,5.4,108,accelerate,10.664,8.693,19.055,15.693,3.362,1.971,2.192,17.532,10.118,1.839,1.425,0.363,0.0,0,0.15
13,5.45,109,accelerate,10.69,8.708,19.139,15.708,3.431,1.982,2.198,17.098,10.118,1.39,1.41,0.302,0.0,0,0.2
13,5.5,110,accelerate,10.644,8.703,19.222,15.703,3.519,1.941,2.209,16.664,10.118,0.961,1.416,0.246,0.0,0,0.25
13,5.55,111,accelerate,10.944,8.674,19.312,15.674,3.638,2.27,2.227,19.312,10.944,3.638,2.27,0.632,0.0,1,0.0
13,5.6,112,accelerate,11.276,8.631,19.422,15.631,3.791,2.645,2.25,18.883,10.944,3.252,2.313,0.582,0.0,0,0.05
13,5.65,113,accelerate,11.476,8.608,19.543,15.608,3.935,2.868,2.27,19.543,11.476,3.935,2.868,0.692,0.0,1,0.0
13,5.7,114,accelerate,11.466,8.617,19.666,15.617,4.049,2.85,2.282,19.117,11.476,3.5,2.86,0.635,0.0,0,0.05
13,5.75,115,accelerate,11.413,8.657,19.782,15.657,4.125,2.756,2.285,18.69,11.476,3.032,2.819,0.571,0.0,0,0.1
13,5.8,116,accelerate,11.355,8.713,19.895,15.713,4.181,2.641,2.283,18.26,11.476,2.546,2.763,0.505,0.0,0,0.15
13,5.85,117,accelerate,11.294,8.77,20.001,15.77,4.231,2.524,2.281,20.001,11.294,4.231,2.524,0.723,0.0,1,0.0
13,5.9,118,accelerate,11.275,8.829,20.101,15.829,4.272,2.446,2.277,19.569,11.294,3.74,2.465,0.656,0.0,0,0.05
13,5.95,119,accelerate,11.316,8.912,20.199,15.912,4.287,2.403,2.266,19.133,11.294,3.221,2.382,0.584,0.0,0,0.1
13,6.0,120,accelerate,11.396,9.001,20.298,16.001,4.297,2.395,2.255,18.693,11.294,2.693,2.294,0.511,0.0,0,0.15
13,6.05,121,accelerate,11.469,9.085,20.395,16.085,4.311,2.384,2.245,20.395,11.469,4.311,2.384,0.731,0.0,1,0.0
13,6.1,122,accelerate,11.57,9.164,20.492,16.164,4.328,2.406,2.236,20.492,11.57,4.328,2.406,0.735,0.0,1,0.0
13,6.15,123,accelerate,11.639,9.271,20.587,16.271,4.317,2.369,2.221,20.046,11.57,3.776,2.3,0.658,0.0,0,0.05
13,6.2,124,accelerate,11.773,9.384,20.679,16.384,4.295,2.389,2.204,19.594,11.57,3.21,2.187,0.579,0.0,0,0.1
13,6.25,125,accelerate,11.913,9.505,20.774,16.505,4.268,2.408,2.185,19.136,11.57,2.63,2.065,0.498,0.0,0,0.15
13,6.3,126,accelerate,12.031,9.607,20.871,16.607,4.263,2.424,2.172,18.673,11.57,2.066,1.963,0.42,0.0,0,0.2
13,6.35,127,accelerate,12.157,9.666,20.968,16.666,4.302,2.491,2.169,18.206,11.57,1.54,1.904,0.348,0.0,0,0.25
13,6.4,128,accelerate,12.305,9.704,21.071,16.704,4.367,2.601,2.171,21.071,12.305,4.367,2.601,0.749,0.0,1,0.0
13,6.45,129,accelerate,12.41,9.72,21.179,16.72,4.459,2.69,2.179,21.179,12.41,4.459,2.69,0.765,0.0,1,0.0
13,6.5,130,accelerate,12.543,9.766,21.292,16.766,4.526,2.777,2.18,21.292,12.543,4.526,2.777,0.778,0.0,1,0.0
13,6.55,131,accelerate,12.688,9.843,21.41,16.843,4.567,2.845,2.175,20.83,12.543,3.987,2.7,0.704,0.0,0,0.05
13,6.6,132,accelerate,12.796,9.962,21.529,16.962,4.566,2.834,2.161,21.529,12.796,4.566,2.834,0.786,0.0,1,0.0
13,6.65,133,accelerate,12.924,10.106,21.646,17.106,4.54,2.818,2.142,21.646,12.924,4.54,2.818,0.783,0.0,1,0.0
13,6.7,134,accelerate,13.005,10.264,21.759,17.264,4.496,2.741,2.12,21.759,13.005,4.496,2.741,0.775,0.0,1,0.0
13,6.75,135,accelerate,13.139,10.457,21.867,17.457,4.41,2.682,2.091,21.275,13.005,3.818,2.547,0.679,0.0,0,0.05
13,6.8,136,accelerate,13.289,10.651,21.977,17.651,4.326,2.638,2.063,20.783,13.005,3.132,2.354,0.582,0.0,0,0.1
13,6.85,137,accelerate,13.401,10.795,22.086,17.795,4.291,2.607,2.046,22.086,13.401,4.291,2.607,0.746,0.0,1,0.0
13,6.9,138,accelerate,13.524,10.935,22.192,17.935,4.257,2.589,2.029,21.583,13.401,3.648,2.466,0.656,0.0,0,0.05
13,6.95,139,accelerate,13.598,11.078,22.296,18.078,4.218,2.52,2.013,22.296,13.598,4.218,2.52,0.734,0.0,1,0.0
13,7.0,140,accelerate,13.729,11.131,22.397,18.131,4.266,2.597,2.012,22.397,13.729,4.266,2.597,0.744,0.0,1,0.0
13,7.05,141,accelerate,13.878,11.104,22.509,18.104,4.405,2.774,2.027,21.889,13.729,3.785,2.625,0.681,0.0,0,0.05
13,7.1,142,accelerate,13.987,11.201,22.629,18.201,4.428,2.787,2.02,22.629,13.987,4.428,2.787,0.773,0.0,1,0.0
13,7.15,143,accelerate,14.108,11.565,22.738,18.565,4.173,2.543,1.966,22.109,13.987,3.544,2.422,0.644,0.0,0,0.05
13,7.2,144,accelerate,14.177,11.858,22.835,18.858,3.977,2.32,1.926,22.835,14.177,3.977,2.32,0.699,0.0,1,0.0
13,7.25,145,accelerate,14.301,12.095,22.925,19.095,3.83,2.206,1.895,22.292,14.177,3.197,2.082,0.587,0.0,0,0.05
13,7.3,146,accelerate,14.446,12.25,23.017,19.25,3.767,2.196,1.879,23.017,14.446,3.767,2.196,0.668,0.0,1,0.0
13,7.35,147,accelerate,14.541,12.391,23.109,19.391,3.718,2.15,1.865,23.109,14.541,3.718,2.15,0.66,0.0,1,0.0
13,7.4,148,accelerate,14.638,12.528,23.202,19.528,3.674,2.109,1.852,22.55,14.541,3.022,2.013,0.564,0.0,0,0.05
13,7.45,149,accelerate,14.677,12.61,23.294,19.61,3.685,2.067,1.847,21.984,14.541,2.375,1.931,0.475,0.0,0,0.1
13,7.5,150,accelerate,14.762,12.684,23.386,19.684,3.701,2.078,1.844,23.386,14.762,3.701,2.078,0.657,0.0,1,0.0
13,7.55,151,accelerate,14.873,12.7,23.484,19.7,3.784,2.173,1.849,22.818,14.762,3.118,2.063,0.58,0.0,0,0.05
13,7.6,152,accelerate,14.968,12.768,23.587,19.768,3.819,2.201,1.847,22.244,14.762,2.476,1.995,0.492,0.0,0,0.1
13,7.65,153,accelerate,15.096,12.837,23.698,19.837,3.861,2.26,1.846,23.698,15.096,3.861,2.26,0.686,0.0,1,0.0
13,7.7,154,accelerate,15.202,12.868,23.815,19.868,3.948,2.334,1.851,23.815,15.202,3.948,2.334,0.701,0.0,1,0.0
13,7.75,155,accelerate,15.338,12.927,23.939,19.927,4.012,2.411,1.852,23.241,15.202,3.315,2.275,0.615,0.0,0,0.05
13,7.8,156,accelerate,15.45,13.013,24.071,20.013,4.058,2.438,1.85,24.071,15.45,4.058,2.438,0.72,0.0,1,0.0
13,7.85,157,accelerate,15.552,13.063,24.209,20.063,4.145,2.488,1.853,24.209,15.552,4.145,2.488,0.734,0.0,1,0.0
13,7.9,158,accelerate,15.632,13.153,24.353,20.153,4.2,2.479,1.851,24.353,15.632,4.2,2.479,0.742,0.0,1,0.0
13,7.95,159,accelerate,15.689,13.207,24.498,20.207,4.291,2.481,1.855,24.498,15.689,4.291,2.481,0.755,0.0,1,0.0
13,8.0,160,accelerate,15.771,13.323,24.645,20.323,4.322,2.448,1.85,24.645,15.771,4.322,2.448,0.758,0.0,1,0.0
13,8.05,161,accelerate,15.866,13.461,24.796,20.461,4.336,2.405,1.842,24.048,15.771,3.587,2.31,0.655,0.0,0,0.05
13,8.1,162,accelerate,15.981,13.558,24.952,20.558,4.394,2.423,1.84,24.952,15.981,4.394,2.423,0.767,0.0,1,0.0
13,8.15,163,accelerate,16.008,13.662,25.109,20.662,4.448,2.347,1.838,24.343,15.981,3.682,2.319,0.668,0.0,0,0.05
13,8.2,164,accelerate,16.003,13.719,25.263,20.719,4.544,2.284,1.841,23.725,15.981,3.006,2.262,0.576,0.0,0,0.1
13,8.25,165,accelerate,16.106,13.817,25.414,20.817,4.598,2.289,1.839,23.098,15.981,2.281,2.164,0.476,0.0,0,0.15
13,8.3,166,accelerate,16.314,13.907,25.575,20.907,4.668,2.407,1.839,22.464,15.981,1.557,2.074,0.377,0.0,0,0.2
13,8.35,167,accelerate,16.49,13.925,25.745,20.925,4.82,2.565,1.849,25.745,16.49,4.82,2.565,0.828,0.0,1,0.0
13,8.4,168,accelerate,16.643,13.934,25.921,20.934,4.987,2.709,1.86,25.112,16.49,4.177,2.556,0.742,0.0,0,0.05
13,8.45,169,accelerate,16.774,13.922,26.103,20.922,5.181,2.852,1.875,26.103,16.774,5.181,2.852,0.886,0.0,1,0.0
13,8.5,170,accelerate,16.87,14.001,26.287,21.001,5.287,2.869,1.878,25.46,16.774,4.459,2.774,0.787,0.0,0,0.05
13,8.55,171,accelerate,16.934,14.13,26.471,21.13,5.341,2.804,1.873,26.471,16.934,5.341,2.804,0.906,0.0,1,0.0
13,8.6,172,accelerate,16.988,14.237,26.651,21.237,5.414,2.751,1.872,25.814,16.934,4.577,2.697,0.8,0.0,0,0.05
13,8.65,173,accelerate,17.05,14.376,26.826,21.376,5.45,2.675,1.866,26.826,17.05,5.45,2.675,0.916,0.0,1,0.0
13,8.7,174,accelerate,17.129,14.475,26.996,21.475,5.521,2.655,1.865,26.149,17.05,4.674,2.576,0.809,0.0,0,0.05
13,8.75,175,accelerate,17.219,14.642,27.16,21.642,5.518,2.577,1.855,27.16,17.219,5.518,2.577,0.922,0.0,1,0.0
13,8.8,176,accelerate,17.316,14.695,27.32,21.695,5.624,2.621,1.859,27.32,17.316,5.624,2.621,0.937,0.0,1,0.0
13,8.85,177,accelerate,17.417,14.682,27.481,21.682,5.799,2.735,1.872,26.617,17.316,4.935,2.634,0.846,0.0,0,0.05
13,8.9,178,accelerate,17.522,14.671,27.647,21.671,5.976,2.851,1.884,25.912,17.316,4.241,2.645,0.754,0.0,0,0.1
13,8.95,179,accelerate,17.629,14.924,27.808,21.924,5.883,2.705,1.863,25.195,17.316,3.271,2.392,0.616,0.0,0,0.15
13,9.0,180,accelerate,17.737,15.109,27.961,22.109,5.852,2.628,1.851,27.961,17.737,5.852,2.628,0.968,0.0,1,0.0
13,9.05,181,accelerate,17.846,15.202,28.109,22.202,5.908,2.645,1.849,27.221,17.737,5.02,2.536,0.854,0.0,0,0.05
13,9.1,182,accelerate,17.955,15.346,28.254,22.346,5.909,2.61,1.841,26.472,17.737,4.126,2.392,0.73,0.0,0,0.1
13,9.15,183,accelerate,18.065,15.433,28.396,22.433,5.962,2.632,1.84,28.396,18.065,5.962,2.632,0.983,0.0,1,0.0
13,9.2,184,accelerate,18.176,15.565,28.535,22.565,5.97,2.611,1.833,28.535,18.176,5.97,2.611,0.983,0.0,1,0.0
13,9.25,185,accelerate,18.286,15.728,28.67,22.728,5.943,2.559,1.823,27.759,18.176,5.032,2.448,0.852,0.0,0,0.05
13,9.3,186,accelerate,18.397,15.872,28.803,22.872,5.931,2.526,1.815,28.803,18.397,5.931,2.526,0.975,0.0,1,0.0
13,9.35,187,accelerate,18.508,16.041,28.932,23.041,5.89,2.466,1.804,28.009,18.397,4.968,2.356,0.841,0.0,0,0.05
13,9.4,188,accelerate,18.616,16.19,29.057,23.19,5.868,2.427,1.795,29.057,18.616,5.868,2.427,0.963,0.0,1,0.0
13,9.45,189,accelerate,18.718,16.362,29.179,23.362,5.817,2.356,1.783,28.246,18.616,4.884,2.254,0.826,0.0,0,0.05
13,9.5,190,accelerate,18.813,16.516,29.297,23.516,5.782,2.298,1.774,27.425,18.616,3.91,2.101,0.691,0.0,0,0.1
13,9.55,191,accelerate,18.904,16.672,29.412,23.672,5.74,2.232,1.764,26.597,18.616,2.925,1.945,0.555,0.0,0,0.15
13,9.6,192,accelerate,18.996,16.796,29.524,23.796,5.728,2.2,1.758,29.524,18.996,5.728,2.2,0.937,0.0,1,0.0
13,9.65,193,accelerate,19.092,16.88,29.636,23.88,5.756,2.212,1.756,29.636,19.092,5.756,2.212,0.941,0.0,1,0.0
13,9.7,194,accelerate,19.192,17.001,29.747,24.001,5.746,2.192,1.75,28.789,19.092,4.789,2.091,0.808,0.0,0,0.05
13,9.75,195,accelerate,19.297,17.128,29.856,24.128,5.728,2.168,1.743,29.856,19.297,5.728,2.168,0.936,0.0,1,0.0
13,9.8,196,cruise,19.403,17.27,29.965,24.27,5.694,2.133,1.735,29.965,19.403,5.694,2.133,0.93,0.0,1,0.0
13,9.85,197,cruise,19.509,17.422,30.07,24.422,5.648,2.087,1.726,30.07,19.509,5.648,2.087,0.923,0.0,1,0.0
13,9.9,198,cruise,19.615,17.588,30.173,24.588,5.585,2.026,1.716,29.195,19.509,4.606,1.921,0.778,0.0,0,0.05
13,9.95,199,cruise,19.722,17.749,30.273,24.749,5.525,1.974,1.706,28.311,19.509,3.562,1.76,0.634,0.0,0,0.1
13,10.0,200,cruise,19.831,17.891,30.371,24.891,5.48,1.94,1.698,27.42,19.509,2.529,1.618,0.491,0.0,0,0.15
13,10.05,201,cruise,19.933,17.996,30.468,24.996,5.472,1.937,1.693,30.468,19.933,5.472,1.937,0.894,0.0,1,0.0
13,10.1,202,cruise,20.007,18.078,30.565,25.078,5.488,1.929,1.691,30.565,20.007,5.488,1.929,0.896,0.0,1,0.0
13,10.15,203,cruise,20.016,18.174,30.66,25.174,5.486,1.842,1.687,30.66,20.016,5.486,1.842,0.893,0.0,1,0.0
13,10.2,204,cruise,19.955,18.296,30.747,25.296,5.45,1.658,1.68,29.748,20.016,4.451,1.72,0.751,0.0,0,0.05
13,10.25,205,cruise,19.867,18.425,30.823,25.425,5.398,1.441,1.673,30.823,19.867,5.398,1.441,0.868,0.0,1,0.0
13,10.3,206,cruise,19.781,18.556,30.889,25.556,5.333,1.226,1.665,30.889,19.781,5.333,1.226,0.852,0.0,1,0.0
13,10.35,207,cruise,19.73,18.694,30.944,25.694,5.25,1.036,1.655,29.957,19.781,4.263,1.087,0.705,0.0,0,0.05
13,10.4,208,cruise,19.73,18.83,30.992,25.83,5.162,0.901,1.646,30.992,19.73,5.162,0.901,0.818,0.0,1,0.0
13,10.45,209,cruise,19.767,18.957,31.034,25.957,5.077,0.811,1.637,31.034,19.767,5.077,0.811,0.804,0.0,1,0.0
13,10.5,210,cruise,19.828,19.087,31.073,26.087,4.985,0.741,1.628,30.082,19.767,3.995,0.68,0.655,0.0,0,0.05
13,10.55,211,cruise,19.899,19.21,31.108,26.21,4.898,0.689,1.619,31.108,19.899,4.898,0.689,0.776,0.0,1,0.0
13,10.6,212,cruise,19.954,19.322,31.141,26.322,4.819,0.632,1.612,31.141,19.954,4.819,0.632,0.764,0.0,1,0.0
13,10.65,213,cruise,19.966,19.435,31.17,26.435,4.735,0.531,1.604,31.17,19.966,4.735,0.531,0.749,0.0,1,0.0
13,10.7,214,cruise,19.933,19.549,31.192,26.549,4.643,0.384,1.596,31.192,19.933,4.643,0.384,0.732,0.0,1,0.0
13,10.75,215,cruise,19.875,19.661,31.206,26.661,4.545,0.214,1.587,31.206,19.875,4.545,0.214,0.713,0.0,1,0.0
13,10.8,216,cruise,19.817,19.768,31.212,26.768,4.443,0.049,1.579,31.212,19.817,4.443,0.049,0.694,0.0,1,0.0
13,10.85,217,cruise,19.785,19.87,31.21,26.87,4.34,-0.085,1.571,30.22,19.817,3.35,-0.053,0.545,0.0,0,0.05
13,10.9,218,cruise,19.794,19.958,31.203,26.958,4.245,-0.165,1.563,29.224,19.817,2.266,-0.141,0.397,0.0,0,0.1
13,10.95,219,cruise,19.836,20.017,31.194,27.017,4.178,-0.181,1.558,31.194,19.836,4.178,-0.181,0.651,0.0,1,0.0
13,11.0,220,cruise,19.893,20.052,31.186,27.052,4.134,-0.159,1.555,31.186,19.893,4.134,-0.159,0.646,0.0,1,0.0
13,11.05,221,cruise,19.936,20.095,31.178,27.095,4.083,-0.159,1.552,30.182,19.893,3.087,-0.202,0.505,0.0,0,0.05
13,11.1,222,cruise,19.945,20.138,31.169,27.138,4.032,-0.193,1.548,29.176,19.893,2.038,-0.245,0.364,0.0,0,0.1
13,11.15,223,cruise,19.918,20.161,31.158,27.161,3.997,-0.243,1.545,28.168,19.893,1.007,-0.268,0.225,0.0,0,0.15
13,11.2,224,cruise,19.872,20.153,31.145,27.153,3.992,-0.281,1.545,27.161,19.893,0.007,-0.26,0.092,0.0,0,0.2
13,11.25,225,cruise,19.828,20.108,31.131,27.108,4.023,-0.28,1.548,26.154,19.893,-0.954,-0.215,0.0,0.026,0,0.25
13,11.3,226,cruise,19.806,20.021,31.118,27.021,4.098,-0.215,1.554,25.151,19.893,-1.87,-0.128,0.0,0.116,0,0.3
13,11.35,227,cruise,19.817,19.89,31.112,26.89,4.222,-0.073,1.564,24.154,19.893,-2.736,0.002,0.0,0.199,0,0.35
13,11.4,228,cruise,19.853,19.724,31.114,26.724,4.39,0.128,1.577,31.114,19.853,4.39,0.128,0.689,0.0,1,0.0
13,11.45,229,cruise,19.895,19.581,31.126,26.581,4.545,0.314,1.59,31.126,19.895,4.545,0.314,0.717,0.0,1,0.0
13,11.5,230,cruise,19.923,19.478,31.146,26.478,4.668,0.445,1.599,30.151,19.895,3.673,0.417,0.604,0.0,0,0.05
13,11.55,231,cruise,19.923,19.424,31.171,26.424,4.747,0.499,1.605,31.171,19.923,4.747,0.499,0.75,0.0,1,0.0
13,11.6,232,cruise,19.899,19.413,31.195,26.413,4.782,0.485,1.607,30.2,19.923,3.787,0.51,0.622,0.0,0,0.05
13,11.65,233,cruise,19.864,19.435,31.218,26.435,4.783,0.429,1.606,31.218,19.864,4.783,0.429,0.752,0.0,1,0.0
13,11.7,234,cruise,19.835,19.476,31.237,26.476,4.762,0.36,1.604,31.237,19.835,4.762,0.36,0.747,0.0,1,0.0
13,11.75,235,cruise,19.826,19.539,31.253,26.539,4.714,0.287,1.599,31.253,19.826,4.714,0.287,0.738,0.0,1,0.0
13,11.8,236,cruise,19.839,19.617,31.265,26.617,4.648,0.222,1.594,30.274,19.826,3.656,0.208,0.594,0.0,0,0.05
13,11.85,237,cruise,19.867,19.696,31.275,26.696,4.578,0.171,1.588,31.275,19.867,4.578,0.171,0.716,0.0,1,0.0
13,11.9,238,cruise,19.894,19.77,31.282,26.77,4.511,0.124,1.582,31.282,19.894,4.511,0.124,0.706,0.0,1,0.0
13,11.95,239,cruise,19.907,19.851,31.286,26.851,4.435,0.056,1.576,31.286,19.907,4.435,0.056,0.693,0.0,1,0.0
13,12.0,240,cruise,19.902,19.934,31.286,26.934,4.352,-0.033,1.569,31.286,19.902,4.352,-0.033,0.679,0.0,1,0.0
13,12.05,241,cruise,19.882,20.018,31.281,27.018,4.264,-0.135,1.563,31.281,19.882,4.264,-0.135,0.664,0.0,1,0.0
13,12.1,242,cruise,19.86,20.099,31.271,27.099,4.173,-0.239,1.556,31.271,19.86,4.173,-0.239,0.648,0.0,1,0.0
13,12.15,243,cruise,19.845,20.177,31.257,27.177,4.08,-0.331,1.549,31.257,19.845,4.08,-0.331,0.633,0.0,1,0.0
13,12.2,244,cruise,19.845,20.25,31.238,27.25,3.988,-0.405,1.543,31.238,19.845,3.988,-0.405,0.618,0.0,1,0.0
13,12.25,245,cruise,19.857,20.318,31.216,27.318,3.898,-0.461,1.536,31.216,19.857,3.898,-0.461,0.604,0.0,1,0.0
13,12.3,246,cruise,19.875,20.38,31.191,27.38,3.811,-0.505,1.53,30.198,19.857,2.818,-0.523,0.458,0.0,0,0.05
13,12.35,247,cruise,19.889,20.429,31.165,27.429,3.736,-0.54,1.526,31.165,19.889,3.736,-0.54,0.58,0.0,1,0.0
13,12.4,248,cruise,19.893,20.465,31.137,27.465,3.673,-0.571,1.522,30.143,19.889,2.678,-0.575,0.438,0.0,0,0.05
13,12.45,249,cruise,19.887,20.493,31.108,27.493,3.615,-0.606,1.518,29.118,19.889,1.625,-0.604,0.297,0.0,0,0.1
13,12.5,250,cruise,19.873,20.497,31.077,27.497,3.579,-0.624,1.516,31.077,19.873,3.579,-0.624,0.556,0.0,1,0.0
13,12.55,251,cruise,19.861,20.484,31.046,27.484,3.562,-0.623,1.516,30.052,19.873,2.568,-0.611,0.422,0.0,0,0.05
13,12.6,252,cruise,19.855,20.475,31.014,27.475,3.54,-0.62,1.515,29.028,19.873,1.554,-0.601,0.287,0.0,0,0.1
13,12.65,253,cruise,19.857,20.453,30.984,27.453,3.531,-0.596,1.515,28.005,19.873,0.552,-0.58,0.154,0.0,0,0.15
13,12.7,254,cruise,19.867,20.407,30.956,27.407,3.549,-0.54,1.517,26.984,19.873,-0.423,-0.534,0.026,0.0,0,0.2
13,12.75,255,cruise,19.877,20.329,30.931,27.329,3.602,-0.452,1.522,30.931,19.877,3.602,-0.452,0.565,0.0,1,0.0
13,12.8,256,cruise,19.884,20.231,30.912,27.231,3.681,-0.347,1.528,30.912,19.884,3.681,-0.347,0.579,0.0,1,0.0
13,12.85,257,cruise,19.884,20.152,30.897,27.152,3.746,-0.268,1.533,29.903,19.884,2.752,-0.268,0.458,0.0,0,0.05
13,12.9,258,cruise,19.878,20.104,30.885,27.104,3.781,-0.226,1.536,28.897,19.884,1.793,-0.22,0.332,0.0,0,0.1
13,12.95,259,cruise,19.869,20.064,30.875,27.064,3.811,-0.194,1.539,30.875,19.869,3.811,-0.194,0.602,0.0,1,0.0
13,13.0,260,cruise,19.863,20.027,30.866,27.027,3.839,-0.164,1.541,30.866,19.863,3.839,-0.164,0.606,0.0,1,0.0
13,13.05,261,cruise,19.861,20.017,30.858,27.017,3.841,-0.156,1.542,30.858,19.861,3.841,-0.156,0.607,0.0,1,0.0
13,13.1,262,cruise,19.865,20.028,30.85,27.028,3.822,-0.163,1.54,30.85,19.865,3.822,-0.163,0.604,0.0,1,0.0
13,13.15,263,cruise,19.871,20.052,30.842,27.052,3.789,-0.181,1.538,30.842,19.871,3.789,-0.181,0.599,0.0,1,0.0
13,13.2,264,cruise,19.877,20.085,30.832,27.085,3.747,-0.208,1.535,29.838,19.871,2.753,-0.214,0.46,0.0,0,0.05
13,13.25,265,cruise,19.879,20.115,30.82,27.115,3.706,-0.236,1.532,28.833,19.871,1.718,-0.244,0.321,0.0,0,0.1
13,13.3,266,cruise,19.878,20.124,30.808,27.124,3.684,-0.246,1.531,27.827,19.871,0.703,-0.253,0.185,0.0,0,0.15
13,13.35,267,cruise,19.873,20.101,30.796,27.101,3.695,-0.228,1.532,30.796,19.873,3.695,-0.228,0.585,0.0,1,0.0
13,13.4,268,cruise,19.869,20.057,30.786,27.057,3.729,-0.188,1.535,30.786,19.869,3.729,-0.188,0.591,0.0,1,0.0
13,13.45,269,cruise,19.866,20.031,30.778,27.031,3.747,-0.165,1.537,29.784,19.869,2.753,-0.162,0.462,0.0,0,0.05
13,13.5,270,cruise,19.866,20.022,30.77,27.022,3.748,-0.156,1.537,28.783,19.869,1.761,-0.153,0.33,0.0,0,0.1
13,13.55,271,cruise,19.869,20.006,30.762,27.006,3.756,-0.138,1.538,30.762,19.869,3.756,-0.138,0.596,0.0,1,0.0
13,13.6,272,cruise,19.873,19.985,30.756,26.985,3.771,-0.113,1.539,30.756,19.873,3.771,-0.113,0.599,0.0,1,0.0
13,13.65,273,cruise,19.875,19.985,30.751,26.985,3.766,-0.109,1.539,29.757,19.873,2.772,-0.112,0.466,0.0,0,0.05
13,13.7,274,cruise,19.876,19.993,30.745,26.993,3.752,-0.117,1.538,30.745,19.876,3.752,-0.117,0.596,0.0,1,0.0
13,13.75,275,cruise,19.874,20.004,30.739,27.004,3.735,-0.129,1.537,30.739,19.874,3.735,-0.129,0.594,0.0,1,0.0
13,13.8,276,cruise,19.872,20.026,30.732,27.026,3.705,-0.155,1.535,29.738,19.874,2.712,-0.152,0.456,0.0,0,0.05
13,13.85,277,cruise,19.869,20.049,30.723,27.049,3.674,-0.18,1.532,28.736,19.874,1.687,-0.174,0.319,0.0,0,0.1
13,13.9,278,cruise,19.868,20.053,30.714,27.053,3.661,-0.185,1.532,27.733,19.874,0.681,-0.178,0.185,0.0,0,0.15
13,13.95,279,cruise,19.869,20.027,30.705,27.027,3.678,-0.158,1.533,26.731,19.874,-0.296,-0.153,0.055,0.0,0,0.2
13,14.0,280,cruise,19.871,19.966,30.699,26.966,3.733,-0.096,1.538,25.732,19.874,-1.235,-0.092,0.0,0.051,0,0.25
13,14.05,281,cruise,19.873,19.864,30.697,26.864,3.834,0.009,1.545,24.736,19.874,-2.127,0.011,0.0,0.138,0,0.3
13,14.1,282,cruise,19.874,19.722,30.702,26.722,3.98,0.153,1.557,30.702,19.874,3.98,0.153,0.636,0.0,1,0.0
13,14.15,283,cruise,19.874,19.59,30.714,26.59,4.124,0.284,1.568,29.72,19.874,3.13,0.284,0.527,0.0,0,0.05
13,14.2,284,cruise,19.873,19.492,30.731,26.492,4.239,0.381,1.577,30.731,19.873,4.239,0.381,0.678,0.0,1,0.0
13,14.25,285,cruise,19.871,19.441,30.752,26.441,4.311,0.43,1.582,30.752,19.871,4.311,0.43,0.689,0.0,1,0.0
13,14.3,286,cruise,19.87,19.435,30.774,26.435,4.339,0.435,1.583,29.78,19.871,3.345,0.436,0.561,0.0,0,0.05
13,14.35,287,cruise,19.869,19.452,30.795,26.452,4.343,0.417,1.583,28.808,19.871,2.356,0.419,0.428,0.0,0,0.1
13,14.4,288,cruise,19.87,19.468,30.815,26.468,4.347,0.402,1.583,30.815,19.87,4.347,0.402,0.693,0.0,1,0.0
13,14.45,289,cruise,19.872,19.48,30.835,26.48,4.355,0.391,1.583,30.835,19.872,4.355,0.391,0.694,0.0,1,0.0
13,14.5,290,cruise,19.873,19.514,30.854,26.514,4.339,0.358,1.581,29.86,19.872,3.346,0.357,0.558,0.0,0,0.05
13,14.55,291,cruise,19.873,19.559,30.87,26.559,4.312,0.315,1.578,28.883,19.872,2.324,0.313,0.42,0.0,0,0.1
13,14.6,292,cruise,19.873,19.591,30.885,26.591,4.294,0.283,1.576,27.904,19.872,1.313,0.281,0.284,0.0,0,0.15
13,14.65,293,cruise,19.872,19.597,30.898,26.597,4.302,0.276,1.577,26.924,19.872,0.327,0.275,0.153,0.0,0,0.2
13,14.7,294,cruise,19.871,19.569,30.912,26.569,4.344,0.303,1.58,25.945,19.872,-0.624,0.303,0.027,0.0,0,0.25
13,14.75,295,cruise,19.87,19.504,30.929,26.504,4.426,0.366,1.586,30.929,19.87,4.426,0.366,0.702,0.0,1,0.0
13,14.8,296,cruise,19.87,19.416,30.951,26.416,4.535,0.454,1.594,30.951,19.87,4.535,0.454,0.72,0.0,1,0.0
13,14.85,297,cruise,19.87,19.345,30.976,26.345,4.631,0.525,1.601,30.976,19.87,4.631,0.525,0.735,0.0,1,0.0
13,14.9,298,cruise,19.871,19.321,31.003,26.321,4.683,0.55,1.605,31.003,19.871,4.683,0.55,0.743,0.0,1,0.0
13,14.95,299,cruise,19.872,19.34,31.03,26.34,4.69,0.532,1.604,31.03,19.872,4.69,0.532,0.743,0.0,1,0.0
13,15.0,300,cruise,19.873,19.389,31.056,26.389,4.666,0.484,1.602,31.056,19.873,4.666,0.484,0.738,0.0,1,0.0
13,15.05,301,cruise,19.873,19.457,31.078,26.457,4.62,0.415,1.597,30.084,19.873,3.627,0.416,0.597,0.0,0,0.05
13,15.1,302,cruise,19.872,19.53,31.096,26.53,4.566,0.342,1.592,31.096,19.872,4.566,0.342,0.72,0.0,1,0.0
13,15.15,303,cruise,19.871,19.6,31.111,26.6,4.511,0.271,1.587,30.118,19.872,3.517,0.272,0.578,0.0,0,0.05
13,15.2,304,cruise,19.87,19.671,31.122,26.671,4.451,0.199,1.582,29.135,19.872,2.464,0.201,0.435,0.0,0,0.1
13,15.25,305,cruise,19.87,19.723,31.131,26.723,4.407,0.147,1.578,28.15,19.872,1.427,0.149,0.295,0.0,0,0.15
13,15.3,306,cruise,19.871,19.744,31.137,26.744,4.394,0.127,1.577,31.137,19.871,4.394,0.127,0.69,0.0,1,0.0
13,15.35,307,cruise,19.871,19.741,31.144,26.741,4.402,0.13,1.578,31.144,19.871,4.402,0.13,0.691,0.0,1,0.0
13,15.4,308,cruise,19.872,19.757,31.15,26.757,4.393,0.115,1.577,30.156,19.871,3.4,0.115,0.557,0.0,0,0.05
13,15.45,309,cruise,19.872,19.788,31.155,26.788,4.367,0.085,1.574,29.168,19.871,2.38,0.084,0.42,0.0,0,0.1
13,15.5,310,cruise,19.872,19.811,31.158,26.811,4.347,0.061,1.573,31.158,19.872,4.347,0.061,0.682,0.0,1,0.0
13,15.55,311,cruise,19.872,19.827,31.161,26.827,4.334,0.045,1.572,30.167,19.872,3.34,0.045,0.547,0.0,0,0.05
13,15.6,312,cruise,19.871,19.854,31.162,26.854,4.308,0.017,1.57,29.175,19.872,2.321,0.018,0.41,0.0,0,0.1
13,15.65,313,cruise,19.871,19.874,31.162,26.874,4.289,-0.003,1.568,28.182,19.872,1.308,-0.001,0.274,0.0,0,0.15
13,15.7,314,cruise,19.871,19.87,31.162,26.87,4.293,0.001,1.568,31.162,19.871,4.293,0.001,0.672,0.0,1,0.0
13,15.75,315,cruise,19.871,19.849,31.163,26.849,4.314,0.022,1.57,31.163,19.871,4.314,0.022,0.676,0.0,1,0.0
13,15.8,316,cruise,19.872,19.85,31.164,26.85,4.314,0.022,1.57,30.171,19.871,3.321,0.021,0.543,0.0,0,0.05
13,15.85,317,cruise,19.872,19.869,31.165,26.869,4.295,0.002,1.568,29.178,19.871,2.308,0.002,0.408,0.0,0,0.1
13,15.9,318,cruise,19.872,19.883,31.164,26.883,4.281,-0.011,1.567,31.164,19.872,4.281,-0.011,0.67,0.0,1,0.0
13,15.95,319,cruise,19.872,19.892,31.164,26.892,4.272,-0.02,1.567,30.17,19.872,3.278,-0.02,0.536,0.0,0,0.05
13,16.0,320,cruise,19.872,19.912,31.162,26.912,4.25,-0.041,1.565,29.175,19.872,2.263,-0.04,0.4,0.0,0,0.1
13,16.05,321,cruise,19.871,19.926,31.159,26.926,4.234,-0.055,1.564,28.179,19.872,1.253,-0.054,0.265,0.0,0,0.15
13,16.1,322,cruise,19.871,19.917,31.157,26.917,4.24,-0.046,1.564,31.157,19.871,4.24,-0.046,0.664,0.0,1,0.0
13,16.15,323,cruise,19.871,19.892,31.155,26.892,4.263,-0.021,1.566,30.162,19.871,3.27,-0.021,0.535,0.0,0,0.05
13,16.2,324,cruise,19.871,19.882,31.155,26.882,4.273,-0.011,1.567,31.155,19.871,4.273,-0.011,0.669,0.0,1,0.0
13,16.25,325,cruise,19.872,19.89,31.155,26.89,4.264,-0.019,1.566,31.155,19.872,4.264,-0.019,0.668,0.0,1,0.0
13,16.3,326,cruise,19.872,19.921,31.153,26.921,4.232,-0.049,1.564,30.159,19.872,3.238,-0.05,0.53,0.0,0,0.05
13,16.35,327,cruise,19.872,19.959,31.149,26.959,4.19,-0.087,1.561,31.149,19.872,4.19,-0.087,0.656,0.0,1,0.0
13,16.4,328,cruise,19.872,19.997,31.143,26.997,4.146,-0.125,1.557,30.15,19.872,3.153,-0.125,0.516,0.0,0,0.05
13,16.45,329,cruise,19.871,20.038,31.135,27.038,4.098,-0.166,1.554,29.148,19.872,2.111,-0.166,0.376,0.0,0,0.1
13,16.5,330,cruise,19.871,20.061,31.126,27.061,4.065,-0.19,1.552,31.126,19.871,4.065,-0.19,0.636,0.0,1,0.0
13,16.55,331,cruise,19.871,20.071,31.116,27.071,4.045,-0.2,1.55,31.116,19.871,4.045,-0.2,0.633,0.0,1,0.0
13,16.6,332,cruise,19.871,20.096,31.106,27.096,4.01,-0.224,1.548,30.112,19.871,3.017,-0.225,0.495,0.0,0,0.05
13,16.65,333,cruise,19.871,20.125,31.094,27.125,3.969,-0.253,1.545,31.094,19.871,3.969,-0.253,0.621,0.0,1,0.0
13,16.7,334,cruise,19.872,20.152,31.08,27.152,3.928,-0.28,1.542,30.087,19.871,2.935,-0.281,0.482,0.0,0,0.05
13,16.75,335,cruise,19.872,20.181,31.065,27.181,3.884,-0.309,1.539,31.065,19.872,3.884,-0.309,0.608,0.0,1,0.0
13,16.8,336,cruise,19.872,20.207,31.049,27.207,3.842,-0.335,1.537,30.056,19.872,2.849,-0.335,0.469,0.0,0,0.05
13,16.85,337,cruise,19.872,20.233,31.032,27.233,3.799,-0.361,1.534,29.044,19.872,1.812,-0.361,0.33,0.0,0,0.1
13,16.9,338,cruise,19.871,20.24,31.013,27.24,3.773,-0.369,1.532,31.013,19.871,3.773,-0.369,0.591,0.0,1,0.0
13,16.95,339,cruise,19.871,20.233,30.995,27.233,3.762,-0.362,1.532,30.001,19.871,2.768,-0.362,0.457,0.0,0,0.05
13,17.0,340,cruise,19.871,20.233,30.977,27.233,3.744,-0.362,1.531,28.99,19.871,1.757,-0.362,0.322,0.0,0,0.1
13,17.05,341,cruise,19.871,20.222,30.959,27.222,3.737,-0.351,1.531,27.978,19.871,0.756,-0.351,0.189,0.0,0,0.15
13,17.1,342,cruise,19.871,20.188,30.943,27.188,3.755,-0.316,1.533,26.968,19.871,-0.22,-0.316,0.06,0.0,0,0.2
13,17.15,343,cruise,19.872,20.122,30.929,27.122,3.807,-0.25,1.537,30.929,19.872,3.807,-0.25,0.599,0.0,1,0.0
13,17.2,344,cruise,19.872,20.035,30.919,27.035,3.883,-0.164,1.543,30.919,19.872,3.883,-0.164,0.612,0.0,1,0.0
13,17.25,345,cruise,19.872,19.968,30.913,26.968,3.944,-0.097,1.548,29.919,19.872,2.951,-0.097,0.49,0.0,0,0.05
13,17.3,346,cruise,19.868,19.933,30.909,26.933,3.976,-0.066,1.551,28.922,19.872,1.989,-0.062,0.363,0.0,0,0.1
13,17.35,347,cruise,19.868,19.905,30.907,26.905,4.001,-0.037,1.553,27.926,19.872,1.021,-0.034,0.235,0.0,0,0.15
13,17.4,348,cruise,19.848,19.866,30.905,26.866,4.039,-0.018,1.556,30.905,19.848,4.039,-0.018,0.638,0.0,1,0.0
13,17.45,349,cruise,19.855,19.818,30.906,26.818,4.088,0.037,1.559,30.906,19.855,4.088,0.037,0.646,0.0,1,0.0
13,17.5,350,cruise,19.849,19.796,30.908,26.796,4.112,0.052,1.561,30.908,19.849,4.112,0.052,0.65,0.0,1,0.0
13,17.55,351,cruise,19.867,19.805,30.91,26.805,4.105,0.061,1.561,29.918,19.849,3.113,0.043,0.516,0.0,0,0.05
13,17.6,352,cruise,19.855,19.827,30.912,26.827,4.085,0.028,1.559,30.912,19.855,4.085,0.028,0.646,0.0,1,0.0
13,17.65,353,cruise,19.841,19.853,30.909,26.853,4.056,-0.011,1.557,29.919,19.855,3.067,0.002,0.509,0.0,0,0.05
13,17.7,354,cruise,19.851,19.884,30.903,26.884,4.018,-0.033,1.554,30.903,19.851,4.018,-0.033,0.635,0.0,1,0.0
13,17.75,355,cruise,19.868,19.916,30.897,26.916,3.981,-0.048,1.551,29.908,19.851,2.992,-0.065,0.497,0.0,0,0.05
13,17.8,356,cruise,19.838,19.95,30.888,26.95,3.939,-0.111,1.548,28.911,19.851,1.961,-0.098,0.358,0.0,0,0.1
13,17.85,357,cruise,19.844,19.966,30.879,26.966,3.913,-0.123,1.547,30.879,19.844,3.913,-0.123,0.618,0.0,1,0.0
13,17.9,358,cruise,19.869,19.969,30.867,26.969,3.898,-0.101,1.546,30.867,19.869,3.898,-0.101,0.616,0.0,1,0.0
13,17.95,359,cruise,19.892,19.987,30.855,26.987,3.867,-0.096,1.544,30.855,19.892,3.867,-0.096,0.612,0.0,1,0.0
13,18.0,360,cruise,19.9,20.018,30.841,27.018,3.823,-0.117,1.541,30.841,19.9,3.823,-0.117,0.606,0.0,1,0.0
13,18.05,361,cruise,19.889,20.055,30.825,27.055,3.769,-0.166,1.537,29.84,19.9,2.784,-0.155,0.466,0.0,0,0.05
13,18.1,362,cruise,19.863,20.089,30.806,27.089,3.717,-0.226,1.533,30.806,19.863,3.717,-0.226,0.588,0.0,1,0.0
13,18.15,363,cruise,19.849,20.116,30.787,27.116,3.671,-0.267,1.53,30.787,19.849,3.671,-0.267,0.581,0.0,1,0.0
13,18.2,364,cruise,19.833,20.147,30.766,27.147,3.618,-0.314,1.527,30.766,19.833,3.618,-0.314,0.572,0.0,1,0.0
13,18.25,365,cruise,19.847,20.181,30.744,27.181,3.563,-0.334,1.523,29.759,19.833,2.578,-0.348,0.432,0.0,0,0.05
13,18.3,366,cruise,19.853,20.208,30.724,27.208,3.516,-0.355,1.52,28.751,19.833,1.543,-0.375,0.293,0.0,0,0.1
13,18.35,367,cruise,19.879,20.211,30.705,27.211,3.494,-0.332,1.519,27.743,19.833,0.531,-0.378,0.158,0.0,0,0.15
13,18.4,368,cruise,19.884,20.181,30.69,27.181,3.509,-0.297,1.521,26.735,19.833,-0.446,-0.348,0.029,0.0,0,0.2
13,18.45,369,cruise,19.892,20.115,30.679,27.115,3.564,-0.223,1.525,30.679,19.892,3.564,-0.223,0.568,0.0,1,0.0
13,18.5,370,cruise,19.876,20.024,30.673,27.024,3.649,-0.148,1.532,29.68,19.892,2.656,-0.132,0.45,0.0,0,0.05
13,18.55,371,cruise,19.868,19.949,30.671,26.949,3.723,-0.081,1.538,30.671,19.868,3.723,-0.081,0.594,0.0,1,0.0
13,18.6,372,cruise,19.851,19.903,30.672,26.903,3.769,-0.052,1.541,29.68,19.868,2.776,-0.036,0.469,0.0,0,0.05
13,18.65,373,cruise,19.853,19.882,30.675,26.882,3.793,-0.029,1.543,30.675,19.853,3.793,-0.029,0.605,0.0,1,0.0
13,18.7,374,cruise,19.856,19.874,30.679,26.874,3.805,-0.019,1.544,30.679,19.856,3.805,-0.019,0.607,0.0,1,0.0
13,18.75,375,cruise,19.871,19.886,30.684,26.886,3.798,-0.016,1.543,30.684,19.871,3.798,-0.016,0.606,0.0,1,0.0
13,18.8,376,cruise,19.879,19.912,30.689,26.912,3.777,-0.033,1.541,30.689,19.879,3.777,-0.033,0.602,0.0,1,0.0
13,18.85,377,cruise,19.886,19.942,30.692,26.942,3.75,-0.055,1.539,30.692,19.886,3.75,-0.055,0.598,0.0,1,0.0
13,18.9,378,cruise,19.882,19.98,30.693,26.98,3.713,-0.099,1.536,29.7,19.886,2.719,-0.094,0.459,0.0,0,0.05
13,18.95,379,cruise,19.875,19.99,30.692,26.99,3.702,-0.115,1.535,28.706,19.886,1.716,-0.104,0.325,0.0,0,0.1
13,19.0,380,cruise,19.865,20.002,30.69,27.002,3.687,-0.137,1.534,27.711,19.886,0.709,-0.116,0.191,0.0,0,0.15
13,19.05,381,cruise,19.861,19.962,30.686,26.962,3.724,-0.102,1.537,26.717,19.886,-0.245,-0.076,0.065,0.0,0,0.2
13,19.1,382,cruise,19.86,19.905,30.685,26.905,3.78,-0.045,1.542,25.725,19.886,-1.18,-0.019,0.0,0.044,0,0.25
13,19.15,383,cruise,19.866,19.778,30.687,26.778,3.909,0.088,1.552,30.687,19.866,3.909,0.088,0.624,0.0,1,0.0
13,19.2,384,cruise,19.873,19.642,30.696,26.642,4.054,0.231,1.563,30.696,19.873,4.054,0.231,0.648,0.0,1,0.0
13,19.25,385,cruise,19.879,19.539,30.712,26.539,4.172,0.339,1.572,30.712,19.879,4.172,0.339,0.668,0.0,1,0.0
13,19.3,386,cruise,19.88,19.488,30.729,26.488,4.241,0.392,1.577,29.737,19.879,3.25,0.391,0.546,0.0,0,0.05
13,19.35,387,cruise,19.877,19.475,30.745,26.475,4.27,0.402,1.579,30.745,19.877,4.27,0.402,0.683,0.0,1,0.0
13,19.4,388,cruise,19.872,19.441,30.76,26.441,4.319,0.43,1.582,30.76,19.872,4.319,0.43,0.69,0.0,1,0.0
13,19.45,389,cruise,19.867,19.469,30.778,26.469,4.309,0.398,1.581,30.778,19.867,4.309,0.398,0.688,0.0,1,0.0
13,19.5,390,cruise,19.865,19.51,30.795,26.51,4.285,0.354,1.578,30.795,19.865,4.285,0.354,0.683,0.0,1,0.0
13,19.55,391,cruise,19.866,19.568,30.811,26.568,4.243,0.298,1.575,29.819,19.865,3.252,0.297,0.543,0.0,0,0.05
13,19.6,392,cruise,19.87,19.625,30.825,26.625,4.2,0.245,1.571,30.825,19.87,4.2,0.245,0.668,0.0,1,0.0
13,19.65,393,cruise,19.874,19.666,30.837,26.666,4.172,0.208,1.568,29.845,19.87,3.18,0.204,0.531,0.0,0,0.05
13,19.7,394,cruise,19.876,19.718,30.849,26.718,4.131,0.159,1.564,30.849,19.876,4.131,0.159,0.656,0.0,1,0.0
13,19.75,395,cruise,19.876,19.752,30.858,26.752,4.106,0.124,1.562,29.866,19.876,3.114,0.124,0.519,0.0,0,0.05
13,19.8,396,cruise,19.874,19.801,30.866,26.801,4.065,0.073,1.559,28.881,19.876,2.08,0.075,0.38,0.0,0,0.1
13,19.85,397,cruise,19.87,19.817,30.873,26.817,4.056,0.053,1.558,27.895,19.876,1.078,0.059,0.246,0.0,0,0.15
13,19.9,398,cruise,19.868,19.815,30.878,26.815,4.063,0.053,1.558,30.878,19.868,4.063,0.053,0.644,0.0,1,0.0
13,19.95,399,cruise,19.867,19.778,30.885,26.778,4.107,0.089,1.562,29.892,19.868,3.114,0.09,0.518,0.0,0,0.05
13,20.0,400,cruise,19.869,19.766,30.893,26.766,4.126,0.102,1.563,28.907,19.868,2.141,0.102,0.389,0.0,0,0.1
13,20.05,401,cruise,19.871,19.743,30.901,26.743,4.158,0.128,1.565,30.901,19.871,4.158,0.128,0.659,0.0,1,0.0
13,20.1,402,cruise,19.868,19.734,30.909,26.734,4.175,0.134,1.566,30.909,19.868,4.175,0.134,0.661,0.0,1,0.0
13,20.15,403,cruise,19.87,19.737,30.918,26.737,4.18,0.133,1.566,30.918,19.87,4.18,0.133,0.662,0.0,1,0.0
13,20.2,404,cruise,19.86,19.772,30.924,26.772,4.152,0.088,1.564,30.924,19.86,4.152,0.088,0.656,0.0,1,0.0
13,20.25,405,cruise,19.843,19.811,30.927,26.811,4.116,0.032,1.561,29.936,19.86,3.125,0.049,0.518,0.0,0,0.05
13,20.3,406,cruise,19.855,19.859,30.928,26.859,4.069,-0.003,1.557,28.945,19.86,2.086,0.001,0.378,0.0,0,0.1
13,20.35,407,cruise,19.855,19.881,30.927,26.881,4.046,-0.026,1.556,27.952,19.86,1.071,-0.021,0.242,0.0,0,0.15
13,20.4,408,cruise,19.874,19.879,30.925,26.879,4.047,-0.005,1.556,26.959,19.86,0.08,-0.019,0.11,0.0,0,0.2
13,20.45,409,cruise,19.868,19.836,30.925,26.836,4.089,0.032,1.559,30.925,19.868,4.089,0.032,0.646,0.0,1,0.0
13,20.5,410,cruise,19.822,19.773,30.925,26.773,4.152,0.049,1.564,29.936,19.868,3.163,0.096,0.525,0.0,0,0.05
13,20.55,411,cruise,19.829,19.723,30.926,26.723,4.203,0.106,1.568,28.95,19.868,2.227,0.146,0.402,0.0,0,0.1
13,20.6,412,cruise,19.828,19.692,30.927,26.692,4.235,0.136,1.571,27.965,19.868,1.273,0.176,0.276,0.0,0,0.15
13,20.65,413,cruise,19.868,19.654,30.93,26.654,4.276,0.214,1.574,30.93,19.868,4.276,0.214,0.677,0.0,1,0.0
13,20.7,414,cruise,19.873,19.614,30.935,26.614,4.321,0.26,1.577,29.949,19.868,3.336,0.254,0.553,0.0,0,0.05
13,20.75,415,cruise,19.896,19.594,30.941,26.594,4.347,0.302,1.579,30.941,19.896,4.347,0.302,0.69,0.0,1,0.0
13,20.8,416,cruise,19.871,19.599,30.945,26.599,4.345,0.271,1.579,30.945,19.871,4.345,0.271,0.688,0.0,1,0.0
13,20.85,417,cruise,19.786,19.63,30.941,26.63,4.311,0.156,1.576,29.965,19.871,3.335,0.24,0.553,0.0,0,0.05
13,20.9,418,cruise,19.769,19.672,30.931,26.672,4.259,0.097,1.572,28.984,19.871,2.312,0.198,0.415,0.0,0,0.1
13,20.95,419,cruise,19.757,19.701,30.915,26.701,4.214,0.056,1.569,30.915,19.757,4.214,0.056,0.664,0.0,1,0.0
13,21.0,420,cruise,19.811,19.721,30.898,26.721,4.177,0.09,1.567,29.932,19.757,3.211,0.036,0.529,0.0,0,0.05
13,21.05,421,cruise,19.839,19.748,30.879,26.748,4.131,0.091,1.564,30.879,19.839,4.131,0.091,0.654,0.0,1,0.0
13,21.1,422,cruise,19.832,19.78,30.855,26.78,4.075,0.052,1.56,29.895,19.839,3.115,0.059,0.517,0.0,0,0.05
13,21.15,423,cruise,19.877,19.816,30.828,26.816,4.011,0.061,1.556,30.828,19.877,4.011,0.061,0.637,0.0,1,0.0
13,21.2,424,cruise,19.877,19.852,30.797,26.852,3.944,0.024,1.551,29.841,19.877,2.989,0.025,0.499,0.0,0,0.05
13,21.25,425,cruise,19.898,19.889,30.763,26.889,3.874,0.009,1.547,28.854,19.877,1.965,-0.012,0.362,0.0,0,0.1
13,21.3,426,cruise,19.86,19.908,30.725,26.908,3.817,-0.048,1.543,30.725,19.86,3.817,-0.048,0.607,0.0,1,0.0
13,21.35,427,cruise,19.768,19.913,30.68,26.913,3.767,-0.146,1.541,30.68,19.768,3.767,-0.146,0.597,0.0,1,0.0
13,21.4,428,cruise,19.752,19.931,30.63,26.931,3.699,-0.18,1.537,30.63,19.752,3.699,-0.18,0.587,0.0,1,0.0
13,21.45,429,cruise,19.733,19.959,30.577,26.959,3.618,-0.226,1.532,29.648,19.752,2.689,-0.207,0.452,0.0,0,0.05
13,21.5,430,cruise,19.785,19.984,30.524,26.984,3.54,-0.199,1.527,30.524,19.785,3.54,-0.199,0.565,0.0,1,0.0
13,21.55,431,cruise,19.806,20.002,30.472,27.002,3.47,-0.196,1.523,30.472,19.806,3.47,-0.196,0.556,0.0,1,0.0
13,21.6,432,cruise,19.799,20.026,30.418,27.026,3.393,-0.226,1.519,29.497,19.806,2.472,-0.219,0.422,0.0,0,0.05
13,21.65,433,cruise,19.862,20.038,30.366,27.038,3.328,-0.176,1.515,30.366,19.862,3.328,-0.176,0.538,0.0,1,0.0
13,21.7,434,cruise,19.885,20.049,30.316,27.049,3.268,-0.163,1.512,29.398,19.862,2.349,-0.186,0.407,0.0,0,0.05
13,21.75,435,cruise,19.927,20.043,30.271,27.043,3.228,-0.116,1.51,28.43,19.862,1.387,-0.181,0.279,0.0,0,0.1
13,21.8,436,cruise,19.89,20.011,30.227,27.011,3.217,-0.121,1.511,27.463,19.862,0.453,-0.148,0.155,0.0,0,0.15
13,21.85,437,cruise,19.787,19.97,30.183,26.97,3.212,-0.183,1.511,30.183,19.787,3.212,-0.183,0.522,0.0,1,0.0
13,21.9,438,cruise,19.751,19.893,30.14,26.893,3.247,-0.143,1.515,29.237,19.787,2.343,-0.106,0.409,0.0,0,0.05
13,21.95,439,cruise,19.725,19.845,30.103,26.845,3.257,-0.12,1.517,30.103,19.725,3.257,-0.12,0.53,0.0,1,0.0
13,22.0,440,cruise,19.769,19.79,30.074,26.79,3.283,-0.021,1.52,30.074,19.769,3.283,-0.021,0.537,0.0,1,0.0
13,22.05,441,cruise,19.797,19.776,30.054,26.776,3.277,0.021,1.52,29.15,19.769,2.373,-0.007,0.416,0.0,0,0.05
13,22.1,442,cruise,19.875,19.744,30.044,26.744,3.299,0.13,1.522,28.227,19.769,1.483,0.025,0.299,0.0,0,0.1
13,22.15,443,cruise,19.909,19.649,30.042,26.649,3.393,0.261,1.529,27.304,19.769,0.655,0.12,0.191,0.0,0,0.15
13,22.2,444,cruise,19.95,19.584,30.05,26.584,3.466,0.365,1.534,26.382,19.769,-0.203,0.185,0.079,0.0,0,0.2
13,22.25,445,cruise,19.915,19.478,30.066,26.478,3.588,0.438,1.544,25.461,19.769,-1.017,0.292,0.0,0.02,0,0.25
13,22.3,446,cruise,19.883,19.375,30.091,26.375,3.717,0.508,1.553,24.543,19.769,-1.832,0.394,0.0,0.099,0,0.3
13,22.35,447,cruise,19.814,19.208,30.125,26.208,3.917,0.605,1.568,23.629,19.769,-2.58,0.561,0.0,0.17,0,0.35
13,22.4,448,cruise,19.721,19.041,30.166,26.041,4.125,0.68,1.584,30.166,19.721,4.125,0.68,0.672,0.0,1,0.0
13,22.45,449,cruise,19.719,18.865,30.216,25.865,4.351,0.854,1.602,29.3,19.721,3.435,0.856,0.587,0.0,0,0.05
13,22.5,450,cruise,19.739,18.757,30.276,25.757,4.52,0.983,1.614,28.438,19.721,2.682,0.964,0.49,0.0,0,0.1
13,22.55,451,cruise,19.807,18.661,30.35,25.661,4.689,1.146,1.626,30.35,19.807,4.689,1.146,0.763,0.0,1,0.0
13,22.6,452,cruise,19.859,18.628,30.433,25.628,4.806,1.231,1.634,30.433,19.859,4.806,1.231,0.782,0.0,1,0.0
13,22.65,453,cruise,19.931,18.612,30.527,25.612,4.915,1.32,1.64,30.527,19.931,4.915,1.32,0.799,0.0,1,0.0
13,22.7,454,cruise,19.947,18.656,30.627,25.656,4.971,1.291,1.642,29.686,19.931,4.03,1.275,0.68,0.0,0,0.05
13,22.75,455,cruise,19.942,18.678,30.729,25.678,5.051,1.263,1.645,28.841,19.931,3.162,1.253,0.563,0.0,0,0.1
13,22.8,456,cruise,19.873,18.635,30.83,25.635,5.196,1.238,1.654,30.83,19.873,5.196,1.238,0.834,0.0,1,0.0
13,22.85,457,cruise,19.823,18.651,30.93,25.651,5.278,1.172,1.658,30.93,19.823,5.278,1.172,0.843,0.0,1,0.0
13,22.9,458,cruise,19.767,18.655,31.025,25.655,5.37,1.112,1.663,31.025,19.767,5.37,1.112,0.853,0.0,1,0.0
13,22.95,459,cruise,19.776,18.737,31.116,25.737,5.379,1.039,1.661,30.171,19.767,4.434,1.03,0.726,0.0,0,0.05
13,23.0,460,cruise,19.791,18.805,31.204,25.805,5.399,0.986,1.659,29.307,19.767,3.502,0.963,0.599,0.0,0,0.1
13,23.05,461,cruise,19.855,18.9,31.29,25.9,5.39,0.955,1.656,31.29,19.855,5.39,0.955,0.851,0.0,1,0.0
13,23.1,462,cruise,19.898,18.941,31.376,25.941,5.435,0.956,1.656,31.376,19.898,5.435,0.956,0.856,0.0,1,0.0
13,23.15,463,cruise,19.906,18.963,31.455,25.963,5.492,0.942,1.659,31.455,19.906,5.492,0.942,0.864,0.0,1,0.0
13,23.2,464,cruise,19.919,19.065,31.53,26.065,5.465,0.855,1.654,31.53,19.919,5.465,0.855,0.857,0.0,1,0.0
13,23.25,465,cruise,19.894,19.14,31.598,26.14,5.458,0.754,1.651,31.598,19.894,5.458,0.754,0.853,0.0,1,0.0
13,23.3,466,cruise,19.869,19.271,31.66,26.271,5.388,0.597,1.643,31.66,19.869,5.388,0.597,0.838,0.0,1,0.0
13,23.35,467,cruise,19.825,19.36,31.713,26.36,5.353,0.465,1.638,31.713,19.825,5.353,0.465,0.829,0.0,1,0.0
13,23.4,468,cruise,19.819,19.403,31.758,26.403,5.355,0.416,1.637,30.796,19.825,4.393,0.422,0.7,0.0,0,0.05
13,23.45,469,cruise,19.806,19.509,31.795,26.509,5.286,0.297,1.63,29.869,19.825,3.36,0.316,0.559,0.0,0,0.1
13,23.5,470,cruise,19.847,19.567,31.827,26.567,5.26,0.28,1.627,31.827,19.847,5.26,0.28,0.811,0.0,1,0.0
13,23.55,471,cruise,19.87,19.652,31.855,26.652,5.203,0.218,1.621,31.855,19.87,5.203,0.218,0.801,0.0,1,0.0
13,23.6,472,cruise,19.909,19.713,31.881,26.713,5.168,0.196,1.617,30.912,19.87,4.199,0.157,0.665,0.0,0,0.05
13,23.65,473,cruise,19.902,19.812,31.901,26.812,5.089,0.09,1.61,29.96,19.87,3.148,0.057,0.522,0.0,0,0.1
13,23.7,474,cruise,19.897,19.852,31.918,26.852,5.065,0.045,1.608,31.918,19.897,5.065,0.045,0.777,0.0,1,0.0
13,23.75,475,cruise,19.856,19.856,31.929,26.856,5.072,-0.001,1.608,30.959,19.897,4.102,0.041,0.648,0.0,0,0.05
13,23.8,476,cruise,19.839,19.923,31.935,26.923,5.013,-0.083,1.603,29.994,19.897,3.071,-0.026,0.509,0.0,0,0.1
13,23.85,477,cruise,19.814,19.954,31.937,26.954,4.983,-0.14,1.601,29.024,19.897,2.07,-0.057,0.374,0.0,0,0.15
13,23.9,478,cruise,19.835,19.991,31.937,26.991,4.946,-0.156,1.598,28.049,19.897,1.058,-0.094,0.238,0.0,0,0.2
13,23.95,479,cruise,19.845,19.96,31.937,26.96,4.977,-0.114,1.6,31.937,19.845,4.977,-0.114,0.76,0.0,1,0.0
13,24.0,480,cruise,19.862,19.936,31.938,26.936,5.001,-0.074,1.602,31.938,19.862,5.001,-0.074,0.764,0.0,1,0.0
13,24.05,481,cruise,19.896,19.901,31.942,26.901,5.041,-0.005,1.605,31.942,19.896,5.041,-0.005,0.772,0.0,1,0.0
13,24.1,482,cruise,19.906,19.935,31.947,26.935,5.012,-0.029,1.603,30.972,19.896,4.038,-0.039,0.637,0.0,0,0.05
13,24.15,483,cruise,19.904,19.957,31.951,26.957,4.994,-0.053,1.601,30.0,19.896,3.042,-0.061,0.504,0.0,0,0.1
13,24.2,484,cruise,19.875,20.006,31.953,27.006,4.948,-0.131,1.597,31.953,19.875,4.948,-0.131,0.755,0.0,1,0.0
13,24.25,485,cruise,19.854,20.018,31.953,27.018,4.936,-0.164,1.596,30.978,19.875,3.961,-0.143,0.623,0.0,0,0.05
13,24.3,486,cruise,19.815,20.016,31.95,27.016,4.934,-0.201,1.596,30.0,19.875,2.984,-0.141,0.493,0.0,0,0.1
13,24.35,487,cruise,19.75,20.058,31.939,27.058,4.881,-0.308,1.592,31.939,19.75,4.881,-0.308,0.741,0.0,1,0.0
13,24.4,488,cruise,19.656,20.081,31.919,27.081,4.838,-0.425,1.59,31.919,19.656,4.838,-0.425,0.731,0.0,1,0.0
13,24.45,489,cruise,19.655,20.14,31.892,27.14,4.752,-0.485,1.584,31.892,19.655,4.752,-0.485,0.717,0.0,1,0.0
13,24.5,490,cruise,19.721,20.186,31.862,27.186,4.676,-0.465,1.578,31.862,19.721,4.676,-0.465,0.708,0.0,1,0.0
13,24.55,491,cruise,19.808,20.265,31.834,27.265,4.569,-0.457,1.571,30.873,19.721,3.608,-0.544,0.563,0.0,0,0.05
13,24.6,492,cruise,19.895,20.311,31.806,27.311,4.495,-0.416,1.566,29.879,19.721,2.568,-0.59,0.423,0.0,0,0.1
13,24.65,493,cruise,19.966,20.363,31.778,27.363,4.416,-0.397,1.561,31.778,19.966,4.416,-0.397,0.676,0.0,1,0.0
13,24.7,494,cruise,19.988,20.362,31.752,27.362,4.389,-0.375,1.559,31.752,19.988,4.389,-0.375,0.673,0.0,1,0.0
13,24.75,495,cruise,19.952,20.37,31.723,27.37,4.352,-0.418,1.557,31.723,19.952,4.352,-0.418,0.666,0.0,1,0.0
13,24.8,496,cruise,19.882,20.425,31.689,27.425,4.264,-0.543,1.551,30.724,19.952,3.298,-0.473,0.524,0.0,0,0.05
13,24.85,497,cruise,19.809,20.463,31.651,27.463,4.188,-0.654,1.547,29.721,19.952,2.258,-0.511,0.384,0.0,0,0.1
13,24.9,498,cruise,19.762,20.494,31.61,27.494,4.115,-0.732,1.542,28.716,19.952,1.222,-0.543,0.245,0.0,0,0.15
13,24.95,499,cruise,19.748,20.472,31.571,27.472,4.099,-0.724,1.542,27.71,19.952,0.237,-0.521,0.114,0.0,0,0.2
13,25.0,500,cruise,19.786,20.433,31.539,27.433,4.106,-0.647,1.544,31.539,19.786,4.106,-0.647,0.626,0.0,1,0.0
13,25.05,501,cruise,19.83,20.338,31.515,27.338,4.177,-0.509,1.55,31.515,19.83,4.177,-0.509,0.64,0.0,1,0.0
13,25.1,502,cruise,19.901,20.29,31.502,27.29,4.212,-0.389,1.553,31.502,19.901,4.212,-0.389,0.649,0.0,1,0.0
13,25.15,503,cruise,19.945,20.252,31.496,27.252,4.243,-0.308,1.555,31.496,19.945,4.243,-0.308,0.656,0.0,1,0.0
13,25.2,504,cruise,19.957,20.268,31.494,27.268,4.226,-0.311,1.554,31.494,19.957,4.226,-0.311,0.653,0.0,1,0.0
13,25.25,505,cruise,19.917,20.276,31.492,27.276,4.216,-0.359,1.553,31.492,19.917,4.216,-0.359,0.65,0.0,1,0.0
13,25.3,506,cruise,19.865,20.291,31.488,27.291,4.196,-0.426,1.552,30.499,19.917,3.207,-0.375,0.515,0.0,0,0.05
13,25.35,507,cruise,19.807,20.337,31.48,27.337,4.143,-0.53,1.548,29.502,19.917,2.166,-0.42,0.375,0.0,0,0.1
13,25.4,508,cruise,19.786,20.345,31.47,27.345,4.124,-0.559,1.547,31.47,19.786,4.124,-0.559,0.631,0.0,1,0.0
13,25.45,509,cruise,19.796,20.355,31.46,27.355,4.104,-0.559,1.546,31.46,19.796,4.104,-0.559,0.629,0.0,1,0.0
13,25.5,510,cruise,19.846,20.356,31.451,27.356,4.095,-0.51,1.545,30.46,19.796,3.104,-0.56,0.495,0.0,0,0.05
13,25.55,511,cruise,19.898,20.384,31.444,27.384,4.06,-0.485,1.543,31.444,19.898,4.06,-0.485,0.625,0.0,1,0.0
13,25.6,512,cruise,19.939,20.387,31.437,27.387,4.05,-0.448,1.542,31.437,19.939,4.05,-0.448,0.625,0.0,1,0.0
13,25.65,513,cruise,19.94,20.424,31.43,27.424,4.006,-0.484,1.539,31.43,19.94,4.006,-0.484,0.618,0.0,1,0.0
13,25.7,514,cruise,19.911,20.451,31.419,27.451,3.968,-0.54,1.536,31.419,19.911,3.968,-0.54,0.611,0.0,1,0.0
13,25.75,515,cruise,19.864,20.498,31.404,27.498,3.905,-0.634,1.532,30.41,19.911,2.912,-0.587,0.469,0.0,0,0.05
13,25.8,516,cruise,19.824,20.526,31.383,27.526,3.857,-0.703,1.529,29.398,19.911,1.871,-0.615,0.329,0.0,0,0.1
13,25.85,517,cruise,19.806,20.543,31.359,27.543,3.816,-0.737,1.527,28.384,19.911,0.842,-0.631,0.191,0.0,0,0.15
13,25.9,518,cruise,19.822,20.498,31.334,27.498,3.836,-0.676,1.529,27.371,19.911,-0.128,-0.587,0.063,0.0,0,0.2
13,25.95,519,cruise,19.859,20.372,31.313,27.372,3.941,-0.513,1.537,31.313,19.859,3.941,-0.513,0.608,0.0,1,0.0
13,26.0,520,cruise,19.901,20.16,31.3,27.16,4.14,-0.259,1.553,31.3,19.901,4.14,-0.259,0.643,0.0,1,0.0
13,26.05,521,cruise,19.924,20.024,31.294,27.024,4.27,-0.101,1.563,30.3,19.901,3.276,-0.124,0.533,0.0,0,0.05
13,26.1,522,cruise,19.92,19.976,31.29,26.976,4.314,-0.056,1.566,31.29,19.92,4.314,-0.056,0.673,0.0,1,0.0
13,26.15,523,cruise,19.893,19.967,31.285,26.967,4.318,-0.074,1.567,31.285,19.893,4.318,-0.074,0.673,0.0,1,0.0
13,26.2,524,cruise,19.859,19.982,31.278,26.982,4.296,-0.123,1.565,30.287,19.893,3.304,-0.089,0.538,0.0,0,0.05
13,26.25,525,cruise,19.833,20.004,31.268,27.004,4.264,-0.172,1.563,29.286,19.893,2.282,-0.111,0.401,0.0,0,0.1
13,26.3,526,cruise,19.827,20.014,31.256,27.014,4.242,-0.187,1.562,31.256,19.827,4.242,-0.187,0.659,0.0,1,0.0
13,26.35,527,cruise,19.843,20.016,31.246,27.016,4.23,-0.173,1.561,30.256,19.827,3.24,-0.189,0.526,0.0,0,0.05
13,26.4,528,cruise,19.871,20.03,31.237,27.03,4.207,-0.158,1.56,31.237,19.871,4.207,-0.158,0.656,0.0,1,0.0
13,26.45,529,cruise,19.897,20.052,31.23,27.052,4.178,-0.155,1.557,30.237,19.871,3.185,-0.18,0.519,0.0,0,0.05
13,26.5,530,cruise,19.907,20.072,31.223,27.072,4.151,-0.165,1.556,31.223,19.907,4.151,-0.165,0.648,0.0,1,0.0
13,26.55,531,cruise,19.899,20.106,31.216,27.106,4.11,-0.206,1.553,30.222,19.907,3.117,-0.198,0.509,0.0,0,0.05
13,26.6,532,cruise,19.879,20.126,31.207,27.126,4.08,-0.247,1.551,29.219,19.907,2.093,-0.219,0.372,0.0,0,0.1
13,26.65,533,cruise,19.857,20.147,31.195,27.147,4.048,-0.29,1.548,28.215,19.907,1.069,-0.24,0.234,0.0,0,0.15
13,26.7,534,cruise,19.844,20.129,31.183,27.129,4.054,-0.284,1.549,27.211,19.907,0.083,-0.222,0.104,0.0,0,0.2
13,26.75,535,cruise,19.846,20.084,31.173,27.084,4.089,-0.238,1.552,31.173,19.846,4.089,-0.238,0.637,0.0,1,0.0
13,26.8,536,cruise,19.86,20.004,31.166,27.004,4.162,-0.145,1.558,31.166,19.86,4.162,-0.145,0.65,0.0,1,0.0
13,26.85,537,cruise,19.877,19.954,31.163,26.954,4.209,-0.077,1.562,30.17,19.86,3.216,-0.095,0.526,0.0,0,0.05
13,26.9,538,cruise,19.891,19.922,31.163,26.922,4.24,-0.032,1.564,31.163,19.891,4.24,-0.032,0.664,0.0,1,0.0
13,26.95,539,cruise,19.893,19.923,31.163,26.923,4.24,-0.03,1.564,30.169,19.891,3.245,-0.033,0.532,0.0,0,0.05
13,27.0,540,cruise,19.885,19.931,31.163,26.931,4.232,-0.046,1.564,29.174,19.891,2.243,-0.04,0.398,0.0,0,0.1
13,27.05,541,cruise,19.871,19.942,31.161,26.942,4.218,-0.071,1.563,28.178,19.891,1.236,-0.052,0.263,0.0,0,0.15
13,27.1,542,cruise,19.859,19.925,31.158,26.925,4.233,-0.065,1.564,27.183,19.891,0.258,-0.034,0.133,0.0,0,0.2
13,27.15,543,cruise,19.855,19.883,31.157,26.883,4.273,-0.029,1.567,26.189,19.891,-0.695,0.007,0.008,0.0,0,0.25
13,27.2,544,cruise,19.859,19.802,31.158,26.802,4.356,0.056,1.573,31.158,19.859,4.356,0.056,0.683,0.0,1,0.0
13,27.25,545,cruise,19.868,19.704,31.165,26.704,4.461,0.164,1.582,30.172,19.859,3.468,0.155,0.568,0.0,0,0.05
13,27.3,546,cruise,19.878,19.62,31.177,26.62,4.556,0.258,1.589,31.177,19.878,4.556,0.258,0.716,0.0,1,0.0
13,27.35,547,cruise,19.884,19.584,31.192,26.584,4.607,0.3,1.593,30.198,19.878,3.613,0.294,0.592,0.0,0,0.05
13,27.4,548,cruise,19.883,19.583,31.207,26.583,4.624,0.3,1.594,31.207,19.883,4.624,0.3,0.727,0.0,1,0.0
13,27.45,549,cruise,19.877,19.606,31.221,26.606,4.615,0.27,1.592,31.221,19.877,4.615,0.27,0.724,0.0,1,0.0
13,27.5,550,cruise,19.868,19.653,31.234,26.653,4.58,0.215,1.589,30.24,19.877,3.587,0.223,0.586,0.0,0,0.05
13,27.55,551,cruise,19.863,19.711,31.242,26.711,4.532,0.152,1.585,31.242,19.863,4.532,0.152,0.709,0.0,1,0.0
13,27.6,552,cruise,19.862,19.768,31.248,26.768,4.48,0.093,1.581,31.248,19.862,4.48,0.093,0.7,0.0,1,0.0
13,27.65,553,cruise,19.866,19.838,31.251,26.838,4.413,0.028,1.575,31.251,19.866,4.413,0.028,0.689,0.0,1,0.0
13,27.7,554,cruise,19.872,19.913,31.251,26.913,4.338,-0.041,1.569,30.257,19.866,3.344,-0.047,0.544,0.0,0,0.05
13,27.75,555,cruise,19.877,19.983,31.247,26.983,4.264,-0.106,1.564,29.259,19.866,2.277,-0.117,0.4,0.0,0,0.1
13,27.8,556,cruise,19.879,20.029,31.24,27.029,4.211,-0.15,1.56,31.24,19.879,4.211,-0.15,0.656,0.0,1,0.0
13,27.85,557,cruise,19.877,20.057,31.232,27.057,4.175,-0.179,1.557,31.232,19.877,4.175,-0.179,0.651,0.0,1,0.0
13,27.9,558,cruise,19.873,20.095,31.222,27.095,4.126,-0.223,1.554,31.222,19.873,4.126,-0.223,0.643,0.0,1,0.0
13,27.95,559,cruise,19.868,20.144,31.209,27.144,4.065,-0.276,1.549,30.215,19.873,3.072,-0.271,0.501,0.0,0,0.05
13,28.0,560,cruise,19.866,20.189,31.194,27.189,4.004,-0.324,1.545,31.194,19.866,4.004,-0.324,0.623,0.0,1,0.0
13,28.05,561,cruise,19.866,20.228,31.176,27.228,3.948,-0.362,1.541,31.176,19.866,3.948,-0.362,0.614,0.0,1,0.0
13,28.1,562,cruise,19.869,20.273,31.157,27.273,3.884,-0.403,1.537,31.157,19.869,3.884,-0.403,0.604,0.0,1,0.0
13,28.15,563,cruise,19.873,20.319,31.136,27.319,3.816,-0.446,1.532,31.136,19.873,3.816,-0.446,0.594,0.0,1,0.0
13,28.2,564,cruise,19.876,20.366,31.112,27.366,3.746,-0.49,1.528,30.118,19.873,2.752,-0.493,0.451,0.0,0,0.05
13,28.25,565,cruise,19.876,20.404,31.086,27.404,3.682,-0.528,1.524,29.099,19.873,1.695,-0.531,0.308,0.0,0,0.1
13,28.3,566,cruise,19.874,20.416,31.059,27.416,3.643,-0.542,1.521,31.059,19.874,3.643,-0.542,0.568,0.0,1,0.0
13,28.35,567,cruise,19.871,20.409,31.032,27.409,3.623,-0.538,1.521,31.032,19.871,3.623,-0.538,0.565,0.0,1,0.0
13,28.4,568,cruise,19.869,20.413,31.005,27.413,3.592,-0.545,1.519,30.012,19.871,2.599,-0.542,0.428,0.0,0,0.05
13,28.45,569,cruise,19.868,20.42,30.978,27.42,3.558,-0.552,1.517,28.991,19.871,1.571,-0.549,0.291,0.0,0,0.1
13,28.5,570,cruise,19.869,20.409,30.951,27.409,3.541,-0.54,1.517,27.97,19.871,0.561,-0.538,0.157,0.0,0,0.15
13,28.55,571,cruise,19.871,20.37,30.925,27.37,3.554,-0.499,1.518,26.951,19.871,-0.419,-0.499,0.027,0.0,0,0.2
13,28.6,572,cruise,19.873,20.297,30.902,27.297,3.605,-0.424,1.522,25.934,19.871,-1.363,-0.426,0.0,0.072,0,0.25
13,28.65,573,cruise,19.874,20.181,30.884,27.181,3.703,-0.307,1.53,24.923,19.871,-2.258,-0.31,0.0,0.159,0,0.3
13,28.7,574,cruise,19.874,20.028,30.873,27.028,3.846,-0.154,1.542,30.873,19.874,3.846,-0.154,0.608,0.0,1,0.0
13,28.75,575,cruise,19.872,19.889,30.87,26.889,3.981,-0.017,1.552,29.876,19.874,2.987,-0.015,0.498,0.0,0,0.05
13,28.8,576,cruise,19.871,19.786,30.872,26.786,4.086,0.084,1.56,30.872,19.871,4.086,0.084,0.648,0.0,1,0.0
13,28.85,577,cruise,19.87,19.729,30.878,26.729,4.15,0.141,1.565,30.878,19.87,4.15,0.141,0.658,0.0,1,0.0
13,28.9,578,cruise,19.869,19.714,30.886,26.714,4.172,0.155,1.567,29.893,19.87,3.178,0.155,0.529,0.0,0,0.05
13,28.95,579,cruise,19.87,19.722,30.894,26.722,4.171,0.148,1.566,30.894,19.87,4.171,0.148,0.661,0.0,1,0.0
13,29.0,580,cruise,19.872,19.741,30.9,26.741,4.159,0.131,1.565,29.907,19.87,3.166,0.129,0.526,0.0,0,0.05
13,29.05,581,cruise,19.873,19.77,30.906,26.77,4.136,0.103,1.563,30.906,19.873,4.136,0.103,0.655,0.0,1,0.0
13,29.1,582,cruise,19.873,19.803,30.91,26.803,4.108,0.07,1.561,30.91,19.873,4.108,0.07,0.65,0.0,1,0.0
13,29.15,583,cruise,19.873,19.847,30.912,26.847,4.065,0.025,1.558,30.912,19.873,4.065,0.025,0.643,0.0,1,0.0
13,29.2,584,cruise,19.872,19.9,30.912,26.9,4.012,-0.028,1.553,29.918,19.873,3.019,-0.027,0.502,0.0,0,0.05
13,29.25,585,cruise,19.871,19.948,30.909,26.948,3.961,-0.078,1.549,30.909,19.871,3.961,-0.078,0.626,0.0,1,0.0
13,29.3,586,cruise,19.87,19.99,30.904,26.99,3.914,-0.12,1.546,29.91,19.871,2.921,-0.119,0.485,0.0,0,0.05
13,29.35,587,cruise,19.87,20.029,30.897,27.029,3.868,-0.158,1.543,28.91,19.871,1.881,-0.158,0.346,0.0,0,0.1
13,29.4,588,cruise,19.871,20.047,30.888,27.047,3.841,-0.176,1.541,30.888,19.871,3.841,-0.176,0.606,0.0,1,0.0
13,29.45,589,cruise,19.872,20.049,30.879,27.049,3.83,-0.177,1.54,30.879,19.872,3.83,-0.177,0.605,0.0,1,0.0
13,29.5,590,cruise,19.872,20.065,30.87,27.065,3.805,-0.193,1.539,30.87,19.872,3.805,-0.193,0.601,0.0,1,0.0
13,29.55,591,cruise,19.872,20.092,30.86,27.092,3.767,-0.22,1.536,30.86,19.872,3.767,-0.22,0.595,0.0,1,0.0
13,29.6,592,cruise,19.872,20.126,30.848,27.126,3.721,-0.254,1.533,29.854,19.872,2.728,-0.254,0.455,0.0,0,0.05
13,29.65,593,cruise,19.871,20.156,30.834,27.156,3.678,-0.285,1.53,30.834,19.871,3.678,-0.285,0.581,0.0,1,0.0
13,29.7,594,cruise,19.871,20.179,30.819,27.179,3.64,-0.308,1.527,30.819,19.871,3.64,-0.308,0.575,0.0,1,0.0
13,29.75,595,cruise,19.871,20.207,30.803,27.207,3.596,-0.336,1.524,30.803,19.871,3.596,-0.336,0.568,0.0,1,0.0
13,29.8,596,cruise,19.871,20.238,30.785,27.238,3.547,-0.367,1.521,30.785,19.871,3.547,-0.367,0.561,0.0,1,0.0
13,29.85,597,cruise,19.871,20.27,30.766,27.27,3.496,-0.398,1.518,30.766,19.871,3.496,-0.398,0.553,0.0,1,0.0
13,29.9,598,cruise,19.871,20.301,30.745,27.301,3.444,-0.429,1.514,30.745,19.871,3.444,-0.429,0.545,0.0,1,0.0
13,29.95,599,cruise,19.872,20.331,30.723,27.331,3.392,-0.459,1.511,29.729,19.871,2.398,-0.459,0.404,0.0,0,0.05
13,30.0,600,cruise,19.872,20.351,30.699,27.351,3.348,-0.479,1.508,30.699,19.872,3.348,-0.479,0.53,0.0,1,0.0
13,30.05,601,cruise,19.872,20.36,30.675,27.36,3.315,-0.488,1.507,29.681,19.872,2.321,-0.488,0.393,0.0,0,0.05
13,30.1,602,cruise,19.872,20.365,30.65,27.365,3.285,-0.493,1.505,28.663,19.872,1.298,-0.493,0.257,0.0,0,0.1
13,30.15,603,cruise,19.871,20.349,30.626,27.349,3.277,-0.478,1.505,27.645,19.872,0.296,-0.477,0.124,0.0,0,0.15
13,30.2,604,cruise,19.871,20.302,30.603,27.302,3.301,-0.431,1.507,30.603,19.871,3.301,-0.431,0.526,0.0,1,0.0
13,30.25,605,cruise,19.871,20.235,30.584,27.235,3.349,-0.364,1.511,29.59,19.871,2.355,-0.364,0.402,0.0,0,0.05
13,30.3,606,cruise,19.871,20.179,30.567,27.179,3.388,-0.308,1.515,30.567,19.871,3.388,-0.308,0.541,0.0,1,0.0
13,30.35,607,cruise,19.872,20.14,30.553,27.14,3.413,-0.268,1.517,29.56,19.871,2.42,-0.269,0.414,0.0,0,0.05
13,30.4,608,cruise,19.872,20.115,30.541,27.115,3.425,-0.244,1.518,30.541,19.872,3.425,-0.244,0.549,0.0,1,0.0
13,30.45,609,cruise,19.872,20.098,30.529,27.098,3.431,-0.226,1.519,30.529,19.872,3.431,-0.226,0.55,0.0,1,0.0
13,30.5,610,cruise,19.872,20.096,30.518,27.096,3.422,-0.225,1.519,30.518,19.872,3.422,-0.225,0.549,0.0,1,0.0
13,30.55,611,cruise,19.871,20.105,30.506,27.105,3.402,-0.233,1.517,30.506,19.871,3.402,-0.233,0.546,0.0,1,0.0
13,30.6,612,cruise,19.871,20.12,30.494,27.12,3.375,-0.248,1.516,29.501,19.871,2.381,-0.248,0.409,0.0,0,0.05
13,30.65,613,cruise,19.871,20.131,30.481,27.131,3.351,-0.259,1.514,28.494,19.871,1.364,-0.259,0.273,0.0,0,0.1
13,30.7,614,cruise,19.871,20.121,30.469,27.121,3.348,-0.249,1.514,27.488,19.871,0.367,-0.249,0.141,0.0,0,0.15
13,30.75,615,cruise,19.871,20.081,30.457,27.081,3.376,-0.209,1.517,26.483,19.871,-0.598,-0.209,0.013,0.0,0,0.2
13,30.8,616,cruise,19.872,20.006,30.449,27.006,3.443,-0.134,1.522,25.481,19.871,-1.525,-0.134,0.0,0.081,0,0.25
13,30.85,617,cruise,19.872,19.887,30.446,26.887,3.558,-0.016,1.531,24.484,19.871,-2.403,-0.016,0.0,0.166,0,0.3
13,30.9,618,cruise,19.872,19.732,30.449,26.732,3.717,0.139,1.543,23.494,19.871,-3.238,0.139,0.0,0.246,0,0.35
13,30.95,619,cruise,19.871,19.548,30.462,26.548,3.914,0.324,1.558,22.513,19.871,-4.035,0.324,0.0,0.322,0,0.4
13,31.0,620,cruise,19.871,19.34,30.484,26.34,4.144,0.531,1.576,21.542,19.871,-4.798,0.531,0.0,0.394,0,0.45
13,31.05,621,cruise,19.871,19.112,30.518,26.112,4.405,0.759,1.597,20.582,19.871,-5.53,0.759,0.0,0.462,0,0.5
13,31.1,622,cruise,19.871,18.867,30.563,25.867,4.696,1.004,1.62,19.634,19.871,-6.234,1.004,0.0,0.527,0,0.55
13,31.15,623,cruise,19.871,18.607,30.621,25.607,5.014,1.264,1.646,30.621,19.871,5.014,1.264,0.807,0.0,1,0.0
13,31.2,624,cruise,19.871,18.395,30.691,25.395,5.296,1.476,1.668,29.697,19.871,4.302,1.476,0.72,0.0,0,0.05
13,31.25,625,cruise,19.872,18.283,30.768,25.283,5.485,1.588,1.683,30.768,19.872,5.485,1.588,0.882,0.0,1,0.0
13,31.3,626,cruise,19.872,18.232,30.85,25.232,5.617,1.639,1.692,30.85,19.872,5.617,1.639,0.902,0.0,1,0.0
13,31.35,627,cruise,19.871,18.251,30.932,25.251,5.68,1.62,1.695,29.938,19.872,4.687,1.62,0.778,0.0,0,0.05
13,31.4,628,cruise,19.871,18.313,31.01,25.313,5.697,1.558,1.693,29.023,19.872,3.71,1.558,0.647,0.0,0,0.1
13,31.45,629,cruise,19.871,18.388,31.086,25.388,5.698,1.483,1.691,28.105,19.872,2.717,1.483,0.512,0.0,0,0.15
13,31.5,630,cruise,19.871,18.453,31.158,25.453,5.705,1.418,1.688,31.158,19.871,5.705,1.418,0.908,0.0,1,0.0
13,31.55,631,cruise,19.871,18.509,31.227,25.509,5.718,1.362,1.687,30.233,19.871,4.724,1.362,0.775,0.0,0,0.05
13,31.6,632,cruise,19.871,18.585,31.293,25.585,5.707,1.286,1.684,29.306,19.871,3.72,1.286,0.639,0.0,0,0.1
13,31.65,633,cruise,19.871,18.668,31.355,25.668,5.686,1.203,1.68,28.374,19.871,2.705,1.203,0.501,0.0,0,0.15
13,31.7,634,cruise,19.871,18.737,31.412,25.737,5.675,1.134,1.676,27.438,19.871,1.701,1.134,0.365,0.0,0,0.2
13,31.75,635,cruise,19.871,18.779,31.468,25.779,5.689,1.093,1.676,26.5,19.871,0.721,1.093,0.233,0.0,0,0.25
13,31.8,636,cruise,19.871,18.785,31.522,25.785,5.737,1.087,1.678,31.522,19.871,5.737,1.087,0.901,0.0,1,0.0
13,31.85,637,cruise,19.871,18.767,31.577,25.767,5.81,1.105,1.683,30.583,19.871,4.817,1.105,0.779,0.0,0,0.05
13,31.9,638,cruise,19.871,18.768,31.632,25.768,5.864,1.103,1.685,29.645,19.871,3.877,1.104,0.654,0.0,0,0.1
13,31.95,639,cruise,19.871,18.8,31.687,25.8,5.887,1.071,1.685,28.706,19.871,2.906,1.071,0.523,0.0,0,0.15
13,32.0,640,cruise,19.871,18.838,31.739,25.838,5.901,1.033,1.685,27.765,19.871,1.927,1.034,0.391,0.0,0,0.2
13,32.05,641,cruise,19.871,18.862,31.79,25.862,5.928,1.009,1.685,31.79,19.871,5.928,1.009,0.924,0.0,1,0.0
13,32.1,642,cruise,19.871,18.876,31.84,25.876,5.964,0.995,1.687,31.84,19.871,5.964,0.995,0.928,0.0,1,0.0
13,32.15,643,cruise,19.871,18.919,31.889,25.919,5.97,0.953,1.686,31.889,19.871,5.97,0.953,0.928,0.0,1,0.0
13,32.2,644,cruise,19.871,19.006,31.934,26.006,5.928,0.866,1.68,31.934,19.871,5.928,0.866,0.919,0.0,1,0.0
13,32.25,645,cruise,19.871,19.125,31.974,26.125,5.849,0.746,1.672,30.98,19.871,4.855,0.746,0.772,0.0,0,0.05
13,32.3,646,cruise,19.871,19.257,32.007,26.257,5.75,0.615,1.662,32.007,19.871,5.75,0.615,0.887,0.0,1,0.0
13,32.35,647,cruise,19.871,19.391,32.034,26.391,5.642,0.48,1.652,31.04,19.871,4.649,0.48,0.736,0.0,0,0.05
13,32.4,648,cruise,19.871,19.529,32.053,26.529,5.525,0.343,1.641,32.053,19.871,5.525,0.343,0.848,0.0,1,0.0
13,32.45,649,cruise,19.871,19.661,32.066,26.661,5.405,0.21,1.631,31.073,19.871,4.412,0.21,0.695,0.0,0,0.05
13,32.5,650,cruise,19.871,19.792,32.073,26.792,5.281,0.079,1.62,30.086,19.871,3.294,0.079,0.542,0.0,0,0.1
13,32.55,651,cruise,19.871,19.9,32.074,26.9,5.174,-0.028,1.612,29.093,19.871,2.193,-0.028,0.391,0.0,0,0.15
13,32.6,652,cruise,19.872,19.97,32.07,26.97,5.1,-0.098,1.606,32.07,19.872,5.1,-0.098,0.777,0.0,1,0.0
13,32.65,653,cruise,19.872,20.012,32.064,27.012,5.051,-0.141,1.602,32.064,19.872,5.051,-0.141,0.769,0.0,1,0.0
13,32.7,654,cruise,19.872,20.069,32.055,27.069,4.986,-0.197,1.597,31.062,19.872,3.993,-0.197,0.626,0.0,0,0.05
13,32.75,655,cruise,19.871,20.137,32.043,27.137,4.906,-0.266,1.591,32.043,19.871,4.906,-0.266,0.745,0.0,1,0.0
13,32.8,656,cruise,19.871,20.208,32.028,27.208,4.819,-0.337,1.585,32.028,19.871,4.819,-0.337,0.731,0.0,1,0.0
13,32.85,657,cruise,19.871,20.291,32.009,27.291,4.718,-0.42,1.577,31.015,19.871,3.724,-0.42,0.583,0.0,0,0.05
13,32.9,658,cruise,19.871,20.371,31.985,27.371,4.614,-0.5,1.57,31.985,19.871,4.614,-0.5,0.699,0.0,1,0.0
13,32.95,659,cruise,19.872,20.444,31.958,27.444,4.514,-0.572,1.563,31.958,19.872,4.514,-0.572,0.683,0.0,1,0.0
13,33.0,660,cruise,19.872,20.521,31.927,27.521,4.406,-0.649,1.556,31.927,19.872,4.406,-0.649,0.666,0.0,1,0.0
13,33.05,661,cruise,19.872,20.598,31.892,27.598,4.295,-0.726,1.548,31.892,19.872,4.295,-0.726,0.648,0.0,1,0.0
13,33.1,662,cruise,19.872,20.672,31.854,27.672,4.181,-0.801,1.541,31.854,19.872,4.181,-0.801,0.631,0.0,1,0.0
13,33.15,663,cruise,19.871,20.743,31.812,27.743,4.068,-0.872,1.534,30.818,19.872,3.075,-0.872,0.481,0.0,0,0.05
13,33.2,664,cruise,19.871,20.801,31.766,27.801,3.965,-0.93,1.527,31.766,19.871,3.965,-0.93,0.598,0.0,1,0.0
13,33.25,665,cruise,19.871,20.845,31.718,27.845,3.873,-0.974,1.522,30.725,19.871,2.88,-0.974,0.452,0.0,0,0.05
13,33.3,666,cruise,19.871,20.881,31.669,27.881,3.788,-1.009,1.517,29.681,19.871,1.801,-1.009,0.306,0.0,0,0.1
13,33.35,667,cruise,19.871,20.891,31.618,27.891,3.727,-1.02,1.513,28.637,19.871,0.746,-1.02,0.165,0.0,0,0.15
13,33.4,668,cruise,19.872,20.866,31.567,27.866,3.701,-0.995,1.513,27.593,19.871,-0.273,-0.995,0.03,0.0,0,0.2
13,33.45,669,cruise,19.872,20.801,31.519,27.801,3.718,-0.93,1.515,26.552,19.871,-1.25,-0.93,0.0,0.073,0,0.25
13,33.5,670,cruise,19.872,20.689,31.476,27.689,3.787,-0.818,1.521,25.515,19.871,-2.174,-0.818,0.0,0.163,0,0.3
13,33.55,671,cruise,19.872,20.536,31.44,27.536,3.904,-0.665,1.531,24.485,19.871,-3.051,-0.665,0.0,0.248,0,0.35
13,33.6,672,cruise,19.871,20.351,31.412,27.351,4.062,-0.479,1.544,31.412,19.871,4.062,-0.479,0.625,0.0,1,0.0
13,33.65,673,cruise,19.871,20.193,31.393,27.193,4.2,-0.322,1.555,30.4,19.871,3.207,-0.322,0.517,0.0,0,0.05
13,33.7,674,cruise,19.871,20.083,31.381,27.083,4.298,-0.212,1.563,29.394,19.871,2.311,-0.211,0.401,0.0,0,0.1
13,33.75,675,cruise,19.871,20.009,31.373,27.009,4.364,-0.137,1.568,31.373,19.871,4.364,-0.137,0.677,0.0,1,0.0
13,33.8,676,cruise,19.871,19.959,31.367,26.959,4.408,-0.088,1.572,30.374,19.871,3.414,-0.088,0.552,0.0,0,0.05
13,33.85,677,cruise,19.872,19.943,31.363,26.943,4.42,-0.072,1.573,31.363,19.872,4.42,-0.072,0.687,0.0,1,0.0
13,33.9,678,cruise,19.872,19.949,31.36,26.949,4.41,-0.078,1.572,31.36,19.872,4.41,-0.078,0.685,0.0,1,0.0
13,33.95,679,cruise,19.872,19.981,31.355,26.981,4.373,-0.11,1.569,31.355,19.872,4.373,-0.11,0.679,0.0,1,0.0
13,34.0,680,cruise,19.871,20.03,31.348,27.03,4.318,-0.159,1.565,31.348,19.871,4.318,-0.159,0.67,0.0,1,0.0
13,34.05,681,cruise,19.871,20.089,31.338,27.089,4.249,-0.218,1.56,31.338,19.871,4.249,-0.218,0.659,0.0,1,0.0
13,34.1,682,cruise,19.87,20.153,31.326,27.153,4.173,-0.283,1.554,31.326,19.87,4.173,-0.283,0.647,0.0,1,0.0
13,34.15,683,cruise,19.87,20.219,31.31,27.219,4.091,-0.348,1.549,30.316,19.87,3.097,-0.348,0.501,0.0,0,0.05
13,34.2,684,cruise,19.871,20.276,31.29,27.276,4.014,-0.406,1.543,31.29,19.871,4.014,-0.406,0.622,0.0,1,0.0
13,34.25,685,cruise,19.871,20.323,31.269,27.323,3.946,-0.452,1.539,31.269,19.871,3.946,-0.452,0.611,0.0,1,0.0
13,34.3,686,cruise,19.871,20.372,31.245,27.372,3.873,-0.501,1.534,31.245,19.871,3.873,-0.501,0.6,0.0,1,0.0
13,34.35,687,cruise,19.872,20.421,31.218,27.421,3.797,-0.55,1.529,30.225,19.871,2.803,-0.55,0.455,0.0,0,0.05
13,34.4,688,cruise,19.871,20.461,31.189,27.461,3.728,-0.59,1.524,31.189,19.871,3.728,-0.59,0.577,0.0,1,0.0
13,34.45,689,cruise,19.871,20.49,31.159,27.49,3.669,-0.619,1.521,30.166,19.871,2.675,-0.619,0.436,0.0,0,0.05
13,34.5,690,cruise,19.871,20.514,31.127,27.514,3.613,-0.643,1.517,31.127,19.871,3.613,-0.643,0.56,0.0,1,0.0
13,34.55,691,cruise,19.87,20.53,31.095,27.53,3.565,-0.659,1.515,31.095,19.87,3.565,-0.659,0.553,0.0,1,0.0
13,34.6,692,cruise,19.871,20.55,31.061,27.55,3.511,-0.68,1.511,31.061,19.871,3.511,-0.68,0.545,0.0,1,0.0
13,34.65,693,cruise,19.871,20.573,31.027,27.573,3.454,-0.702,1.508,30.033,19.871,2.46,-0.702,0.405,0.0,0,0.05
13,34.7,694,cruise,19.871,20.588,30.991,27.588,3.403,-0.717,1.505,29.004,19.871,1.416,-0.717,0.265,0.0,0,0.1
13,34.75,695,cruise,19.871,20.579,30.955,27.579,3.376,-0.708,1.504,27.975,19.871,0.395,-0.709,0.129,0.0,0,0.15
13,34.8,696,cruise,19.871,20.538,30.921,27.538,3.383,-0.667,1.506,26.947,19.871,-0.591,-0.668,0.0,0.001,0,0.2
13,34.85,697,cruise,19.871,20.46,30.89,27.46,3.43,-0.589,1.51,30.89,19.871,3.43,-0.589,0.538,0.0,1,0.0
13,34.9,698,cruise,19.871,20.357,30.864,27.357,3.506,-0.487,1.516,29.87,19.871,2.513,-0.486,0.419,0.0,0,0.05
13,34.95,699,cruise,19.847,20.271,30.841,27.271,3.571,-0.424,1.521,30.841,19.847,3.571,-0.424,0.562,0.0,1,0.0
13,35.0,700,cruise,19.785,20.214,30.82,27.214,3.606,-0.429,1.525,29.83,19.847,2.616,-0.367,0.437,0.0,0,0.05
13,35.05,701,cruise,19.727,20.18,30.796,27.18,3.616,-0.453,1.526,28.82,19.847,1.64,-0.333,0.308,0.0,0,0.1
13,35.1,702,cruise,19.756,20.146,30.773,27.146,3.627,-0.39,1.528,27.812,19.847,0.666,-0.299,0.179,0.0,0,0.15
13,35.15,703,cruise,19.825,20.095,30.755,27.095,3.66,-0.27,1.53,30.755,19.825,3.66,-0.27,0.579,0.0,1,0.0
13,35.2,704,cruise,19.9,20.033,30.743,27.033,3.71,-0.133,1.535,29.752,19.825,2.72,-0.207,0.456,0.0,0,0.05
13,35.25,705,cruise,19.954,19.987,30.736,26.987,3.749,-0.033,1.538,30.736,19.954,3.749,-0.033,0.599,0.0,1,0.0
13,35.3,706,cruise,19.962,19.962,30.731,26.962,3.769,0.001,1.539,30.731,19.962,3.769,0.001,0.603,0.0,1,0.0
13,35.35,707,cruise,19.924,19.961,30.724,26.961,3.763,-0.037,1.539,29.733,19.962,2.771,0.001,0.47,0.0,0,0.05
13,35.4,708,cruise,19.863,19.971,30.714,26.971,3.743,-0.107,1.538,28.735,19.962,1.764,-0.008,0.335,0.0,0,0.1
13,35.45,709,cruise,19.806,19.968,30.7,26.968,3.732,-0.162,1.537,27.736,19.962,0.768,-0.006,0.202,0.0,0,0.15
13,35.5,710,cruise,19.777,19.94,30.684,26.94,3.744,-0.163,1.539,30.684,19.777,3.744,-0.163,0.594,0.0,1,0.0
13,35.55,711,cruise,19.789,19.895,30.671,26.895,3.775,-0.106,1.542,30.671,19.789,3.775,-0.106,0.6,0.0,1,0.0
13,35.6,712,cruise,19.815,19.87,30.661,26.87,3.791,-0.055,1.543,30.661,19.815,3.791,-0.055,0.604,0.0,1,0.0
13,35.65,713,cruise,19.875,19.871,30.656,26.871,3.785,0.004,1.543,29.669,19.815,2.798,-0.056,0.471,0.0,0,0.05
13,35.7,714,cruise,19.903,19.88,30.653,26.88,3.773,0.023,1.542,30.653,19.903,3.773,0.023,0.604,0.0,1,0.0
13,35.75,715,cruise,19.928,19.892,30.653,26.892,3.761,0.036,1.541,30.653,19.928,3.761,0.036,0.603,0.0,1,0.0
13,35.8,716,cruise,19.91,19.917,30.653,26.917,3.737,-0.007,1.539,29.66,19.928,2.743,0.012,0.466,0.0,0,0.05
13,35.85,717,cruise,19.88,19.941,30.652,26.941,3.71,-0.062,1.537,28.665,19.928,1.724,-0.013,0.329,0.0,0,0.1
13,35.9,718,cruise,19.835,19.948,30.648,26.948,3.7,-0.114,1.536,27.67,19.928,0.722,-0.02,0.196,0.0,0,0.15
13,35.95,719,cruise,19.815,19.925,30.644,26.925,3.719,-0.111,1.538,26.676,19.928,-0.25,0.003,0.067,0.0,0,0.2
13,36.0,720,cruise,19.807,19.868,30.643,26.868,3.775,-0.061,1.542,30.643,19.807,3.775,-0.061,0.601,0.0,1,0.0
13,36.05,721,cruise,19.839,19.788,30.646,26.788,3.859,0.051,1.549,29.655,19.807,2.867,0.019,0.483,0.0,0,0.05
13,36.1,722,cruise,19.871,19.724,30.656,26.724,3.932,0.147,1.554,28.672,19.807,1.947,0.083,0.362,0.0,0,0.1
13,36.15,723,cruise,19.907,19.677,30.669,26.677,3.992,0.23,1.559,27.691,19.807,1.013,0.129,0.239,0.0,0,0.15
13,36.2,724,cruise,19.913,19.626,30.687,26.626,4.061,0.287,1.564,26.712,19.807,0.086,0.181,0.118,0.0,0,0.2
13,36.25,725,cruise,19.901,19.557,30.707,26.557,4.149,0.344,1.57,30.707,19.901,4.149,0.344,0.665,0.0,1,0.0
13,36.3,726,cruise,19.868,19.477,30.73,26.477,4.253,0.391,1.578,30.73,19.868,4.253,0.391,0.68,0.0,1,0.0
13,36.35,727,cruise,19.84,19.422,30.754,26.422,4.332,0.418,1.583,30.754,19.84,4.332,0.418,0.692,0.0,1,0.0
13,36.4,728,cruise,19.823,19.411,30.779,26.411,4.368,0.412,1.586,29.789,19.84,3.377,0.429,0.565,0.0,0,0.05
13,36.45,729,cruise,19.831,19.426,30.803,26.426,4.377,0.405,1.586,28.823,19.84,2.397,0.414,0.433,0.0,0,0.1
13,36.5,730,cruise,19.853,19.44,30.827,26.44,4.387,0.413,1.586,30.827,19.853,4.387,0.413,0.699,0.0,1,0.0
13,36.55,731,cruise,19.881,19.428,30.851,26.428,4.423,0.453,1.588,30.851,19.881,4.423,0.453,0.705,0.0,1,0.0
13,36.6,732,cruise,19.897,19.394,30.876,26.394,4.481,0.503,1.592,30.876,19.897,4.481,0.503,0.714,0.0,1,0.0
13,36.65,733,cruise,19.897,19.356,30.901,26.356,4.545,0.541,1.596,30.901,19.897,4.545,0.541,0.724,0.0,1,0.0
13,36.7,734,cruise,19.88,19.4,30.924,26.4,4.524,0.48,1.594,29.932,19.897,3.532,0.497,0.587,0.0,0,0.05
13,36.75,735,cruise,19.859,19.472,30.942,26.472,4.47,0.387,1.589,28.96,19.897,2.487,0.425,0.446,0.0,0,0.1
13,36.8,736,cruise,19.842,19.523,30.956,26.523,4.434,0.32,1.586,30.956,19.842,4.434,0.32,0.702,0.0,1,0.0
13,36.85,737,cruise,19.839,19.555,30.968,26.555,4.413,0.283,1.584,29.979,19.842,3.424,0.287,0.566,0.0,0,0.05
13,36.9,738,cruise,19.848,19.592,30.978,26.592,4.387,0.256,1.581,30.978,19.848,4.387,0.256,0.693,0.0,1,0.0
13,36.95,739,cruise,19.865,19.631,30.989,26.631,4.357,0.234,1.579,30.989,19.865,4.357,0.234,0.689,0.0,1,0.0
13,37.0,740,cruise,19.88,19.685,30.999,26.685,4.314,0.196,1.575,30.999,19.88,4.314,0.196,0.682,0.0,1,0.0
13,37.05,741,cruise,19.886,19.746,31.008,26.746,4.261,0.14,1.57,31.008,19.886,4.261,0.14,0.673,0.0,1,0.0
13,37.1,742,cruise,19.881,19.813,31.014,26.813,4.201,0.068,1.565,31.014,19.881,4.201,0.068,0.662,0.0,1,0.0
13,37.15,743,cruise,19.869,19.865,31.018,26.865,4.153,0.003,1.561,31.018,19.869,4.153,0.003,0.654,0.0,1,0.0
13,37.2,744,cruise,19.856,19.934,31.019,26.934,4.085,-0.078,1.556,30.028,19.869,3.093,-0.066,0.51,0.0,0,0.05
13,37.25,745,cruise,19.849,19.968,31.017,26.968,4.049,-0.119,1.553,31.017,19.849,4.049,-0.119,0.636,0.0,1,0.0
13,37.3,746,cruise,19.85,20.016,31.013,27.016,3.997,-0.165,1.549,31.013,19.85,3.997,-0.165,0.627,0.0,1,0.0
13,37.35,747,cruise,19.859,20.053,31.006,27.053,3.953,-0.194,1.546,30.014,19.85,2.961,-0.203,0.488,0.0,0,0.05
13,37.4,748,cruise,19.869,20.095,30.999,27.095,3.904,-0.226,1.543,29.014,19.85,1.919,-0.245,0.348,0.0,0,0.1
13,37.45,749,cruise,19.876,20.102,30.991,27.102,3.888,-0.226,1.542,28.013,19.85,0.911,-0.252,0.213,0.0,0,0.15
13,37.5,750,cruise,19.877,20.088,30.983,27.088,3.894,-0.211,1.542,30.983,19.877,3.894,-0.211,0.612,0.0,1,0.0
13,37.55,751,cruise,19.872,20.036,30.976,27.036,3.94,-0.164,1.546,30.976,19.872,3.94,-0.164,0.62,0.0,1,0.0
13,37.6,752,cruise,19.864,20.016,30.97,27.016,3.954,-0.152,1.547,30.97,19.864,3.954,-0.152,0.622,0.0,1,0.0
13,37.65,753,cruise,19.857,20.008,30.965,27.008,3.956,-0.151,1.548,29.972,19.864,2.964,-0.144,0.49,0.0,0,0.05
13,37.7,754,cruise,19.855,20.021,30.958,27.021,3.937,-0.166,1.546,28.973,19.864,1.951,-0.157,0.355,0.0,0,0.1
13,37.75,755,cruise,19.858,20.014,30.951,27.014,3.937,-0.156,1.546,30.951,19.858,3.937,-0.156,0.62,0.0,1,0.0
13,37.8,756,cruise,19.864,20.004,30.945,27.004,3.941,-0.141,1.547,30.945,19.864,3.941,-0.141,0.621,0.0,1,0.0
13,37.85,757,cruise,19.87,20.004,30.939,27.004,3.934,-0.135,1.547,30.939,19.87,3.934,-0.135,0.62,0.0,1,0.0
13,37.9,758,cruise,19.872,20.026,30.931,27.026,3.906,-0.153,1.545,29.938,19.87,2.912,-0.156,0.483,0.0,0,0.05
13,37.95,759,cruise,19.871,20.044,30.923,27.044,3.879,-0.173,1.543,30.923,19.871,3.879,-0.173,0.611,0.0,1,0.0
13,38.0,760,cruise,19.864,20.064,30.914,27.064,3.85,-0.2,1.541,29.921,19.871,2.856,-0.193,0.474,0.0,0,0.05
13,38.05,761,cruise,19.86,20.082,30.903,27.082,3.822,-0.222,1.539,30.903,19.86,3.822,-0.222,0.602,0.0,1,0.0
13,38.1,762,cruise,19.851,20.099,30.892,27.099,3.793,-0.248,1.537,30.892,19.851,3.793,-0.248,0.597,0.0,1,0.0
13,38.15,763,cruise,19.843,20.122,30.878,27.122,3.756,-0.278,1.535,29.886,19.851,2.764,-0.271,0.46,0.0,0,0.05
13,38.2,764,cruise,19.853,20.143,30.864,27.143,3.72,-0.29,1.532,28.88,19.851,1.737,-0.292,0.322,0.0,0,0.1
13,38.25,765,cruise,19.856,20.142,30.848,27.142,3.706,-0.286,1.532,30.848,19.856,3.706,-0.286,0.585,0.0,1,0.0
13,38.3,766,cruise,19.871,20.127,30.834,27.127,3.707,-0.256,1.532,30.834,19.871,3.707,-0.256,0.586,0.0,1,0.0
13,38.35,767,cruise,19.86,20.125,30.82,27.125,3.696,-0.265,1.531,30.82,19.86,3.696,-0.265,0.584,0.0,1,0.0
13,38.4,768,cruise,19.866,20.135,30.806,27.135,3.67,-0.269,1.53,30.806,19.866,3.67,-0.269,0.58,0.0,1,0.0
13,38.45,769,cruise,19.845,20.153,30.79,27.153,3.637,-0.308,1.528,29.799,19.866,2.646,-0.286,0.443,0.0,0,0.05
13,38.5,770,cruise,19.851,20.168,30.772,27.168,3.604,-0.316,1.526,30.772,19.851,3.604,-0.316,0.57,0.0,1,0.0
13,38.55,771,cruise,19.836,20.176,30.754,27.176,3.578,-0.34,1.524,30.754,19.836,3.578,-0.34,0.566,0.0,1,0.0
13,38.6,772,cruise,19.853,20.19,30.734,27.19,3.544,-0.337,1.522,30.734,19.853,3.544,-0.337,0.561,0.0,1,0.0
13,38.65,773,cruise,19.847,20.207,30.713,27.207,3.506,-0.36,1.52,30.713,19.847,3.506,-0.36,0.555,0.0,1,0.0
13,38.7,774,cruise,19.821,20.226,30.688,27.226,3.462,-0.405,1.517,29.702,19.847,2.476,-0.379,0.418,0.0,0,0.05
13,38.75,775,cruise,19.845,20.238,30.661,27.238,3.424,-0.393,1.515,28.691,19.847,1.453,-0.39,0.281,0.0,0,0.1
13,38.8,776,cruise,19.856,20.226,30.635,27.226,3.409,-0.37,1.515,27.68,19.847,0.454,-0.379,0.148,0.0,0,0.15
13,38.85,777,cruise,19.882,20.182,30.611,27.182,3.429,-0.3,1.517,30.611,19.882,3.429,-0.3,0.547,0.0,1,0.0
13,38.9,778,cruise,19.869,20.116,30.588,27.116,3.472,-0.247,1.521,30.588,19.869,3.472,-0.247,0.555,0.0,1,0.0
13,38.95,779,cruise,19.873,20.068,30.568,27.068,3.5,-0.195,1.523,29.586,19.869,2.518,-0.199,0.429,0.0,0,0.05
13,39.0,780,cruise,19.842,20.037,30.548,27.037,3.511,-0.195,1.525,28.585,19.869,1.548,-0.167,0.301,0.0,0,0.1
13,39.05,781,cruise,19.841,20.0,30.528,27.0,3.528,-0.159,1.526,27.585,19.869,0.585,-0.131,0.174,0.0,0,0.15
13,39.1,782,cruise,19.821,19.944,30.508,26.944,3.565,-0.123,1.53,30.508,19.821,3.565,-0.123,0.571,0.0,1,0.0
13,39.15,783,cruise,19.768,19.874,30.488,26.874,3.615,-0.106,1.534,30.488,19.768,3.615,-0.106,0.578,0.0,1,0.0
13,39.2,784,cruise,19.795,19.827,30.47,26.827,3.643,-0.031,1.537,29.5,19.768,2.673,-0.059,0.455,0.0,0,0.05
13,39.25,785,cruise,19.827,19.799,30.453,26.799,3.653,0.028,1.538,28.514,19.768,1.714,-0.031,0.328,0.0,0,0.1
13,39.3,786,cruise,19.892,19.769,30.44,26.769,3.671,0.123,1.54,30.44,19.892,3.671,0.123,0.594,0.0,1,0.0
13,39.35,787,cruise,19.912,19.735,30.431,26.735,3.695,0.177,1.542,30.431,19.912,3.695,0.177,0.599,0.0,1,0.0
13,39.4,788,cruise,19.924,19.723,30.424,26.723,3.7,0.201,1.543,29.452,19.912,2.729,0.189,0.47,0.0,0,0.05
13,39.45,789,cruise,19.874,19.721,30.415,26.721,3.694,0.153,1.542,28.475,19.912,1.754,0.191,0.34,0.0,0,0.1
13,39.5,790,cruise,19.776,19.709,30.402,26.709,3.694,0.067,1.543,27.498,19.912,0.789,0.203,0.212,0.0,0,0.15
13,39.55,791,cruise,19.748,19.67,30.387,26.67,3.717,0.078,1.545,26.523,19.912,-0.147,0.242,0.088,0.0,0,0.2
13,39.6,792,cruise,19.733,19.604,30.375,26.604,3.771,0.129,1.549,30.375,19.733,3.771,0.129,0.607,0.0,1,0.0
13,39.65,793,cruise,19.776,19.511,30.368,26.511,3.857,0.265,1.556,30.368,19.776,3.857,0.265,0.623,0.0,1,0.0
13,39.7,794,cruise,19.798,19.446,30.369,26.446,3.923,0.352,1.562,30.369,19.798,3.923,0.352,0.635,0.0,1,0.0
13,39.75,795,cruise,19.871,19.407,30.375,26.407,3.968,0.464,1.565,29.417,19.798,3.011,0.391,0.514,0.0,0,0.05
13,39.8,796,decelerate,19.904,19.383,30.385,26.383,4.001,0.52,1.568,30.385,19.904,4.001,0.52,0.651,0.0,1,0.0
13,39.85,797,decelerate,19.938,19.388,30.398,26.388,4.011,0.551,1.568,29.438,19.904,3.05,0.516,0.524,0.0,0,0.05
13,39.9,798,decelerate,19.869,19.389,30.412,26.389,4.023,0.48,1.569,30.412,19.869,4.023,0.48,0.652,0.0,1,0.0
13,39.95,799,decelerate,19.671,19.41,30.418,26.41,4.008,0.262,1.567,30.418,19.671,4.008,0.262,0.643,0.0,1,0.0
13,40.0,800,decelerate,19.488,19.419,30.414,26.419,3.995,0.07,1.566,29.475,19.671,3.056,0.253,0.516,0.0,0,0.05
13,40.05,801,decelerate,19.261,19.453,30.4,26.453,3.947,-0.191,1.563,30.4,19.261,3.947,-0.191,0.62,0.0,1,0.0
13,40.1,802,decelerate,19.052,19.454,30.375,26.454,3.921,-0.403,1.561,29.457,19.261,3.003,-0.193,0.494,0.0,0,0.05
13,40.15,803,decelerate,18.83,19.482,30.344,26.482,3.862,-0.652,1.558,30.344,18.83,3.862,-0.652,0.593,0.0,1,0.0
13,40.2,804,decelerate,18.615,19.477,30.304,26.477,3.827,-0.862,1.556,30.304,18.615,3.827,-0.862,0.582,0.0,1,0.0
13,40.25,805,decelerate,18.427,19.504,30.257,26.504,3.752,-1.077,1.551,30.257,18.427,3.752,-1.077,0.564,0.0,1,0.0
13,40.3,806,decelerate,18.22,19.503,30.199,26.503,3.696,-1.284,1.548,30.199,18.22,3.696,-1.284,0.55,0.0,1,0.0
13,40.35,807,decelerate,18.06,19.477,30.132,26.477,3.656,-1.417,1.547,30.132,18.06,3.656,-1.417,0.54,0.0,1,0.0
13,40.4,808,decelerate,17.876,19.493,30.057,26.493,3.564,-1.617,1.542,29.192,18.06,2.7,-1.433,0.412,0.0,0,0.05
13,40.45,809,decelerate,17.73,19.484,29.973,26.484,3.489,-1.754,1.538,28.25,18.06,1.766,-1.424,0.288,0.0,0,0.1
13,40.5,810,decelerate,17.551,19.473,29.882,26.473,3.409,-1.922,1.535,27.307,18.06,0.834,-1.413,0.164,0.0,0,0.15
13,40.55,811,decelerate,17.401,19.401,29.785,26.401,3.384,-2.0,1.535,29.785,17.401,3.384,-2.0,0.485,0.0,1,0.0
13,40.6,812,decelerate,17.209,19.339,29.683,26.339,3.344,-2.13,1.535,28.853,17.401,2.514,-1.938,0.371,0.0,0,0.05
13,40.65,813,decelerate,17.052,19.255,29.576,26.255,3.321,-2.203,1.536,27.922,17.401,1.667,-1.854,0.26,0.0,0,0.1
13,40.7,814,decelerate,16.885,19.196,29.468,26.196,3.272,-2.311,1.535,29.468,16.885,3.272,-2.311,0.459,0.0,1,0.0
13,40.75,815,decelerate,16.701,19.107,29.357,26.107,3.25,-2.406,1.536,28.548,16.885,2.441,-2.221,0.351,0.0,0,0.05
13,40.8,816,decelerate,16.532,19.055,29.241,26.055,3.186,-2.523,1.535,27.63,16.885,1.575,-2.17,0.238,0.0,0,0.1
13,40.85,817,decelerate,16.331,18.965,29.12,25.965,3.155,-2.633,1.535,29.12,16.331,3.155,-2.633,0.433,0.0,1,0.0
13,40.9,818,decelerate,16.178,18.901,28.994,25.901,3.094,-2.723,1.534,28.211,16.331,2.311,-2.569,0.322,0.0,0,0.05
13,40.95,819,decelerate,16.021,18.81,28.867,25.81,3.057,-2.789,1.535,28.867,16.021,3.057,-2.789,0.415,0.0,1,0.0
13,41.0,820,decelerate,15.826,18.756,28.736,25.756,2.98,-2.93,1.532,28.736,15.826,2.98,-2.93,0.4,0.0,1,0.0
13,41.05,821,decelerate,15.665,18.678,28.599,25.678,2.921,-3.014,1.531,27.838,15.826,2.159,-2.852,0.293,0.0,0,0.05
13,41.1,822,decelerate,15.5,18.627,28.459,25.627,2.832,-3.127,1.528,26.94,15.826,1.313,-2.801,0.182,0.0,0,0.1
13,41.15,823,decelerate,15.306,18.532,28.314,25.532,2.782,-3.226,1.528,26.044,15.826,0.512,-2.706,0.078,0.0,0,0.15
13,41.2,824,decelerate,15.144,18.446,28.165,25.446,2.719,-3.301,1.527,25.151,15.826,-0.295,-2.619,0.0,0.02,0,0.2
13,41.25,825,decelerate,14.953,18.305,28.012,25.305,2.707,-3.352,1.53,24.261,15.826,-1.044,-2.479,0.0,0.092,0,0.25
13,41.3,826,decelerate,14.798,18.157,27.858,25.157,2.7,-3.36,1.534,23.377,15.826,-1.781,-2.331,0.0,0.162,0,0.3
13,41.35,827,decelerate,14.713,17.958,27.707,24.958,2.749,-3.245,1.543,27.707,14.713,2.749,-3.245,0.358,0.0,1,0.0
13,41.4,828,decelerate,14.594,17.809,27.56,24.809,2.752,-3.215,1.548,27.56,14.594,2.752,-3.215,0.36,0.0,1,0.0
13,41.45,829,decelerate,14.364,17.665,27.413,24.665,2.748,-3.301,1.552,26.705,14.594,2.04,-3.071,0.27,0.0,0,0.05
13,41.5,830,decelerate,14.0,17.572,27.254,24.572,2.682,-3.571,1.551,27.254,14.0,2.682,-3.571,0.339,0.0,1,0.0
13,41.55,831,decelerate,13.711,17.458,27.083,24.458,2.625,-3.747,1.551,27.083,13.711,2.625,-3.747,0.325,0.0,1,0.0
13,41.6,832,decelerate,13.514,17.386,26.905,24.386,2.519,-3.872,1.548,26.239,13.711,1.853,-3.675,0.225,0.0,0,0.05
13,41.65,833,decelerate,13.395,17.288,26.723,24.288,2.435,-3.893,1.546,25.397,13.711,1.109,-3.577,0.129,0.0,0,0.1
13,41.7,834,decelerate,13.313,17.205,26.54,24.205,2.335,-3.892,1.543,24.557,13.711,0.352,-3.494,0.031,0.0,0,0.15
13,41.75,835,decelerate,13.261,17.11,26.36,24.11,2.25,-3.849,1.541,26.36,13.261,2.25,-3.849,0.272,0.0,1,0.0
13,41.8,836,decelerate,13.144,16.981,26.182,23.981,2.201,-3.837,1.542,25.532,13.261,1.552,-3.72,0.183,0.0,0,0.05
13,41.85,837,decelerate,12.944,16.878,26.0,23.878,2.122,-3.934,1.54,26.0,12.944,2.122,-3.934,0.252,0.0,1,0.0
13,41.9,838,decelerate,12.739,16.747,25.813,23.747,2.065,-4.008,1.541,25.813,12.739,2.065,-4.008,0.242,0.0,1,0.0
13,41.95,839,decelerate,12.528,16.659,25.62,23.659,1.962,-4.13,1.538,24.999,12.739,1.34,-3.92,0.148,0.0,0,0.05
13,42.0,840,decelerate,12.322,16.541,25.422,23.541,1.881,-4.219,1.537,24.187,12.739,0.646,-3.802,0.059,0.0,0,0.1
13,42.05,841,decelerate,12.126,16.442,25.219,23.442,1.776,-4.317,1.534,25.219,12.126,1.776,-4.317,0.193,0.0,1,0.0
13,42.1,842,decelerate,11.964,16.304,25.011,23.304,1.707,-4.34,1.534,25.011,11.964,1.707,-4.34,0.183,0.0,1,0.0
13,42.15,843,decelerate,11.792,16.205,24.8,23.205,1.595,-4.413,1.53,24.214,11.964,1.009,-4.24,0.093,0.0,0,0.05
13,42.2,844,decelerate,11.625,16.106,24.587,23.106,1.481,-4.48,1.527,23.421,11.964,0.315,-4.141,0.004,0.0,0,0.1
13,42.25,845,decelerate,11.436,15.983,24.369,22.983,1.386,-4.547,1.525,22.633,11.964,-0.351,-4.019,0.0,0.061,0,0.15
13,42.3,846,decelerate,11.272,15.848,24.148,22.848,1.3,-4.576,1.524,21.849,11.964,-0.999,-3.884,0.0,0.122,0,0.2
13,42.35,847,decelerate,11.148,15.661,23.927,22.661,1.267,-4.512,1.528,23.927,11.148,1.267,-4.512,0.119,0.0,1,0.0
13,42.4,848,decelerate,11.072,15.531,23.71,22.531,1.18,-4.458,1.527,23.159,11.148,0.629,-4.382,0.038,0.0,0,0.05
13,42.45,849,decelerate,10.965,15.411,23.494,22.411,1.083,-4.446,1.524,22.397,11.148,-0.015,-4.263,0.0,0.033,0,0.1
13,42.5,850,decelerate,10.367,15.264,23.263,22.264,0.999,-4.896,1.524,23.263,10.367,0.999,-4.896,0.07,0.0,1,0.0
13,42.55,851,decelerate,9.916,15.139,23.013,22.139,0.875,-5.223,1.52,23.013,9.916,0.875,-5.223,0.043,0.0,1,0.0
13,42.6,852,decelerate,9.594,15.021,22.752,22.021,0.73,-5.427,1.515,22.752,9.594,0.73,-5.427,0.016,0.0,1,0.0
13,42.65,853,decelerate,9.401,14.879,22.484,21.879,0.604,-5.478,1.511,22.484,9.401,0.604,-5.478,0.0,0.002,1,0.0
13,42.7,854,decelerate,9.3,14.755,22.214,21.755,0.459,-5.455,1.506,21.751,9.401,-0.005,-5.355,0.0,0.059,0,0.05
13,42.75,855,decelerate,9.278,14.597,21.949,21.597,0.352,-5.318,1.504,21.024,9.401,-0.573,-5.196,0.0,0.112,0,0.1
13,42.8,856,decelerate,9.305,14.531,21.689,21.531,0.158,-5.226,1.493,20.302,9.401,-1.229,-5.13,0.0,0.176,0,0.15
13,42.85,857,decelerate,9.374,14.484,21.435,21.484,-0.049,-5.11,1.48,21.435,9.374,-0.049,-5.11,0.0,0.058,1,0.0
13,42.9,858,decelerate,9.429,14.213,21.191,21.213,-0.022,-4.784,1.491,20.723,9.374,-0.49,-4.839,0.0,0.095,0,0.05
13,42.95,859,decelerate,9.408,13.909,20.963,20.909,0.054,-4.501,1.507,20.027,9.374,-0.882,-4.535,0.0,0.127,0,0.1
13,43.0,860,decelerate,9.302,13.637,20.745,20.637,0.108,-4.335,1.521,19.345,9.374,-1.292,-4.263,0.0,0.161,0,0.15
13,43.05,861,decelerate,9.14,13.367,20.534,20.367,0.167,-4.226,1.536,20.534,9.14,0.167,-4.226,0.0,0.015,1,0.0
13,43.1,862,decelerate,8.927,13.154,20.324,20.154,0.171,-4.227,1.545,19.876,9.14,-0.277,-4.013,0.0,0.054,0,0.05
13,43.15,863,decelerate,8.708,12.954,20.114,19.954,0.16,-4.245,1.553,19.229,9.14,-0.725,-3.813,0.0,0.093,0,0.1
13,43.2,864,decelerate,8.469,12.751,19.902,19.751,0.151,-4.282,1.561,18.591,9.14,-1.16,-3.611,0.0,0.132,0,0.15
13,43.25,865,decelerate,8.221,12.531,19.689,19.531,0.157,-4.311,1.571,19.689,8.221,0.157,-4.311,0.0,0.018,1,0.0
13,43.3,866,decelerate,7.967,12.349,19.473,19.349,0.124,-4.382,1.577,19.071,8.221,-0.278,-4.128,0.0,0.057,0,0.05
13,43.35,867,decelerate,7.72,12.179,19.253,19.179,0.074,-4.459,1.581,18.462,8.221,-0.717,-3.959,0.0,0.097,0,0.1
13,43.4,868,decelerate,7.46,11.975,19.029,18.975,0.054,-4.515,1.589,19.029,7.46,0.054,-4.515,0.0,0.033,1,0.0
13,43.45,869,decelerate,7.287,11.816,18.803,18.816,-0.013,-4.529,1.591,18.438,7.46,-0.378,-4.356,0.0,0.073,0,0.05
13,43.5,870,decelerate,7.213,11.629,18.581,18.629,-0.048,-4.416,1.598,17.856,7.46,-0.773,-4.169,0.0,0.108,0,0.1
13,43.55,871,decelerate,7.016,11.474,18.362,18.474,-0.111,-4.458,1.6,17.282,7.46,-1.192,-4.014,0.0,0.146,0,0.15
13,43.6,872,decelerate,6.538,11.258,18.133,18.258,-0.126,-4.72,1.611,16.717,7.46,-1.541,-3.798,0.0,0.175,0,0.2
13,43.65,873,decelerate,6.042,11.181,17.886,18.181,-0.295,-5.138,1.6,16.159,7.46,-2.021,-3.721,0.0,0.222,0,0.25
13,43.7,874,decelerate,5.674,11.079,17.621,18.079,-0.458,-5.405,1.59,15.606,7.46,-2.474,-3.619,0.0,0.265,0,0.3
13,43.75,875,decelerate,5.423,10.78,17.349,17.78,-0.431,-5.357,1.609,17.349,5.423,-0.431,-5.357,0.0,0.104,1,0.0
13,43.8,876,decelerate,5.263,10.223,17.095,17.223,-0.128,-4.96,1.672,16.83,5.423,-0.393,-4.8,0.0,0.086,0,0.05
13,43.85,877,decelerate,5.18,9.815,16.859,16.815,0.043,-4.635,1.718,16.859,5.18,0.043,-4.635,0.0,0.039,1,0.0
13,43.9,878,decelerate,5.121,9.436,16.638,16.436,0.202,-4.314,1.763,16.638,5.121,0.202,-4.314,0.0,0.015,1,0.0
13,43.95,879,decelerate,5.09,9.171,16.43,16.171,0.258,-4.081,1.791,16.43,5.09,0.258,-4.081,0.0,0.003,1,0.0
13,44.0,880,decelerate,5.085,8.87,16.235,15.87,0.366,-3.785,1.83,15.982,5.09,0.112,-3.78,0.0,0.01,0,0.05
13,44.05,881,decelerate,5.113,8.658,16.054,15.658,0.396,-3.545,1.854,15.547,5.09,-0.111,-3.568,0.0,0.027,0,0.1
13,44.1,882,decelerate,5.166,8.362,15.888,15.362,0.527,-3.196,1.9,15.124,5.09,-0.238,-3.272,0.0,0.033,0,0.15
13,44.15,883,decelerate,5.169,8.17,15.735,15.17,0.565,-3.001,1.926,14.713,5.09,-0.457,-3.08,0.0,0.05,0,0.2
13,44.2,884,decelerate,5.117,7.904,15.593,14.904,0.688,-2.787,1.973,15.593,5.117,0.688,-2.787,0.096,0.0,1,0.0
13,44.25,885,decelerate,5.043,7.737,15.457,14.737,0.72,-2.695,1.998,15.204,5.117,0.467,-2.621,0.072,0.0,0,0.05
13,44.3,886,decelerate,4.979,7.492,15.328,14.492,0.836,-2.514,2.046,14.826,5.117,0.334,-2.375,0.063,0.0,0,0.1
13,44.35,887,decelerate,4.9,7.353,15.205,14.353,0.852,-2.453,2.068,14.457,5.117,0.104,-2.236,0.037,0.0,0,0.15
13,44.4,888,decelerate,4.739,7.121,15.085,14.121,0.964,-2.382,2.118,14.097,5.117,-0.023,-2.004,0.028,0.0,0,0.2
13,44.45,889,decelerate,4.537,7.002,14.964,14.002,0.963,-2.465,2.137,14.964,4.537,0.963,-2.465,0.144,0.0,1,0.0
13,44.5,890,decelerate,4.317,6.949,14.836,13.949,0.887,-2.632,2.135,14.617,4.537,0.668,-2.412,0.106,0.0,0,0.05
13,44.55,891,decelerate,4.092,6.983,14.697,13.983,0.714,-2.892,2.105,14.269,4.537,0.286,-2.446,0.054,0.0,0,0.1
13,44.6,892,decelerate,3.868,6.358,14.568,13.358,1.209,-2.49,2.291,14.568,3.868,1.209,-2.49,0.176,0.0,1,0.0
13,44.65,893,decelerate,3.652,5.882,14.452,12.882,1.57,-2.229,2.457,14.452,3.652,1.57,-2.229,0.233,0.0,1,0.0
13,44.7,894,decelerate,3.451,5.549,14.344,12.549,1.796,-2.098,2.585,14.168,3.652,1.62,-1.896,0.251,0.0,0,0.05
13,44.75,895,decelerate,3.255,5.295,14.242,12.295,1.948,-2.039,2.69,13.9,3.652,1.606,-1.642,0.258,0.0,0,0.1
13,44.8,896,decelerate,3.064,4.993,14.146,11.993,2.153,-1.929,2.833,14.146,3.064,2.153,-1.929,0.322,0.0,1,0.0
13,44.85,897,decelerate,2.878,4.863,14.048,11.863,2.185,-1.985,2.889,14.048,2.878,2.185,-1.985,0.325,0.0,1,0.0
13,44.9,898,decelerate,2.698,4.763,13.947,11.763,2.185,-2.065,2.929,13.947,2.698,2.185,-2.065,0.322,0.0,1,0.0
13,44.95,899,decelerate,2.524,4.686,13.842,11.686,2.156,-2.162,2.954,13.712,2.698,2.027,-1.988,0.304,0.0,0,0.05
13,45.0,900,decelerate,2.355,4.608,13.731,11.608,2.123,-2.253,2.98,13.731,2.355,2.123,-2.253,0.308,0.0,1,0.0
13,45.05,901,decelerate,2.192,4.548,13.616,11.548,2.068,-2.355,2.994,13.503,2.355,1.955,-2.193,0.288,0.0,0,0.05
13,45.1,902,decelerate,2.035,4.487,13.496,11.487,2.009,-2.451,3.008,13.496,2.035,2.009,-2.451,0.286,0.0,1,0.0
13,45.15,903,decelerate,1.832,4.424,13.37,11.424,1.946,-2.592,3.022,13.274,2.035,1.85,-2.388,0.267,0.0,0,0.05
13,45.2,904,decelerate,0.642,4.359,13.209,11.359,1.85,-3.716,3.031,13.055,2.035,1.696,-2.323,0.249,0.0,0,0.1
13,45.25,905,decelerate,0.001,4.288,12.999,11.288,1.71,-4.288,3.031,12.84,2.035,1.551,-2.253,0.232,0.0,0,0.15
13,45.3,906,decelerate,0.001,4.213,12.787,11.213,1.574,-4.213,3.035,12.628,2.035,1.415,-2.178,0.216,0.0,0,0.2
13,45.35,907,decelerate,0.001,4.133,12.58,11.133,1.448,-4.132,3.044,12.58,0.001,1.448,-4.132,0.155,0.0,1,0.0
13,45.4,908,decelerate,0.001,4.041,12.377,11.041,1.337,-4.04,3.063,12.377,0.001,1.337,-4.04,0.144,0.0,1,0.0
13,45.45,909,decelerate,0.001,3.938,12.18,10.938,1.241,-3.937,3.093,12.179,0.001,1.241,-3.937,0.134,0.0,0,0.05
13,45.5,910,decelerate,0.001,3.818,11.987,10.818,1.169,-3.817,3.14,11.987,0.001,1.169,-3.817,0.129,0.0,0,0.1
13,45.55,911,decelerate,0.0,3.706,11.8,10.706,1.094,-3.706,3.184,11.8,0.0,1.094,-3.706,0.122,0.0,1,0.0
13,45.6,912,decelerate,0.0,3.589,11.619,10.589,1.03,-3.589,3.237,11.619,0.0,1.03,-3.589,0.118,0.0,1,0.0
13,45.65,913,decelerate,0.0,3.471,11.444,10.471,0.972,-3.471,3.297,11.444,0.0,0.972,-3.471,0.114,0.0,1,0.0
13,45.7,914,decelerate,0.0,3.352,11.274,10.352,0.922,-3.352,3.363,11.274,0.0,0.922,-3.352,0.111,0.0,1,0.0
13,45.75,915,decelerate,0.0,3.234,11.111,10.234,0.877,-3.234,3.436,11.111,0.0,0.877,-3.234,0.109,0.0,0,0.05
13,45.8,916,decelerate,0.0,3.117,10.953,10.117,0.836,-3.117,3.514,10.953,0.0,0.836,-3.117,0.108,0.0,1,0.0
13,45.85,917,decelerate,0.0,3.002,10.801,10.002,0.799,-3.002,3.598,10.801,0.0,0.799,-3.002,0.107,0.0,1,0.0
13,45.9,918,decelerate,0.0,2.888,10.655,9.888,0.767,-2.888,3.689,10.655,0.0,0.767,-2.888,0.106,0.0,0,0.05
13,45.95,919,decelerate,0.0,2.778,10.514,9.778,0.736,-2.778,3.785,10.514,0.0,0.736,-2.778,0.106,0.0,1,0.0
13,46.0,920,decelerate,0.0,2.671,10.379,9.671,0.708,-2.671,3.886,10.379,0.0,0.708,-2.671,0.105,0.0,1,0.0
13,46.05,921,decelerate,0.0,2.566,10.249,9.566,0.683,-2.566,3.994,10.249,0.0,0.683,-2.566,0.105,0.0,0,0.05
13,46.1,922,decelerate,0.0,2.464,10.124,9.464,0.66,-2.464,4.109,10.124,0.0,0.66,-2.464,0.106,0.0,1,0.0
13,46.15,923,decelerate,0.0,2.365,10.005,9.365,0.64,-2.365,4.231,10.005,0.0,0.64,-2.365,0.106,0.0,0,0.05
13,46.2,924,stopped,0.0,2.267,9.89,9.267,0.622,-2.267,4.362,9.89,0.0,0.622,-2.267,0.107,0.0,1,0.0
13,46.25,925,stopped,0.0,2.173,9.779,9.173,0.606,-2.173,4.5,9.779,0.0,0.606,-2.173,0.108,0.0,0,0.05
13,46.3,926,stopped,0.0,2.081,9.674,9.081,0.593,-2.081,4.649,9.674,0.0,0.593,-2.081,0.11,0.0,1,0.0
13,46.35,927,stopped,0.0,1.992,9.573,8.992,0.58,-1.992,4.805,9.573,0.0,0.58,-1.992,0.111,0.0,0,0.05
13,46.4,928,stopped,0.0,1.907,9.476,8.907,0.569,-1.907,4.969,9.476,0.0,0.569,-1.907,0.112,0.0,0,0.1
13,46.45,929,stopped,0.0,1.826,9.383,8.826,0.558,-1.826,5.14,9.383,0.0,0.558,-1.826,0.114,0.0,1,0.0
13,46.5,930,stopped,0.0,1.747,9.295,8.747,0.547,-1.747,5.319,9.295,0.0,0.547,-1.747,0.115,0.0,1,0.0
13,46.55,931,stopped,0.0,1.672,9.21,8.672,0.538,-1.672,5.509,9.21,0.0,0.538,-1.672,0.116,0.0,0,0.05
13,46.6,932,stopped,0.0,1.595,9.129,8.595,0.534,-1.595,5.723,9.129,0.0,0.534,-1.595,0.118,0.0,0,0.1
13,46.65,933,stopped,0.0,1.528,9.051,8.528,0.523,-1.528,5.924,9.051,0.0,0.523,-1.528,0.119,0.0,1,0.0
13,46.7,934,stopped,0.0,1.464,8.977,8.464,0.513,-1.464,6.132,8.977,0.0,0.513,-1.464,0.12,0.0,0,0.05
13,46.75,935,stopped,0.0,1.403,8.906,8.403,0.503,-1.403,6.348,8.906,0.0,0.503,-1.403,0.12,0.0,1,0.0
13,46.8,936,stopped,0.0,1.345,8.837,8.345,0.493,-1.345,6.572,8.837,0.0,0.493,-1.345,0.121,0.0,1,0.0
13,46.85,937,stopped,0.0,1.29,8.772,8.29,0.482,-1.29,6.801,8.772,0.0,0.482,-1.29,0.121,0.0,0,0.05
13,46.9,938,stopped,0.0,1.245,8.709,8.245,0.464,-1.245,6.997,8.709,0.0,0.464,-1.245,0.12,0.0,0,0.1
13,46.95,939,stopped,0.0,1.205,8.648,8.205,0.443,-1.205,7.175,8.648,0.0,0.443,-1.205,0.119,0.0,1,0.0
13,47.0,940,stopped,0.0,1.167,8.589,8.167,0.422,-1.167,7.361,8.589,0.0,0.422,-1.167,0.117,0.0,1,0.0
13,47.05,941,stopped,0.0,1.13,8.532,8.13,0.402,-1.13,7.549,8.532,0.0,0.402,-1.13,0.116,0.0,1,0.0
13,47.1,942,stopped,0.0,1.094,8.477,8.094,0.383,-1.094,7.747,8.477,0.0,0.383,-1.094,0.115,0.0,0,0.05
13,47.15,943,stopped,0.0,1.059,8.423,8.059,0.364,-1.059,7.955,8.423,0.0,0.364,-1.059,0.113,0.0,1,0.0
13,47.2,944,stopped,0.0,1.024,8.371,8.024,0.348,-1.024,8.176,8.371,0.0,0.348,-1.024,0.112,0.0,0,0.05
13,47.25,945,stopped,0.0,0.99,8.321,7.99,0.332,-0.99,8.407,8.321,0.0,0.332,-0.99,0.111,0.0,1,0.0
13,47.3,946,stopped,0.0,0.957,8.273,7.957,0.317,-0.957,8.649,8.273,0.0,0.317,-0.957,0.11,0.0,0,0.05
13,47.35,947,stopped,0.0,0.926,8.226,7.926,0.301,-0.926,8.887,8.226,0.0,0.301,-0.926,0.109,0.0,0,0.1
13,47.4,948,stopped,0.0,0.895,8.181,7.895,0.286,-0.895,9.142,8.181,0.0,0.286,-0.895,0.108,0.0,1,0.0
13,47.45,949,stopped,0.0,0.863,8.137,7.863,0.274,-0.863,9.433,8.137,0.0,0.274,-0.863,0.108,0.0,0,0.05
13,47.5,950,stopped,0.0,0.834,8.095,7.834,0.261,-0.834,9.706,8.095,0.0,0.261,-0.834,0.107,0.0,0,0.1
13,47.55,951,stopped,0.0,0.814,8.054,7.814,0.239,-0.814,9.888,8.054,0.0,0.239,-0.814,0.105,0.0,1,0.0
13,47.6,952,stopped,0.0,0.785,8.015,7.785,0.23,-0.785,10.215,8.015,0.0,0.23,-0.785,0.105,0.0,1,0.0
13,47.65,953,stopped,0.0,0.747,7.977,7.747,0.23,-0.747,10.677,7.977,0.0,0.23,-0.747,0.106,0.0,1,0.0
13,47.7,954,stopped,0.0,0.711,7.94,7.711,0.23,-0.711,11.172,7.94,0.0,0.23,-0.711,0.107,0.0,1,0.0
13,47.75,955,stopped,0.0,0.683,7.905,7.683,0.222,-0.683,11.567,7.905,0.0,0.222,-0.683,0.107,0.0,1,0.0
13,47.8,956,stopped,0.0,0.655,7.872,7.655,0.217,-0.655,12.014,7.872,0.0,0.217,-0.655,0.107,0.0,0,0.05
13,47.85,957,stopped,0.0,0.611,7.84,7.611,0.228,-0.611,12.821,7.84,0.0,0.228,-0.611,0.11,0.0,1,0.0
13,47.9,958,stopped,0.0,0.647,7.808,7.647,0.161,-0.647,12.074,7.808,0.0,0.161,-0.647,0.1,0.0,1,0.0
13,47.95,959,stopped,0.0,0.551,7.779,7.551,0.228,-0.551,14.118,7.779,0.0,0.228,-0.551,0.112,0.0,0,0.05
13,48.0,960,stopped,0.0,0.581,7.75,7.581,0.169,-0.581,13.347,7.75,0.0,0.169,-0.581,0.103,0.0,0,0.1
13,48.05,961,stopped,0.0,0.558,7.723,7.558,0.164,-0.558,13.836,7.723,0.0,0.164,-0.558,0.103,0.0,0,0.15
13,48.1,962,stopped,0.0,0.504,7.696,7.504,0.192,-0.504,15.28,7.696,0.0,0.192,-0.504,0.109,0.0,1,0.0
13,48.15,963,stopped,0.0,0.482,7.67,7.482,0.189,-0.482,15.929,7.67,0.0,0.189,-0.482,0.109,0.0,1,0.0
13,48.2,964,stopped,0.0,0.465,7.646,7.465,0.181,-0.465,16.458,7.646,0.0,0.181,-0.465,0.109,0.0,0,0.05
13,48.25,965,stopped,0.0,0.433,7.622,7.433,0.189,-0.433,17.597,7.622,0.0,0.189,-0.433,0.111,0.0,1,0.0
13,48.3,966,stopped,0.0,0.47,7.599,7.47,0.129,-0.47,16.158,7.599,0.0,0.129,-0.47,0.102,0.0,1,0.0
13,48.35,967,stopped,0.0,0.427,7.577,7.427,0.151,-0.427,17.763,7.577,0.0,0.151,-0.427,0.106,0.0,0,0.05
13,48.4,968,stopped,0.0,0.411,7.556,7.411,0.145,-0.411,18.396,7.556,0.0,0.145,-0.411,0.106,0.0,0,0.1
13,48.45,969,stopped,0.0,0.396,7.536,7.396,0.14,-0.396,19.029,7.536,0.0,0.14,-0.396,0.105,0.0,0,0.15
13,48.5,970,stopped,0.0,0.404,7.516,7.404,0.112,-0.404,18.59,7.516,0.0,0.112,-0.404,0.101,0.0,0,0.2
13,48.55,971,stopped,0.0,0.357,7.498,7.357,0.141,-0.357,21.027,7.498,0.0,0.141,-0.357,0.107,0.0,1,0.0
13,48.6,972,stopped,0.0,0.35,7.479,7.35,0.129,-0.35,21.387,7.479,0.0,0.129,-0.35,0.106,0.0,1,0.0
13,48.65,973,stopped,0.0,0.362,7.462,7.362,0.1,-0.362,20.635,7.462,0.0,0.1,-0.362,0.101,0.0,0,0.05
13,48.7,974,stopped,0.0,0.348,7.445,7.348,0.097,-0.348,21.394,7.445,0.0,0.097,-0.348,0.101,0.0,1,0.0
13,48.75,975,stopped,0.0,0.308,7.43,7.308,0.122,-0.308,24.122,7.43,0.0,0.122,-0.308,0.106,0.0,0,0.05
13,48.8,976,stopped,0.0,0.319,7.415,7.319,0.096,-0.319,23.253,7.415,0.0,0.096,-0.319,0.102,0.0,0,0.1
13,48.85,977,stopped,0.0,0.29,7.4,7.29,0.109,-0.29,25.49,7.4,0.0,0.109,-0.29,0.105,0.0,0,0.15
13,48.9,978,stopped,0.0,0.276,7.385,7.276,0.109,-0.276,26.753,7.385,0.0,0.109,-0.276,0.105,0.0,1,0.0
13,48.95,979,stopped,0.0,0.301,7.371,7.301,0.07,-0.301,24.498,7.371,0.0,0.07,-0.301,0.099,0.0,0,0.05
13,49.0,980,stopped,0.0,0.289,7.358,7.289,0.068,-0.289,25.418,7.358,0.0,0.068,-0.289,0.099,0.0,1,0.0
13,49.05,981,stopped,0.0,0.289,7.344,7.289,0.055,-0.289,25.411,7.344,0.0,0.055,-0.289,0.098,0.0,1,0.0
13,49.1,982,stopped,0.0,0.249,7.332,7.249,0.083,-0.249,29.397,7.332,0.0,0.083,-0.249,0.103,0.0,0,0.05
13,49.15,983,stopped,0.0,0.226,7.32,7.226,0.094,-0.226,32.405,7.32,0.0,0.094,-0.226,0.105,0.0,1,0.0
13,49.2,984,stopped,0.0,0.253,7.309,7.253,0.055,-0.253,28.84,7.309,0.0,0.055,-0.253,0.099,0.0,1,0.0
13,49.25,985,stopped,0.0,0.207,7.298,7.207,0.091,-0.207,35.202,7.298,0.0,0.091,-0.207,0.105,0.0,0,0.05
13,49.3,986,stopped,0.0,0.205,7.288,7.205,0.083,-0.205,35.624,7.288,0.0,0.083,-0.205,0.104,0.0,0,0.1
13,49.35,987,stopped,0.0,0.194,7.277,7.194,0.084,-0.194,37.541,7.277,0.0,0.084,-0.194,0.105,0.0,0,0.15
13,49.4,988,stopped,0.0,0.178,7.268,7.178,0.09,-0.178,40.883,7.268,0.0,0.09,-0.178,0.106,0.0,0,0.2
13,49.45,989,stopped,0.0,0.187,7.258,7.187,0.071,-0.187,38.753,7.258,0.0,0.071,-0.187,0.103,0.0,1,0.0
13,49.5,990,stopped,0.0,0.165,7.249,7.165,0.085,-0.165,44.068,7.249,0.0,0.085,-0.164,0.106,0.0,0,0.05
