episode,time_sec,tick,leader_phase,leader_speed_mps,follower_speed_mps,distance_m,desired_distance_m,spacing_error_m,relative_velocity_mps,thw_sec,observed_distance_m,observed_lead_speed_mps,control_spacing_error_m,control_relative_velocity_mps,throttle,brake,comm_success,time_since_last_comm_success_sec
12,0.05,1,accelerate,0.0,0.0,12.825,7.0,5.825,0.0,128.247,12.825,0.0,5.825,0.0,0.778,0.0,0,0.05
12,0.1,2,accelerate,0.003,0.003,12.825,7.003,5.822,0.0,128.247,12.825,0.0,5.822,-0.003,0.778,0.0,0,0.1
12,0.15,3,accelerate,0.001,0.001,12.825,7.001,5.824,0.0,128.247,12.825,0.0,5.824,-0.001,0.779,0.0,0,0.15
12,0.2,4,accelerate,0.0,0.0,12.825,7.0,5.825,-0.0,128.247,12.825,0.0,5.825,-0.0,0.78,0.0,1,0.0
12,0.25,5,accelerate,0.0,0.001,12.825,7.001,5.824,-0.0,128.247,12.825,0.0,5.824,-0.0,0.781,0.0,1,0.0
12,0.3,6,accelerate,0.001,0.001,12.825,7.001,5.824,-0.0,128.247,12.825,0.0,5.824,-0.0,0.782,0.0,0,0.05
12,0.35,7,accelerate,0.001,0.001,12.825,7.001,5.824,-0.0,128.247,12.825,0.001,5.824,-0.0,0.783,0.0,1,0.0
12,0.4,8,accelerate,0.0,0.0,12.825,7.0,5.824,-0.0,128.247,12.825,0.0,5.824,-0.0,0.784,0.0,1,0.0
12,0.45,9,accelerate,0.0,0.0,12.825,7.0,5.824,-0.0,128.247,12.825,0.0,5.824,-0.0,0.785,0.0,1,0.0
12,0.5,10,accelerate,0.0,0.0,12.825,7.0,5.825,-0.0,128.247,12.825,0.0,5.825,-0.0,0.786,0.0,1,0.0
12,0.55,11,accelerate,0.0,0.0,12.825,7.0,5.825,-0.0,128.247,12.825,0.0,5.825,-0.0,0.787,0.0,0,0.05
12,0.6,12,accelerate,0.0,0.0,12.825,7.0,5.825,-0.0,128.247,12.825,0.0,5.825,-0.0,0.788,0.0,0,0.1
12,0.65,13,accelerate,0.158,0.305,12.82,7.305,5.515,-0.146,42.097,12.82,0.158,5.515,-0.146,0.743,0.0,1,0.0
12,0.7,14,accelerate,0.518,0.628,12.815,7.628,5.187,-0.11,20.405,12.796,0.158,5.168,-0.47,0.687,0.0,0,0.05
12,0.75,15,accelerate,0.821,0.893,12.812,7.893,4.919,-0.072,14.352,12.812,0.821,4.919,-0.072,0.668,0.0,1,0.0
12,0.8,16,accelerate,1.035,0.981,12.814,7.981,4.834,0.054,13.066,12.814,1.035,4.834,0.054,0.661,0.0,1,0.0
12,0.85,17,accelerate,1.162,1.109,12.819,8.109,4.71,0.053,11.556,12.765,1.035,4.655,-0.075,0.634,0.0,0,0.05
12,0.9,18,accelerate,1.301,1.203,12.825,8.203,4.622,0.098,10.661,12.709,1.035,4.506,-0.168,0.612,0.0,0,0.1
12,0.95,19,accelerate,1.417,1.328,12.831,8.328,4.503,0.089,9.66,12.831,1.417,4.503,0.089,0.621,0.0,1,0.0
12,1.0,20,accelerate,1.543,1.441,12.838,8.441,4.397,0.101,8.908,12.764,1.417,4.323,-0.024,0.594,0.0,0,0.05
12,1.05,21,accelerate,1.645,1.522,12.846,8.522,4.324,0.123,8.44,12.693,1.417,4.171,-0.105,0.571,0.0,0,0.1
12,1.1,22,accelerate,1.806,1.649,12.856,8.649,4.206,0.156,7.794,12.856,1.806,4.206,0.156,0.586,0.0,1,0.0
12,1.15,23,accelerate,1.917,1.714,12.867,8.714,4.154,0.204,7.509,12.867,1.917,4.154,0.204,0.581,0.0,1,0.0
12,1.2,24,accelerate,2.082,1.829,12.882,8.829,4.052,0.253,7.042,12.782,1.917,3.952,0.088,0.551,0.0,0,0.05
12,1.25,25,accelerate,2.228,1.887,12.899,8.887,4.012,0.341,6.834,12.899,2.228,4.012,0.341,0.568,0.0,1,0.0
12,1.3,26,accelerate,2.418,1.99,12.922,8.99,3.932,0.428,6.494,12.805,2.228,3.815,0.238,0.539,0.0,0,0.05
12,1.35,27,accelerate,2.584,2.044,12.949,9.044,3.905,0.54,6.335,12.708,2.228,3.663,0.184,0.517,0.0,0,0.1
12,1.4,28,accelerate,2.755,2.104,12.982,9.104,3.877,0.651,6.169,12.982,2.755,3.877,0.651,0.562,0.0,1,0.0
12,1.45,29,accelerate,2.842,2.145,13.019,9.145,3.874,0.698,6.07,12.879,2.755,3.734,0.611,0.542,0.0,0,0.05
12,1.5,30,accelerate,2.887,2.199,13.056,9.199,3.857,0.688,5.937,12.774,2.755,3.574,0.556,0.52,0.0,0,0.1
12,1.55,31,accelerate,2.886,2.254,13.092,9.254,3.838,0.632,5.808,13.092,2.886,3.838,0.632,0.558,0.0,1,0.0
12,1.6,32,accelerate,2.919,2.318,13.125,9.318,3.808,0.601,5.663,12.981,2.886,3.663,0.569,0.533,0.0,0,0.05
12,1.65,33,accelerate,2.98,2.369,13.158,9.369,3.789,0.611,5.553,13.158,2.98,3.789,0.611,0.552,0.0,1,0.0
12,1.7,34,accelerate,3.108,2.418,13.193,9.418,3.775,0.69,5.455,13.041,2.98,3.623,0.562,0.529,0.0,0,0.05
12,1.75,35,accelerate,3.256,2.476,13.233,9.476,3.756,0.779,5.343,12.921,2.98,3.445,0.504,0.504,0.0,0,0.1
12,1.8,36,accelerate,3.447,2.557,13.277,9.557,3.72,0.89,5.192,12.797,2.98,3.24,0.423,0.474,0.0,0,0.15
12,1.85,37,accelerate,3.624,2.624,13.326,9.624,3.702,1.0,5.078,12.67,2.98,3.046,0.356,0.447,0.0,0,0.2
12,1.9,38,accelerate,3.752,2.687,13.38,9.687,3.693,1.065,4.98,12.539,2.98,2.852,0.293,0.419,0.0,0,0.25
12,1.95,39,accelerate,3.783,2.732,13.435,9.732,3.703,1.051,4.917,12.405,2.98,2.673,0.248,0.394,0.0,0,0.3
12,2.0,40,accelerate,3.783,2.772,13.487,9.772,3.715,1.011,4.865,12.269,2.98,2.497,0.208,0.37,0.0,0,0.35
12,2.05,41,accelerate,3.797,2.794,13.538,9.794,3.745,1.004,4.846,13.538,3.797,3.745,1.004,0.563,0.0,1,0.0
12,2.1,42,accelerate,3.888,2.821,13.591,9.821,3.77,1.067,4.818,13.399,3.797,3.578,0.976,0.541,0.0,0,0.05
12,2.15,43,accelerate,4.026,2.861,13.649,9.861,3.788,1.165,4.771,13.649,4.026,3.788,1.165,0.576,0.0,1,0.0
12,2.2,44,accelerate,4.199,2.921,13.711,9.921,3.79,1.278,4.694,13.505,4.026,3.584,1.105,0.547,0.0,0,0.05
12,2.25,45,accelerate,4.381,2.989,13.779,9.989,3.79,1.392,4.61,13.779,4.381,3.79,1.392,0.585,0.0,1,0.0
12,2.3,46,accelerate,4.541,3.071,13.853,10.071,3.782,1.47,4.511,13.853,4.541,3.782,1.47,0.587,0.0,1,0.0
12,2.35,47,accelerate,4.619,3.161,13.927,10.161,3.766,1.458,4.406,13.927,4.619,3.766,1.458,0.585,0.0,1,0.0
12,2.4,48,accelerate,4.628,3.262,13.998,10.262,3.736,1.365,4.291,13.767,4.619,3.505,1.356,0.547,0.0,0,0.05
12,2.45,49,accelerate,4.627,3.363,14.064,10.363,3.701,1.264,4.182,14.064,4.627,3.701,1.264,0.571,0.0,1,0.0
12,2.5,50,accelerate,4.685,3.466,14.127,10.466,3.661,1.219,4.076,13.894,4.627,3.428,1.161,0.532,0.0,0,0.05
12,2.55,51,accelerate,4.803,3.564,14.189,10.564,3.625,1.239,3.981,14.189,4.803,3.625,1.239,0.561,0.0,1,0.0
12,2.6,52,accelerate,4.956,3.649,14.254,10.649,3.605,1.306,3.906,14.01,4.803,3.36,1.154,0.524,0.0,0,0.05
12,2.65,53,accelerate,5.128,3.739,14.323,10.739,3.583,1.389,3.83,13.825,4.803,3.086,1.064,0.485,0.0,0,0.1
12,2.7,54,accelerate,5.243,3.824,14.394,10.824,3.57,1.418,3.764,14.394,5.243,3.57,1.418,0.562,0.0,1,0.0
12,2.75,55,accelerate,5.09,3.902,14.459,10.902,3.556,1.187,3.705,14.459,5.09,3.556,1.187,0.553,0.0,1,0.0
12,2.8,56,accelerate,5.093,3.989,14.516,10.989,3.527,1.104,3.639,14.262,5.09,3.273,1.101,0.513,0.0,0,0.05
12,2.85,57,accelerate,5.0,4.071,14.566,11.071,3.496,0.929,3.579,14.061,5.09,2.99,1.019,0.473,0.0,0,0.1
12,2.9,58,accelerate,5.459,4.142,14.626,11.142,3.484,1.317,3.531,13.856,5.09,2.714,0.948,0.434,0.0,0,0.15
12,2.95,59,accelerate,5.818,4.195,14.702,11.195,3.507,1.623,3.505,13.648,5.09,2.453,0.895,0.398,0.0,0,0.2
12,3.0,60,accelerate,5.924,4.218,14.786,11.218,3.568,1.706,3.506,13.438,5.09,2.22,0.872,0.366,0.0,0,0.25
12,3.05,61,accelerate,5.894,4.238,14.871,11.238,3.633,1.656,3.509,14.871,5.894,3.633,1.656,0.581,0.0,1,0.0
12,3.1,62,accelerate,5.845,4.259,14.952,11.259,3.693,1.586,3.511,14.659,5.894,3.4,1.635,0.55,0.0,0,0.05
12,3.15,63,accelerate,5.815,4.307,15.029,11.307,3.722,1.508,3.489,15.029,5.815,3.722,1.508,0.59,0.0,1,0.0
12,3.2,64,accelerate,5.815,4.378,15.102,11.378,3.724,1.436,3.45,14.812,5.815,3.434,1.437,0.549,0.0,0,0.05
12,3.25,65,accelerate,5.848,4.46,15.173,11.46,3.713,1.388,3.402,14.591,5.815,3.131,1.355,0.507,0.0,0,0.1
12,3.3,66,accelerate,5.915,4.538,15.242,11.538,3.704,1.377,3.359,15.242,5.915,3.704,1.377,0.585,0.0,1,0.0
12,3.35,67,accelerate,6.014,4.616,15.312,11.616,3.696,1.398,3.317,15.312,6.014,3.696,1.398,0.585,0.0,1,0.0
12,3.4,68,accelerate,6.142,4.691,15.384,11.691,3.693,1.451,3.28,15.079,6.014,3.389,1.324,0.542,0.0,0,0.05
12,3.45,69,accelerate,6.136,4.783,15.453,11.783,3.67,1.353,3.231,15.453,6.136,3.67,1.353,0.581,0.0,1,0.0
12,3.5,70,accelerate,6.131,4.874,15.518,11.874,3.645,1.258,3.184,15.212,6.136,3.338,1.262,0.534,0.0,0,0.05
12,3.55,71,accelerate,6.633,4.961,15.59,11.961,3.629,1.672,3.143,14.966,6.136,3.005,1.175,0.487,0.0,0,0.1
12,3.6,72,accelerate,7.16,5.034,15.688,12.034,3.654,2.125,3.116,14.716,6.136,2.681,1.102,0.442,0.0,0,0.15
12,3.65,73,accelerate,7.555,5.084,15.806,12.084,3.722,2.471,3.109,14.462,6.136,2.379,1.052,0.401,0.0,0,0.2
12,3.7,74,accelerate,7.722,5.028,15.938,12.028,3.91,2.695,3.17,14.21,6.136,2.183,1.108,0.377,0.0,0,0.25
12,3.75,75,accelerate,7.703,5.02,16.072,12.02,4.052,2.683,3.202,13.96,6.136,1.939,1.116,0.345,0.0,0,0.3
12,3.8,76,accelerate,7.626,4.979,16.206,11.979,4.227,2.647,3.255,13.71,6.136,1.731,1.157,0.319,0.0,0,0.35
12,3.85,77,accelerate,7.518,5.007,16.334,12.007,4.327,2.511,3.262,13.46,6.136,1.453,1.129,0.281,0.0,0,0.4
12,3.9,78,accelerate,7.405,4.983,16.457,11.983,4.473,2.422,3.302,13.211,6.136,1.228,1.153,0.252,0.0,0,0.45
12,3.95,79,accelerate,7.305,4.942,16.576,11.942,4.634,2.364,3.354,12.963,6.136,1.021,1.194,0.226,0.0,0,0.5
12,4.0,80,accelerate,7.248,4.875,16.694,11.875,4.818,2.372,3.424,12.718,6.136,0.842,1.261,0.205,0.0,0,0.55
12,4.05,81,accelerate,7.239,4.791,16.815,11.791,5.023,2.448,3.51,12.477,6.136,0.686,1.345,0.187,0.0,0,0.6
12,4.1,82,accelerate,7.276,4.693,16.941,11.693,5.248,2.582,3.61,16.941,7.276,5.248,2.582,0.837,0.0,1,0.0
12,4.15,83,accelerate,7.341,4.605,17.075,11.605,5.47,2.736,3.708,17.075,7.341,5.47,2.736,0.873,0.0,1,0.0
12,4.2,84,accelerate,7.448,4.586,17.216,11.586,5.629,2.862,3.754,17.216,7.448,5.629,2.862,0.899,0.0,1,0.0
12,4.25,85,accelerate,7.583,4.672,17.36,11.672,5.688,2.911,3.716,17.36,7.583,5.688,2.911,0.909,0.0,1,0.0
12,4.3,86,accelerate,7.741,4.849,17.506,11.849,5.657,2.892,3.61,17.506,7.741,5.657,2.892,0.906,0.0,1,0.0
12,4.35,87,accelerate,7.905,5.075,17.648,12.075,5.573,2.83,3.477,17.256,7.741,5.181,2.665,0.835,0.0,0,0.05
12,4.4,88,accelerate,8.086,5.319,17.787,12.319,5.468,2.767,3.344,16.995,7.741,4.676,2.421,0.761,0.0,0,0.1
12,4.45,89,accelerate,8.279,5.24,17.932,12.24,5.692,3.039,3.422,16.73,7.741,4.491,2.501,0.739,0.0,0,0.15
12,4.5,90,accelerate,8.479,5.272,18.089,12.272,5.817,3.206,3.431,18.089,8.479,5.817,3.206,0.941,0.0,1,0.0
12,4.55,91,accelerate,8.672,5.219,18.256,12.219,6.037,3.453,3.498,17.827,8.479,5.608,3.26,0.916,0.0,0,0.05
12,4.6,92,accelerate,8.875,5.367,18.43,12.367,6.062,3.508,3.434,18.43,8.875,6.062,3.508,0.985,0.0,1,0.0
12,4.65,93,accelerate,9.083,5.461,18.607,12.461,6.146,3.622,3.407,18.607,9.083,6.146,3.622,1.0,0.0,1,0.0
12,4.7,94,accelerate,9.294,5.532,18.791,12.532,6.258,3.762,3.396,18.331,9.083,5.799,3.551,0.954,0.0,0,0.05
12,4.75,95,accelerate,9.471,5.476,18.984,12.476,6.508,3.995,3.466,18.057,9.083,5.58,3.607,0.927,0.0,0,0.1
12,4.8,96,accelerate,9.572,5.914,19.176,12.914,6.262,3.658,3.242,17.774,9.083,4.86,3.169,0.818,0.0,0,0.15
12,4.85,97,accelerate,9.588,6.638,19.334,13.638,5.696,2.95,2.913,19.334,9.588,5.696,2.95,0.923,0.0,1,0.0
12,4.9,98,accelerate,9.536,7.246,19.457,14.246,5.211,2.29,2.685,19.457,9.536,5.211,2.29,0.837,0.0,1,0.0
12,4.95,99,accelerate,9.505,7.735,19.55,14.735,4.815,1.77,2.528,19.079,9.536,4.344,1.802,0.706,0.0,0,0.05
12,5.0,100,accelerate,9.53,8.139,19.621,15.139,4.481,1.391,2.411,19.621,9.53,4.481,1.391,0.711,0.0,1,0.0
12,5.05,101,accelerate,9.595,8.332,19.68,15.332,4.348,1.262,2.362,19.68,9.595,4.348,1.262,0.69,0.0,1,0.0
12,5.1,102,accelerate,9.682,8.533,19.734,15.533,4.2,1.148,2.312,19.258,9.595,3.724,1.061,0.601,0.0,0,0.05
12,5.15,103,accelerate,9.807,8.66,19.783,15.66,4.123,1.147,2.284,18.828,9.595,3.168,0.934,0.523,0.0,0,0.1
12,5.2,104,accelerate,9.966,8.827,19.832,15.827,4.005,1.139,2.247,19.832,9.966,4.005,1.139,0.642,0.0,1,0.0
12,5.25,105,accelerate,10.118,8.912,19.881,15.912,3.969,1.206,2.231,19.389,9.966,3.476,1.053,0.569,0.0,0,0.05
12,5.3,106,accelerate,10.302,9.055,19.931,16.055,3.875,1.246,2.201,18.94,9.966,2.884,0.91,0.486,0.0,0,0.1
12,5.35,107,accelerate,10.492,9.122,19.985,16.122,3.863,1.37,2.191,19.985,10.492,3.863,1.37,0.632,0.0,1,0.0
12,5.4,108,accelerate,10.664,9.232,20.042,16.232,3.809,1.432,2.171,19.527,10.492,3.295,1.259,0.553,0.0,0,0.05
12,5.45,109,accelerate,10.69,9.289,20.097,16.289,3.808,1.402,2.164,19.065,10.492,2.777,1.203,0.483,0.0,0,0.1
12,5.5,110,accelerate,10.644,9.389,20.147,16.389,3.758,1.256,2.146,20.147,10.644,3.758,1.256,0.616,0.0,1,0.0
12,5.55,111,accelerate,10.944,9.426,20.2,16.426,3.774,1.517,2.143,20.2,10.944,3.774,1.517,0.628,0.0,1,0.0
12,5.6,112,accelerate,11.276,9.528,20.267,16.528,3.739,1.748,2.127,20.267,11.276,3.739,1.748,0.631,0.0,1,0.0
12,5.65,113,accelerate,11.476,9.588,20.34,16.588,3.752,1.888,2.121,20.34,11.476,3.752,1.888,0.638,0.0,1,0.0
12,5.7,114,accelerate,11.466,9.708,20.409,16.708,3.701,1.758,2.102,20.409,11.466,3.701,1.758,0.628,0.0,1,0.0
12,5.75,115,accelerate,11.413,9.785,20.469,16.785,3.685,1.628,2.092,20.469,11.413,3.685,1.628,0.622,0.0,1,0.0
12,5.8,116,accelerate,11.355,9.912,20.523,16.912,3.61,1.442,2.07,20.523,11.355,3.61,1.442,0.606,0.0,1,0.0
12,5.85,117,accelerate,11.294,9.992,20.568,16.992,3.576,1.302,2.058,20.032,11.355,3.04,1.362,0.528,0.0,0,0.05
12,5.9,118,accelerate,11.275,10.109,20.605,17.109,3.496,1.165,2.038,19.537,11.355,2.427,1.245,0.443,0.0,0,0.1
12,5.95,119,accelerate,11.316,10.158,20.64,17.158,3.482,1.157,2.032,20.64,11.316,3.482,1.157,0.581,0.0,1,0.0
12,6.0,120,accelerate,11.396,10.23,20.677,17.23,3.447,1.166,2.021,20.677,11.396,3.447,1.166,0.577,0.0,1,0.0
12,6.05,121,accelerate,11.469,10.268,20.715,17.268,3.447,1.201,2.017,20.176,11.396,2.909,1.128,0.505,0.0,0,0.05
12,6.1,122,accelerate,11.57,10.345,20.753,17.345,3.408,1.225,2.006,20.753,11.57,3.408,1.225,0.575,0.0,1,0.0
12,6.15,123,accelerate,11.639,10.366,20.791,17.366,3.425,1.273,2.006,20.251,11.57,2.885,1.204,0.505,0.0,0,0.05
12,6.2,124,accelerate,11.773,10.437,20.829,17.437,3.392,1.336,1.996,20.829,11.773,3.392,1.336,0.578,0.0,1,0.0
12,6.25,125,accelerate,11.913,10.465,20.876,17.465,3.411,1.449,1.995,20.326,11.773,2.861,1.308,0.507,0.0,0,0.05
12,6.3,126,accelerate,12.031,10.533,20.928,17.533,3.395,1.498,1.987,20.928,12.031,3.395,1.498,0.585,0.0,1,0.0
12,6.35,127,accelerate,12.157,10.551,20.982,17.551,3.432,1.607,1.989,20.424,12.031,2.873,1.481,0.515,0.0,0,0.05
12,6.4,128,accelerate,12.305,10.616,21.042,17.616,3.426,1.689,1.982,21.042,12.305,3.426,1.689,0.596,0.0,1,0.0
12,6.45,129,accelerate,12.41,10.646,21.107,17.646,3.461,1.764,1.983,21.107,12.41,3.461,1.764,0.604,0.0,1,0.0
12,6.5,130,accelerate,12.543,10.706,21.174,17.706,3.468,1.836,1.978,21.174,12.543,3.468,1.836,0.608,0.0,1,0.0
12,6.55,131,accelerate,12.688,10.759,21.247,17.759,3.488,1.928,1.975,20.667,12.543,2.908,1.783,0.532,0.0,0,0.05
12,6.6,132,accelerate,12.796,10.846,21.325,17.846,3.478,1.95,1.966,21.325,12.796,3.478,1.95,0.614,0.0,1,0.0
12,6.65,133,accelerate,12.924,10.881,21.404,17.881,3.523,2.043,1.967,21.404,12.924,3.523,2.043,0.624,0.0,1,0.0
12,6.7,134,accelerate,13.005,10.968,21.482,17.968,3.514,2.037,1.959,20.892,12.924,2.924,1.956,0.541,0.0,0,0.05
12,6.75,135,accelerate,13.139,11.028,21.562,18.028,3.535,2.111,1.955,20.377,12.924,2.349,1.896,0.463,0.0,0,0.1
12,6.8,136,accelerate,13.289,11.077,21.65,18.077,3.573,2.212,1.954,19.858,12.924,1.781,1.847,0.386,0.0,0,0.15
12,6.85,137,accelerate,13.401,11.091,21.742,18.091,3.651,2.31,1.96,19.335,12.924,1.244,1.833,0.314,0.0,0,0.2
12,6.9,138,accelerate,13.524,11.104,21.84,18.104,3.736,2.419,1.967,18.812,12.924,0.708,1.82,0.242,0.0,0,0.25
12,6.95,139,accelerate,13.598,11.047,21.943,18.047,3.896,2.551,1.986,21.943,13.598,3.896,2.551,0.693,0.0,1,0.0
12,7.0,140,accelerate,13.729,10.979,22.054,17.979,4.075,2.75,2.009,21.44,13.598,3.461,2.619,0.637,0.0,0,0.05
12,7.05,141,accelerate,13.878,10.923,22.176,17.923,4.253,2.955,2.03,20.937,13.598,3.014,2.675,0.58,0.0,0,0.1
12,7.1,142,accelerate,13.987,10.943,22.307,17.943,4.364,3.044,2.038,20.433,13.598,2.49,2.655,0.51,0.0,0,0.15
12,7.15,143,accelerate,14.108,10.92,22.442,17.92,4.522,3.188,2.055,22.442,14.108,4.522,3.188,0.8,0.0,1,0.0
12,7.2,144,accelerate,14.177,10.956,22.578,17.956,4.621,3.221,2.061,22.578,14.177,4.621,3.221,0.815,0.0,1,0.0
12,7.25,145,accelerate,14.301,11.022,22.716,18.022,4.694,3.279,2.061,22.716,14.301,4.694,3.279,0.827,0.0,1,0.0
12,7.3,146,accelerate,14.446,11.144,22.859,18.144,4.715,3.303,2.051,22.216,14.301,4.072,3.157,0.741,0.0,0,0.05
12,7.35,147,accelerate,14.541,11.091,23.007,18.091,4.916,3.45,2.074,21.712,14.301,3.621,3.209,0.683,0.0,0,0.1
12,7.4,148,accelerate,14.638,11.118,23.162,18.118,5.044,3.52,2.083,23.162,14.638,5.044,3.52,0.884,0.0,1,0.0
12,7.45,149,accelerate,14.677,11.431,23.311,18.431,4.88,3.245,2.039,22.657,14.638,4.225,3.206,0.765,0.0,0,0.05
12,7.5,150,accelerate,14.762,11.777,23.446,18.777,4.669,2.985,1.991,22.132,14.638,3.355,2.861,0.638,0.0,0,0.1
12,7.55,151,accelerate,14.873,12.059,23.58,19.059,4.521,2.814,1.955,21.592,14.638,2.533,2.579,0.519,0.0,0,0.15
12,7.6,152,accelerate,14.968,12.231,23.711,19.231,4.481,2.738,1.939,21.04,14.638,1.809,2.407,0.417,0.0,0,0.2
12,7.65,153,accelerate,15.096,12.357,23.845,19.357,4.488,2.739,1.93,23.845,15.096,4.488,2.739,0.786,0.0,1,0.0
12,7.7,154,accelerate,15.202,12.456,23.983,19.456,4.527,2.746,1.925,23.983,15.202,4.527,2.746,0.793,0.0,1,0.0
12,7.75,155,accelerate,15.338,12.529,24.128,19.529,4.598,2.809,1.926,23.431,15.202,3.902,2.673,0.707,0.0,0,0.05
12,7.8,156,accelerate,15.45,12.634,24.277,19.634,4.642,2.816,1.921,22.87,15.202,3.236,2.567,0.616,0.0,0,0.1
12,7.85,157,accelerate,15.552,12.688,24.43,19.688,4.742,2.864,1.925,22.301,15.202,2.613,2.514,0.531,0.0,0,0.15
12,7.9,158,accelerate,15.632,12.775,24.589,19.775,4.814,2.857,1.925,21.724,15.202,1.949,2.426,0.44,0.0,0,0.2
12,7.95,159,accelerate,15.689,12.851,24.753,19.851,4.902,2.838,1.926,24.753,15.689,4.902,2.838,0.848,0.0,1,0.0
12,8.0,160,accelerate,15.771,12.877,24.922,19.877,5.045,2.894,1.935,24.922,15.771,5.045,2.894,0.869,0.0,1,0.0
12,8.05,161,accelerate,15.866,12.944,25.095,19.944,5.152,2.922,1.939,24.349,15.771,4.405,2.827,0.782,0.0,0,0.05
12,8.1,162,accelerate,15.981,13.062,25.275,20.062,5.213,2.919,1.935,23.769,15.771,3.707,2.709,0.684,0.0,0,0.1
12,8.15,163,accelerate,16.008,13.145,25.457,20.145,5.312,2.863,1.937,25.457,16.008,5.312,2.863,0.904,0.0,1,0.0
12,8.2,164,accelerate,16.003,13.259,25.636,20.259,5.377,2.744,1.934,25.636,16.003,5.377,2.744,0.908,0.0,1,0.0
12,8.25,165,accelerate,16.106,13.353,25.812,20.353,5.459,2.752,1.933,25.812,16.106,5.459,2.752,0.92,0.0,1,0.0
12,8.3,166,accelerate,16.314,13.524,25.991,20.524,5.467,2.79,1.922,25.991,16.314,5.467,2.79,0.922,0.0,1,0.0
12,8.35,167,accelerate,16.49,13.728,26.175,20.728,5.447,2.762,1.907,25.377,16.314,4.649,2.586,0.806,0.0,0,0.05
12,8.4,168,accelerate,16.643,13.895,26.36,20.895,5.465,2.748,1.897,24.751,16.314,3.856,2.419,0.695,0.0,0,0.1
12,8.45,169,accelerate,16.774,14.056,26.544,21.056,5.488,2.719,1.888,24.113,16.314,3.057,2.258,0.583,0.0,0,0.15
12,8.5,170,accelerate,16.87,14.136,26.726,21.136,5.589,2.733,1.891,23.463,16.314,2.326,2.177,0.483,0.0,0,0.2
12,8.55,171,cruise,16.934,14.234,26.906,21.234,5.671,2.7,1.89,26.906,16.934,5.671,2.7,0.946,0.0,1,0.0
12,8.6,172,cruise,16.988,14.258,27.083,21.258,5.825,2.73,1.899,27.083,16.988,5.825,2.73,0.968,0.0,1,0.0
12,8.65,173,cruise,17.05,14.36,27.257,21.36,5.897,2.69,1.898,26.416,16.988,5.056,2.628,0.862,0.0,0,0.05
12,8.7,174,cruise,17.129,14.519,27.428,21.519,5.91,2.61,1.889,25.739,16.988,4.221,2.469,0.745,0.0,0,0.1
12,8.75,175,cruise,17.219,14.647,27.596,21.647,5.949,2.572,1.884,25.053,16.988,3.406,2.341,0.632,0.0,0,0.15
12,8.8,176,cruise,17.316,14.765,27.759,21.765,5.994,2.551,1.88,27.759,17.316,5.994,2.551,0.984,0.0,1,0.0
12,8.85,177,cruise,17.413,14.824,27.92,21.824,6.095,2.589,1.883,27.92,17.413,6.095,2.589,0.999,0.0,1,0.0
12,8.9,178,cruise,17.494,14.973,28.076,21.973,6.102,2.52,1.875,28.076,17.494,6.102,2.52,0.998,0.0,1,0.0
12,8.95,179,cruise,17.52,14.875,28.23,21.875,6.355,2.645,1.898,27.358,17.494,5.483,2.619,0.918,0.0,0,0.05
12,9.0,180,cruise,17.475,14.849,28.382,21.849,6.534,2.626,1.911,28.382,17.475,6.534,2.626,1.0,0.0,1,0.0
12,9.05,181,cruise,17.403,15.094,28.524,22.094,6.43,2.309,1.89,28.524,17.403,6.43,2.309,1.0,0.0,1,0.0
12,9.1,182,cruise,17.325,15.325,28.646,22.325,6.322,2.001,1.869,27.78,17.403,5.456,2.078,0.897,0.0,0,0.05
12,9.15,183,cruise,17.272,15.556,28.751,22.556,6.195,1.716,1.848,28.751,17.272,6.195,1.716,0.983,0.0,1,0.0
12,9.2,184,cruise,17.265,15.722,28.843,22.722,6.121,1.543,1.835,28.843,17.265,6.121,1.543,0.968,0.0,1,0.0
12,9.25,185,cruise,17.298,15.931,28.924,22.931,5.992,1.367,1.816,28.061,17.265,5.129,1.334,0.828,0.0,0,0.05
12,9.3,186,cruise,17.357,16.097,28.996,23.097,5.899,1.259,1.801,27.266,17.265,4.169,1.168,0.695,0.0,0,0.1
12,9.35,187,cruise,17.421,16.275,29.061,23.275,5.786,1.146,1.786,26.462,17.265,3.187,0.99,0.558,0.0,0,0.15
12,9.4,188,cruise,17.461,16.401,29.119,23.401,5.718,1.06,1.775,25.648,17.265,2.247,0.864,0.428,0.0,0,0.2
12,9.45,189,cruise,17.459,16.497,29.173,23.497,5.675,0.962,1.768,24.829,17.265,1.331,0.767,0.303,0.0,0,0.25
12,9.5,190,cruise,17.422,16.55,29.222,23.55,5.672,0.873,1.766,29.222,17.422,5.672,0.873,0.885,0.0,1,0.0
12,9.55,191,cruise,17.37,16.55,29.266,23.55,5.716,0.821,1.768,29.266,17.37,5.716,0.821,0.89,0.0,1,0.0
12,9.6,192,cruise,17.326,16.588,29.306,23.588,5.719,0.738,1.767,29.306,17.326,5.719,0.738,0.887,0.0,1,0.0
12,9.65,193,cruise,17.307,16.653,29.342,23.653,5.689,0.654,1.762,29.342,17.307,5.689,0.654,0.88,0.0,1,0.0
12,9.7,194,cruise,17.323,16.761,29.373,23.761,5.612,0.562,1.752,28.508,17.307,4.747,0.546,0.751,0.0,0,0.05
12,9.75,195,cruise,17.362,16.873,29.4,23.873,5.527,0.489,1.742,29.4,17.362,5.527,0.489,0.853,0.0,1,0.0
12,9.8,196,cruise,17.404,16.995,29.423,23.995,5.428,0.409,1.731,29.423,17.404,5.428,0.409,0.837,0.0,1,0.0
12,9.85,197,cruise,17.43,17.126,29.441,24.126,5.315,0.304,1.719,28.57,17.404,4.444,0.278,0.702,0.0,0,0.05
12,9.9,198,cruise,17.429,17.247,29.453,24.247,5.206,0.182,1.708,29.453,17.429,5.206,0.182,0.8,0.0,1,0.0
12,9.95,199,cruise,17.406,17.369,29.458,24.369,5.089,0.037,1.696,28.587,17.429,4.218,0.06,0.664,0.0,0,0.05
12,10.0,200,cruise,17.373,17.483,29.456,24.483,4.973,-0.11,1.685,27.716,17.429,3.233,-0.054,0.529,0.0,0,0.1
12,10.05,201,cruise,17.347,17.579,29.447,24.579,4.868,-0.232,1.675,26.839,17.429,2.26,-0.15,0.396,0.0,0,0.15
12,10.1,202,cruise,17.337,17.641,29.433,24.641,4.792,-0.303,1.668,25.958,17.429,1.318,-0.211,0.269,0.0,0,0.2
12,10.15,203,cruise,17.348,17.666,29.417,24.666,4.751,-0.319,1.665,25.075,17.429,0.409,-0.237,0.147,0.0,0,0.25
12,10.2,204,cruise,17.371,17.652,29.402,24.652,4.751,-0.281,1.666,29.402,17.371,4.751,-0.281,0.724,0.0,1,0.0
12,10.25,205,cruise,17.394,17.613,29.39,24.613,4.777,-0.22,1.669,29.39,17.394,4.777,-0.22,0.73,0.0,1,0.0
12,10.3,206,cruise,17.407,17.592,29.381,24.592,4.789,-0.185,1.67,29.381,17.407,4.789,-0.185,0.732,0.0,1,0.0
12,10.35,207,cruise,17.405,17.61,29.371,24.61,4.761,-0.205,1.668,29.371,17.405,4.761,-0.205,0.728,0.0,1,0.0
12,10.4,208,cruise,17.391,17.657,29.359,24.657,4.702,-0.266,1.663,28.49,17.405,3.833,-0.252,0.603,0.0,0,0.05
12,10.45,209,cruise,17.374,17.715,29.344,24.715,4.629,-0.34,1.656,27.605,17.405,2.891,-0.31,0.475,0.0,0,0.1
12,10.5,210,cruise,17.361,17.764,29.325,24.764,4.561,-0.403,1.651,29.325,17.361,4.561,-0.403,0.695,0.0,1,0.0
12,10.55,211,cruise,17.358,17.805,29.303,24.805,4.498,-0.448,1.646,28.436,17.361,3.63,-0.444,0.569,0.0,0,0.05
12,10.6,212,cruise,17.364,17.854,29.28,24.854,4.425,-0.49,1.64,27.544,17.361,2.689,-0.493,0.442,0.0,0,0.1
12,10.65,213,cruise,17.376,17.893,29.254,24.893,4.361,-0.517,1.635,26.65,17.361,1.757,-0.532,0.317,0.0,0,0.15
12,10.7,214,cruise,17.387,17.909,29.228,24.909,4.32,-0.521,1.632,25.755,17.361,0.846,-0.548,0.195,0.0,0,0.2
12,10.75,215,cruise,17.393,17.893,29.203,24.893,4.309,-0.501,1.632,24.86,17.361,-0.034,-0.532,0.078,0.0,0,0.25
12,10.8,216,cruise,17.391,17.846,29.179,24.846,4.333,-0.455,1.635,29.179,17.391,4.333,-0.455,0.663,0.0,1,0.0
12,10.85,217,cruise,17.384,17.778,29.158,24.778,4.38,-0.395,1.64,29.158,17.384,4.38,-0.395,0.671,0.0,1,0.0
12,10.9,218,cruise,17.375,17.73,29.14,24.73,4.41,-0.355,1.644,29.14,17.375,4.41,-0.355,0.676,0.0,1,0.0
12,10.95,219,cruise,17.369,17.723,29.122,24.723,4.399,-0.354,1.643,29.122,17.369,4.399,-0.354,0.675,0.0,1,0.0
12,11.0,220,cruise,17.368,17.747,29.104,24.747,4.357,-0.378,1.64,28.236,17.369,3.489,-0.377,0.553,0.0,0,0.05
12,11.05,221,cruise,17.372,17.783,29.084,24.783,4.301,-0.411,1.636,29.084,17.372,4.301,-0.411,0.66,0.0,1,0.0
12,11.1,222,cruise,17.378,17.824,29.063,24.824,4.239,-0.446,1.631,29.063,17.378,4.239,-0.446,0.65,0.0,1,0.0
12,11.15,223,cruise,17.383,17.876,29.039,24.876,4.162,-0.493,1.624,29.039,17.383,4.162,-0.493,0.639,0.0,1,0.0
12,11.2,224,cruise,17.386,17.935,29.013,24.935,4.078,-0.549,1.618,28.143,17.383,3.209,-0.551,0.509,0.0,0,0.05
12,11.25,225,cruise,17.384,17.988,28.983,24.988,3.995,-0.604,1.611,27.245,17.383,2.257,-0.605,0.381,0.0,0,0.1
12,11.3,226,cruise,17.38,18.022,28.952,25.022,3.93,-0.641,1.607,26.344,17.383,1.323,-0.638,0.255,0.0,0,0.15
12,11.35,227,cruise,17.376,18.026,28.919,25.026,3.893,-0.65,1.604,28.919,17.376,3.893,-0.65,0.597,0.0,1,0.0
12,11.4,228,cruise,17.374,18.012,28.887,25.012,3.876,-0.638,1.604,28.887,17.374,3.876,-0.638,0.595,0.0,1,0.0
12,11.45,229,cruise,17.373,18.013,28.855,25.013,3.842,-0.64,1.602,28.855,17.373,3.842,-0.64,0.591,0.0,1,0.0
12,11.5,230,cruise,17.376,18.032,28.823,25.032,3.791,-0.656,1.598,27.954,17.373,2.922,-0.658,0.468,0.0,0,0.05
12,11.55,231,cruise,17.379,18.054,28.79,25.054,3.736,-0.675,1.595,28.79,17.379,3.736,-0.675,0.576,0.0,1,0.0
12,11.6,232,cruise,17.381,18.075,28.755,25.075,3.681,-0.694,1.591,27.886,17.379,2.812,-0.696,0.452,0.0,0,0.05
12,11.65,233,cruise,17.382,18.096,28.72,25.096,3.624,-0.714,1.587,26.982,17.379,1.886,-0.717,0.328,0.0,0,0.1
12,11.7,234,cruise,17.381,18.102,28.684,25.102,3.582,-0.721,1.585,28.684,17.381,3.582,-0.721,0.554,0.0,1,0.0
12,11.75,235,cruise,17.379,18.097,28.648,25.097,3.551,-0.718,1.583,27.779,17.381,2.682,-0.716,0.434,0.0,0,0.05
12,11.8,236,cruise,17.377,18.097,28.612,25.097,3.515,-0.72,1.581,28.612,17.377,3.515,-0.72,0.545,0.0,1,0.0
12,11.85,237,cruise,17.376,18.101,28.576,25.101,3.475,-0.725,1.579,27.707,17.377,2.607,-0.724,0.423,0.0,0,0.05
12,11.9,238,cruise,17.376,18.107,28.54,25.107,3.433,-0.731,1.576,26.802,17.377,1.695,-0.73,0.302,0.0,0,0.1
12,11.95,239,cruise,17.377,18.099,28.503,25.099,3.404,-0.722,1.575,28.503,17.377,3.404,-0.722,0.53,0.0,1,0.0
12,12.0,240,cruise,17.379,18.083,28.468,25.083,3.385,-0.704,1.574,28.468,17.379,3.385,-0.704,0.528,0.0,1,0.0
12,12.05,241,cruise,17.38,18.08,28.433,25.08,3.353,-0.7,1.573,28.433,17.38,3.353,-0.7,0.524,0.0,1,0.0
12,12.1,242,cruise,17.38,18.087,28.398,25.087,3.311,-0.707,1.57,27.529,17.38,2.442,-0.707,0.402,0.0,0,0.05
12,12.15,243,cruise,17.38,18.092,28.362,25.092,3.27,-0.713,1.568,28.362,17.38,3.27,-0.713,0.512,0.0,1,0.0
12,12.2,244,cruise,17.379,18.095,28.326,25.095,3.231,-0.716,1.565,27.457,17.38,2.362,-0.715,0.391,0.0,0,0.05
12,12.25,245,cruise,17.378,18.096,28.29,25.096,3.194,-0.719,1.563,28.29,17.378,3.194,-0.719,0.502,0.0,1,0.0
12,12.3,246,cruise,17.377,18.095,28.254,25.095,3.16,-0.718,1.561,27.386,17.378,2.291,-0.717,0.382,0.0,0,0.05
12,12.35,247,cruise,17.377,18.092,28.219,25.092,3.126,-0.715,1.56,28.219,17.377,3.126,-0.715,0.493,0.0,1,0.0
12,12.4,248,cruise,17.378,18.087,28.183,25.087,3.096,-0.709,1.558,27.314,17.377,2.227,-0.71,0.373,0.0,0,0.05
12,12.45,249,cruise,17.379,18.081,28.148,25.081,3.066,-0.703,1.557,26.41,17.377,1.328,-0.704,0.254,0.0,0,0.1
12,12.5,250,cruise,17.379,18.06,28.113,25.06,3.053,-0.681,1.557,28.113,17.379,3.053,-0.681,0.484,0.0,1,0.0
12,12.55,251,cruise,17.379,18.03,28.08,25.03,3.05,-0.651,1.557,28.08,17.379,3.05,-0.651,0.485,0.0,1,0.0
12,12.6,252,cruise,17.379,18.012,28.048,25.012,3.036,-0.633,1.557,27.179,17.379,2.167,-0.633,0.368,0.0,0,0.05
12,12.65,253,cruise,17.378,17.998,28.017,24.998,3.019,-0.62,1.557,26.279,17.379,1.281,-0.619,0.25,0.0,0,0.1
12,12.7,254,cruise,17.378,17.971,27.987,24.971,3.015,-0.593,1.557,25.38,17.379,0.409,-0.592,0.135,0.0,0,0.15
12,12.75,255,cruise,17.378,17.923,27.958,24.923,3.036,-0.545,1.56,27.958,17.378,3.036,-0.545,0.487,0.0,1,0.0
12,12.8,256,cruise,17.378,17.861,27.933,24.861,3.072,-0.483,1.564,27.933,17.378,3.072,-0.483,0.493,0.0,1,0.0
12,12.85,257,cruise,17.378,17.819,27.91,24.819,3.091,-0.441,1.566,27.041,17.378,2.222,-0.441,0.382,0.0,0,0.05
12,12.9,258,cruise,17.379,17.791,27.889,24.791,3.098,-0.412,1.568,27.889,17.379,3.098,-0.412,0.499,0.0,1,0.0
12,12.95,259,cruise,17.379,17.77,27.869,24.77,3.099,-0.391,1.568,27.869,17.379,3.099,-0.391,0.5,0.0,1,0.0
12,13.0,260,cruise,17.379,17.763,27.85,24.763,3.087,-0.384,1.568,26.981,17.379,2.218,-0.384,0.383,0.0,0,0.05
12,13.05,261,cruise,17.379,17.757,27.831,24.757,3.074,-0.378,1.567,26.093,17.379,1.336,-0.378,0.266,0.0,0,0.1
12,13.1,262,cruise,17.378,17.738,27.812,24.738,3.075,-0.359,1.568,25.205,17.379,0.468,-0.359,0.15,0.0,0,0.15
12,13.15,263,cruise,17.378,17.696,27.795,24.696,3.099,-0.318,1.571,24.32,17.379,-0.376,-0.317,0.039,0.0,0,0.2
12,13.2,264,cruise,17.378,17.628,27.781,24.628,3.154,-0.25,1.576,23.437,17.379,-1.191,-0.249,0.0,0.051,0,0.25
12,13.25,265,cruise,17.378,17.525,27.772,24.525,3.247,-0.147,1.585,27.772,17.378,3.247,-0.147,0.528,0.0,1,0.0
12,13.3,266,cruise,17.378,17.42,27.768,24.42,3.348,-0.042,1.594,26.899,17.378,2.479,-0.042,0.429,0.0,0,0.05
12,13.35,267,cruise,17.378,17.339,27.768,24.339,3.429,0.039,1.601,26.031,17.378,1.691,0.039,0.327,0.0,0,0.1
12,13.4,268,cruise,17.379,17.279,27.772,24.279,3.493,0.099,1.607,25.165,17.378,0.886,0.099,0.221,0.0,0,0.15
12,13.45,269,cruise,17.379,17.221,27.779,24.221,3.558,0.157,1.613,24.303,17.378,0.082,0.157,0.116,0.0,0,0.2
12,13.5,270,cruise,17.378,17.152,27.789,24.152,3.637,0.226,1.62,27.789,17.378,3.637,0.226,0.592,0.0,1,0.0
12,13.55,271,cruise,17.378,17.078,27.802,24.078,3.725,0.301,1.628,26.933,17.378,2.856,0.301,0.491,0.0,0,0.05
12,13.6,272,cruise,17.378,17.027,27.819,24.027,3.792,0.351,1.634,27.819,17.378,3.792,0.351,0.617,0.0,1,0.0
12,13.65,273,cruise,17.378,17.007,27.837,24.007,3.831,0.372,1.637,27.837,17.378,3.831,0.372,0.623,0.0,1,0.0
12,13.7,274,cruise,17.378,17.015,27.856,24.015,3.84,0.363,1.637,27.856,17.378,3.84,0.363,0.624,0.0,1,0.0
12,13.75,275,cruise,17.378,17.043,27.873,24.043,3.83,0.336,1.635,27.873,17.378,3.83,0.336,0.622,0.0,1,0.0
12,13.8,276,cruise,17.378,17.083,27.889,24.083,3.806,0.296,1.633,27.889,17.378,3.806,0.296,0.617,0.0,1,0.0
12,13.85,277,cruise,17.378,17.13,27.902,24.13,3.772,0.248,1.629,27.033,17.378,2.903,0.248,0.495,0.0,0,0.05
12,13.9,278,cruise,17.378,17.175,27.913,24.175,3.738,0.204,1.625,26.175,17.378,2.0,0.204,0.374,0.0,0,0.1
12,13.95,279,cruise,17.378,17.202,27.922,24.202,3.72,0.176,1.623,25.315,17.378,1.113,0.176,0.254,0.0,0,0.15
12,14.0,280,cruise,17.378,17.203,27.931,24.203,3.728,0.175,1.624,27.931,17.378,3.728,0.175,0.603,0.0,1,0.0
12,14.05,281,cruise,17.378,17.188,27.94,24.188,3.752,0.19,1.626,27.071,17.378,2.883,0.19,0.491,0.0,0,0.05
12,14.1,282,cruise,17.378,17.184,27.95,24.184,3.766,0.194,1.627,27.95,17.378,3.766,0.194,0.609,0.0,1,0.0
12,14.15,283,cruise,17.378,17.192,27.959,24.192,3.767,0.186,1.626,27.09,17.378,2.898,0.186,0.493,0.0,0,0.05
12,14.2,284,cruise,17.378,17.211,27.968,24.211,3.757,0.167,1.625,27.968,17.378,3.757,0.167,0.606,0.0,1,0.0
12,14.25,285,cruise,17.378,17.235,27.976,24.235,3.741,0.144,1.623,27.107,17.378,2.872,0.144,0.488,0.0,0,0.05
12,14.3,286,cruise,17.378,17.262,27.982,24.262,3.72,0.116,1.621,26.244,17.378,1.982,0.116,0.368,0.0,0,0.1
12,14.35,287,cruise,17.378,17.278,27.987,24.278,3.709,0.1,1.62,27.987,17.378,3.709,0.1,0.598,0.0,1,0.0
12,14.4,288,cruise,17.378,17.286,27.992,24.286,3.706,0.093,1.619,27.123,17.378,2.837,0.093,0.481,0.0,0,0.05
12,14.45,289,cruise,17.378,17.301,27.996,24.301,3.695,0.077,1.618,26.258,17.378,1.957,0.077,0.364,0.0,0,0.1
12,14.5,290,cruise,17.378,17.308,28.0,24.308,3.692,0.071,1.618,25.393,17.378,1.085,0.071,0.247,0.0,0,0.15
12,14.55,291,cruise,17.378,17.295,28.004,24.295,3.709,0.084,1.619,24.528,17.378,0.233,0.084,0.134,0.0,0,0.2
12,14.6,292,cruise,17.378,17.256,28.009,24.256,3.753,0.122,1.623,28.009,17.378,3.753,0.122,0.605,0.0,1,0.0
12,14.65,293,cruise,17.378,17.202,28.017,24.202,3.815,0.177,1.629,28.017,17.378,3.815,0.177,0.615,0.0,1,0.0
12,14.7,294,cruise,17.378,17.169,28.027,24.169,3.858,0.209,1.632,28.027,17.378,3.858,0.209,0.621,0.0,1,0.0
12,14.75,295,cruise,17.378,17.169,28.037,24.169,3.869,0.21,1.633,27.169,17.378,3.0,0.21,0.507,0.0,0,0.05
12,14.8,296,cruise,17.378,17.184,28.047,24.184,3.864,0.195,1.632,28.047,17.378,3.864,0.195,0.622,0.0,1,0.0
12,14.85,297,cruise,17.378,17.206,28.057,24.206,3.85,0.172,1.631,27.188,17.378,2.981,0.172,0.503,0.0,0,0.05
12,14.9,298,cruise,17.378,17.236,28.064,24.236,3.829,0.143,1.628,28.064,17.378,3.829,0.143,0.615,0.0,1,0.0
12,14.95,299,cruise,17.378,17.267,28.07,24.267,3.803,0.111,1.626,27.202,17.378,2.935,0.111,0.495,0.0,0,0.05
12,15.0,300,cruise,17.378,17.301,28.075,24.301,3.774,0.077,1.623,26.337,17.378,2.036,0.077,0.374,0.0,0,0.1
12,15.05,301,cruise,17.378,17.321,28.078,24.321,3.757,0.057,1.621,28.078,17.378,3.757,0.057,0.603,0.0,1,0.0
12,15.1,302,cruise,17.378,17.333,28.081,24.333,3.748,0.046,1.62,28.081,17.378,3.748,0.046,0.601,0.0,1,0.0
12,15.15,303,cruise,17.378,17.358,28.082,24.358,3.725,0.021,1.618,28.082,17.378,3.725,0.021,0.597,0.0,1,0.0
12,15.2,304,cruise,17.378,17.392,28.082,24.392,3.69,-0.014,1.615,28.082,17.378,3.69,-0.014,0.592,0.0,1,0.0
12,15.25,305,cruise,17.378,17.433,28.08,24.433,3.647,-0.055,1.611,28.08,17.378,3.647,-0.055,0.584,0.0,1,0.0
12,15.3,306,cruise,17.378,17.477,28.076,24.477,3.6,-0.098,1.607,28.076,17.378,3.6,-0.098,0.577,0.0,1,0.0
12,15.35,307,cruise,17.379,17.521,28.07,24.521,3.549,-0.142,1.602,27.201,17.378,2.68,-0.143,0.453,0.0,0,0.05
12,15.4,308,cruise,17.379,17.558,28.062,24.558,3.504,-0.179,1.598,26.324,17.378,1.766,-0.18,0.329,0.0,0,0.1
12,15.45,309,cruise,17.379,17.575,28.052,24.575,3.477,-0.196,1.596,28.052,17.379,3.477,-0.196,0.557,0.0,1,0.0
12,15.5,310,cruise,17.378,17.578,28.042,24.578,3.464,-0.199,1.595,27.173,17.379,2.595,-0.199,0.439,0.0,0,0.05
12,15.55,311,cruise,17.377,17.584,28.032,24.584,3.448,-0.207,1.594,28.032,17.377,3.448,-0.207,0.553,0.0,1,0.0
12,15.6,312,cruise,17.377,17.593,28.022,24.593,3.429,-0.216,1.593,27.153,17.377,2.56,-0.216,0.434,0.0,0,0.05
12,15.65,313,cruise,17.378,17.604,28.011,24.604,3.407,-0.226,1.591,28.011,17.378,3.407,-0.226,0.547,0.0,1,0.0
12,15.7,314,cruise,17.378,17.615,27.999,24.615,3.385,-0.236,1.59,27.13,17.378,2.516,-0.237,0.428,0.0,0,0.05
12,15.75,315,cruise,17.379,17.626,27.987,24.626,3.361,-0.247,1.588,26.249,17.378,1.623,-0.249,0.308,0.0,0,0.1
12,15.8,316,cruise,17.379,17.624,27.975,24.624,3.351,-0.245,1.587,25.368,17.378,0.744,-0.246,0.191,0.0,0,0.15
12,15.85,317,cruise,17.379,17.598,27.963,24.598,3.365,-0.219,1.589,24.487,17.378,-0.11,-0.22,0.078,0.0,0,0.2
12,15.9,318,cruise,17.379,17.544,27.954,24.544,3.41,-0.165,1.593,27.954,17.379,3.41,-0.165,0.549,0.0,1,0.0
12,15.95,319,cruise,17.378,17.473,27.948,24.473,3.475,-0.095,1.599,27.079,17.379,2.606,-0.094,0.444,0.0,0,0.05
12,16.0,320,cruise,17.378,17.419,27.945,24.419,3.525,-0.042,1.604,27.945,17.378,3.525,-0.042,0.569,0.0,1,0.0
12,16.05,321,cruise,17.378,17.391,27.943,24.391,3.553,-0.013,1.607,27.075,17.378,2.684,-0.013,0.457,0.0,0,0.05
12,16.1,322,cruise,17.378,17.381,27.943,24.381,3.562,-0.003,1.608,27.943,17.378,3.562,-0.003,0.575,0.0,1,0.0
12,16.15,323,cruise,17.378,17.382,27.943,24.382,3.561,-0.003,1.608,27.943,17.378,3.561,-0.003,0.575,0.0,1,0.0
12,16.2,324,cruise,17.379,17.398,27.942,24.398,3.545,-0.019,1.606,27.942,17.379,3.545,-0.019,0.572,0.0,1,0.0
12,16.25,325,cruise,17.379,17.423,27.941,24.423,3.517,-0.045,1.604,27.941,17.379,3.517,-0.045,0.567,0.0,1,0.0
12,16.3,326,cruise,17.379,17.455,27.937,24.455,3.482,-0.076,1.601,27.937,17.379,3.482,-0.076,0.562,0.0,1,0.0
12,16.35,327,cruise,17.379,17.49,27.933,24.49,3.443,-0.111,1.597,27.933,17.379,3.443,-0.111,0.555,0.0,1,0.0
12,16.4,328,cruise,17.378,17.526,27.926,24.526,3.4,-0.147,1.593,27.926,17.378,3.4,-0.147,0.548,0.0,1,0.0
12,16.45,329,cruise,17.378,17.561,27.917,24.561,3.356,-0.183,1.59,27.048,17.378,2.487,-0.183,0.426,0.0,0,0.05
12,16.5,330,cruise,17.378,17.589,27.907,24.589,3.318,-0.211,1.587,26.169,17.378,1.58,-0.211,0.304,0.0,0,0.1
12,16.55,331,cruise,17.378,17.596,27.896,24.596,3.3,-0.218,1.585,25.29,17.378,0.693,-0.218,0.185,0.0,0,0.15
12,16.6,332,cruise,17.378,17.576,27.886,24.576,3.31,-0.198,1.587,27.886,17.378,3.31,-0.198,0.535,0.0,1,0.0
12,16.65,333,cruise,17.378,17.538,27.877,24.538,3.339,-0.16,1.59,27.877,17.378,3.339,-0.16,0.54,0.0,1,0.0
12,16.7,334,cruise,17.379,17.518,27.87,24.518,3.352,-0.14,1.591,27.001,17.378,2.483,-0.14,0.426,0.0,0,0.05
12,16.75,335,cruise,17.379,17.51,27.863,24.51,3.354,-0.131,1.591,27.863,17.379,3.354,-0.131,0.543,0.0,1,0.0
12,16.8,336,cruise,17.378,17.507,27.857,24.507,3.35,-0.129,1.591,26.988,17.379,2.481,-0.129,0.426,0.0,0,0.05
12,16.85,337,cruise,17.378,17.51,27.85,24.51,3.34,-0.132,1.591,27.85,17.378,3.34,-0.132,0.541,0.0,1,0.0
12,16.9,338,cruise,17.378,17.515,27.844,24.515,3.329,-0.137,1.59,27.844,17.378,3.329,-0.137,0.539,0.0,1,0.0
12,16.95,339,cruise,17.378,17.53,27.837,24.53,3.306,-0.152,1.588,26.968,17.378,2.437,-0.152,0.42,0.0,0,0.05
12,17.0,340,cruise,17.378,17.544,27.829,24.544,3.285,-0.165,1.586,27.829,17.378,3.285,-0.165,0.532,0.0,1,0.0
12,17.05,341,cruise,17.378,17.554,27.82,24.554,3.266,-0.176,1.585,26.951,17.378,2.397,-0.176,0.414,0.0,0,0.05
12,17.1,342,cruise,17.378,17.564,27.811,24.564,3.247,-0.186,1.583,26.073,17.378,1.509,-0.186,0.295,0.0,0,0.1
12,17.15,343,cruise,17.378,17.558,27.802,24.558,3.244,-0.18,1.583,27.802,17.378,3.244,-0.18,0.527,0.0,1,0.0
12,17.2,344,cruise,17.378,17.543,27.793,24.543,3.25,-0.165,1.584,26.924,17.378,2.381,-0.165,0.412,0.0,0,0.05
12,17.25,345,cruise,17.378,17.534,27.785,24.534,3.251,-0.156,1.585,26.047,17.378,1.513,-0.156,0.296,0.0,0,0.1
12,17.3,346,cruise,17.378,17.518,27.778,24.518,3.26,-0.139,1.586,25.171,17.378,0.653,-0.139,0.182,0.0,0,0.15
12,17.35,347,cruise,17.378,17.482,27.772,24.482,3.29,-0.103,1.589,27.772,17.378,3.29,-0.103,0.535,0.0,1,0.0
12,17.4,348,cruise,17.378,17.434,27.768,24.434,3.334,-0.056,1.593,27.768,17.378,3.334,-0.056,0.543,0.0,1,0.0
12,17.45,349,cruise,17.378,17.408,27.766,24.408,3.358,-0.03,1.595,27.766,17.378,3.358,-0.03,0.547,0.0,1,0.0
12,17.5,350,cruise,17.378,17.403,27.765,24.403,3.362,-0.025,1.595,27.765,17.378,3.362,-0.025,0.547,0.0,1,0.0
12,17.55,351,cruise,17.378,17.412,27.763,24.412,3.351,-0.034,1.595,27.763,17.378,3.351,-0.034,0.546,0.0,1,0.0
12,17.6,352,cruise,17.378,17.43,27.761,24.43,3.331,-0.051,1.593,26.892,17.378,2.462,-0.051,0.427,0.0,0,0.05
12,17.65,353,cruise,17.378,17.446,27.758,24.446,3.312,-0.068,1.591,26.02,17.378,1.574,-0.068,0.308,0.0,0,0.1
12,17.7,354,cruise,17.378,17.447,27.755,24.447,3.308,-0.068,1.591,27.755,17.378,3.308,-0.068,0.539,0.0,1,0.0
12,17.75,355,cruise,17.378,17.437,27.752,24.437,3.314,-0.059,1.592,26.883,17.378,2.445,-0.059,0.424,0.0,0,0.05
12,17.8,356,cruise,17.378,17.434,27.749,24.434,3.315,-0.055,1.592,26.011,17.378,1.577,-0.055,0.308,0.0,0,0.1
12,17.85,357,cruise,17.378,17.422,27.746,24.422,3.325,-0.043,1.593,25.139,17.378,0.718,-0.043,0.194,0.0,0,0.15
12,17.9,358,cruise,17.378,17.39,27.745,24.39,3.355,-0.012,1.595,24.269,17.378,-0.121,-0.012,0.083,0.0,0,0.2
12,17.95,359,cruise,17.378,17.334,27.746,24.334,3.412,0.045,1.601,23.401,17.378,-0.932,0.045,0.0,0.017,0,0.25
12,18.0,360,cruise,17.378,17.248,27.751,24.248,3.503,0.131,1.609,27.751,17.378,3.503,0.131,0.571,0.0,1,0.0
12,18.05,361,cruise,17.378,17.151,27.76,24.151,3.609,0.227,1.619,26.891,17.378,2.74,0.227,0.473,0.0,0,0.05
12,18.1,362,cruise,17.378,17.076,27.774,24.076,3.698,0.302,1.627,27.774,17.378,3.698,0.302,0.603,0.0,1,0.0
12,18.15,363,cruise,17.378,17.037,27.791,24.037,3.754,0.341,1.631,26.922,17.378,2.885,0.341,0.496,0.0,0,0.05
12,18.2,364,cruise,17.378,17.025,27.808,24.025,3.783,0.353,1.633,27.808,17.378,3.783,0.353,0.616,0.0,1,0.0
12,18.25,365,cruise,17.378,17.03,27.826,24.03,3.796,0.349,1.634,26.957,17.378,2.927,0.349,0.502,0.0,0,0.05
12,18.3,366,cruise,17.378,17.047,27.843,24.047,3.795,0.331,1.633,27.843,17.378,3.795,0.331,0.617,0.0,1,0.0
12,18.35,367,cruise,17.378,17.071,27.858,24.071,3.787,0.307,1.632,26.99,17.378,2.918,0.307,0.499,0.0,0,0.05
12,18.4,368,cruise,17.378,17.101,27.873,24.101,3.772,0.278,1.63,26.135,17.378,2.034,0.278,0.38,0.0,0,0.1
12,18.45,369,cruise,17.378,17.119,27.886,24.119,3.767,0.259,1.629,25.279,17.378,1.16,0.259,0.263,0.0,0,0.15
12,18.5,370,cruise,17.374,17.116,27.899,24.116,3.783,0.258,1.63,27.899,17.374,3.783,0.258,0.613,0.0,1,0.0
12,18.55,371,cruise,17.375,17.099,27.912,24.099,3.813,0.275,1.632,27.912,17.375,3.813,0.275,0.618,0.0,1,0.0
12,18.6,372,cruise,17.355,17.103,27.925,24.103,3.823,0.252,1.633,27.057,17.375,2.955,0.272,0.503,0.0,0,0.05
12,18.65,373,cruise,17.362,17.119,27.937,24.119,3.818,0.243,1.632,26.202,17.375,2.082,0.255,0.386,0.0,0,0.1
12,18.7,374,cruise,17.375,17.13,27.949,24.13,3.819,0.245,1.632,27.949,17.375,3.819,0.245,0.617,0.0,1,0.0
12,18.75,375,cruise,17.37,17.137,27.961,24.137,3.824,0.232,1.632,27.961,17.37,3.824,0.232,0.618,0.0,1,0.0
12,18.8,376,cruise,17.375,17.161,27.972,24.161,3.81,0.214,1.63,27.104,17.37,2.942,0.208,0.499,0.0,0,0.05
12,18.85,377,cruise,17.371,17.191,27.979,24.191,3.787,0.18,1.627,26.245,17.37,2.053,0.178,0.38,0.0,0,0.1
12,18.9,378,cruise,17.306,17.21,27.981,24.21,3.771,0.097,1.626,25.384,17.37,1.175,0.16,0.262,0.0,0,0.15
12,18.95,379,cruise,17.302,17.206,27.982,24.206,3.776,0.095,1.626,27.982,17.302,3.776,0.095,0.607,0.0,1,0.0
12,19.0,380,cruise,17.344,17.189,27.985,24.189,3.796,0.155,1.628,27.985,17.344,3.796,0.155,0.611,0.0,1,0.0
12,19.05,381,cruise,17.395,17.191,27.993,24.191,3.802,0.203,1.628,27.126,17.344,2.935,0.153,0.496,0.0,0,0.05
12,19.1,382,cruise,17.403,17.207,27.999,24.207,3.793,0.196,1.627,26.266,17.344,2.059,0.138,0.379,0.0,0,0.1
12,19.15,383,cruise,17.414,17.215,28.002,24.215,3.787,0.198,1.627,25.405,17.344,1.19,0.129,0.263,0.0,0,0.15
12,19.2,384,cruise,17.403,17.206,28.003,24.206,3.798,0.198,1.628,28.003,17.403,3.798,0.198,0.613,0.0,1,0.0
12,19.25,385,cruise,17.387,17.185,28.004,24.185,3.819,0.202,1.63,27.144,17.403,2.959,0.218,0.502,0.0,0,0.05
12,19.3,386,cruise,17.362,17.179,28.005,24.179,3.827,0.183,1.63,28.005,17.362,3.827,0.183,0.616,0.0,1,0.0
12,19.35,387,cruise,17.348,17.187,28.005,24.187,3.818,0.161,1.629,28.005,17.348,3.818,0.161,0.614,0.0,1,0.0
12,19.4,388,cruise,17.337,17.213,28.005,24.213,3.792,0.124,1.627,27.146,17.348,2.933,0.134,0.496,0.0,0,0.05
12,19.45,389,cruise,17.355,17.244,28.004,24.244,3.76,0.11,1.624,26.286,17.348,2.042,0.104,0.376,0.0,0,0.1
12,19.5,390,cruise,17.367,17.263,28.004,24.263,3.742,0.104,1.622,25.424,17.348,1.162,0.085,0.258,0.0,0,0.15
12,19.55,391,cruise,17.393,17.259,28.007,24.259,3.748,0.134,1.623,28.007,17.393,3.748,0.134,0.604,0.0,1,0.0
12,19.6,392,cruise,17.407,17.24,28.012,24.24,3.771,0.167,1.625,27.147,17.393,2.906,0.152,0.493,0.0,0,0.05
12,19.65,393,cruise,17.388,17.235,28.019,24.235,3.784,0.153,1.626,26.287,17.393,2.053,0.158,0.379,0.0,0,0.1
12,19.7,394,cruise,17.379,17.23,28.027,24.23,3.797,0.149,1.627,25.429,17.393,1.199,0.163,0.265,0.0,0,0.15
12,19.75,395,cruise,17.348,17.212,28.036,24.212,3.824,0.136,1.629,24.57,17.393,0.359,0.181,0.154,0.0,0,0.2
12,19.8,396,cruise,17.349,17.172,28.047,24.172,3.875,0.177,1.633,23.714,17.393,-0.458,0.221,0.046,0.0,0,0.25
12,19.85,397,cruise,17.352,17.106,28.061,24.106,3.955,0.245,1.64,28.061,17.352,3.955,0.245,0.635,0.0,1,0.0
12,19.9,398,cruise,17.374,17.026,28.081,24.026,4.055,0.347,1.649,28.081,17.374,4.055,0.347,0.652,0.0,1,0.0
12,19.95,399,cruise,17.384,16.968,28.106,23.968,4.138,0.416,1.656,27.237,17.374,3.269,0.406,0.549,0.0,0,0.05
12,20.0,400,cruise,17.397,16.945,28.133,23.945,4.188,0.452,1.66,28.133,17.397,4.188,0.452,0.674,0.0,1,0.0
12,20.05,401,cruise,17.4,16.949,28.161,23.949,4.212,0.451,1.661,27.291,17.397,3.342,0.448,0.561,0.0,0,0.05
12,20.1,402,cruise,17.38,16.97,28.188,23.97,4.218,0.411,1.661,26.449,17.397,2.479,0.428,0.445,0.0,0,0.1
12,20.15,403,cruise,17.37,16.993,28.213,23.993,4.22,0.378,1.66,25.605,17.397,1.613,0.405,0.329,0.0,0,0.15
12,20.2,404,cruise,17.361,17.0,28.236,24.0,4.236,0.36,1.661,28.236,17.361,4.236,0.36,0.677,0.0,1,0.0
12,20.25,405,cruise,17.363,16.978,28.259,23.978,4.281,0.385,1.664,28.259,17.363,4.281,0.385,0.684,0.0,1,0.0
12,20.3,406,cruise,17.37,16.999,28.282,23.999,4.282,0.37,1.664,28.282,17.37,4.282,0.37,0.683,0.0,1,0.0
12,20.35,407,cruise,17.381,17.043,28.303,24.043,4.26,0.338,1.661,27.435,17.37,3.393,0.327,0.563,0.0,0,0.05
12,20.4,408,cruise,17.389,17.071,28.321,24.071,4.25,0.318,1.659,26.587,17.37,2.516,0.298,0.445,0.0,0,0.1
12,20.45,409,cruise,17.388,17.109,28.338,24.109,4.229,0.279,1.656,25.736,17.37,1.627,0.26,0.326,0.0,0,0.15
12,20.5,410,cruise,17.385,17.107,28.354,24.107,4.246,0.277,1.657,28.354,17.385,4.246,0.277,0.675,0.0,1,0.0
12,20.55,411,cruise,17.378,17.029,28.37,24.029,4.341,0.349,1.666,28.37,17.378,4.341,0.349,0.69,0.0,1,0.0
12,20.6,412,cruise,17.373,17.04,28.386,24.04,4.345,0.333,1.666,27.519,17.378,3.479,0.338,0.575,0.0,0,0.05
12,20.65,413,cruise,17.37,17.08,28.397,24.08,4.316,0.29,1.663,28.397,17.37,4.316,0.29,0.685,0.0,1,0.0
12,20.7,414,cruise,17.372,17.124,28.405,24.124,4.281,0.248,1.659,27.539,17.37,3.415,0.247,0.564,0.0,0,0.05
12,20.75,415,cruise,17.377,17.146,28.413,24.146,4.267,0.231,1.657,26.681,17.37,2.535,0.225,0.445,0.0,0,0.1
12,20.8,416,cruise,17.38,17.18,28.421,24.18,4.241,0.2,1.654,28.421,17.38,4.241,0.2,0.672,0.0,1,0.0
12,20.85,417,cruise,17.383,17.205,28.43,24.205,4.225,0.177,1.652,28.43,17.383,4.225,0.177,0.669,0.0,1,0.0
12,20.9,418,cruise,17.383,17.252,28.438,24.252,4.186,0.131,1.648,27.571,17.383,3.319,0.131,0.547,0.0,0,0.05
12,20.95,419,cruise,17.381,17.295,28.444,24.295,4.149,0.086,1.645,28.444,17.381,4.149,0.086,0.656,0.0,1,0.0
12,21.0,420,cruise,17.378,17.342,28.449,24.342,4.107,0.036,1.64,27.582,17.381,3.239,0.039,0.533,0.0,0,0.05
12,21.05,421,cruise,17.376,17.378,28.452,24.378,4.074,-0.002,1.637,26.718,17.381,2.339,0.003,0.412,0.0,0,0.1
12,21.1,422,cruise,17.375,17.414,28.454,24.414,4.041,-0.039,1.634,28.454,17.375,4.041,-0.039,0.637,0.0,1,0.0
12,21.15,423,cruise,17.376,17.425,28.456,24.425,4.031,-0.05,1.633,27.588,17.375,3.163,-0.05,0.52,0.0,0,0.05
12,21.2,424,cruise,17.378,17.458,28.456,24.458,3.999,-0.08,1.63,26.721,17.375,2.263,-0.083,0.399,0.0,0,0.1
12,21.25,425,cruise,17.379,17.459,28.456,24.459,3.997,-0.079,1.63,28.456,17.379,3.997,-0.079,0.63,0.0,1,0.0
12,21.3,426,cruise,17.381,17.474,28.454,24.474,3.98,-0.094,1.628,27.586,17.379,3.112,-0.095,0.512,0.0,0,0.05
12,21.35,427,cruise,17.381,17.497,28.452,24.497,3.956,-0.116,1.626,26.715,17.379,2.219,-0.117,0.392,0.0,0,0.1
12,21.4,428,cruise,17.38,17.494,28.449,24.494,3.956,-0.114,1.626,28.449,17.38,3.956,-0.114,0.624,0.0,1,0.0
12,21.45,429,cruise,17.378,17.504,28.446,24.504,3.942,-0.126,1.625,27.577,17.38,3.073,-0.124,0.506,0.0,0,0.05
12,21.5,430,cruise,17.377,17.506,28.441,24.506,3.935,-0.129,1.625,26.704,17.38,2.198,-0.127,0.389,0.0,0,0.1
12,21.55,431,cruise,17.377,17.519,28.436,24.519,3.917,-0.143,1.623,25.83,17.38,1.311,-0.14,0.27,0.0,0,0.15
12,21.6,432,cruise,17.377,17.504,28.431,24.504,3.926,-0.128,1.624,24.956,17.38,0.452,-0.125,0.156,0.0,0,0.2
12,21.65,433,cruise,17.378,17.472,28.426,24.472,3.955,-0.094,1.627,28.426,17.378,3.955,-0.094,0.624,0.0,1,0.0
12,21.7,434,cruise,17.372,17.416,28.424,24.416,4.008,-0.043,1.632,27.556,17.378,3.14,-0.038,0.517,0.0,0,0.05
12,21.75,435,cruise,17.374,17.386,28.424,24.386,4.038,-0.011,1.635,26.687,17.378,2.301,-0.008,0.407,0.0,0,0.1
12,21.8,436,cruise,17.364,17.368,28.424,24.368,4.056,-0.004,1.637,28.424,17.364,4.056,-0.004,0.641,0.0,1,0.0
12,21.85,437,cruise,17.37,17.351,28.425,24.351,4.074,0.019,1.638,27.557,17.364,3.206,0.013,0.528,0.0,0,0.05
12,21.9,438,cruise,17.359,17.361,28.425,24.361,4.064,-0.003,1.637,28.425,17.359,4.064,-0.003,0.642,0.0,1,0.0
12,21.95,439,cruise,17.37,17.38,28.424,24.38,4.044,-0.01,1.635,28.424,17.37,4.044,-0.01,0.639,0.0,1,0.0
12,22.0,440,cruise,17.362,17.419,28.422,24.419,4.003,-0.056,1.632,28.422,17.362,4.003,-0.056,0.632,0.0,1,0.0
12,22.05,441,cruise,17.377,17.464,28.417,24.464,3.953,-0.087,1.627,28.417,17.377,3.953,-0.087,0.624,0.0,1,0.0
12,22.1,442,cruise,17.37,17.518,28.41,24.518,3.892,-0.148,1.622,28.41,17.37,3.892,-0.148,0.614,0.0,1,0.0
12,22.15,443,cruise,17.38,17.574,28.399,24.574,3.825,-0.194,1.616,27.533,17.37,2.959,-0.204,0.488,0.0,0,0.05
12,22.2,444,cruise,17.361,17.62,28.385,24.62,3.764,-0.26,1.611,26.653,17.37,2.032,-0.25,0.363,0.0,0,0.1
12,22.25,445,cruise,17.368,17.649,28.368,24.649,3.719,-0.281,1.607,28.368,17.368,3.719,-0.281,0.586,0.0,1,0.0
12,22.3,446,cruise,17.348,17.663,28.349,24.663,3.686,-0.315,1.605,27.485,17.368,2.823,-0.295,0.467,0.0,0,0.05
12,22.35,447,cruise,17.362,17.681,28.327,24.681,3.647,-0.318,1.602,28.327,17.362,3.647,-0.318,0.576,0.0,1,0.0
12,22.4,448,cruise,17.349,17.699,28.304,24.699,3.606,-0.35,1.599,27.444,17.362,2.745,-0.337,0.455,0.0,0,0.05
12,22.45,449,cruise,17.279,17.719,28.275,24.719,3.556,-0.44,1.596,26.559,17.362,1.839,-0.357,0.333,0.0,0,0.1
12,22.5,450,cruise,17.28,17.725,28.24,24.725,3.515,-0.445,1.593,28.24,17.28,3.515,-0.445,0.554,0.0,1,0.0
12,22.55,451,cruise,17.3,17.721,28.204,24.721,3.482,-0.421,1.591,27.355,17.28,2.634,-0.442,0.436,0.0,0,0.05
12,22.6,452,cruise,17.374,17.723,28.168,24.723,3.444,-0.349,1.589,28.168,17.374,3.444,-0.349,0.548,0.0,1,0.0
12,22.65,453,cruise,17.415,17.728,28.132,24.728,3.404,-0.314,1.587,28.132,17.415,3.404,-0.314,0.543,0.0,1,0.0
12,22.7,454,cruise,17.455,17.743,28.096,24.743,3.353,-0.288,1.583,28.096,17.455,3.353,-0.288,0.537,0.0,1,0.0
12,22.75,455,cruise,17.423,17.764,28.057,24.764,3.294,-0.34,1.579,27.211,17.455,2.448,-0.308,0.416,0.0,0,0.05
12,22.8,456,cruise,17.393,17.78,28.014,24.78,3.234,-0.388,1.576,28.014,17.393,3.234,-0.388,0.518,0.0,1,0.0
12,22.85,457,cruise,17.328,17.791,27.967,24.791,3.176,-0.463,1.572,27.967,17.328,3.176,-0.463,0.508,0.0,1,0.0
12,22.9,458,cruise,17.307,17.806,27.916,24.806,3.11,-0.499,1.568,27.916,17.307,3.11,-0.499,0.498,0.0,1,0.0
12,22.95,459,cruise,17.289,17.822,27.864,24.822,3.042,-0.533,1.563,27.864,17.289,3.042,-0.533,0.488,0.0,1,0.0
12,23.0,460,cruise,17.326,17.836,27.811,24.836,2.975,-0.51,1.559,26.981,17.289,2.144,-0.547,0.368,0.0,0,0.05
12,23.05,461,cruise,17.341,17.843,27.759,24.843,2.916,-0.502,1.556,26.097,17.289,1.254,-0.554,0.249,0.0,0,0.1
12,23.1,462,cruise,17.391,17.83,27.709,24.83,2.88,-0.438,1.554,25.215,17.289,0.385,-0.541,0.133,0.0,0,0.15
12,23.15,463,cruise,17.387,17.789,27.662,24.789,2.873,-0.403,1.555,27.662,17.387,2.873,-0.403,0.47,0.0,1,0.0
12,23.2,464,cruise,17.402,17.733,27.618,24.733,2.886,-0.33,1.558,27.618,17.402,2.886,-0.33,0.474,0.0,1,0.0
12,23.25,465,cruise,17.361,17.693,27.577,24.693,2.884,-0.332,1.559,26.752,17.402,2.059,-0.291,0.365,0.0,0,0.05
12,23.3,466,cruise,17.352,17.658,27.537,24.658,2.879,-0.305,1.559,25.887,17.402,1.23,-0.256,0.255,0.0,0,0.1
12,23.35,467,cruise,17.31,17.622,27.498,24.622,2.876,-0.312,1.56,25.026,17.402,0.403,-0.22,0.146,0.0,0,0.15
12,23.4,468,cruise,17.324,17.557,27.462,24.557,2.905,-0.233,1.564,27.462,17.324,2.905,-0.233,0.48,0.0,1,0.0
12,23.45,469,cruise,17.312,17.495,27.43,24.495,2.935,-0.183,1.568,26.615,17.324,2.12,-0.171,0.377,0.0,0,0.05
12,23.5,470,cruise,17.355,17.427,27.402,24.427,2.975,-0.072,1.572,25.772,17.324,1.345,-0.103,0.276,0.0,0,0.1
12,23.55,471,cruise,17.356,17.382,27.38,24.382,2.998,-0.026,1.575,27.38,17.356,2.998,-0.026,0.499,0.0,1,0.0
12,23.6,472,cruise,17.39,17.319,27.361,24.319,3.042,0.071,1.58,27.361,17.39,3.042,0.071,0.508,0.0,1,0.0
12,23.65,473,cruise,17.366,17.298,27.346,24.298,3.048,0.068,1.581,26.536,17.39,2.238,0.093,0.402,0.0,0,0.05
12,23.7,474,cruise,17.373,17.266,27.332,24.266,3.067,0.107,1.583,27.332,17.373,3.067,0.107,0.512,0.0,1,0.0
12,23.75,475,cruise,17.332,17.257,27.32,24.257,3.063,0.075,1.583,27.32,17.332,3.063,0.075,0.511,0.0,1,0.0
12,23.8,476,cruise,17.337,17.233,27.308,24.233,3.076,0.105,1.585,27.308,17.337,3.076,0.105,0.514,0.0,1,0.0
12,23.85,477,cruise,17.311,17.241,27.298,24.241,3.057,0.07,1.583,27.298,17.311,3.057,0.07,0.51,0.0,1,0.0
12,23.9,478,cruise,17.341,17.224,27.288,24.224,3.065,0.117,1.584,27.288,17.341,3.065,0.117,0.513,0.0,1,0.0
12,23.95,479,cruise,17.347,17.239,27.281,24.239,3.042,0.109,1.583,27.281,17.347,3.042,0.109,0.509,0.0,1,0.0
12,24.0,480,cruise,17.392,17.224,27.278,24.224,3.054,0.169,1.584,26.478,17.347,2.254,0.124,0.405,0.0,0,0.05
12,24.05,481,cruise,17.398,17.234,27.278,24.234,3.044,0.164,1.583,27.278,17.398,3.044,0.164,0.511,0.0,1,0.0
12,24.1,482,cruise,17.413,17.206,27.283,24.206,3.077,0.207,1.586,27.283,17.413,3.077,0.207,0.517,0.0,1,0.0
12,24.15,483,cruise,17.377,17.216,27.29,24.216,3.075,0.162,1.585,27.29,17.377,3.075,0.162,0.515,0.0,1,0.0
12,24.2,484,cruise,17.365,17.193,27.301,24.193,3.108,0.172,1.588,27.301,17.365,3.108,0.172,0.52,0.0,1,0.0
12,24.25,485,cruise,17.33,17.208,27.313,24.208,3.106,0.123,1.587,27.313,17.33,3.106,0.123,0.518,0.0,1,0.0
12,24.3,486,cruise,17.339,17.186,27.329,24.186,3.143,0.153,1.59,27.329,17.339,3.143,0.153,0.524,0.0,1,0.0
12,24.35,487,cruise,17.337,17.203,27.349,24.203,3.146,0.134,1.59,26.538,17.339,2.335,0.136,0.416,0.0,0,0.05
12,24.4,488,cruise,17.372,17.176,27.373,24.176,3.197,0.196,1.594,27.373,17.372,3.197,0.196,0.533,0.0,1,0.0
12,24.45,489,cruise,17.379,17.182,27.402,24.182,3.22,0.197,1.595,26.583,17.372,2.402,0.19,0.427,0.0,0,0.05
12,24.5,490,cruise,17.403,17.148,27.435,24.148,3.287,0.255,1.6,25.791,17.372,1.642,0.223,0.326,0.0,0,0.1
12,24.55,491,cruise,17.412,17.139,27.475,24.139,3.336,0.272,1.603,27.475,17.412,3.336,0.272,0.554,0.0,1,0.0
12,24.6,492,cruise,17.382,17.084,27.518,24.084,3.434,0.298,1.611,27.518,17.382,3.434,0.298,0.568,0.0,1,0.0
12,24.65,493,cruise,17.367,17.083,27.563,24.083,3.48,0.284,1.613,26.731,17.382,2.649,0.3,0.463,0.0,0,0.05
12,24.7,494,cruise,17.328,17.047,27.607,24.047,3.56,0.28,1.619,25.941,17.382,1.894,0.335,0.364,0.0,0,0.1
12,24.75,495,cruise,17.333,17.043,27.653,24.043,3.61,0.291,1.623,25.149,17.382,1.106,0.34,0.259,0.0,0,0.15
12,24.8,496,cruise,17.337,16.98,27.7,23.98,3.72,0.357,1.631,27.7,17.337,3.72,0.357,0.608,0.0,1,0.0
12,24.85,497,cruise,17.374,16.947,27.752,23.947,3.805,0.427,1.638,26.915,17.337,2.967,0.39,0.509,0.0,0,0.05
12,24.9,498,cruise,17.39,16.889,27.807,23.889,3.918,0.501,1.646,27.807,17.39,3.918,0.501,0.639,0.0,1,0.0
12,24.95,499,cruise,17.41,16.888,27.865,23.888,3.977,0.522,1.65,27.865,17.41,3.977,0.522,0.648,0.0,1,0.0
12,25.0,500,cruise,17.389,16.867,27.921,23.867,4.054,0.522,1.655,27.921,17.389,4.054,0.522,0.658,0.0,1,0.0
12,25.05,501,cruise,17.381,16.902,27.976,23.902,4.073,0.479,1.655,27.131,17.389,3.229,0.487,0.547,0.0,0,0.05
12,25.1,502,cruise,17.348,16.9,28.027,23.9,4.127,0.448,1.658,28.027,17.348,4.127,0.448,0.665,0.0,1,0.0
12,25.15,503,cruise,17.348,16.941,28.076,23.941,4.135,0.407,1.657,27.231,17.348,3.29,0.407,0.552,0.0,0,0.05
12,25.2,504,cruise,17.36,16.942,28.124,23.942,4.182,0.418,1.66,28.124,17.36,4.182,0.418,0.671,0.0,1,0.0
12,25.25,505,cruise,17.36,16.986,28.17,23.986,4.184,0.374,1.658,27.321,17.36,3.335,0.374,0.557,0.0,0,0.05
12,25.3,506,cruise,17.379,16.99,28.214,23.99,4.223,0.389,1.661,26.512,17.36,2.522,0.37,0.449,0.0,0,0.1
12,25.35,507,cruise,17.368,17.023,28.254,24.023,4.231,0.345,1.66,28.254,17.368,4.231,0.345,0.676,0.0,1,0.0
12,25.4,508,cruise,17.381,17.006,28.293,24.006,4.287,0.375,1.664,28.293,17.381,4.287,0.375,0.684,0.0,1,0.0
12,25.45,509,cruise,17.372,17.046,28.328,24.046,4.282,0.326,1.662,28.328,17.372,4.282,0.326,0.682,0.0,1,0.0
12,25.5,510,cruise,17.38,17.055,28.361,24.055,4.306,0.325,1.663,27.508,17.372,3.453,0.318,0.571,0.0,0,0.05
12,25.55,511,cruise,17.364,17.107,28.389,24.107,4.282,0.256,1.659,28.389,17.364,4.282,0.256,0.679,0.0,1,0.0
12,25.6,512,cruise,17.37,17.115,28.413,24.115,4.298,0.255,1.66,28.413,17.37,4.298,0.255,0.682,0.0,1,0.0
12,25.65,513,cruise,17.357,17.174,28.433,24.174,4.259,0.183,1.656,28.433,17.357,4.259,0.183,0.674,0.0,1,0.0
12,25.7,514,cruise,17.37,17.213,28.448,24.213,4.235,0.157,1.653,27.595,17.357,3.382,0.144,0.556,0.0,0,0.05
12,25.75,515,cruise,17.362,17.282,28.459,24.282,4.178,0.08,1.647,28.459,17.362,4.178,0.08,0.66,0.0,1,0.0
12,25.8,516,cruise,17.377,17.319,28.467,24.319,4.148,0.058,1.644,28.467,17.377,4.148,0.058,0.655,0.0,1,0.0
12,25.85,517,cruise,17.369,17.386,28.472,24.386,4.086,-0.017,1.638,27.618,17.377,3.232,-0.008,0.531,0.0,0,0.05
12,25.9,518,cruise,17.38,17.419,28.473,24.419,4.054,-0.039,1.635,26.763,17.377,2.345,-0.041,0.411,0.0,0,0.1
12,25.95,519,cruise,17.388,17.462,28.474,24.462,4.012,-0.073,1.631,28.474,17.388,4.012,-0.073,0.633,0.0,1,0.0
12,26.0,520,cruise,17.371,17.463,28.473,24.463,4.01,-0.092,1.63,28.473,17.371,4.01,-0.092,0.632,0.0,1,0.0
12,26.05,521,cruise,17.371,17.504,28.47,24.504,3.966,-0.132,1.626,28.47,17.371,3.966,-0.132,0.624,0.0,1,0.0
12,26.1,522,cruise,17.35,17.527,28.464,24.527,3.937,-0.177,1.624,28.464,17.35,3.937,-0.177,0.619,0.0,1,0.0
12,26.15,523,cruise,17.36,17.579,28.455,24.579,3.876,-0.22,1.619,28.455,17.36,3.876,-0.22,0.609,0.0,1,0.0
12,26.2,524,cruise,17.364,17.608,28.445,24.608,3.836,-0.245,1.615,27.59,17.36,2.981,-0.249,0.489,0.0,0,0.05
12,26.25,525,cruise,17.382,17.657,28.433,24.657,3.776,-0.274,1.61,28.433,17.382,3.776,-0.274,0.594,0.0,1,0.0
12,26.3,526,cruise,17.385,17.697,28.421,24.697,3.724,-0.312,1.606,28.421,17.385,3.724,-0.312,0.586,0.0,1,0.0
12,26.35,527,cruise,17.392,17.719,28.408,24.719,3.689,-0.327,1.603,28.408,17.392,3.689,-0.327,0.581,0.0,1,0.0
12,26.4,528,cruise,17.391,17.763,28.395,24.763,3.632,-0.371,1.599,28.395,17.391,3.632,-0.371,0.572,0.0,1,0.0
12,26.45,529,cruise,17.371,17.776,28.379,24.776,3.603,-0.405,1.596,28.379,17.371,3.603,-0.405,0.567,0.0,1,0.0
12,26.5,530,cruise,17.365,17.818,28.361,24.818,3.542,-0.453,1.592,28.361,17.365,3.542,-0.453,0.557,0.0,1,0.0
12,26.55,531,cruise,17.345,17.839,28.34,24.839,3.501,-0.494,1.589,28.34,17.345,3.501,-0.494,0.55,0.0,1,0.0
12,26.6,532,cruise,17.283,17.879,28.314,24.879,3.435,-0.596,1.584,27.46,17.345,2.582,-0.534,0.426,0.0,0,0.05
12,26.65,533,cruise,17.183,17.886,28.279,24.886,3.393,-0.703,1.581,26.579,17.345,1.693,-0.541,0.308,0.0,0,0.1
12,26.7,534,cruise,17.181,17.895,28.237,24.895,3.343,-0.714,1.578,28.237,17.181,3.343,-0.714,0.522,0.0,1,0.0
12,26.75,535,cruise,17.25,17.866,28.197,24.866,3.332,-0.616,1.578,28.197,17.25,3.332,-0.616,0.524,0.0,1,0.0
12,26.8,536,cruise,17.34,17.869,28.162,24.869,3.292,-0.53,1.576,27.317,17.25,2.448,-0.619,0.406,0.0,0,0.05
12,26.85,537,cruise,17.424,17.849,28.13,24.849,3.281,-0.425,1.576,26.436,17.25,1.587,-0.599,0.292,0.0,0,0.1
12,26.9,538,cruise,17.48,17.839,28.102,24.839,3.263,-0.359,1.575,28.102,17.48,3.263,-0.359,0.523,0.0,1,0.0
12,26.95,539,cruise,17.484,17.797,28.076,24.797,3.279,-0.313,1.578,28.076,17.484,3.279,-0.313,0.527,0.0,1,0.0
12,27.0,540,cruise,17.441,17.792,28.05,24.792,3.258,-0.351,1.577,28.05,17.441,3.258,-0.351,0.523,0.0,1,0.0
12,27.05,541,cruise,17.375,17.775,28.021,24.775,3.246,-0.4,1.576,27.174,17.441,2.399,-0.334,0.409,0.0,0,0.05
12,27.1,542,cruise,17.314,17.781,27.991,24.781,3.21,-0.467,1.574,26.298,17.441,1.518,-0.34,0.291,0.0,0,0.1
12,27.15,543,cruise,17.283,17.75,27.96,24.75,3.21,-0.466,1.575,27.96,17.283,3.21,-0.466,0.512,0.0,1,0.0
12,27.2,544,cruise,17.296,17.732,27.932,24.732,3.2,-0.436,1.575,27.087,17.283,2.356,-0.448,0.399,0.0,0,0.05
12,27.25,545,cruise,17.322,17.697,27.909,24.697,3.211,-0.375,1.577,27.909,17.322,3.211,-0.375,0.516,0.0,1,0.0
12,27.3,546,cruise,17.385,17.689,27.892,24.689,3.204,-0.304,1.577,27.039,17.322,2.35,-0.366,0.401,0.0,0,0.05
12,27.35,547,cruise,17.414,17.684,27.883,24.684,3.199,-0.269,1.577,27.883,17.414,3.199,-0.269,0.518,0.0,1,0.0
12,27.4,548,cruise,17.44,17.66,27.878,24.66,3.218,-0.22,1.579,27.878,17.44,3.218,-0.22,0.522,0.0,1,0.0
12,27.45,549,cruise,17.424,17.665,27.876,24.665,3.211,-0.242,1.578,27.011,17.44,2.346,-0.225,0.405,0.0,0,0.05
12,27.5,550,cruise,17.395,17.645,27.874,24.645,3.229,-0.25,1.58,26.144,17.44,1.499,-0.205,0.293,0.0,0,0.1
12,27.55,551,cruise,17.361,17.636,27.872,24.636,3.236,-0.275,1.58,27.872,17.361,3.236,-0.275,0.522,0.0,1,0.0
12,27.6,552,cruise,17.323,17.601,27.871,24.601,3.27,-0.278,1.583,27.871,17.323,3.27,-0.278,0.527,0.0,1,0.0
12,27.65,553,cruise,17.323,17.597,27.871,24.597,3.273,-0.274,1.584,27.006,17.323,2.409,-0.274,0.412,0.0,0,0.05
12,27.7,554,cruise,17.334,17.575,27.871,24.575,3.296,-0.241,1.586,27.871,17.334,3.296,-0.241,0.531,0.0,1,0.0
12,27.75,555,cruise,17.374,17.577,27.874,24.577,3.297,-0.203,1.586,27.007,17.334,2.43,-0.242,0.416,0.0,0,0.05
12,27.8,556,cruise,17.404,17.564,27.878,24.564,3.314,-0.161,1.587,26.141,17.334,1.577,-0.23,0.303,0.0,0,0.1
12,27.85,557,cruise,17.423,17.556,27.884,24.556,3.328,-0.133,1.588,27.884,17.423,3.328,-0.133,0.539,0.0,1,0.0
12,27.9,558,cruise,17.419,17.528,27.89,24.528,3.362,-0.109,1.591,27.89,17.419,3.362,-0.109,0.545,0.0,1,0.0
12,27.95,559,cruise,17.388,17.527,27.896,24.527,3.369,-0.139,1.592,27.896,17.388,3.369,-0.139,0.545,0.0,1,0.0
12,28.0,560,cruise,17.363,17.538,27.9,24.538,3.361,-0.176,1.591,27.031,17.388,2.493,-0.15,0.427,0.0,0,0.05
12,28.05,561,cruise,17.343,17.536,27.901,24.536,3.365,-0.193,1.591,27.901,17.343,3.365,-0.193,0.542,0.0,1,0.0
12,28.1,562,cruise,17.345,17.547,27.901,24.547,3.354,-0.202,1.59,27.901,17.345,3.354,-0.202,0.54,0.0,1,0.0
12,28.15,563,cruise,17.359,17.543,27.9,24.543,3.357,-0.184,1.59,27.9,17.359,3.357,-0.184,0.541,0.0,1,0.0
12,28.2,564,cruise,17.381,17.493,27.899,24.493,3.406,-0.112,1.595,27.899,17.381,3.406,-0.112,0.55,0.0,1,0.0
12,28.25,565,cruise,17.399,17.391,27.901,24.391,3.51,0.009,1.604,27.901,17.399,3.51,0.009,0.568,0.0,1,0.0
12,28.3,566,cruise,17.403,17.364,27.903,24.364,3.539,0.039,1.607,27.035,17.399,2.671,0.036,0.457,0.0,0,0.05
12,28.35,567,cruise,17.396,17.385,27.904,24.385,3.518,0.011,1.605,26.167,17.399,1.782,0.014,0.338,0.0,0,0.1
12,28.4,568,cruise,17.382,17.4,27.902,24.4,3.502,-0.018,1.604,25.298,17.399,0.898,-0.0,0.22,0.0,0,0.15
12,28.45,569,cruise,17.369,17.385,27.898,24.385,3.513,-0.016,1.605,24.428,17.399,0.043,0.015,0.106,0.0,0,0.2
12,28.5,570,cruise,17.361,17.337,27.896,24.337,3.559,0.024,1.609,23.56,17.399,-0.777,0.063,0.0,0.001,0,0.25
12,28.55,571,cruise,17.363,17.257,27.898,24.257,3.641,0.106,1.617,22.696,17.399,-1.562,0.142,0.0,0.078,0,0.3
12,28.6,572,cruise,17.371,17.142,27.906,24.142,3.764,0.23,1.628,27.906,17.371,3.764,0.23,0.61,0.0,1,0.0
12,28.65,573,cruise,17.381,17.031,27.92,24.031,3.89,0.35,1.639,27.92,17.381,3.89,0.35,0.63,0.0,1,0.0
12,28.7,574,cruise,17.389,16.949,27.941,23.949,3.992,0.44,1.649,27.941,17.389,3.992,0.44,0.647,0.0,1,0.0
12,28.75,575,cruise,17.39,16.914,27.965,23.914,4.052,0.477,1.653,27.097,17.389,3.184,0.475,0.54,0.0,0,0.05
12,28.8,576,cruise,17.386,16.91,27.991,23.91,4.081,0.476,1.655,26.255,17.389,2.345,0.479,0.429,0.0,0,0.1
12,28.85,577,cruise,17.379,16.894,28.017,23.894,4.123,0.485,1.658,28.017,17.379,4.123,0.485,0.666,0.0,1,0.0
12,28.9,578,cruise,17.373,16.902,28.044,23.902,4.141,0.471,1.659,28.044,17.373,4.141,0.471,0.668,0.0,1,0.0
12,28.95,579,cruise,17.37,16.933,28.07,23.933,4.137,0.437,1.658,28.07,17.37,4.137,0.437,0.666,0.0,1,0.0
12,29.0,580,cruise,17.371,16.961,28.094,23.961,4.133,0.411,1.656,28.094,17.371,4.133,0.411,0.665,0.0,1,0.0
12,29.05,581,cruise,17.375,17.02,28.115,24.02,4.096,0.356,1.652,27.247,17.371,3.228,0.351,0.542,0.0,0,0.05
12,29.1,582,cruise,17.38,17.057,28.134,24.057,4.078,0.324,1.649,26.398,17.371,2.341,0.314,0.423,0.0,0,0.1
12,29.15,583,cruise,17.384,17.099,28.152,24.099,4.052,0.284,1.646,28.152,17.384,4.052,0.284,0.65,0.0,1,0.0
12,29.2,584,cruise,17.384,17.12,28.167,24.12,4.047,0.264,1.645,28.167,17.384,4.047,0.264,0.648,0.0,1,0.0
12,29.25,585,cruise,17.382,17.164,28.181,24.164,4.017,0.218,1.642,27.312,17.384,3.148,0.22,0.527,0.0,0,0.05
12,29.3,586,cruise,17.378,17.21,28.192,24.21,3.982,0.168,1.638,26.454,17.384,2.244,0.174,0.405,0.0,0,0.1
12,29.35,587,cruise,17.375,17.225,28.201,24.225,3.977,0.151,1.637,25.595,17.384,1.37,0.16,0.288,0.0,0,0.15
12,29.4,588,cruise,17.374,17.233,28.21,24.233,3.976,0.141,1.637,24.735,17.384,0.501,0.151,0.172,0.0,0,0.2
12,29.45,589,cruise,17.375,17.205,28.218,24.205,4.013,0.17,1.64,28.218,17.375,4.013,0.17,0.641,0.0,1,0.0
12,29.5,590,cruise,17.377,17.167,28.229,24.167,4.062,0.211,1.644,27.36,17.375,3.194,0.208,0.533,0.0,0,0.05
12,29.55,591,cruise,17.38,17.14,28.241,24.14,4.101,0.24,1.648,26.504,17.375,2.364,0.235,0.423,0.0,0,0.1
12,29.6,592,cruise,17.381,17.13,28.254,24.13,4.124,0.251,1.649,28.254,17.381,4.124,0.251,0.658,0.0,1,0.0
12,29.65,593,cruise,17.381,17.129,28.267,24.129,4.138,0.252,1.65,27.398,17.381,3.269,0.252,0.544,0.0,0,0.05
12,29.7,594,cruise,17.38,17.14,28.28,24.14,4.14,0.24,1.65,28.28,17.38,4.14,0.24,0.66,0.0,1,0.0
12,29.75,595,cruise,17.378,17.169,28.291,24.169,4.122,0.209,1.648,28.291,17.378,4.122,0.209,0.657,0.0,1,0.0
12,29.8,596,cruise,17.377,17.212,28.301,24.212,4.089,0.165,1.644,28.301,17.377,4.089,0.165,0.651,0.0,1,0.0
12,29.85,597,cruise,17.376,17.267,28.307,24.267,4.041,0.109,1.639,27.439,17.377,3.172,0.11,0.527,0.0,0,0.05
12,29.9,598,cruise,17.377,17.319,28.311,24.319,3.992,0.058,1.635,28.311,17.377,3.992,0.058,0.634,0.0,1,0.0
12,29.95,599,cruise,17.378,17.369,28.313,24.369,3.944,0.009,1.63,27.444,17.377,3.075,0.008,0.51,0.0,0,0.05
12,30.0,600,cruise,17.379,17.416,28.312,24.416,3.896,-0.037,1.626,26.574,17.377,2.158,-0.039,0.386,0.0,0,0.1
12,30.05,601,cruise,17.38,17.447,28.309,24.447,3.862,-0.068,1.623,28.309,17.38,3.862,-0.068,0.613,0.0,1,0.0
12,30.1,602,cruise,17.38,17.467,28.306,24.467,3.839,-0.087,1.621,27.437,17.38,2.97,-0.087,0.493,0.0,0,0.05
12,30.15,603,cruise,17.379,17.49,28.301,24.49,3.811,-0.111,1.618,28.301,17.379,3.811,-0.111,0.604,0.0,1,0.0
12,30.2,604,cruise,17.378,17.517,28.294,24.517,3.778,-0.139,1.615,27.425,17.379,2.909,-0.138,0.483,0.0,0,0.05
12,30.25,605,cruise,17.377,17.546,28.286,24.546,3.741,-0.168,1.612,28.286,17.377,3.741,-0.168,0.593,0.0,1,0.0
12,30.3,606,cruise,17.377,17.574,28.277,24.574,3.703,-0.197,1.609,27.408,17.377,2.834,-0.196,0.471,0.0,0,0.05
12,30.35,607,cruise,17.378,17.603,28.267,24.603,3.664,-0.225,1.606,26.529,17.377,1.926,-0.225,0.349,0.0,0,0.1
12,30.4,608,cruise,17.378,17.616,28.255,24.616,3.639,-0.238,1.604,25.648,17.377,1.032,-0.239,0.23,0.0,0,0.15
12,30.45,609,cruise,17.379,17.605,28.243,24.605,3.638,-0.226,1.604,28.243,17.379,3.638,-0.226,0.578,0.0,1,0.0
12,30.5,610,cruise,17.379,17.579,28.233,24.579,3.654,-0.2,1.606,28.233,17.379,3.654,-0.2,0.581,0.0,1,0.0
12,30.55,611,cruise,17.379,17.571,28.223,24.571,3.652,-0.192,1.606,28.223,17.379,3.652,-0.192,0.581,0.0,1,0.0
12,30.6,612,cruise,17.379,17.582,28.213,24.582,3.632,-0.203,1.605,27.344,17.379,2.763,-0.203,0.462,0.0,0,0.05
12,30.65,613,cruise,17.378,17.598,28.203,24.598,3.605,-0.22,1.603,28.203,17.378,3.605,-0.22,0.573,0.0,1,0.0
12,30.7,614,cruise,17.378,17.616,28.191,24.616,3.576,-0.238,1.6,27.322,17.378,2.707,-0.237,0.453,0.0,0,0.05
12,30.75,615,cruise,17.378,17.635,28.179,24.635,3.544,-0.257,1.598,26.441,17.378,1.806,-0.257,0.332,0.0,0,0.1
12,30.8,616,cruise,17.378,17.64,28.166,24.64,3.525,-0.262,1.597,25.559,17.378,0.919,-0.262,0.214,0.0,0,0.15
12,30.85,617,cruise,17.378,17.622,28.153,24.622,3.531,-0.244,1.598,28.153,17.378,3.531,-0.244,0.563,0.0,1,0.0
12,30.9,618,cruise,17.379,17.589,28.142,24.589,3.553,-0.21,1.6,27.273,17.378,2.684,-0.211,0.451,0.0,0,0.05
12,30.95,619,cruise,17.379,17.568,28.132,24.568,3.564,-0.189,1.601,26.394,17.378,1.826,-0.19,0.337,0.0,0,0.1
12,31.0,620,cruise,17.379,17.548,28.123,24.548,3.575,-0.169,1.603,28.123,17.379,3.575,-0.169,0.571,0.0,1,0.0
12,31.05,621,cruise,17.378,17.529,28.115,24.529,3.586,-0.151,1.604,27.246,17.379,2.717,-0.15,0.457,0.0,0,0.05
12,31.1,622,cruise,17.378,17.524,28.108,24.524,3.584,-0.145,1.604,28.108,17.378,3.584,-0.145,0.573,0.0,1,0.0
12,31.15,623,cruise,17.378,17.527,28.101,24.527,3.574,-0.149,1.603,27.232,17.378,2.705,-0.149,0.456,0.0,0,0.05
12,31.2,624,cruise,17.378,17.537,28.093,24.537,3.556,-0.159,1.602,26.355,17.378,1.818,-0.159,0.337,0.0,0,0.1
12,31.25,625,cruise,17.378,17.538,28.085,24.538,3.547,-0.159,1.601,25.478,17.378,0.94,-0.159,0.22,0.0,0,0.15
12,31.3,626,cruise,17.378,17.517,28.077,24.517,3.56,-0.139,1.603,28.077,17.378,3.56,-0.139,0.57,0.0,1,0.0
12,31.35,627,cruise,17.378,17.484,28.071,24.484,3.588,-0.105,1.606,28.071,17.378,3.588,-0.105,0.575,0.0,1,0.0
12,31.4,628,cruise,17.379,17.47,28.067,24.47,3.596,-0.092,1.607,27.198,17.378,2.727,-0.092,0.461,0.0,0,0.05
12,31.45,629,cruise,17.378,17.471,28.062,24.471,3.591,-0.092,1.606,28.062,17.378,3.591,-0.092,0.576,0.0,1,0.0
12,31.5,630,cruise,17.378,17.478,28.057,24.478,3.579,-0.1,1.605,27.188,17.378,2.71,-0.1,0.458,0.0,0,0.05
12,31.55,631,cruise,17.378,17.492,28.052,24.492,3.56,-0.114,1.604,26.314,17.378,1.822,-0.113,0.339,0.0,0,0.1
12,31.6,632,cruise,17.378,17.494,28.046,24.494,3.552,-0.116,1.603,25.439,17.378,0.945,-0.116,0.222,0.0,0,0.15
12,31.65,633,cruise,17.378,17.476,28.041,24.476,3.565,-0.097,1.605,24.565,17.378,0.089,-0.097,0.109,0.0,0,0.2
12,31.7,634,cruise,17.378,17.43,28.037,24.43,3.607,-0.051,1.609,23.693,17.378,-0.737,-0.051,0.0,0.0,0,0.25
12,31.75,635,cruise,17.378,17.355,28.037,24.355,3.682,0.024,1.616,28.037,17.378,3.682,0.024,0.592,0.0,1,0.0
12,31.8,636,cruise,17.378,17.263,28.041,24.263,3.778,0.116,1.624,27.172,17.378,2.909,0.115,0.492,0.0,0,0.05
12,31.85,637,cruise,17.378,17.191,28.049,24.191,3.858,0.188,1.632,28.049,17.378,3.858,0.188,0.621,0.0,1,0.0
12,31.9,638,cruise,17.378,17.155,28.059,24.155,3.904,0.223,1.636,28.059,17.378,3.904,0.223,0.628,0.0,1,0.0
12,31.95,639,cruise,17.378,17.155,28.071,24.155,3.916,0.224,1.636,28.071,17.378,3.916,0.224,0.63,0.0,1,0.0
12,32.0,640,cruise,17.378,17.177,28.081,24.177,3.904,0.201,1.635,28.081,17.378,3.904,0.201,0.627,0.0,1,0.0
12,32.05,641,cruise,17.378,17.214,28.09,24.214,3.876,0.164,1.632,27.221,17.378,3.007,0.164,0.506,0.0,0,0.05
12,32.1,642,cruise,17.378,17.253,28.097,24.253,3.844,0.125,1.629,26.359,17.378,2.106,0.125,0.385,0.0,0,0.1
12,32.15,643,cruise,17.378,17.278,28.102,24.278,3.824,0.1,1.626,25.496,17.378,1.217,0.1,0.266,0.0,0,0.15
12,32.2,644,cruise,17.378,17.279,28.107,24.279,3.828,0.099,1.627,24.632,17.378,0.352,0.099,0.15,0.0,0,0.2
12,32.25,645,cruise,17.378,17.251,28.113,24.251,3.862,0.127,1.63,23.768,17.378,-0.483,0.127,0.04,0.0,0,0.25
12,32.3,646,cruise,17.378,17.192,28.121,24.192,3.929,0.186,1.636,22.908,17.378,-1.284,0.186,0.0,0.049,0,0.3
12,32.35,647,cruise,17.378,17.096,28.133,24.096,4.037,0.282,1.646,28.133,17.378,4.037,0.282,0.648,0.0,1,0.0
12,32.4,648,cruise,17.378,16.997,28.15,23.997,4.154,0.382,1.656,28.15,17.378,4.154,0.382,0.667,0.0,1,0.0
12,32.45,649,cruise,17.378,16.921,28.172,23.921,4.251,0.457,1.665,28.172,17.378,4.251,0.457,0.682,0.0,1,0.0
12,32.5,650,cruise,17.378,16.892,28.196,23.892,4.303,0.486,1.669,27.327,17.378,3.435,0.486,0.574,0.0,0,0.05
12,32.55,651,cruise,17.378,16.897,28.22,23.897,4.323,0.482,1.67,26.482,17.378,2.585,0.482,0.461,0.0,0,0.1
12,32.6,652,cruise,17.378,16.909,28.244,23.909,4.335,0.469,1.67,28.244,17.378,4.335,0.469,0.694,0.0,1,0.0
12,32.65,653,cruise,17.378,16.926,28.267,23.926,4.34,0.452,1.67,27.398,17.378,3.471,0.452,0.578,0.0,0,0.05
12,32.7,654,cruise,17.378,16.96,28.288,23.96,4.328,0.418,1.668,28.288,17.378,4.328,0.418,0.691,0.0,1,0.0
12,32.75,655,cruise,17.379,17.004,28.308,24.004,4.303,0.375,1.665,28.308,17.379,4.303,0.375,0.686,0.0,1,0.0
12,32.8,656,cruise,17.378,17.063,28.325,24.063,4.262,0.315,1.66,27.456,17.379,3.393,0.316,0.563,0.0,0,0.05
12,32.85,657,cruise,17.378,17.124,28.339,24.124,4.215,0.254,1.655,26.601,17.379,2.476,0.255,0.439,0.0,0,0.1
12,32.9,658,cruise,17.378,17.17,28.35,24.17,4.179,0.208,1.651,28.35,17.378,4.179,0.208,0.664,0.0,1,0.0
12,32.95,659,cruise,17.378,17.207,28.359,24.207,4.153,0.172,1.648,28.359,17.378,4.153,0.172,0.659,0.0,1,0.0
12,33.0,660,cruise,17.378,17.255,28.366,24.255,4.111,0.123,1.644,27.497,17.378,3.242,0.123,0.536,0.0,0,0.05
12,33.05,661,cruise,17.379,17.306,28.371,24.306,4.065,0.073,1.639,28.371,17.379,4.065,0.073,0.644,0.0,1,0.0
12,33.1,662,cruise,17.379,17.355,28.373,24.355,4.018,0.023,1.635,28.373,17.379,4.018,0.023,0.637,0.0,1,0.0
12,33.15,663,cruise,17.379,17.411,28.373,24.411,3.962,-0.032,1.63,28.373,17.379,3.962,-0.032,0.627,0.0,1,0.0
12,33.2,664,cruise,17.378,17.47,28.369,24.47,3.899,-0.092,1.624,27.5,17.379,3.03,-0.091,0.501,0.0,0,0.05
12,33.25,665,cruise,17.378,17.523,28.363,24.523,3.84,-0.145,1.619,26.625,17.379,2.102,-0.145,0.375,0.0,0,0.1
12,33.3,666,cruise,17.378,17.556,28.355,24.556,3.799,-0.178,1.615,28.355,17.378,3.799,-0.178,0.601,0.0,1,0.0
12,33.35,667,cruise,17.378,17.575,28.345,24.575,3.77,-0.197,1.613,27.476,17.378,2.901,-0.197,0.48,0.0,0,0.05
12,33.4,668,cruise,17.378,17.597,28.335,24.597,3.737,-0.219,1.61,26.597,17.378,1.999,-0.219,0.359,0.0,0,0.1
12,33.45,669,cruise,17.378,17.608,28.323,24.608,3.715,-0.23,1.609,28.323,17.378,3.715,-0.23,0.588,0.0,1,0.0
12,33.5,670,cruise,17.378,17.611,28.312,24.611,3.701,-0.233,1.608,27.443,17.378,2.832,-0.233,0.47,0.0,0,0.05
12,33.55,671,cruise,17.378,17.622,28.3,24.622,3.678,-0.243,1.606,28.3,17.378,3.678,-0.243,0.582,0.0,1,0.0
12,33.6,672,cruise,17.378,17.636,28.287,24.636,3.651,-0.258,1.604,27.418,17.378,2.782,-0.258,0.462,0.0,0,0.05
12,33.65,673,cruise,17.378,17.655,28.274,24.655,3.619,-0.277,1.601,26.536,17.378,1.881,-0.277,0.342,0.0,0,0.1
12,33.7,674,cruise,17.378,17.661,28.26,24.661,3.599,-0.283,1.6,28.26,17.378,3.599,-0.283,0.57,0.0,1,0.0
12,33.75,675,cruise,17.378,17.659,28.246,24.659,3.587,-0.281,1.6,27.377,17.378,2.718,-0.281,0.453,0.0,0,0.05
12,33.8,676,cruise,17.378,17.664,28.232,24.664,3.568,-0.286,1.598,26.494,17.378,1.83,-0.286,0.334,0.0,0,0.1
12,33.85,677,cruise,17.378,17.66,28.217,24.66,3.557,-0.282,1.598,25.611,17.378,0.95,-0.282,0.217,0.0,0,0.15
12,33.9,678,cruise,17.378,17.637,28.204,24.637,3.567,-0.258,1.599,24.728,17.378,0.092,-0.258,0.104,0.0,0,0.2
12,33.95,679,cruise,17.378,17.587,28.192,24.587,3.605,-0.209,1.603,28.192,17.378,3.605,-0.209,0.574,0.0,1,0.0
12,34.0,680,cruise,17.378,17.522,28.184,24.522,3.662,-0.143,1.609,28.184,17.378,3.662,-0.143,0.584,0.0,1,0.0
12,34.05,681,cruise,17.378,17.478,28.178,24.478,3.7,-0.1,1.612,27.309,17.378,2.831,-0.1,0.474,0.0,0,0.05
12,34.1,682,cruise,17.378,17.46,28.174,24.46,3.714,-0.081,1.614,26.436,17.378,1.976,-0.081,0.361,0.0,0,0.1
12,34.15,683,cruise,17.378,17.444,28.17,24.444,3.726,-0.066,1.615,25.563,17.378,1.119,-0.066,0.247,0.0,0,0.15
12,34.2,684,cruise,17.378,17.417,28.167,24.417,3.751,-0.038,1.617,28.167,17.378,3.751,-0.038,0.599,0.0,1,0.0
12,34.25,685,cruise,17.378,17.383,28.167,24.383,3.783,-0.005,1.62,28.167,17.378,3.783,-0.005,0.604,0.0,1,0.0
12,34.3,686,cruise,17.378,17.373,28.167,24.373,3.794,0.005,1.621,28.167,17.378,3.794,0.005,0.606,0.0,1,0.0
12,34.35,687,cruise,17.378,17.387,28.167,24.387,3.78,-0.009,1.62,28.167,17.378,3.78,-0.009,0.604,0.0,1,0.0
12,34.4,688,cruise,17.378,17.414,28.166,24.414,3.752,-0.036,1.617,27.297,17.378,2.883,-0.036,0.483,0.0,0,0.05
12,34.45,689,cruise,17.378,17.444,28.163,24.444,3.718,-0.066,1.614,26.425,17.378,1.981,-0.066,0.362,0.0,0,0.1
12,34.5,690,cruise,17.378,17.461,28.159,24.461,3.698,-0.082,1.613,28.159,17.378,3.698,-0.082,0.59,0.0,1,0.0
12,34.55,691,cruise,17.378,17.468,28.155,24.468,3.687,-0.089,1.612,28.155,17.378,3.687,-0.089,0.589,0.0,1,0.0
12,34.6,692,cruise,17.378,17.488,28.15,24.488,3.661,-0.11,1.61,27.281,17.378,2.792,-0.11,0.469,0.0,0,0.05
12,34.65,693,cruise,17.378,17.512,28.143,24.512,3.632,-0.133,1.607,26.406,17.378,1.894,-0.133,0.348,0.0,0,0.1
12,34.7,694,cruise,17.378,17.522,28.136,24.522,3.615,-0.143,1.606,25.53,17.378,1.008,-0.143,0.23,0.0,0,0.15
12,34.75,695,cruise,17.378,17.508,28.129,24.508,3.621,-0.13,1.607,28.129,17.378,3.621,-0.13,0.578,0.0,1,0.0
12,34.8,696,cruise,17.378,17.481,28.124,24.481,3.643,-0.102,1.609,28.124,17.378,3.643,-0.102,0.582,0.0,1,0.0
12,34.85,697,cruise,17.378,17.472,28.119,24.472,3.647,-0.094,1.609,27.25,17.378,2.778,-0.094,0.467,0.0,0,0.05
12,34.9,698,cruise,17.378,17.477,28.114,24.477,3.638,-0.098,1.609,26.376,17.378,1.9,-0.098,0.35,0.0,0,0.1
12,34.95,699,cruise,17.378,17.475,28.109,24.475,3.635,-0.096,1.609,28.109,17.378,3.635,-0.096,0.581,0.0,1,0.0
12,35.0,700,cruise,17.378,17.469,28.105,24.469,3.636,-0.09,1.609,28.105,17.378,3.636,-0.09,0.582,0.0,1,0.0
12,35.05,701,cruise,17.378,17.48,28.1,24.48,3.62,-0.101,1.608,27.231,17.378,2.751,-0.101,0.463,0.0,0,0.05
12,35.1,702,cruise,17.378,17.496,28.094,24.496,3.598,-0.118,1.606,26.357,17.378,1.86,-0.118,0.344,0.0,0,0.1
12,35.15,703,cruise,17.378,17.502,28.088,24.502,3.587,-0.123,1.605,25.481,17.378,0.98,-0.123,0.227,0.0,0,0.15
12,35.2,704,cruise,17.378,17.485,28.082,24.485,3.598,-0.107,1.606,24.607,17.378,0.122,-0.107,0.113,0.0,0,0.2
12,35.25,705,cruise,17.378,17.441,28.078,24.441,3.638,-0.062,1.61,28.078,17.378,3.638,-0.062,0.583,0.0,1,0.0
12,35.3,706,cruise,17.378,17.38,28.077,24.38,3.697,-0.002,1.615,28.077,17.378,3.697,-0.002,0.593,0.0,1,0.0
12,35.35,707,cruise,17.378,17.341,28.078,24.341,3.737,0.037,1.619,27.209,17.378,2.868,0.037,0.484,0.0,0,0.05
12,35.4,708,cruise,17.378,17.327,28.081,24.327,3.754,0.051,1.621,28.081,17.378,3.754,0.051,0.602,0.0,1,0.0
12,35.45,709,cruise,17.378,17.328,28.083,24.328,3.755,0.05,1.621,28.083,17.378,3.755,0.05,0.602,0.0,1,0.0
12,35.5,710,cruise,17.378,17.348,28.085,24.348,3.737,0.03,1.619,27.216,17.378,2.868,0.03,0.483,0.0,0,0.05
12,35.55,711,cruise,17.378,17.373,28.086,24.373,3.713,0.005,1.617,28.086,17.378,3.713,0.005,0.595,0.0,1,0.0
12,35.6,712,cruise,17.378,17.399,28.085,24.399,3.686,-0.021,1.614,28.085,17.378,3.686,-0.021,0.591,0.0,1,0.0
12,35.65,713,cruise,17.378,17.434,28.083,24.434,3.649,-0.055,1.611,28.083,17.378,3.649,-0.055,0.585,0.0,1,0.0
12,35.7,714,cruise,17.378,17.473,28.079,24.473,3.606,-0.095,1.607,27.21,17.378,2.737,-0.095,0.462,0.0,0,0.05
12,35.75,715,cruise,17.378,17.509,28.073,24.509,3.565,-0.13,1.603,28.073,17.378,3.565,-0.13,0.571,0.0,1,0.0
12,35.8,716,cruise,17.378,17.538,28.066,24.538,3.528,-0.16,1.6,27.197,17.378,2.659,-0.16,0.449,0.0,0,0.05
12,35.85,717,cruise,17.378,17.565,28.057,24.565,3.492,-0.187,1.597,26.319,17.378,1.755,-0.187,0.328,0.0,0,0.1
12,35.9,718,cruise,17.378,17.575,28.048,24.575,3.473,-0.197,1.596,25.441,17.378,0.866,-0.196,0.209,0.0,0,0.15
12,35.95,719,cruise,17.379,17.558,28.038,24.558,3.48,-0.18,1.597,24.562,17.378,0.004,-0.18,0.095,0.0,0,0.2
12,36.0,720,cruise,17.379,17.512,28.03,24.512,3.518,-0.134,1.601,28.03,17.379,3.518,-0.134,0.565,0.0,1,0.0
12,36.05,721,cruise,17.379,17.449,28.025,24.449,3.577,-0.07,1.606,27.157,17.379,2.708,-0.07,0.459,0.0,0,0.05
12,36.1,722,cruise,17.379,17.402,28.023,24.402,3.622,-0.023,1.61,28.023,17.379,3.622,-0.023,0.582,0.0,1,0.0
12,36.15,723,cruise,17.378,17.379,28.023,24.379,3.644,-0.001,1.612,28.023,17.378,3.644,-0.001,0.586,0.0,1,0.0
12,36.2,724,cruise,17.378,17.381,28.023,24.381,3.642,-0.004,1.612,27.154,17.378,2.773,-0.003,0.47,0.0,0,0.05
12,36.25,725,cruise,17.378,17.393,28.023,24.393,3.63,-0.015,1.611,28.023,17.378,3.63,-0.015,0.583,0.0,1,0.0
12,36.3,726,cruise,17.378,17.409,28.022,24.409,3.613,-0.031,1.61,28.022,17.378,3.613,-0.031,0.581,0.0,1,0.0
12,36.35,727,cruise,17.379,17.435,28.019,24.435,3.584,-0.057,1.607,27.15,17.378,2.715,-0.057,0.46,0.0,0,0.05
12,36.4,728,cruise,17.379,17.462,28.015,24.462,3.554,-0.083,1.604,26.278,17.378,1.816,-0.084,0.339,0.0,0,0.1
12,36.45,729,cruise,17.379,17.473,28.011,24.473,3.538,-0.094,1.603,25.404,17.378,0.931,-0.095,0.221,0.0,0,0.15
12,36.5,730,cruise,17.379,17.459,28.006,24.459,3.547,-0.081,1.604,28.006,17.379,3.547,-0.081,0.57,0.0,1,0.0
12,36.55,731,cruise,17.378,17.43,28.003,24.43,3.573,-0.052,1.607,28.003,17.378,3.573,-0.052,0.575,0.0,1,0.0
12,36.6,732,cruise,17.378,17.42,28.001,24.42,3.581,-0.042,1.607,28.001,17.378,3.581,-0.042,0.576,0.0,1,0.0
12,36.65,733,cruise,17.378,17.429,27.999,24.429,3.569,-0.051,1.606,27.13,17.378,2.7,-0.051,0.458,0.0,0,0.05
12,36.7,734,cruise,17.378,17.444,27.996,24.444,3.551,-0.066,1.605,26.258,17.378,1.814,-0.066,0.34,0.0,0,0.1
12,36.75,735,cruise,17.378,17.448,27.992,24.448,3.544,-0.069,1.604,25.386,17.378,0.938,-0.07,0.223,0.0,0,0.15
12,36.8,736,cruise,17.378,17.43,27.989,24.43,3.56,-0.051,1.606,27.989,17.378,3.56,-0.051,0.573,0.0,1,0.0
12,36.85,737,cruise,17.379,17.398,27.988,24.398,3.589,-0.02,1.609,27.988,17.379,3.589,-0.02,0.578,0.0,1,0.0
12,36.9,738,cruise,17.379,17.387,27.987,24.387,3.6,-0.008,1.61,27.987,17.379,3.6,-0.008,0.58,0.0,1,0.0
12,36.95,739,cruise,17.378,17.396,27.987,24.396,3.591,-0.017,1.609,27.118,17.379,2.722,-0.017,0.462,0.0,0,0.05
12,37.0,740,cruise,17.378,17.411,27.985,24.411,3.574,-0.033,1.607,27.985,17.378,3.574,-0.033,0.575,0.0,1,0.0
12,37.05,741,cruise,17.378,17.428,27.983,24.428,3.555,-0.05,1.606,27.983,17.378,3.555,-0.05,0.572,0.0,1,0.0
12,37.1,742,cruise,17.378,17.454,27.98,24.454,3.526,-0.076,1.603,27.111,17.378,2.657,-0.076,0.452,0.0,0,0.05
12,37.15,743,cruise,17.378,17.48,27.975,24.48,3.496,-0.101,1.6,26.237,17.378,1.758,-0.101,0.331,0.0,0,0.1
12,37.2,744,cruise,17.378,17.489,27.97,24.489,3.481,-0.11,1.599,27.97,17.378,3.481,-0.11,0.56,0.0,1,0.0
12,37.25,745,cruise,17.378,17.487,27.964,24.487,3.477,-0.109,1.599,27.964,17.378,3.477,-0.109,0.56,0.0,1,0.0
12,37.3,746,cruise,17.378,17.499,27.959,24.499,3.46,-0.12,1.598,27.09,17.378,2.591,-0.12,0.441,0.0,0,0.05
12,37.35,747,cruise,17.378,17.513,27.952,24.513,3.44,-0.134,1.596,26.214,17.378,1.702,-0.134,0.322,0.0,0,0.1
12,37.4,748,cruise,17.378,17.513,27.945,24.513,3.432,-0.135,1.596,27.945,17.378,3.432,-0.135,0.553,0.0,1,0.0
12,37.45,749,cruise,17.378,17.506,27.939,24.506,3.433,-0.127,1.596,27.939,17.378,3.433,-0.127,0.554,0.0,1,0.0
12,37.5,750,cruise,17.378,17.512,27.932,24.512,3.42,-0.133,1.595,27.063,17.378,2.552,-0.133,0.436,0.0,0,0.05
12,37.55,751,cruise,17.378,17.522,27.925,24.522,3.403,-0.144,1.594,26.187,17.378,1.665,-0.143,0.317,0.0,0,0.1
12,37.6,752,cruise,17.378,17.52,27.918,24.52,3.398,-0.142,1.594,25.311,17.378,0.792,-0.141,0.201,0.0,0,0.15
12,37.65,753,cruise,17.377,17.496,27.912,24.496,3.417,-0.118,1.595,27.912,17.377,3.417,-0.118,0.552,0.0,1,0.0
12,37.7,754,cruise,17.377,17.457,27.908,24.457,3.451,-0.08,1.599,27.039,17.377,2.582,-0.08,0.442,0.0,0,0.05
12,37.75,755,cruise,17.378,17.431,27.904,24.431,3.473,-0.054,1.601,27.904,17.378,3.473,-0.054,0.561,0.0,1,0.0
12,37.8,756,cruise,17.378,17.42,27.902,24.42,3.482,-0.042,1.602,27.902,17.378,3.482,-0.042,0.563,0.0,1,0.0
12,37.85,757,cruise,17.378,17.427,27.9,24.427,3.473,-0.049,1.601,27.031,17.378,2.604,-0.049,0.446,0.0,0,0.05
12,37.9,758,cruise,17.378,17.439,27.897,24.439,3.458,-0.061,1.6,26.159,17.378,1.72,-0.061,0.327,0.0,0,0.1
12,37.95,759,cruise,17.378,17.439,27.894,24.439,3.455,-0.061,1.6,27.894,17.378,3.455,-0.061,0.559,0.0,1,0.0
12,38.0,760,cruise,17.378,17.431,27.891,24.431,3.46,-0.053,1.6,27.891,17.378,3.46,-0.053,0.56,0.0,1,0.0
12,38.05,761,cruise,17.378,17.439,27.888,24.439,3.45,-0.061,1.599,27.888,17.378,3.45,-0.061,0.558,0.0,1,0.0
12,38.1,762,cruise,17.377,17.457,27.885,24.457,3.428,-0.079,1.597,27.016,17.378,2.559,-0.079,0.439,0.0,0,0.05
12,38.15,763,cruise,17.378,17.475,27.88,24.475,3.405,-0.098,1.595,26.142,17.378,1.667,-0.098,0.319,0.0,0,0.1
12,38.2,764,cruise,17.378,17.478,27.875,24.478,3.397,-0.101,1.595,27.875,17.378,3.397,-0.101,0.55,0.0,1,0.0
12,38.25,765,cruise,17.378,17.472,27.87,24.472,3.399,-0.094,1.595,27.001,17.378,2.53,-0.094,0.434,0.0,0,0.05
12,38.3,766,cruise,17.378,17.472,27.866,24.472,3.394,-0.094,1.595,26.128,17.378,1.656,-0.094,0.318,0.0,0,0.1
12,38.35,767,cruise,17.378,17.463,27.861,24.463,3.399,-0.085,1.595,25.254,17.378,0.792,-0.085,0.203,0.0,0,0.15
12,38.4,768,cruise,17.378,17.434,27.858,24.434,3.424,-0.056,1.598,27.858,17.378,3.424,-0.056,0.555,0.0,1,0.0
12,38.45,769,cruise,17.378,17.394,27.856,24.394,3.462,-0.016,1.601,27.856,17.378,3.462,-0.016,0.561,0.0,1,0.0
12,38.5,770,cruise,17.378,17.375,27.856,24.375,3.481,0.003,1.603,27.856,17.378,3.481,0.003,0.564,0.0,1,0.0
12,38.55,771,decelerate,17.378,17.377,27.856,24.377,3.479,0.001,1.603,26.987,17.378,2.611,0.001,0.448,0.0,0,0.05
12,38.6,772,decelerate,17.378,17.386,27.856,24.386,3.47,-0.008,1.602,26.118,17.378,1.733,-0.008,0.331,0.0,0,0.1
12,38.65,773,decelerate,17.339,17.384,27.855,24.384,3.471,-0.045,1.602,25.249,17.378,0.865,-0.006,0.215,0.0,0,0.15
12,38.7,774,decelerate,17.201,17.362,27.849,24.362,3.487,-0.16,1.604,27.849,17.201,3.487,-0.16,0.56,0.0,1,0.0
12,38.75,775,decelerate,16.984,17.327,27.835,24.327,3.508,-0.343,1.606,27.835,16.984,3.508,-0.343,0.556,0.0,1,0.0
12,38.8,776,decelerate,16.727,17.312,27.81,24.312,3.497,-0.585,1.606,27.81,16.727,3.497,-0.585,0.547,0.0,1,0.0
12,38.85,777,decelerate,16.524,17.315,27.772,24.315,3.457,-0.791,1.604,27.772,16.524,3.457,-0.791,0.535,0.0,1,0.0
12,38.9,778,decelerate,16.343,17.329,27.724,24.329,3.395,-0.986,1.6,27.724,16.343,3.395,-0.986,0.52,0.0,1,0.0
12,38.95,779,decelerate,16.16,17.347,27.665,24.347,3.318,-1.187,1.595,26.857,16.343,2.51,-1.005,0.401,0.0,0,0.05
12,39.0,780,decelerate,15.978,17.361,27.596,24.361,3.235,-1.383,1.59,25.989,16.343,1.628,-1.018,0.283,0.0,0,0.1
12,39.05,781,decelerate,15.801,17.357,27.517,24.357,3.161,-1.556,1.585,25.121,16.343,0.764,-1.014,0.168,0.0,0,0.15
12,39.1,782,decelerate,15.626,17.327,27.43,24.327,3.103,-1.701,1.583,27.43,15.626,3.103,-1.701,0.457,0.0,1,0.0
12,39.15,783,decelerate,15.454,17.282,27.336,24.282,3.053,-1.829,1.582,27.336,15.454,3.053,-1.829,0.446,0.0,1,0.0
12,39.2,784,decelerate,15.281,17.251,27.234,24.251,2.983,-1.969,1.579,27.234,15.281,2.983,-1.969,0.432,0.0,1,0.0
12,39.25,785,decelerate,15.109,17.229,27.125,24.229,2.896,-2.12,1.574,27.125,15.109,2.896,-2.12,0.415,0.0,1,0.0
12,39.3,786,decelerate,14.936,17.213,27.008,24.213,2.796,-2.277,1.569,26.264,15.109,2.052,-2.104,0.303,0.0,0,0.05
12,39.35,787,decelerate,14.802,17.192,26.885,24.192,2.693,-2.389,1.564,25.405,15.109,1.213,-2.083,0.192,0.0,0,0.1
12,39.4,788,decelerate,14.702,17.154,26.759,24.154,2.604,-2.453,1.56,26.759,14.702,2.604,-2.453,0.365,0.0,1,0.0
12,39.45,789,decelerate,14.623,17.107,26.631,24.107,2.523,-2.484,1.557,25.903,14.702,1.796,-2.406,0.259,0.0,0,0.05
12,39.5,790,decelerate,14.217,17.061,26.491,24.061,2.43,-2.844,1.553,26.491,14.217,2.43,-2.844,0.329,0.0,1,0.0
12,39.55,791,decelerate,13.908,17.014,26.338,24.014,2.324,-3.106,1.548,25.641,14.217,1.627,-2.797,0.224,0.0,0,0.05
12,39.6,792,decelerate,13.652,16.964,26.174,23.964,2.211,-3.312,1.543,24.794,14.217,0.83,-2.747,0.119,0.0,0,0.1
12,39.65,793,decelerate,13.486,16.9,26.005,23.9,2.105,-3.415,1.539,26.005,13.486,2.105,-3.415,0.267,0.0,1,0.0
12,39.7,794,decelerate,13.397,16.829,25.834,23.829,2.005,-3.432,1.535,25.165,13.486,1.336,-3.343,0.167,0.0,0,0.05
12,39.75,795,decelerate,13.327,16.757,25.664,23.757,1.907,-3.43,1.532,24.328,13.486,0.571,-3.271,0.067,0.0,0,0.1
12,39.8,796,decelerate,13.239,16.674,25.494,23.674,1.82,-3.435,1.529,23.495,13.486,-0.179,-3.189,0.0,0.023,0,0.15
12,39.85,797,decelerate,13.084,16.572,25.323,23.572,1.751,-3.488,1.528,22.668,13.486,-0.905,-3.086,0.0,0.093,0,0.2
12,39.9,798,decelerate,12.892,16.444,25.15,23.444,1.706,-3.552,1.529,25.15,12.892,1.706,-3.552,0.209,0.0,1,0.0
12,39.95,799,decelerate,12.665,16.33,24.973,23.33,1.643,-3.665,1.529,24.973,12.665,1.643,-3.665,0.197,0.0,1,0.0
12,40.0,800,decelerate,12.461,16.232,24.791,23.232,1.558,-3.771,1.527,24.164,12.665,0.931,-3.568,0.105,0.0,0,0.05
12,40.05,801,decelerate,12.273,16.139,24.604,23.139,1.465,-3.866,1.524,24.604,12.273,1.465,-3.866,0.166,0.0,1,0.0
12,40.1,802,decelerate,12.082,16.047,24.412,23.047,1.366,-3.965,1.521,23.804,12.273,0.758,-3.774,0.075,0.0,0,0.05
12,40.15,803,decelerate,11.919,15.954,24.217,22.954,1.263,-4.035,1.518,24.217,11.919,1.263,-4.035,0.134,0.0,1,0.0
12,40.2,804,decelerate,11.749,15.859,24.018,22.859,1.158,-4.11,1.514,23.427,11.919,0.568,-3.941,0.044,0.0,0,0.05
12,40.25,805,decelerate,11.58,15.762,23.815,22.762,1.053,-4.182,1.511,23.815,11.58,1.053,-4.182,0.101,0.0,1,0.0
12,40.3,806,decelerate,11.395,15.662,23.609,22.662,0.947,-4.267,1.507,23.609,11.395,0.947,-4.267,0.084,0.0,1,0.0
12,40.35,807,decelerate,11.231,15.563,23.399,22.563,0.836,-4.332,1.503,23.399,11.231,0.836,-4.332,0.067,0.0,1,0.0
12,40.4,808,decelerate,11.153,15.462,23.187,22.462,0.725,-4.309,1.5,22.63,11.231,0.168,-4.232,0.0,0.014,0,0.05
12,40.45,809,decelerate,11.078,15.331,22.978,22.331,0.648,-4.253,1.499,22.978,11.078,0.648,-4.253,0.045,0.0,1,0.0
12,40.5,810,decelerate,10.758,15.158,22.766,22.158,0.608,-4.4,1.502,22.22,11.078,0.062,-4.08,0.0,0.021,0,0.05
12,40.55,811,decelerate,10.206,14.956,22.536,21.956,0.58,-4.75,1.507,22.536,10.206,0.58,-4.75,0.019,0.0,1,0.0
12,40.6,812,decelerate,9.786,14.823,22.289,21.823,0.467,-5.037,1.504,21.794,10.206,-0.029,-4.617,0.0,0.043,0,0.05
12,40.65,813,decelerate,9.488,14.705,22.031,21.705,0.326,-5.217,1.498,21.057,10.206,-0.648,-4.499,0.0,0.102,0,0.1
12,40.7,814,decelerate,9.315,14.61,21.767,21.61,0.157,-5.295,1.49,21.767,9.315,0.157,-5.295,0.0,0.042,1,0.0
12,40.75,815,decelerate,9.234,14.57,21.499,21.57,-0.071,-5.336,1.476,21.499,9.234,-0.071,-5.336,0.0,0.066,1,0.0
12,40.8,816,decelerate,9.211,14.556,21.23,21.556,-0.327,-5.345,1.458,20.77,9.234,-0.786,-5.322,0.0,0.137,0,0.05
12,40.85,817,decelerate,9.246,14.184,20.973,21.184,-0.21,-4.938,1.479,20.055,9.234,-1.129,-4.95,0.0,0.162,0,0.1
12,40.9,818,decelerate,9.323,13.886,20.737,20.886,-0.15,-4.564,1.493,20.737,9.323,-0.15,-4.564,0.0,0.054,1,0.0
12,40.95,819,decelerate,9.398,13.638,20.518,20.638,-0.12,-4.24,1.504,20.051,9.323,-0.588,-4.316,0.0,0.092,0,0.05
12,41.0,820,decelerate,9.384,13.412,20.312,20.412,-0.1,-4.028,1.514,19.376,9.323,-1.035,-4.089,0.0,0.131,0,0.1
12,41.05,821,decelerate,9.286,13.192,20.114,20.192,-0.077,-3.906,1.525,18.713,9.323,-1.478,-3.869,0.0,0.17,0,0.15
12,41.1,822,decelerate,9.132,12.974,19.921,19.974,-0.053,-3.842,1.535,19.921,9.132,-0.053,-3.842,0.0,0.027,1,0.0
12,41.15,823,decelerate,8.938,12.785,19.729,19.785,-0.056,-3.847,1.543,19.729,8.938,-0.056,-3.847,0.0,0.027,1,0.0
12,41.2,824,decelerate,8.717,12.609,19.537,19.609,-0.072,-3.891,1.549,19.098,8.938,-0.511,-3.671,0.0,0.069,0,0.05
12,41.25,825,decelerate,8.479,12.427,19.342,19.427,-0.085,-3.948,1.556,19.342,8.479,-0.085,-3.948,0.0,0.033,1,0.0
12,41.3,826,decelerate,8.227,12.257,19.144,19.257,-0.113,-4.031,1.562,18.728,8.479,-0.529,-3.779,0.0,0.073,0,0.05
12,41.35,827,decelerate,7.975,12.083,18.942,19.083,-0.14,-4.108,1.568,18.124,8.479,-0.959,-3.604,0.0,0.112,0,0.1
12,41.4,828,decelerate,7.723,11.901,18.737,18.901,-0.163,-4.178,1.574,18.737,7.723,-0.163,-4.178,0.0,0.047,1,0.0
12,41.45,829,decelerate,7.471,11.714,18.529,18.714,-0.185,-4.243,1.582,18.529,7.471,-0.185,-4.243,0.0,0.051,1,0.0
12,41.5,830,decelerate,7.29,11.551,18.318,18.551,-0.233,-4.261,1.586,17.951,7.471,-0.6,-4.079,0.0,0.088,0,0.05
12,41.55,831,decelerate,7.2,11.388,18.11,18.388,-0.278,-4.187,1.59,17.381,7.471,-1.007,-3.916,0.0,0.125,0,0.1
12,41.6,832,decelerate,6.999,11.215,17.905,18.215,-0.31,-4.216,1.597,17.905,6.999,-0.31,-4.216,0.0,0.063,1,0.0
12,41.65,833,decelerate,6.512,11.152,17.683,18.152,-0.468,-4.64,1.586,17.349,6.999,-0.803,-4.153,0.0,0.111,0,0.05
12,41.7,834,decelerate,6.001,11.111,17.439,18.111,-0.673,-5.111,1.569,16.794,6.999,-1.317,-4.113,0.0,0.161,0,0.1
12,41.75,835,decelerate,5.627,10.718,17.182,17.718,-0.536,-5.092,1.603,17.182,5.627,-0.536,-5.092,0.0,0.108,1,0.0
12,41.8,836,decelerate,5.383,10.222,16.937,17.222,-0.284,-4.839,1.657,16.937,5.383,-0.284,-4.839,0.0,0.076,1,0.0
12,41.85,837,decelerate,5.235,9.79,16.705,16.79,-0.085,-4.555,1.706,16.705,5.235,-0.085,-4.555,0.0,0.049,1,0.0
12,41.9,838,decelerate,5.148,9.438,16.487,16.438,0.048,-4.29,1.747,16.228,5.235,-0.211,-4.204,0.0,0.053,0,0.05
12,41.95,839,decelerate,5.094,9.131,16.281,16.131,0.149,-4.037,1.783,16.281,5.094,0.149,-4.037,0.0,0.013,1,0.0
12,42.0,840,decelerate,5.062,8.867,16.087,15.867,0.22,-3.806,1.814,15.833,5.094,-0.034,-3.773,0.0,0.024,0,0.05
12,42.05,841,decelerate,5.053,8.62,15.905,15.62,0.285,-3.567,1.845,15.905,5.053,0.285,-3.567,0.017,0.0,1,0.0
12,42.1,842,decelerate,5.076,8.386,15.735,15.386,0.349,-3.31,1.876,15.735,5.076,0.349,-3.31,0.034,0.0,1,0.0
12,42.15,843,decelerate,5.122,8.166,15.578,15.166,0.412,-3.044,1.908,15.578,5.122,0.412,-3.044,0.051,0.0,1,0.0
12,42.2,844,decelerate,5.118,7.943,15.433,14.943,0.49,-2.825,1.943,15.177,5.122,0.234,-2.821,0.035,0.0,0,0.05
12,42.25,845,decelerate,5.061,7.743,15.297,14.743,0.554,-2.682,1.976,15.297,5.061,0.554,-2.682,0.083,0.0,1,0.0
12,42.3,846,decelerate,5.018,7.55,15.167,14.55,0.617,-2.531,2.009,14.916,5.061,0.366,-2.489,0.064,0.0,0,0.05
12,42.35,847,decelerate,4.856,7.368,15.044,14.368,0.677,-2.511,2.042,15.044,4.856,0.677,-2.511,0.105,0.0,1,0.0
12,42.4,848,decelerate,4.384,7.191,14.91,14.191,0.719,-2.807,2.073,14.682,4.856,0.49,-2.335,0.086,0.0,0,0.05
12,42.45,849,decelerate,3.884,7.024,14.76,14.024,0.736,-3.139,2.101,14.327,4.856,0.304,-2.168,0.067,0.0,0,0.1
12,42.5,850,decelerate,3.396,6.856,14.593,13.856,0.737,-3.46,2.128,14.593,3.396,0.737,-3.46,0.081,0.0,1,0.0
12,42.55,851,decelerate,3.287,6.681,14.42,13.681,0.739,-3.394,2.158,14.256,3.396,0.575,-3.285,0.066,0.0,0,0.05
12,42.6,852,decelerate,3.296,6.668,14.251,13.668,0.583,-3.371,2.137,13.922,3.396,0.254,-3.271,0.023,0.0,0,0.1
12,42.65,853,decelerate,3.313,6.661,14.083,13.661,0.422,-3.347,2.114,13.588,3.396,-0.072,-3.264,0.0,0.015,0,0.15
12,42.7,854,decelerate,3.252,6.233,13.925,13.233,0.693,-2.98,2.234,13.925,3.252,0.693,-2.98,0.092,0.0,1,0.0
12,42.75,855,decelerate,3.123,5.766,13.787,12.766,1.021,-2.643,2.391,13.628,3.252,0.862,-2.514,0.13,0.0,0,0.05
12,42.8,856,decelerate,2.97,5.419,13.662,12.419,1.242,-2.449,2.521,13.351,3.252,0.932,-2.167,0.151,0.0,0,0.1
12,42.85,857,decelerate,2.804,5.116,13.543,12.116,1.427,-2.312,2.647,13.543,2.804,1.427,-2.312,0.213,0.0,1,0.0
12,42.9,858,decelerate,2.634,4.894,13.429,11.894,1.535,-2.26,2.744,13.294,2.804,1.4,-2.09,0.217,0.0,0,0.05
12,42.95,859,decelerate,2.463,4.684,13.317,11.684,1.633,-2.221,2.843,13.056,2.804,1.371,-1.88,0.22,0.0,0,0.1
12,43.0,860,decelerate,2.296,4.522,13.206,11.522,1.684,-2.226,2.92,12.827,2.804,1.305,-1.718,0.217,0.0,0,0.15
12,43.05,861,decelerate,2.131,4.389,13.094,11.389,1.705,-2.258,2.983,12.605,2.804,1.215,-1.585,0.209,0.0,0,0.2
12,43.1,862,decelerate,1.972,4.265,12.98,11.265,1.715,-2.293,3.043,12.98,1.972,1.715,-2.293,0.252,0.0,1,0.0
12,43.15,863,decelerate,1.624,4.165,12.862,11.165,1.697,-2.54,3.088,12.862,1.624,1.697,-2.54,0.242,0.0,1,0.0
12,43.2,864,decelerate,0.367,4.079,12.699,11.079,1.62,-3.712,3.113,12.699,0.367,1.62,-3.712,0.192,0.0,1,0.0
12,43.25,865,decelerate,0.001,3.988,12.5,10.988,1.512,-3.987,3.134,12.5,0.001,1.512,-3.987,0.169,0.0,1,0.0
12,43.3,866,decelerate,0.001,3.898,12.303,10.898,1.405,-3.897,3.156,12.303,0.001,1.405,-3.897,0.157,0.0,1,0.0
12,43.35,867,decelerate,0.001,3.793,12.112,10.793,1.319,-3.792,3.193,12.112,0.001,1.319,-3.792,0.149,0.0,1,0.0
12,43.4,868,decelerate,0.001,3.694,11.925,10.694,1.231,-3.693,3.228,11.925,0.001,1.231,-3.693,0.141,0.0,0,0.05
12,43.45,869,decelerate,0.001,3.581,11.744,10.581,1.164,-3.58,3.28,11.744,0.001,1.164,-3.58,0.136,0.0,1,0.0
12,43.5,870,decelerate,0.001,3.478,11.568,10.478,1.09,-3.477,3.326,11.568,0.001,1.09,-3.477,0.129,0.0,0,0.05
12,43.55,871,decelerate,0.001,3.361,11.398,10.361,1.037,-3.36,3.391,11.398,0.001,1.037,-3.36,0.126,0.0,0,0.1
12,43.6,872,decelerate,0.0,3.258,11.233,10.258,0.975,-3.258,3.447,11.233,0.001,0.974,-3.258,0.121,0.0,0,0.15
12,43.65,873,decelerate,0.0,3.14,11.074,10.14,0.934,-3.14,3.527,11.074,0.001,0.933,-3.139,0.12,0.0,0,0.2
12,43.7,874,decelerate,0.0,3.04,10.92,10.04,0.88,-3.04,3.592,10.92,0.0,0.88,-3.04,0.116,0.0,1,0.0
12,43.75,875,decelerate,0.0,2.922,10.772,9.922,0.85,-2.922,3.686,10.772,0.0,0.85,-2.922,0.116,0.0,0,0.05
12,43.8,876,decelerate,0.0,2.825,10.629,9.825,0.804,-2.825,3.762,10.629,0.0,0.804,-2.825,0.113,0.0,1,0.0
12,43.85,877,decelerate,0.0,2.709,10.491,9.709,0.782,-2.709,3.873,10.491,0.0,0.782,-2.709,0.114,0.0,0,0.05
12,43.9,878,decelerate,0.0,2.612,10.358,9.612,0.746,-2.612,3.966,10.358,0.0,0.746,-2.612,0.112,0.0,0,0.1
12,43.95,879,decelerate,0.0,2.498,10.231,9.498,0.733,-2.498,4.095,10.231,0.0,0.733,-2.498,0.114,0.0,1,0.0
12,44.0,880,decelerate,0.0,2.411,10.109,9.411,0.698,-2.411,4.193,10.109,0.0,0.698,-2.411,0.113,0.0,1,0.0
12,44.05,881,decelerate,0.0,2.3,9.992,9.3,0.691,-2.3,4.344,9.992,0.0,0.691,-2.3,0.116,0.0,0,0.05
12,44.1,882,decelerate,0.0,2.218,9.879,9.218,0.661,-2.218,4.454,9.879,0.0,0.661,-2.218,0.114,0.0,1,0.0
12,44.15,883,stopped,0.0,2.111,9.772,9.111,0.661,-2.111,4.629,9.772,0.0,0.661,-2.111,0.118,0.0,0,0.05
12,44.2,884,stopped,0.0,2.034,9.668,9.034,0.635,-2.034,4.754,9.668,0.0,0.635,-2.034,0.117,0.0,0,0.1
12,44.25,885,stopped,0.0,1.93,9.57,8.93,0.64,-1.93,4.959,9.57,0.0,0.64,-1.93,0.121,0.0,0,0.15
12,44.3,886,stopped,0.0,1.859,9.476,8.859,0.617,-1.859,5.097,9.476,0.0,0.617,-1.859,0.12,0.0,1,0.0
12,44.35,887,stopped,0.0,1.758,9.386,8.758,0.627,-1.758,5.338,9.386,0.0,0.627,-1.758,0.125,0.0,1,0.0
12,44.4,888,stopped,0.0,1.698,9.3,8.698,0.602,-1.698,5.478,9.3,0.0,0.602,-1.698,0.124,0.0,0,0.05
12,44.45,889,stopped,0.0,1.608,9.217,8.608,0.609,-1.608,5.731,9.217,0.0,0.609,-1.608,0.128,0.0,0,0.1
12,44.5,890,stopped,0.0,1.549,9.139,8.549,0.59,-1.549,5.899,9.139,0.0,0.59,-1.549,0.127,0.0,0,0.15
12,44.55,891,stopped,0.0,1.46,9.064,8.46,0.604,-1.46,6.207,9.064,0.0,0.604,-1.46,0.132,0.0,0,0.2
12,44.6,892,stopped,0.0,1.404,8.992,8.404,0.588,-1.404,6.404,8.992,0.0,0.588,-1.404,0.132,0.0,0,0.25
12,44.65,893,stopped,0.0,1.314,8.925,8.314,0.611,-1.314,6.79,8.925,0.0,0.611,-1.314,0.138,0.0,0,0.3
12,44.7,894,stopped,0.0,1.278,8.86,8.278,0.582,-1.278,6.932,8.86,0.0,0.582,-1.278,0.135,0.0,0,0.35
12,44.75,895,stopped,0.0,1.23,8.798,8.23,0.568,-1.23,7.154,8.798,0.0,0.568,-1.23,0.135,0.0,1,0.0
12,44.8,896,stopped,0.0,1.203,8.737,8.203,0.534,-1.203,7.265,8.737,0.0,0.534,-1.203,0.131,0.0,1,0.0
12,44.85,897,stopped,0.0,1.157,8.678,8.157,0.521,-1.157,7.5,8.678,0.0,0.521,-1.157,0.131,0.0,0,0.05
12,44.9,898,stopped,0.0,1.131,8.621,8.131,0.49,-1.131,7.622,8.621,0.0,0.49,-1.131,0.128,0.0,0,0.1
12,44.95,899,stopped,0.0,1.085,8.566,8.085,0.481,-1.085,7.893,8.566,0.0,0.481,-1.085,0.128,0.0,0,0.15
12,45.0,900,stopped,0.0,1.061,8.512,8.061,0.452,-1.061,8.024,8.512,0.0,0.452,-1.061,0.125,0.0,0,0.2
12,45.05,901,stopped,0.0,1.015,8.461,8.015,0.446,-1.015,8.337,8.461,0.0,0.446,-1.015,0.126,0.0,0,0.25
12,45.1,902,stopped,0.0,0.993,8.411,7.993,0.418,-0.993,8.473,8.411,0.0,0.418,-0.993,0.123,0.0,1,0.0
12,45.15,903,stopped,0.0,0.946,8.362,7.946,0.416,-0.946,8.837,8.362,0.0,0.416,-0.946,0.124,0.0,1,0.0
12,45.2,904,stopped,0.0,0.928,8.315,7.928,0.388,-0.928,8.965,8.315,0.0,0.388,-0.928,0.121,0.0,1,0.0
12,45.25,905,stopped,0.0,0.892,8.27,7.892,0.378,-0.892,9.272,8.27,0.0,0.378,-0.892,0.121,0.0,0,0.05
12,45.3,906,stopped,0.0,0.872,8.226,7.872,0.355,-0.872,9.437,8.226,0.0,0.355,-0.872,0.118,0.0,1,0.0
12,45.35,907,stopped,0.0,0.813,8.184,7.813,0.371,-0.813,10.066,8.184,0.0,0.371,-0.813,0.122,0.0,0,0.05
12,45.4,908,stopped,0.0,0.799,8.144,7.799,0.345,-0.799,10.198,8.144,0.0,0.345,-0.799,0.119,0.0,0,0.1
12,45.45,909,stopped,0.0,0.768,8.105,7.768,0.337,-0.768,10.551,8.105,0.0,0.337,-0.768,0.119,0.0,1,0.0
12,45.5,910,stopped,0.0,0.746,8.067,7.746,0.321,-0.746,10.811,8.067,0.0,0.321,-0.746,0.118,0.0,1,0.0
12,45.55,911,stopped,0.0,0.721,8.031,7.721,0.311,-0.721,11.142,8.031,0.0,0.311,-0.721,0.117,0.0,0,0.05
12,45.6,912,stopped,0.0,0.698,7.996,7.698,0.298,-0.698,11.46,7.996,0.0,0.298,-0.698,0.117,0.0,1,0.0
12,45.65,913,stopped,0.0,0.647,7.963,7.647,0.316,-0.647,12.315,7.963,0.0,0.316,-0.647,0.121,0.0,0,0.05
12,45.7,914,stopped,0.0,0.644,7.93,7.644,0.285,-0.644,12.304,7.93,0.0,0.285,-0.644,0.117,0.0,0,0.1
12,45.75,915,stopped,0.0,0.658,7.898,7.658,0.24,-0.658,12.0,7.898,0.0,0.24,-0.658,0.11,0.0,0,0.15
12,45.8,916,stopped,0.0,0.585,7.869,7.585,0.284,-0.585,13.457,7.869,0.0,0.284,-0.585,0.118,0.0,0,0.2
12,45.85,917,stopped,0.0,0.571,7.84,7.571,0.269,-0.571,13.72,7.84,0.0,0.269,-0.571,0.117,0.0,0,0.25
12,45.9,918,stopped,0.0,0.587,7.812,7.587,0.225,-0.587,13.31,7.812,0.0,0.225,-0.587,0.11,0.0,0,0.3
12,45.95,919,stopped,0.0,0.501,7.785,7.501,0.283,-0.501,15.523,7.785,0.0,0.283,-0.501,0.121,0.0,1,0.0
12,46.0,920,stopped,0.0,0.536,7.758,7.536,0.222,-0.536,14.484,7.758,0.0,0.222,-0.536,0.112,0.0,1,0.0
12,46.05,921,stopped,0.0,0.493,7.733,7.493,0.24,-0.493,15.697,7.733,0.0,0.24,-0.493,0.116,0.0,0,0.05
12,46.1,922,stopped,0.0,0.479,7.708,7.479,0.229,-0.479,16.089,7.708,0.0,0.229,-0.479,0.115,0.0,0,0.1
12,46.15,923,stopped,0.0,0.436,7.685,7.436,0.249,-0.435,17.644,7.685,0.0,0.249,-0.435,0.119,0.0,0,0.15
12,46.2,924,stopped,0.0,0.426,7.662,7.426,0.236,-0.426,17.972,7.662,0.0,0.236,-0.426,0.117,0.0,0,0.2
12,46.25,925,stopped,0.0,0.454,7.64,7.454,0.186,-0.454,16.834,7.64,0.0,0.186,-0.454,0.11,0.0,0,0.25
12,46.3,926,stopped,0.0,0.424,7.618,7.424,0.194,-0.424,17.951,7.618,0.0,0.194,-0.424,0.112,0.0,1,0.0
12,46.35,927,stopped,0.0,0.411,7.598,7.411,0.187,-0.411,18.493,7.598,0.0,0.187,-0.411,0.111,0.0,0,0.05
12,46.4,928,stopped,0.0,0.374,7.578,7.374,0.204,-0.374,20.267,7.578,0.0,0.204,-0.374,0.115,0.0,1,0.0
12,46.45,929,stopped,0.0,0.363,7.559,7.363,0.196,-0.363,20.818,7.559,0.0,0.196,-0.363,0.114,0.0,1,0.0
12,46.5,930,stopped,0.0,0.354,7.541,7.354,0.187,-0.354,21.277,7.541,0.0,0.187,-0.354,0.113,0.0,1,0.0
12,46.55,931,stopped,0.0,0.316,7.524,7.316,0.207,-0.316,23.792,7.524,0.0,0.207,-0.316,0.117,0.0,1,0.0
12,46.6,932,stopped,0.0,0.319,7.507,7.319,0.188,-0.319,23.557,7.507,0.0,0.188,-0.319,0.114,0.0,0,0.05
12,46.65,933,stopped,0.0,0.3,7.491,7.3,0.191,-0.299,25.009,7.491,0.0,0.191,-0.299,0.115,0.0,1,0.0
12,46.7,934,stopped,0.0,0.294,7.475,7.294,0.181,-0.294,25.411,7.475,0.0,0.181,-0.294,0.114,0.0,0,0.05
12,46.75,935,stopped,0.0,0.326,7.46,7.326,0.134,-0.326,22.9,7.46,0.0,0.134,-0.326,0.107,0.0,1,0.0
12,46.8,936,stopped,0.0,0.286,7.445,7.286,0.159,-0.286,26.038,7.445,0.0,0.159,-0.286,0.112,0.0,0,0.05
12,46.85,937,stopped,0.0,0.269,7.432,7.269,0.162,-0.269,27.582,7.432,0.0,0.162,-0.269,0.113,0.0,1,0.0
12,46.9,938,stopped,0.0,0.26,7.419,7.26,0.159,-0.26,28.492,7.419,0.0,0.159,-0.26,0.112,0.0,0,0.05
12,46.95,939,stopped,0.0,0.274,7.406,7.274,0.132,-0.274,27.059,7.406,0.0,0.132,-0.274,0.108,0.0,1,0.0
12,47.0,940,stopped,0.0,0.24,7.393,7.24,0.153,-0.24,30.771,7.393,0.0,0.153,-0.24,0.112,0.0,1,0.0
12,47.05,941,stopped,0.0,0.212,7.381,7.212,0.17,-0.212,34.871,7.381,0.0,0.17,-0.212,0.116,0.0,0,0.05
12,47.1,942,stopped,0.0,0.253,7.37,7.253,0.117,-0.253,29.139,7.37,0.0,0.117,-0.253,0.107,0.0,0,0.1
12,47.15,943,stopped,0.0,0.207,7.359,7.207,0.152,-0.206,35.631,7.359,0.0,0.152,-0.206,0.113,0.0,0,0.15
12,47.2,944,stopped,0.0,0.209,7.348,7.209,0.139,-0.209,35.087,7.348,0.0,0.139,-0.209,0.112,0.0,0,0.2
12,47.25,945,stopped,0.0,0.181,7.339,7.181,0.157,-0.181,40.458,7.339,0.0,0.157,-0.181,0.115,0.0,0,0.25
12,47.3,946,stopped,0.0,0.154,7.329,7.154,0.175,-0.154,47.475,7.329,0.0,0.175,-0.154,0.118,0.0,1,0.0
12,47.35,947,stopped,0.0,0.168,7.32,7.168,0.152,-0.168,43.45,7.32,0.0,0.152,-0.168,0.115,0.0,0,0.05
