episode,time_sec,tick,leader_phase,leader_speed_mps,follower_speed_mps,distance_m,desired_distance_m,spacing_error_m,relative_velocity_mps,thw_sec,observed_distance_m,observed_lead_speed_mps,control_spacing_error_m,control_relative_velocity_mps,throttle,brake,comm_success,time_since_last_comm_success_sec
4,0.05,1,accelerate,0.0,0.0,12.825,7.0,5.825,0.0,128.247,12.825,0.0,5.825,0.0,0.778,0.0,0,0.05
4,0.1,2,accelerate,0.003,0.003,12.825,7.003,5.822,0.0,128.247,12.825,0.003,5.822,0.0,0.778,0.0,1,0.0
4,0.15,3,accelerate,0.001,0.001,12.825,7.001,5.824,0.0,128.247,12.825,0.003,5.824,0.002,0.78,0.0,0,0.05
4,0.2,4,accelerate,0.0,0.0,12.825,7.0,5.825,-0.0,128.247,12.825,0.003,5.825,0.003,0.781,0.0,0,0.1
4,0.25,5,accelerate,0.0,0.001,12.825,7.001,5.824,-0.0,128.247,12.825,0.0,5.824,-0.0,0.781,0.0,1,0.0
4,0.3,6,accelerate,0.001,0.001,12.825,7.001,5.824,-0.0,128.247,12.825,0.001,5.824,-0.0,0.782,0.0,1,0.0
4,0.35,7,accelerate,0.001,0.001,12.825,7.001,5.824,-0.0,128.247,12.825,0.001,5.824,0.0,0.783,0.0,0,0.05
4,0.4,8,accelerate,0.0,0.0,12.825,7.0,5.824,-0.0,128.247,12.825,0.001,5.824,0.0,0.784,0.0,0,0.1
4,0.45,9,accelerate,0.0,0.0,12.825,7.0,5.824,-0.0,128.247,12.825,0.0,5.824,-0.0,0.785,0.0,1,0.0
4,0.5,10,accelerate,0.0,0.0,12.825,7.0,5.825,-0.0,128.247,12.825,0.0,5.825,0.0,0.786,0.0,0,0.05
4,0.55,11,accelerate,0.0,0.0,12.825,7.0,5.825,-0.0,128.247,12.825,0.0,5.825,0.0,0.787,0.0,0,0.1
4,0.6,12,accelerate,0.0,0.0,12.825,7.0,5.825,-0.0,128.247,12.825,0.0,5.825,-0.0,0.788,0.0,1,0.0
4,0.65,13,accelerate,0.158,0.305,12.82,7.305,5.515,-0.146,42.097,12.818,0.0,5.514,-0.304,0.738,0.0,0,0.05
4,0.7,14,accelerate,0.518,0.628,12.815,7.628,5.187,-0.11,20.408,12.815,0.518,5.187,-0.11,0.701,0.0,1,0.0
4,0.75,15,accelerate,0.821,0.892,12.812,7.892,4.92,-0.071,14.361,12.812,0.821,4.92,-0.071,0.668,0.0,1,0.0
4,0.8,16,accelerate,1.035,1.011,12.814,8.011,4.803,0.024,12.672,12.767,0.821,4.755,-0.19,0.643,0.0,0,0.05
4,0.85,17,accelerate,1.162,1.139,12.817,8.139,4.677,0.023,11.25,12.817,1.162,4.677,0.023,0.64,0.0,1,0.0
4,0.9,18,accelerate,1.301,1.238,12.821,8.238,4.583,0.063,10.353,12.821,1.301,4.583,0.063,0.63,0.0,1,0.0
4,0.95,19,accelerate,1.417,1.321,12.827,8.321,4.506,0.096,9.709,12.827,1.417,4.506,0.096,0.621,0.0,1,0.0
4,1.0,20,accelerate,1.543,1.471,12.833,8.471,4.363,0.072,8.727,12.76,1.417,4.289,-0.053,0.588,0.0,0,0.05
4,1.05,21,accelerate,1.645,1.543,12.84,8.543,4.297,0.102,8.323,12.84,1.645,4.297,0.102,0.595,0.0,1,0.0
4,1.1,22,accelerate,1.806,1.611,12.851,8.611,4.239,0.195,7.976,12.851,1.806,4.239,0.195,0.591,0.0,1,0.0
4,1.15,23,accelerate,1.917,1.682,12.864,8.682,4.182,0.236,7.649,12.864,1.917,4.182,0.236,0.586,0.0,1,0.0
4,1.2,24,accelerate,2.082,1.75,12.881,8.75,4.131,0.332,7.36,12.781,1.917,4.031,0.167,0.564,0.0,0,0.05
4,1.25,25,accelerate,2.228,1.822,12.902,8.822,4.08,0.406,7.08,12.694,1.917,3.872,0.095,0.541,0.0,0,0.1
4,1.3,26,accelerate,2.418,1.889,12.928,8.889,4.04,0.529,6.846,12.928,2.418,4.04,0.529,0.578,0.0,1,0.0
4,1.35,27,accelerate,2.584,1.961,12.96,8.961,3.999,0.623,6.609,12.96,2.584,3.999,0.623,0.577,0.0,1,0.0
4,1.4,28,accelerate,2.755,2.034,12.997,9.034,3.963,0.722,6.391,12.863,2.584,3.83,0.551,0.552,0.0,0,0.05
4,1.45,29,accelerate,2.842,2.113,13.036,9.113,3.923,0.729,6.17,12.763,2.584,3.65,0.471,0.526,0.0,0,0.1
4,1.5,30,accelerate,2.887,2.187,13.075,9.187,3.888,0.7,5.979,12.658,2.584,3.471,0.398,0.501,0.0,0,0.15
4,1.55,31,accelerate,2.886,2.26,13.11,9.26,3.85,0.627,5.801,12.55,2.584,3.29,0.324,0.475,0.0,0,0.2
4,1.6,32,accelerate,2.919,2.322,13.144,9.322,3.821,0.597,5.66,12.439,2.584,3.117,0.262,0.45,0.0,0,0.25
4,1.65,33,accelerate,2.98,2.366,13.176,9.366,3.81,0.614,5.569,13.176,2.98,3.81,0.614,0.555,0.0,1,0.0
4,1.7,34,accelerate,3.108,2.396,13.212,9.396,3.816,0.712,5.513,13.06,2.98,3.664,0.583,0.535,0.0,0,0.05
4,1.75,35,accelerate,3.256,2.449,13.253,9.449,3.804,0.807,5.412,12.942,2.98,3.493,0.531,0.511,0.0,0,0.1
4,1.8,36,accelerate,3.447,2.518,13.299,9.518,3.781,0.929,5.282,13.299,3.447,3.781,0.929,0.563,0.0,1,0.0
4,1.85,37,accelerate,3.624,2.594,13.35,9.594,3.756,1.029,5.146,13.173,3.447,3.578,0.852,0.534,0.0,0,0.05
4,1.9,38,accelerate,3.752,2.668,13.405,9.668,3.737,1.084,5.025,13.405,3.752,3.737,1.084,0.564,0.0,1,0.0
4,1.95,39,accelerate,3.783,2.75,13.459,9.75,3.71,1.033,4.895,13.271,3.752,3.522,1.002,0.533,0.0,0,0.05
4,2.0,40,accelerate,3.783,2.828,13.51,9.828,3.681,0.954,4.776,13.51,3.783,3.681,0.954,0.553,0.0,1,0.0
4,2.05,41,accelerate,3.797,2.914,13.557,9.914,3.643,0.884,4.653,13.368,3.783,3.454,0.869,0.521,0.0,0,0.05
4,2.1,42,accelerate,3.888,2.994,13.602,9.994,3.608,0.895,4.544,13.221,3.783,3.228,0.789,0.488,0.0,0,0.1
4,2.15,43,accelerate,4.026,3.072,13.649,10.072,3.577,0.953,4.443,13.649,4.026,3.577,0.953,0.541,0.0,1,0.0
4,2.2,44,accelerate,4.199,3.145,13.701,10.145,3.556,1.054,4.356,13.701,4.199,3.556,1.054,0.542,0.0,1,0.0
4,2.25,45,accelerate,4.381,3.226,13.758,10.226,3.532,1.155,4.264,13.758,4.381,3.532,1.155,0.543,0.0,1,0.0
4,2.3,46,accelerate,4.541,3.307,13.819,10.307,3.512,1.233,4.178,13.596,4.381,3.288,1.073,0.508,0.0,0,0.05
4,2.35,47,accelerate,4.619,3.391,13.882,10.391,3.491,1.228,4.094,13.882,4.619,3.491,1.228,0.541,0.0,1,0.0
4,2.4,48,accelerate,4.628,3.471,13.943,10.471,3.472,1.156,4.017,13.943,4.628,3.472,1.156,0.537,0.0,1,0.0
4,2.45,49,accelerate,4.627,3.556,13.999,10.556,3.442,1.071,3.936,13.999,4.627,3.442,1.071,0.53,0.0,1,0.0
4,2.5,50,accelerate,4.685,3.639,14.052,10.639,3.413,1.045,3.861,13.82,4.627,3.181,0.988,0.493,0.0,0,0.05
4,2.55,51,accelerate,4.803,3.706,14.107,10.706,3.401,1.097,3.807,14.107,4.803,3.401,1.097,0.527,0.0,1,0.0
4,2.6,52,accelerate,4.956,3.778,14.165,10.778,3.387,1.178,3.749,14.165,4.956,3.387,1.178,0.528,0.0,1,0.0
4,2.65,53,accelerate,5.128,3.859,14.227,10.859,3.369,1.269,3.687,14.227,5.128,3.369,1.269,0.529,0.0,1,0.0
4,2.7,54,accelerate,5.243,3.935,14.293,10.935,3.358,1.307,3.632,14.293,5.243,3.358,1.307,0.53,0.0,1,0.0
4,2.75,55,accelerate,5.09,4.015,14.352,11.015,3.338,1.075,3.575,14.352,5.09,3.338,1.075,0.52,0.0,1,0.0
4,2.8,56,accelerate,5.093,4.09,14.404,11.09,3.314,1.004,3.522,14.15,5.09,3.06,1.0,0.481,0.0,0,0.05
4,2.85,57,accelerate,5.0,4.159,14.45,11.159,3.29,0.84,3.474,14.45,5.0,3.29,0.84,0.507,0.0,1,0.0
4,2.9,58,accelerate,5.459,4.222,14.505,11.222,3.283,1.237,3.436,14.241,5.0,3.019,0.778,0.469,0.0,0,0.05
4,2.95,59,accelerate,5.818,4.267,14.577,11.267,3.31,1.551,3.416,14.577,5.818,3.31,1.551,0.534,0.0,1,0.0
4,3.0,60,accelerate,5.924,4.329,14.657,11.329,3.328,1.595,3.386,14.363,5.818,3.034,1.489,0.496,0.0,0,0.05
4,3.05,61,accelerate,5.894,4.393,14.734,11.393,3.341,1.501,3.354,14.145,5.818,2.752,1.425,0.457,0.0,0,0.1
4,3.1,62,accelerate,5.845,4.446,14.806,11.446,3.361,1.4,3.331,13.924,5.818,2.478,1.372,0.419,0.0,0,0.15
4,3.15,63,accelerate,5.815,4.485,14.874,11.485,3.39,1.33,3.317,14.874,5.815,3.39,1.33,0.539,0.0,1,0.0
4,3.2,64,accelerate,5.815,4.523,14.94,11.523,3.417,1.292,3.303,14.65,5.815,3.127,1.292,0.504,0.0,0,0.05
4,3.25,65,accelerate,5.848,4.574,15.004,11.574,3.43,1.274,3.28,14.422,5.815,2.848,1.241,0.465,0.0,0,0.1
4,3.3,66,accelerate,5.915,4.622,15.069,11.622,3.447,1.293,3.26,14.193,5.815,2.571,1.193,0.427,0.0,0,0.15
4,3.35,67,accelerate,6.014,4.659,15.136,11.659,3.476,1.355,3.249,13.961,5.815,2.302,1.156,0.39,0.0,0,0.2
4,3.4,68,accelerate,6.142,4.666,15.207,11.666,3.541,1.475,3.259,15.207,6.142,3.541,1.475,0.567,0.0,1,0.0
4,3.45,69,accelerate,6.136,4.694,15.28,11.694,3.586,1.442,3.255,14.973,6.142,3.28,1.448,0.532,0.0,0,0.05
4,3.5,70,accelerate,6.131,4.743,15.351,11.743,3.608,1.388,3.236,15.351,6.131,3.608,1.388,0.574,0.0,1,0.0
4,3.55,71,accelerate,6.633,4.808,15.43,11.808,3.623,1.826,3.21,15.43,6.633,3.623,1.826,0.591,0.0,1,0.0
4,3.6,72,accelerate,7.16,4.888,15.536,11.888,3.648,2.272,3.178,15.188,6.633,3.3,1.745,0.546,0.0,0,0.05
4,3.65,73,accelerate,7.555,4.972,15.659,11.972,3.687,2.583,3.149,15.659,7.555,3.687,2.583,0.626,0.0,1,0.0
4,3.7,74,accelerate,7.722,5.063,15.792,12.063,3.729,2.659,3.119,15.792,7.722,3.729,2.659,0.635,0.0,1,0.0
4,3.75,75,accelerate,7.703,5.136,15.922,12.136,3.786,2.567,3.1,15.537,7.722,3.4,2.586,0.589,0.0,0,0.05
4,3.8,76,accelerate,7.626,5.004,16.052,12.004,4.048,2.621,3.208,15.284,7.722,3.279,2.718,0.578,0.0,0,0.1
4,3.85,77,accelerate,7.518,5.137,16.177,12.137,4.04,2.381,3.149,16.177,7.518,4.04,2.381,0.669,0.0,1,0.0
4,3.9,78,accelerate,7.405,5.223,16.288,12.223,4.065,2.182,3.119,15.916,7.518,3.693,2.295,0.62,0.0,0,0.05
4,3.95,79,accelerate,7.305,5.17,16.396,12.17,4.226,2.135,3.171,15.657,7.518,3.487,2.348,0.595,0.0,0,0.1
4,4.0,80,accelerate,7.248,5.139,16.502,12.139,4.363,2.109,3.211,16.502,7.248,4.363,2.109,0.705,0.0,1,0.0
4,4.05,81,accelerate,7.239,5.122,16.607,12.122,4.485,2.117,3.242,16.246,7.248,4.123,2.126,0.674,0.0,0,0.05
4,4.1,82,accelerate,7.276,5.126,16.714,12.126,4.588,2.149,3.261,16.714,7.276,4.588,2.149,0.738,0.0,1,0.0
4,4.15,83,accelerate,7.341,5.152,16.823,12.152,4.671,2.189,3.265,16.457,7.276,4.306,2.124,0.7,0.0,0,0.05
4,4.2,84,accelerate,7.448,5.213,16.934,12.213,4.72,2.235,3.248,16.934,7.448,4.72,2.235,0.76,0.0,1,0.0
4,4.25,85,accelerate,7.583,5.305,17.047,12.305,4.742,2.278,3.213,17.047,7.583,4.742,2.278,0.765,0.0,1,0.0
4,4.3,86,accelerate,7.741,5.43,17.162,12.43,4.732,2.311,3.161,16.778,7.583,4.348,2.153,0.709,0.0,0,0.05
4,4.35,87,accelerate,7.905,5.581,17.277,12.581,4.696,2.324,3.096,16.502,7.583,3.921,2.002,0.647,0.0,0,0.1
4,4.4,88,accelerate,8.086,5.738,17.394,12.738,4.656,2.349,3.032,17.394,8.086,4.656,2.349,0.758,0.0,1,0.0
4,4.45,89,accelerate,8.279,5.866,17.512,12.866,4.646,2.413,2.985,17.103,8.086,4.236,2.22,0.698,0.0,0,0.05
4,4.5,90,accelerate,8.479,5.85,17.639,12.85,4.789,2.629,3.015,17.639,8.479,4.789,2.629,0.786,0.0,1,0.0
4,4.55,91,accelerate,8.672,5.849,17.776,12.849,4.927,2.823,3.039,17.776,8.672,4.927,2.823,0.812,0.0,1,0.0
4,4.6,92,accelerate,8.875,6.521,17.903,13.521,4.382,2.354,2.746,17.465,8.672,3.944,2.151,0.659,0.0,0,0.05
4,4.65,93,accelerate,9.083,7.029,18.009,14.029,3.979,2.054,2.562,17.122,8.672,3.092,1.643,0.529,0.0,0,0.1
4,4.7,94,accelerate,9.294,7.414,18.104,14.414,3.69,1.88,2.442,18.104,9.294,3.69,1.88,0.617,0.0,1,0.0
4,4.75,95,accelerate,9.471,7.665,18.193,14.665,3.528,1.806,2.373,17.725,9.294,3.059,1.629,0.526,0.0,0,0.05
4,4.8,96,accelerate,9.572,7.814,18.28,14.814,3.465,1.758,2.339,18.28,9.572,3.465,1.758,0.585,0.0,1,0.0
4,4.85,97,accelerate,9.588,7.943,18.361,14.943,3.418,1.644,2.312,17.885,9.572,2.942,1.629,0.511,0.0,0,0.05
4,4.9,98,accelerate,9.536,8.055,18.435,15.055,3.379,1.481,2.289,18.435,9.536,3.379,1.481,0.565,0.0,1,0.0
4,4.95,99,accelerate,9.505,8.152,18.5,15.152,3.348,1.352,2.269,18.029,9.536,2.877,1.384,0.495,0.0,0,0.05
4,5.0,100,accelerate,9.53,8.239,18.561,15.239,3.322,1.291,2.253,17.619,9.536,2.381,1.298,0.427,0.0,0,0.1
4,5.05,101,accelerate,9.595,8.306,18.62,15.306,3.314,1.289,2.242,18.62,9.595,3.314,1.289,0.551,0.0,1,0.0
4,5.1,102,accelerate,9.682,8.358,18.679,15.358,3.322,1.324,2.235,18.679,9.682,3.322,1.324,0.554,0.0,1,0.0
4,5.15,103,accelerate,9.807,8.414,18.74,15.414,3.326,1.394,2.227,18.26,9.682,2.847,1.268,0.489,0.0,0,0.05
4,5.2,104,accelerate,9.966,8.468,18.805,15.468,3.337,1.498,2.221,18.805,9.966,3.337,1.498,0.563,0.0,1,0.0
4,5.25,105,accelerate,10.118,8.52,18.873,15.52,3.354,1.599,2.215,18.381,9.966,2.861,1.446,0.498,0.0,0,0.05
4,5.3,106,accelerate,10.302,8.572,18.946,15.572,3.374,1.73,2.21,17.954,9.966,2.382,1.394,0.433,0.0,0,0.1
4,5.35,107,accelerate,10.492,8.614,19.025,15.614,3.411,1.877,2.209,17.525,9.966,1.911,1.352,0.369,0.0,0,0.15
4,5.4,108,accelerate,10.664,8.639,19.11,15.639,3.472,2.025,2.212,19.11,10.664,3.472,2.025,0.6,0.0,1,0.0
4,5.45,109,accelerate,10.69,8.653,19.197,15.653,3.544,2.038,2.219,19.197,10.69,3.544,2.038,0.611,0.0,1,0.0
4,5.5,110,accelerate,10.644,8.684,19.282,15.684,3.598,1.96,2.22,18.766,10.69,3.082,2.006,0.549,0.0,0,0.05
4,5.55,111,accelerate,10.944,8.729,19.371,15.729,3.641,2.214,2.219,18.332,10.69,2.603,1.961,0.484,0.0,0,0.1
4,5.6,112,accelerate,11.276,8.774,19.475,15.774,3.7,2.502,2.22,17.897,10.69,2.123,1.916,0.419,0.0,0,0.15
4,5.65,113,accelerate,11.476,8.808,19.587,15.808,3.779,2.668,2.224,19.587,11.476,3.779,2.668,0.665,0.0,1,0.0
4,5.7,114,accelerate,11.466,8.836,19.699,15.836,3.862,2.63,2.229,19.15,11.476,3.314,2.64,0.603,0.0,0,0.05
4,5.75,115,accelerate,11.413,8.884,19.804,15.884,3.92,2.529,2.229,18.712,11.476,2.828,2.592,0.537,0.0,0,0.1
4,5.8,116,accelerate,11.355,8.939,19.905,15.939,3.966,2.415,2.227,19.905,11.355,3.966,2.415,0.683,0.0,1,0.0
4,5.85,117,accelerate,11.294,9.002,20.001,16.002,3.999,2.292,2.222,19.464,11.355,3.462,2.353,0.615,0.0,0,0.05
4,5.9,118,accelerate,11.275,9.083,20.089,16.083,4.006,2.192,2.212,20.089,11.275,4.006,2.192,0.682,0.0,1,0.0
4,5.95,119,accelerate,11.316,9.175,20.174,16.175,3.999,2.14,2.199,20.174,11.316,3.999,2.14,0.68,0.0,1,0.0
4,6.0,120,accelerate,11.396,9.281,20.259,16.281,3.978,2.114,2.183,20.259,11.396,3.978,2.114,0.677,0.0,1,0.0
4,6.05,121,accelerate,11.469,9.403,20.343,16.403,3.939,2.065,2.163,19.803,11.396,3.4,1.992,0.597,0.0,0,0.05
4,6.1,122,accelerate,11.57,9.527,20.423,16.527,3.896,2.044,2.144,20.423,11.57,3.896,2.044,0.665,0.0,1,0.0
4,6.15,123,accelerate,11.639,9.635,20.499,16.635,3.864,2.004,2.128,19.958,11.57,3.323,1.935,0.586,0.0,0,0.05
4,6.2,124,accelerate,11.773,9.754,20.572,16.754,3.819,2.019,2.109,19.487,11.57,2.733,1.816,0.504,0.0,0,0.1
4,6.25,125,accelerate,11.913,9.853,20.651,16.853,3.798,2.061,2.096,19.012,11.57,2.16,1.718,0.424,0.0,0,0.15
4,6.3,126,accelerate,12.031,9.924,20.733,16.924,3.809,2.107,2.089,20.733,12.031,3.809,2.107,0.658,0.0,1,0.0
4,6.35,127,accelerate,12.157,9.965,20.817,16.965,3.852,2.193,2.089,20.817,12.157,3.852,2.193,0.667,0.0,1,0.0
4,6.4,128,accelerate,12.305,10.035,20.906,17.035,3.871,2.27,2.083,20.906,12.305,3.871,2.27,0.673,0.0,1,0.0
4,6.45,129,accelerate,12.41,10.125,20.997,17.125,3.873,2.285,2.074,20.997,12.41,3.873,2.285,0.674,0.0,1,0.0
4,6.5,130,accelerate,12.543,10.217,21.089,17.217,3.872,2.325,2.064,20.516,12.41,3.298,2.193,0.595,0.0,0,0.05
4,6.55,131,accelerate,12.688,10.328,21.184,17.328,3.856,2.36,2.051,20.028,12.41,2.7,2.083,0.512,0.0,0,0.1
4,6.6,132,accelerate,12.796,10.425,21.281,17.425,3.856,2.371,2.041,21.281,12.796,3.856,2.371,0.676,0.0,1,0.0
4,6.65,133,accelerate,12.924,10.492,21.379,17.492,3.887,2.432,2.038,21.379,12.924,3.887,2.432,0.683,0.0,1,0.0
4,6.7,134,accelerate,13.005,10.592,21.475,17.592,3.883,2.413,2.027,21.475,13.005,3.883,2.413,0.683,0.0,1,0.0
4,6.75,135,accelerate,13.139,10.708,21.571,17.708,3.864,2.431,2.015,21.571,13.139,3.864,2.431,0.681,0.0,1,0.0
4,6.8,136,accelerate,13.289,10.835,21.674,17.835,3.839,2.454,2.0,21.674,13.289,3.839,2.454,0.68,0.0,1,0.0
4,6.85,137,accelerate,13.401,10.949,21.778,17.949,3.829,2.452,1.989,21.778,13.401,3.829,2.452,0.679,0.0,1,0.0
4,6.9,138,accelerate,13.524,11.08,21.879,18.08,3.8,2.444,1.975,21.879,13.524,3.8,2.444,0.675,0.0,1,0.0
4,6.95,139,accelerate,13.598,11.214,21.979,18.214,3.765,2.384,1.96,21.367,13.524,3.154,2.31,0.585,0.0,0,0.05
4,7.0,140,accelerate,13.729,11.316,22.077,18.316,3.761,2.413,1.951,22.077,13.729,3.761,2.413,0.67,0.0,1,0.0
4,7.05,141,accelerate,13.878,11.426,22.179,18.426,3.753,2.453,1.941,21.556,13.729,3.13,2.303,0.583,0.0,0,0.05
4,7.1,142,accelerate,13.987,11.443,22.287,18.443,3.844,2.545,1.948,21.033,13.729,2.59,2.286,0.511,0.0,0,0.1
4,7.15,143,accelerate,14.108,11.402,22.401,18.402,3.999,2.706,1.965,20.508,13.729,2.106,2.327,0.448,0.0,0,0.15
4,7.2,144,accelerate,14.177,11.644,22.513,18.644,3.869,2.534,1.933,19.977,13.729,1.334,2.085,0.337,0.0,0,0.2
4,7.25,145,accelerate,14.301,11.916,22.615,18.916,3.699,2.384,1.898,22.615,14.301,3.699,2.384,0.663,0.0,1,0.0
4,7.3,146,accelerate,14.446,12.054,22.719,19.054,3.665,2.393,1.885,22.075,14.301,3.021,2.247,0.569,0.0,0,0.05
4,7.35,147,accelerate,14.541,12.175,22.824,19.175,3.649,2.366,1.875,22.824,14.541,3.649,2.366,0.657,0.0,1,0.0
4,7.4,148,accelerate,14.638,12.235,22.928,19.235,3.693,2.403,1.874,22.273,14.541,3.038,2.306,0.574,0.0,0,0.05
4,7.45,149,accelerate,14.677,12.331,23.03,19.331,3.699,2.345,1.868,23.03,14.677,3.699,2.345,0.664,0.0,1,0.0
4,7.5,150,accelerate,14.762,12.433,23.134,19.433,3.701,2.33,1.861,22.475,14.677,3.042,2.244,0.574,0.0,0,0.05
4,7.55,151,accelerate,14.873,12.493,23.245,19.493,3.752,2.38,1.861,21.913,14.677,2.421,2.184,0.489,0.0,0,0.1
4,7.6,152,accelerate,14.968,12.55,23.36,19.55,3.81,2.418,1.861,23.36,14.968,3.81,2.418,0.683,0.0,1,0.0
4,7.65,153,accelerate,15.096,12.613,23.482,19.613,3.869,2.483,1.862,23.482,15.096,3.869,2.483,0.694,0.0,1,0.0
4,7.7,154,accelerate,15.202,12.658,23.61,19.658,3.952,2.544,1.865,23.61,15.202,3.952,2.544,0.707,0.0,1,0.0
4,7.75,155,accelerate,15.338,12.739,23.743,19.739,4.004,2.599,1.864,23.043,15.202,3.305,2.463,0.619,0.0,0,0.05
4,7.8,156,accelerate,15.45,12.779,23.881,19.779,4.101,2.671,1.869,22.469,15.202,2.69,2.422,0.536,0.0,0,0.1
4,7.85,157,accelerate,15.552,12.857,24.024,19.857,4.167,2.695,1.869,21.888,15.202,2.031,2.345,0.446,0.0,0,0.15
4,7.9,158,accelerate,15.632,12.928,24.177,19.928,4.249,2.704,1.87,21.302,15.202,1.374,2.274,0.356,0.0,0,0.2
4,7.95,159,accelerate,15.689,12.933,24.334,19.933,4.401,2.756,1.882,24.334,15.689,4.401,2.756,0.777,0.0,1,0.0
4,8.0,160,accelerate,15.771,12.935,24.497,19.935,4.562,2.836,1.894,23.756,15.689,3.821,2.754,0.7,0.0,0,0.05
4,8.05,161,accelerate,15.866,12.978,24.668,19.978,4.689,2.888,1.901,24.668,15.866,4.689,2.888,0.821,0.0,1,0.0
4,8.1,162,accelerate,15.981,13.019,24.845,20.019,4.826,2.962,1.908,24.845,15.981,4.826,2.962,0.842,0.0,1,0.0
4,8.15,163,accelerate,16.008,13.118,25.026,20.118,4.908,2.891,1.908,24.259,15.981,4.142,2.863,0.748,0.0,0,0.05
4,8.2,164,accelerate,16.003,13.188,25.202,20.188,5.014,2.815,1.911,23.663,15.981,3.476,2.793,0.657,0.0,0,0.1
4,8.25,165,accelerate,16.106,13.306,25.376,20.306,5.07,2.8,1.907,23.058,15.981,2.752,2.675,0.556,0.0,0,0.15
4,8.3,166,accelerate,16.314,13.422,25.558,20.422,5.136,2.892,1.904,22.446,15.981,2.025,2.559,0.455,0.0,0,0.2
4,8.35,167,accelerate,16.49,13.471,25.747,20.471,5.276,3.019,1.911,25.747,16.49,5.276,3.019,0.904,0.0,1,0.0
4,8.4,168,accelerate,16.643,13.514,25.943,20.514,5.428,3.129,1.92,25.133,16.49,4.619,2.976,0.815,0.0,0,0.05
4,8.45,169,accelerate,16.774,13.605,26.143,20.605,5.538,3.169,1.922,26.143,16.774,5.538,3.169,0.944,0.0,1,0.0
4,8.5,170,accelerate,16.87,13.689,26.345,20.689,5.656,3.181,1.925,26.345,16.87,5.656,3.181,0.96,0.0,1,0.0
4,8.55,171,accelerate,16.934,13.838,26.544,20.838,5.706,3.096,1.918,25.711,16.87,4.874,3.032,0.851,0.0,0,0.05
4,8.6,172,accelerate,16.988,13.956,26.737,20.956,5.781,3.032,1.916,25.065,16.87,4.11,2.914,0.745,0.0,0,0.1
4,8.65,173,accelerate,17.05,14.124,26.923,21.124,5.799,2.926,1.906,24.407,16.87,3.283,2.746,0.629,0.0,0,0.15
4,8.7,174,accelerate,17.129,14.22,27.104,21.22,5.884,2.909,1.906,23.738,16.87,2.518,2.65,0.524,0.0,0,0.2
4,8.75,175,accelerate,17.219,14.332,27.281,21.332,5.949,2.887,1.903,23.058,16.87,1.726,2.538,0.415,0.0,0,0.25
4,8.8,176,accelerate,17.316,14.423,27.457,21.423,6.034,2.893,1.904,27.457,17.316,6.034,2.893,1.0,0.0,1,0.0
4,8.85,177,accelerate,17.417,14.452,27.634,21.452,6.182,2.965,1.912,26.77,17.316,5.318,2.864,0.905,0.0,0,0.05
4,8.9,178,accelerate,17.522,14.509,27.811,21.509,6.302,3.013,1.917,27.811,17.522,6.302,3.013,1.0,0.0,1,0.0
4,8.95,179,accelerate,17.629,14.568,27.987,21.568,6.418,3.061,1.921,27.11,17.522,5.542,2.954,0.937,0.0,0,0.05
4,9.0,180,accelerate,17.737,14.727,28.158,21.727,6.431,3.01,1.912,26.399,17.522,4.673,2.795,0.816,0.0,0,0.1
4,9.05,181,accelerate,17.846,14.708,28.327,21.708,6.619,3.138,1.926,25.679,17.522,3.971,2.814,0.723,0.0,0,0.15
4,9.1,182,accelerate,17.955,14.687,28.5,21.687,6.813,3.268,1.94,24.958,17.522,3.271,2.835,0.631,0.0,0,0.2
4,9.15,183,accelerate,18.065,14.812,28.676,21.812,6.864,3.253,1.936,28.676,18.065,6.864,3.253,1.0,0.0,1,0.0
4,9.2,184,accelerate,18.176,15.02,28.845,22.02,6.824,3.155,1.92,27.939,18.065,5.919,3.045,0.991,0.0,0,0.05
4,9.25,185,accelerate,18.286,15.24,29.007,22.24,6.767,3.047,1.903,29.007,18.286,6.767,3.047,1.0,0.0,1,0.0
4,9.3,186,accelerate,18.397,15.423,29.163,22.423,6.74,2.974,1.891,29.163,18.397,6.74,2.974,1.0,0.0,1,0.0
4,9.35,187,accelerate,18.508,15.64,29.313,22.64,6.674,2.868,1.874,29.313,18.508,6.674,2.868,1.0,0.0,1,0.0
4,9.4,188,accelerate,18.616,15.856,29.458,22.856,6.602,2.76,1.858,28.53,18.508,5.674,2.652,0.945,0.0,0,0.05
4,9.45,189,accelerate,18.718,16.04,29.597,23.04,6.557,2.678,1.845,29.597,18.718,6.557,2.678,1.0,0.0,1,0.0
4,9.5,190,accelerate,18.813,16.25,29.731,23.25,6.48,2.563,1.83,28.792,18.718,5.542,2.468,0.921,0.0,0,0.05
4,9.55,191,accelerate,18.904,16.437,29.858,23.437,6.421,2.467,1.817,29.858,18.904,6.421,2.467,1.0,0.0,1,0.0
4,9.6,192,accelerate,18.996,16.642,29.98,23.642,6.338,2.353,1.801,29.032,18.904,5.39,2.262,0.894,0.0,0,0.05
4,9.65,193,accelerate,19.092,16.835,30.096,23.835,6.262,2.257,1.788,30.096,19.092,6.262,2.257,1.0,0.0,1,0.0
4,9.7,194,accelerate,19.192,17.033,30.207,24.033,6.174,2.159,1.773,30.207,19.192,6.174,2.159,0.995,0.0,1,0.0
4,9.75,195,accelerate,19.297,17.229,30.314,24.229,6.084,2.067,1.759,29.351,19.192,5.122,1.963,0.848,0.0,0,0.05
4,9.8,196,cruise,19.403,17.43,30.415,24.43,5.985,1.973,1.745,28.484,19.192,4.055,1.763,0.699,0.0,0,0.1
4,9.85,197,cruise,19.509,17.6,30.512,24.6,5.912,1.909,1.734,27.608,19.192,3.008,1.592,0.554,0.0,0,0.15
4,9.9,198,cruise,19.615,17.74,30.607,24.74,5.867,1.875,1.725,30.607,19.615,5.867,1.875,0.945,0.0,1,0.0
4,9.95,199,cruise,19.722,17.848,30.701,24.848,5.854,1.875,1.72,29.717,19.615,4.87,1.767,0.808,0.0,0,0.05
4,10.0,200,cruise,19.831,17.965,30.795,24.965,5.83,1.866,1.714,28.822,19.615,3.857,1.65,0.669,0.0,0,0.1
4,10.05,201,cruise,19.933,18.08,30.888,25.08,5.808,1.852,1.708,27.92,19.615,2.84,1.535,0.53,0.0,0,0.15
4,10.1,202,cruise,20.007,18.171,30.981,25.171,5.809,1.836,1.705,30.981,20.007,5.809,1.836,0.936,0.0,1,0.0
4,10.15,203,cruise,20.016,18.25,31.071,25.25,5.821,1.766,1.703,31.071,20.016,5.821,1.766,0.935,0.0,1,0.0
4,10.2,204,cruise,19.955,18.35,31.155,25.35,5.805,1.605,1.698,31.155,19.955,5.805,1.605,0.928,0.0,1,0.0
4,10.25,205,cruise,19.867,18.479,31.229,25.479,5.749,1.387,1.69,31.229,19.867,5.749,1.387,0.913,0.0,1,0.0
4,10.3,206,cruise,19.781,18.626,31.291,25.626,5.665,1.156,1.68,30.301,19.867,4.675,1.241,0.765,0.0,0,0.05
4,10.35,207,cruise,19.73,18.776,31.343,25.776,5.567,0.955,1.669,29.365,19.867,3.589,1.091,0.615,0.0,0,0.1
4,10.4,208,cruise,19.73,18.906,31.386,25.906,5.481,0.825,1.66,28.422,19.867,2.517,0.961,0.468,0.0,0,0.15
4,10.45,209,cruise,19.767,19.002,31.425,26.002,5.423,0.765,1.654,31.425,19.767,5.423,0.765,0.849,0.0,1,0.0
4,10.5,210,cruise,19.828,19.072,31.464,26.072,5.391,0.756,1.65,31.464,19.828,5.391,0.756,0.844,0.0,1,0.0
4,10.55,211,cruise,19.899,19.158,31.501,26.158,5.343,0.74,1.644,31.501,19.899,5.343,0.74,0.837,0.0,1,0.0
4,10.6,212,cruise,19.954,19.265,31.537,26.265,5.272,0.689,1.637,30.54,19.899,4.275,0.634,0.691,0.0,0,0.05
4,10.65,213,cruise,19.966,19.377,31.569,26.377,5.192,0.59,1.629,31.569,19.966,5.192,0.59,0.812,0.0,1,0.0
4,10.7,214,cruise,19.933,19.485,31.594,26.485,5.109,0.448,1.621,30.597,19.966,4.111,0.481,0.664,0.0,0,0.05
4,10.75,215,cruise,19.875,19.595,31.611,26.595,5.016,0.28,1.613,31.611,19.875,5.016,0.28,0.778,0.0,1,0.0
4,10.8,216,cruise,19.817,19.7,31.62,26.7,4.921,0.117,1.605,30.628,19.875,3.929,0.175,0.63,0.0,0,0.05
4,10.85,217,cruise,19.785,19.801,31.622,26.801,4.821,-0.016,1.597,29.64,19.875,2.839,0.074,0.481,0.0,0,0.1
4,10.9,218,cruise,19.794,19.88,31.619,26.88,4.738,-0.087,1.59,28.648,19.875,1.768,-0.005,0.335,0.0,0,0.15
4,10.95,219,cruise,19.836,19.924,31.614,26.924,4.69,-0.088,1.587,31.614,19.836,4.69,-0.088,0.722,0.0,1,0.0
4,11.0,220,cruise,19.893,19.941,31.611,26.941,4.67,-0.049,1.585,30.617,19.836,3.676,-0.105,0.587,0.0,0,0.05
4,11.05,221,cruise,19.936,19.966,31.609,26.966,4.643,-0.03,1.583,31.609,19.936,4.643,-0.03,0.718,0.0,1,0.0
4,11.1,222,cruise,19.945,20.004,31.607,27.004,4.604,-0.059,1.58,30.61,19.936,3.606,-0.068,0.579,0.0,0,0.05
4,11.15,223,cruise,19.918,20.052,31.602,27.052,4.55,-0.134,1.576,29.608,19.936,2.556,-0.117,0.437,0.0,0,0.1
4,11.2,224,cruise,19.872,20.09,31.593,27.09,4.503,-0.218,1.573,31.593,19.872,4.503,-0.218,0.693,0.0,1,0.0
4,11.25,225,cruise,19.828,20.117,31.58,27.117,4.463,-0.289,1.57,31.58,19.828,4.463,-0.289,0.685,0.0,1,0.0
4,11.3,226,cruise,19.806,20.16,31.563,27.16,4.403,-0.354,1.566,31.563,19.806,4.403,-0.354,0.675,0.0,1,0.0
4,11.35,227,cruise,19.817,20.216,31.544,27.216,4.328,-0.399,1.56,31.544,19.817,4.328,-0.399,0.664,0.0,1,0.0
4,11.4,228,cruise,19.853,20.278,31.523,27.278,4.245,-0.426,1.555,30.532,19.817,3.253,-0.462,0.518,0.0,0,0.05
4,11.45,229,cruise,19.895,20.336,31.502,27.336,4.165,-0.441,1.549,29.516,19.817,2.18,-0.52,0.373,0.0,0,0.1
4,11.5,230,cruise,19.923,20.371,31.479,27.371,4.109,-0.448,1.545,31.479,19.923,4.109,-0.448,0.633,0.0,1,0.0
4,11.55,231,cruise,19.923,20.387,31.457,27.387,4.07,-0.464,1.543,31.457,19.923,4.07,-0.464,0.627,0.0,1,0.0
4,11.6,232,cruise,19.899,20.415,31.432,27.415,4.017,-0.516,1.54,30.437,19.923,3.022,-0.492,0.487,0.0,0,0.05
4,11.65,233,cruise,19.864,20.445,31.404,27.445,3.96,-0.581,1.536,31.404,19.864,3.96,-0.581,0.609,0.0,1,0.0
4,11.7,234,cruise,19.835,20.471,31.373,27.471,3.902,-0.636,1.533,31.373,19.835,3.902,-0.636,0.599,0.0,1,0.0
4,11.75,235,cruise,19.826,20.505,31.34,27.505,3.835,-0.679,1.528,31.34,19.826,3.835,-0.679,0.589,0.0,1,0.0
4,11.8,236,cruise,19.839,20.543,31.306,27.543,3.763,-0.704,1.524,31.306,19.839,3.763,-0.704,0.578,0.0,1,0.0
4,11.85,237,cruise,19.867,20.581,31.27,27.581,3.689,-0.714,1.519,31.27,19.867,3.689,-0.714,0.568,0.0,1,0.0
4,11.9,238,cruise,19.894,20.619,31.234,27.619,3.615,-0.725,1.515,31.234,19.894,3.615,-0.725,0.558,0.0,1,0.0
4,11.95,239,cruise,19.907,20.654,31.197,27.654,3.543,-0.747,1.51,30.202,19.894,2.548,-0.76,0.414,0.0,0,0.05
4,12.0,240,cruise,19.902,20.68,31.159,27.68,3.479,-0.778,1.507,29.168,19.894,1.489,-0.786,0.272,0.0,0,0.1
4,12.05,241,cruise,19.882,20.679,31.119,27.679,3.441,-0.796,1.505,31.119,19.882,3.441,-0.796,0.532,0.0,1,0.0
4,12.1,242,cruise,19.86,20.658,31.08,27.658,3.421,-0.798,1.504,30.086,19.882,2.428,-0.776,0.398,0.0,0,0.05
4,12.15,243,cruise,19.845,20.641,31.04,27.641,3.399,-0.796,1.504,29.054,19.882,1.413,-0.758,0.263,0.0,0,0.1
4,12.2,244,cruise,19.845,20.611,31.001,27.611,3.389,-0.767,1.504,28.023,19.882,0.411,-0.729,0.131,0.0,0,0.15
4,12.25,245,cruise,19.857,20.556,30.964,27.556,3.408,-0.699,1.506,26.994,19.882,-0.563,-0.674,0.002,0.0,0,0.2
4,12.3,246,cruise,19.875,20.47,30.932,27.47,3.462,-0.595,1.511,30.932,19.875,3.462,-0.595,0.542,0.0,1,0.0
4,12.35,247,cruise,19.889,20.363,30.906,27.363,3.543,-0.474,1.518,30.906,19.889,3.543,-0.474,0.557,0.0,1,0.0
4,12.4,248,cruise,19.893,20.276,30.886,27.276,3.61,-0.382,1.523,29.891,19.889,2.615,-0.386,0.436,0.0,0,0.05
4,12.45,249,cruise,19.887,20.22,30.868,27.22,3.649,-0.333,1.527,30.868,19.887,3.649,-0.333,0.575,0.0,1,0.0
4,12.5,250,cruise,19.873,20.184,30.852,27.184,3.668,-0.311,1.529,30.852,19.873,3.668,-0.311,0.579,0.0,1,0.0
4,12.55,251,cruise,19.861,20.175,30.837,27.175,3.662,-0.314,1.528,29.843,19.873,2.669,-0.301,0.446,0.0,0,0.05
4,12.6,252,cruise,19.855,20.174,30.821,27.174,3.646,-0.32,1.528,30.821,19.855,3.646,-0.32,0.576,0.0,1,0.0
4,12.65,253,cruise,19.857,20.176,30.805,27.176,3.628,-0.319,1.527,30.805,19.857,3.628,-0.319,0.573,0.0,1,0.0
4,12.7,254,cruise,19.867,20.19,30.789,27.19,3.598,-0.324,1.525,30.789,19.867,3.598,-0.324,0.569,0.0,1,0.0
4,12.75,255,cruise,19.877,20.212,30.772,27.212,3.56,-0.335,1.522,30.772,19.877,3.56,-0.335,0.564,0.0,1,0.0
4,12.8,256,cruise,19.884,20.238,30.755,27.238,3.517,-0.354,1.52,29.761,19.877,2.523,-0.361,0.424,0.0,0,0.05
4,12.85,257,cruise,19.884,20.258,30.736,27.258,3.478,-0.374,1.517,30.736,19.884,3.478,-0.374,0.551,0.0,1,0.0
4,12.9,258,cruise,19.878,20.271,30.717,27.271,3.447,-0.393,1.515,30.717,19.878,3.447,-0.393,0.546,0.0,1,0.0
4,12.95,259,cruise,19.869,20.288,30.697,27.288,3.409,-0.418,1.513,29.703,19.878,2.415,-0.41,0.408,0.0,0,0.05
4,13.0,260,cruise,19.863,20.3,30.675,27.3,3.375,-0.437,1.511,30.675,19.863,3.375,-0.437,0.535,0.0,1,0.0
4,13.05,261,cruise,19.861,20.305,30.653,27.305,3.348,-0.444,1.51,30.653,19.861,3.348,-0.444,0.532,0.0,1,0.0
4,13.1,262,cruise,19.865,20.316,30.631,27.316,3.315,-0.451,1.508,29.637,19.861,2.322,-0.454,0.394,0.0,0,0.05
4,13.15,263,cruise,19.871,20.322,30.608,27.322,3.286,-0.451,1.506,28.621,19.861,1.3,-0.46,0.258,0.0,0,0.1
4,13.2,264,cruise,19.877,20.307,30.586,27.307,3.279,-0.43,1.506,30.586,19.877,3.279,-0.43,0.523,0.0,1,0.0
4,13.25,265,cruise,19.879,20.276,30.566,27.276,3.29,-0.397,1.507,30.566,19.879,3.29,-0.397,0.525,0.0,1,0.0
4,13.3,266,cruise,19.878,20.259,30.546,27.259,3.287,-0.381,1.508,30.546,19.878,3.287,-0.381,0.526,0.0,1,0.0
4,13.35,267,cruise,19.873,20.255,30.527,27.255,3.273,-0.381,1.507,29.534,19.878,2.279,-0.377,0.391,0.0,0,0.05
4,13.4,268,cruise,19.869,20.25,30.508,27.25,3.258,-0.382,1.507,30.508,19.869,3.258,-0.382,0.522,0.0,1,0.0
4,13.45,269,cruise,19.866,20.243,30.489,27.243,3.247,-0.377,1.506,29.496,19.869,2.253,-0.374,0.388,0.0,0,0.05
4,13.5,270,cruise,19.866,20.235,30.471,27.235,3.235,-0.369,1.506,28.484,19.869,1.249,-0.367,0.254,0.0,0,0.1
4,13.55,271,cruise,19.869,20.211,30.453,27.211,3.241,-0.343,1.507,30.453,19.869,3.241,-0.343,0.521,0.0,1,0.0
4,13.6,272,cruise,19.873,20.175,30.437,27.175,3.262,-0.302,1.509,29.443,19.869,2.268,-0.306,0.392,0.0,0,0.05
4,13.65,273,cruise,19.875,20.147,30.423,27.147,3.276,-0.271,1.51,28.435,19.869,1.289,-0.278,0.263,0.0,0,0.1
4,13.7,274,cruise,19.876,20.11,30.41,27.11,3.3,-0.234,1.512,27.429,19.869,0.319,-0.241,0.135,0.0,0,0.15
4,13.75,275,cruise,19.874,20.052,30.4,27.052,3.348,-0.178,1.516,26.425,19.869,-0.627,-0.184,0.01,0.0,0,0.2
4,13.8,276,cruise,19.872,19.966,30.394,26.966,3.428,-0.094,1.522,25.425,19.869,-1.541,-0.097,0.0,0.082,0,0.25
4,13.85,277,cruise,19.869,19.84,30.393,26.84,3.552,0.029,1.532,24.431,19.869,-2.41,0.028,0.0,0.166,0,0.3
4,13.9,278,cruise,19.868,19.681,30.399,26.681,3.718,0.187,1.545,30.399,19.868,3.718,0.187,0.602,0.0,1,0.0
4,13.95,279,cruise,19.869,19.54,30.413,26.54,3.872,0.328,1.556,30.413,19.869,3.872,0.328,0.627,0.0,1,0.0
4,14.0,280,cruise,19.871,19.438,30.432,26.438,3.994,0.433,1.566,30.432,19.871,3.994,0.433,0.647,0.0,1,0.0
4,14.05,281,cruise,19.873,19.387,30.456,26.387,4.069,0.486,1.571,30.456,19.873,4.069,0.486,0.659,0.0,1,0.0
4,14.1,282,cruise,19.874,19.377,30.48,26.377,4.103,0.497,1.573,30.48,19.874,4.103,0.497,0.664,0.0,1,0.0
4,14.15,283,cruise,19.874,19.396,30.505,26.396,4.109,0.478,1.573,29.511,19.874,3.115,0.478,0.531,0.0,0,0.05
4,14.2,284,cruise,19.873,19.427,30.528,26.427,4.101,0.446,1.571,30.528,19.873,4.101,0.446,0.662,0.0,1,0.0
4,14.25,285,cruise,19.871,19.461,30.549,26.461,4.088,0.41,1.57,29.555,19.873,3.095,0.412,0.526,0.0,0,0.05
4,14.3,286,cruise,19.87,19.5,30.568,26.5,4.068,0.369,1.568,28.581,19.873,2.081,0.373,0.39,0.0,0,0.1
4,14.35,287,cruise,19.869,19.525,30.586,26.525,4.061,0.344,1.566,27.605,19.873,1.08,0.348,0.256,0.0,0,0.15
4,14.4,288,cruise,19.87,19.523,30.603,26.523,4.08,0.348,1.568,30.603,19.87,4.08,0.348,0.656,0.0,1,0.0
4,14.45,289,cruise,19.872,19.501,30.621,26.501,4.12,0.37,1.57,29.627,19.87,3.126,0.369,0.529,0.0,0,0.05
4,14.5,290,cruise,19.873,19.492,30.64,26.492,4.148,0.38,1.572,28.653,19.87,2.16,0.378,0.401,0.0,0,0.1
4,14.55,291,cruise,19.873,19.487,30.659,26.487,4.172,0.386,1.573,30.659,19.873,4.172,0.386,0.669,0.0,1,0.0
4,14.6,292,cruise,19.873,19.482,30.678,26.482,4.196,0.391,1.575,29.685,19.873,3.203,0.391,0.54,0.0,0,0.05
4,14.65,293,cruise,19.872,19.494,30.697,26.494,4.203,0.378,1.575,28.71,19.873,2.216,0.379,0.408,0.0,0,0.1
4,14.7,294,cruise,19.871,19.504,30.716,26.504,4.212,0.368,1.575,30.716,19.871,4.212,0.368,0.674,0.0,1,0.0
4,14.75,295,cruise,19.87,19.51,30.734,26.51,4.224,0.361,1.575,29.74,19.871,3.231,0.362,0.543,0.0,0,0.05
4,14.8,296,cruise,19.87,19.529,30.752,26.529,4.222,0.34,1.575,28.764,19.871,2.235,0.342,0.409,0.0,0,0.1
4,14.85,297,cruise,19.87,19.544,30.768,26.544,4.225,0.326,1.574,30.768,19.87,4.225,0.326,0.674,0.0,1,0.0
4,14.9,298,cruise,19.871,19.553,30.785,26.553,4.232,0.318,1.574,29.791,19.87,3.238,0.317,0.542,0.0,0,0.05
4,14.95,299,cruise,19.872,19.575,30.8,26.575,4.225,0.297,1.573,30.8,19.872,4.225,0.297,0.673,0.0,1,0.0
4,15.0,300,cruise,19.873,19.605,30.814,26.605,4.209,0.268,1.572,29.82,19.872,3.215,0.267,0.538,0.0,0,0.05
4,15.05,301,cruise,19.873,19.643,30.826,26.643,4.183,0.23,1.569,28.839,19.872,2.196,0.229,0.4,0.0,0,0.1
4,15.1,302,cruise,19.872,19.669,30.837,26.669,4.168,0.203,1.568,27.856,19.872,1.187,0.204,0.265,0.0,0,0.15
4,15.15,303,cruise,19.871,19.668,30.847,26.668,4.179,0.203,1.568,26.872,19.872,0.205,0.204,0.134,0.0,0,0.2
4,15.2,304,cruise,19.87,19.633,30.858,26.633,4.225,0.237,1.572,30.858,19.87,4.225,0.237,0.671,0.0,1,0.0
4,15.25,305,cruise,19.87,19.576,30.871,26.576,4.296,0.294,1.577,29.878,19.87,3.302,0.295,0.55,0.0,0,0.05
4,15.3,306,cruise,19.871,19.536,30.888,26.536,4.352,0.335,1.581,28.9,19.87,2.365,0.334,0.426,0.0,0,0.1
4,15.35,307,cruise,19.871,19.513,30.905,26.513,4.392,0.358,1.584,30.905,19.871,4.392,0.358,0.698,0.0,1,0.0
4,15.4,308,cruise,19.872,19.501,30.923,26.501,4.423,0.371,1.586,29.93,19.871,3.429,0.37,0.57,0.0,0,0.05
4,15.45,309,cruise,19.872,19.512,30.942,26.512,4.43,0.361,1.586,30.942,19.872,4.43,0.361,0.703,0.0,1,0.0
4,15.5,310,cruise,19.872,19.539,30.959,26.539,4.42,0.334,1.585,30.959,19.872,4.42,0.334,0.701,0.0,1,0.0
4,15.55,311,cruise,19.872,19.586,30.974,26.586,4.388,0.285,1.581,29.981,19.872,3.394,0.286,0.562,0.0,0,0.05
4,15.6,312,cruise,19.871,19.64,30.987,26.64,4.347,0.231,1.578,30.987,19.871,4.347,0.231,0.687,0.0,1,0.0
4,15.65,313,cruise,19.871,19.693,30.997,26.693,4.303,0.177,1.574,30.003,19.871,3.31,0.178,0.547,0.0,0,0.05
4,15.7,314,cruise,19.871,19.749,31.004,26.749,4.255,0.122,1.57,29.017,19.871,2.268,0.123,0.406,0.0,0,0.1
4,15.75,315,cruise,19.871,19.786,31.009,26.786,4.222,0.085,1.567,31.009,19.871,4.222,0.085,0.666,0.0,1,0.0
4,15.8,316,cruise,19.872,19.809,31.012,26.809,4.203,0.062,1.566,30.019,19.871,3.209,0.062,0.53,0.0,0,0.05
4,15.85,317,cruise,19.872,19.839,31.014,26.839,4.175,0.033,1.563,31.014,19.872,4.175,0.033,0.658,0.0,1,0.0
4,15.9,318,cruise,19.872,19.873,31.015,26.873,4.143,-0.001,1.561,30.022,19.872,3.149,-0.001,0.52,0.0,0,0.05
4,15.95,319,cruise,19.872,19.911,31.014,26.911,4.103,-0.039,1.558,29.027,19.872,2.116,-0.039,0.381,0.0,0,0.1
4,16.0,320,cruise,19.872,19.933,31.011,26.933,4.078,-0.062,1.556,31.011,19.872,4.078,-0.062,0.642,0.0,1,0.0
4,16.05,321,cruise,19.871,19.943,31.008,26.943,4.065,-0.072,1.555,30.014,19.872,3.071,-0.072,0.507,0.0,0,0.05
4,16.1,322,cruise,19.871,19.961,31.004,26.961,4.043,-0.09,1.553,29.017,19.872,2.056,-0.09,0.371,0.0,0,0.1
4,16.15,323,cruise,19.871,19.969,30.999,26.969,4.03,-0.098,1.552,28.018,19.872,1.049,-0.098,0.237,0.0,0,0.15
4,16.2,324,cruise,19.871,19.953,30.995,26.953,4.041,-0.082,1.553,30.995,19.871,4.041,-0.082,0.636,0.0,1,0.0
4,16.25,325,cruise,19.872,19.92,30.992,26.92,4.072,-0.049,1.556,30.992,19.872,4.072,-0.049,0.641,0.0,1,0.0
4,16.3,326,cruise,19.872,19.908,30.99,26.908,4.082,-0.036,1.557,30.99,19.872,4.082,-0.036,0.643,0.0,1,0.0
4,16.35,327,cruise,19.872,19.922,30.988,26.922,4.066,-0.05,1.555,30.988,19.872,4.066,-0.05,0.64,0.0,1,0.0
4,16.4,328,cruise,19.872,19.953,30.984,26.953,4.031,-0.081,1.553,30.984,19.872,4.031,-0.081,0.635,0.0,1,0.0
4,16.45,329,cruise,19.871,19.995,30.978,26.995,3.983,-0.124,1.549,29.985,19.872,2.99,-0.124,0.495,0.0,0,0.05
4,16.5,330,cruise,19.871,20.036,30.971,27.036,3.935,-0.165,1.546,30.971,19.871,3.935,-0.165,0.619,0.0,1,0.0
4,16.55,331,cruise,19.871,20.071,30.962,27.071,3.891,-0.2,1.543,30.962,19.871,3.891,-0.2,0.612,0.0,1,0.0
4,16.6,332,cruise,19.871,20.113,30.95,27.113,3.838,-0.241,1.539,29.957,19.871,2.844,-0.241,0.471,0.0,0,0.05
4,16.65,333,cruise,19.871,20.15,30.937,27.15,3.788,-0.278,1.535,30.937,19.871,3.788,-0.278,0.596,0.0,1,0.0
4,16.7,334,cruise,19.872,20.179,30.922,27.179,3.743,-0.308,1.532,30.922,19.872,3.743,-0.308,0.589,0.0,1,0.0
4,16.75,335,cruise,19.872,20.214,30.906,27.214,3.693,-0.342,1.529,30.906,19.872,3.693,-0.342,0.581,0.0,1,0.0
4,16.8,336,cruise,19.872,20.25,30.888,27.25,3.638,-0.379,1.525,30.888,19.872,3.638,-0.379,0.572,0.0,1,0.0
4,16.85,337,cruise,19.872,20.288,30.868,27.288,3.58,-0.416,1.522,30.868,19.872,3.58,-0.416,0.564,0.0,1,0.0
4,16.9,338,cruise,19.871,20.324,30.846,27.324,3.522,-0.452,1.518,30.846,19.871,3.522,-0.452,0.555,0.0,1,0.0
4,16.95,339,cruise,19.871,20.358,30.822,27.358,3.464,-0.487,1.514,30.822,19.871,3.464,-0.487,0.546,0.0,1,0.0
4,17.0,340,cruise,19.871,20.39,30.797,27.39,3.407,-0.519,1.51,29.803,19.871,2.413,-0.519,0.404,0.0,0,0.05
4,17.05,341,cruise,19.871,20.412,30.77,27.412,3.359,-0.54,1.507,28.783,19.871,1.372,-0.54,0.265,0.0,0,0.1
4,17.1,342,cruise,19.871,20.407,30.743,27.407,3.336,-0.536,1.506,27.763,19.871,0.355,-0.536,0.129,0.0,0,0.15
4,17.15,343,cruise,19.872,20.369,30.718,27.369,3.349,-0.498,1.508,30.718,19.872,3.349,-0.498,0.53,0.0,1,0.0
4,17.2,344,cruise,19.872,20.307,30.695,27.307,3.387,-0.436,1.511,29.701,19.872,2.394,-0.436,0.405,0.0,0,0.05
4,17.25,345,cruise,19.872,20.256,30.675,27.256,3.419,-0.384,1.514,30.675,19.872,3.419,-0.384,0.543,0.0,1,0.0
4,17.3,346,cruise,19.868,20.219,30.656,27.219,3.437,-0.352,1.516,29.663,19.872,2.444,-0.348,0.414,0.0,0,0.05
4,17.35,347,cruise,19.868,20.197,30.64,27.197,3.443,-0.328,1.517,30.64,19.868,3.443,-0.328,0.548,0.0,1,0.0
4,17.4,348,cruise,19.848,20.18,30.623,27.18,3.443,-0.333,1.517,30.623,19.848,3.443,-0.333,0.548,0.0,1,0.0
4,17.45,349,cruise,19.855,20.179,30.606,27.179,3.428,-0.324,1.517,30.606,19.855,3.428,-0.324,0.546,0.0,1,0.0
4,17.5,350,cruise,19.849,20.187,30.59,27.187,3.402,-0.339,1.515,29.597,19.855,2.41,-0.332,0.41,0.0,0,0.05
4,17.55,351,cruise,19.867,20.194,30.572,27.194,3.378,-0.328,1.514,28.588,19.855,1.394,-0.339,0.274,0.0,0,0.1
4,17.6,352,cruise,19.855,20.182,30.555,27.182,3.373,-0.327,1.514,30.555,19.855,3.373,-0.327,0.539,0.0,1,0.0
4,17.65,353,cruise,19.841,20.155,30.537,27.155,3.381,-0.314,1.515,29.547,19.855,2.392,-0.301,0.409,0.0,0,0.05
4,17.7,354,cruise,19.851,20.136,30.517,27.136,3.381,-0.285,1.516,28.54,19.855,1.404,-0.281,0.278,0.0,0,0.1
4,17.75,355,cruise,19.868,20.107,30.5,27.107,3.393,-0.239,1.517,30.5,19.868,3.393,-0.239,0.544,0.0,1,0.0
4,17.8,356,cruise,19.838,20.071,30.484,27.071,3.414,-0.233,1.519,29.496,19.868,2.425,-0.202,0.417,0.0,0,0.05
4,17.85,357,cruise,19.844,20.046,30.47,27.046,3.425,-0.202,1.52,30.47,19.844,3.425,-0.202,0.55,0.0,1,0.0
4,17.9,358,cruise,19.869,20.028,30.455,27.028,3.427,-0.16,1.521,30.455,19.869,3.427,-0.16,0.552,0.0,1,0.0
4,17.95,359,cruise,19.892,20.027,30.44,27.027,3.413,-0.135,1.52,29.454,19.869,2.427,-0.158,0.418,0.0,0,0.05
4,18.0,360,cruise,19.9,20.028,30.425,27.028,3.397,-0.128,1.519,30.425,19.9,3.397,-0.128,0.549,0.0,1,0.0
4,18.05,361,cruise,19.889,20.028,30.41,27.028,3.382,-0.139,1.518,30.41,19.889,3.382,-0.139,0.546,0.0,1,0.0
4,18.1,362,cruise,19.863,20.037,30.394,27.037,3.357,-0.174,1.517,30.394,19.863,3.357,-0.174,0.542,0.0,1,0.0
4,18.15,363,cruise,19.849,20.052,30.377,27.052,3.325,-0.203,1.515,29.393,19.863,2.341,-0.189,0.406,0.0,0,0.05
4,18.2,364,cruise,19.833,20.063,30.36,27.063,3.297,-0.229,1.513,30.36,19.833,3.297,-0.229,0.532,0.0,1,0.0
4,18.25,365,cruise,19.847,20.067,30.344,27.067,3.278,-0.22,1.512,30.344,19.847,3.278,-0.22,0.53,0.0,1,0.0
4,18.3,366,cruise,19.853,20.076,30.33,27.076,3.254,-0.223,1.511,29.343,19.847,2.267,-0.229,0.395,0.0,0,0.05
4,18.35,367,cruise,19.879,20.082,30.318,27.082,3.237,-0.203,1.51,28.341,19.847,1.26,-0.235,0.26,0.0,0,0.1
4,18.4,368,cruise,19.884,20.067,30.309,27.067,3.243,-0.183,1.51,27.34,19.847,0.273,-0.22,0.129,0.0,0,0.15
4,18.45,369,cruise,19.892,20.022,30.303,27.022,3.281,-0.13,1.514,30.303,19.892,3.281,-0.13,0.533,0.0,1,0.0
4,18.5,370,cruise,19.876,19.957,30.301,26.957,3.344,-0.082,1.518,29.308,19.892,2.351,-0.065,0.411,0.0,0,0.05
4,18.55,371,cruise,19.868,19.904,30.302,26.904,3.398,-0.036,1.522,30.302,19.868,3.398,-0.036,0.552,0.0,1,0.0
4,18.6,372,cruise,19.851,19.868,30.305,26.868,3.437,-0.018,1.525,30.305,19.851,3.437,-0.018,0.558,0.0,1,0.0
4,18.65,373,cruise,19.853,19.856,30.31,26.856,3.454,-0.002,1.527,30.31,19.853,3.454,-0.002,0.561,0.0,1,0.0
4,18.7,374,cruise,19.856,19.859,30.315,26.859,3.457,-0.003,1.527,30.315,19.856,3.457,-0.003,0.561,0.0,1,0.0
4,18.75,375,cruise,19.871,19.872,30.321,26.872,3.449,-0.001,1.526,29.328,19.856,2.456,-0.017,0.427,0.0,0,0.05
4,18.8,376,cruise,19.879,19.884,30.326,26.884,3.442,-0.006,1.525,28.34,19.856,1.455,-0.029,0.293,0.0,0,0.1
4,18.85,377,cruise,19.886,19.874,30.332,26.874,3.458,0.012,1.526,30.332,19.886,3.458,0.012,0.561,0.0,1,0.0
4,18.9,378,cruise,19.882,19.855,30.339,26.855,3.484,0.027,1.528,29.345,19.886,2.491,0.032,0.433,0.0,0,0.05
4,18.95,379,cruise,19.875,19.82,30.346,26.82,3.526,0.055,1.531,30.346,19.875,3.526,0.055,0.572,0.0,1,0.0
4,19.0,380,cruise,19.865,19.813,30.352,26.813,3.539,0.052,1.532,29.36,19.875,2.547,0.062,0.442,0.0,0,0.05
4,19.05,381,cruise,19.861,19.793,30.358,26.793,3.564,0.067,1.534,28.375,19.875,1.581,0.082,0.314,0.0,0,0.1
4,19.1,382,cruise,19.86,19.781,30.363,26.781,3.582,0.079,1.535,27.389,19.875,0.608,0.094,0.184,0.0,0,0.15
4,19.15,383,cruise,19.866,19.717,30.37,26.717,3.653,0.15,1.54,30.37,19.866,3.653,0.15,0.592,0.0,1,0.0
4,19.2,384,cruise,19.873,19.649,30.381,26.649,3.732,0.224,1.546,30.381,19.873,3.732,0.224,0.605,0.0,1,0.0
4,19.25,385,cruise,19.879,19.588,30.394,26.588,3.806,0.291,1.552,29.403,19.873,2.815,0.285,0.485,0.0,0,0.05
4,19.3,386,cruise,19.88,19.568,30.407,26.568,3.839,0.311,1.554,30.407,19.88,3.839,0.311,0.622,0.0,1,0.0
4,19.35,387,cruise,19.877,19.515,30.419,26.515,3.904,0.362,1.559,29.428,19.88,2.913,0.365,0.501,0.0,0,0.05
4,19.4,388,cruise,19.872,19.512,30.433,26.512,3.921,0.36,1.56,28.45,19.88,1.939,0.368,0.371,0.0,0,0.1
4,19.45,389,cruise,19.867,19.514,30.448,26.514,3.934,0.353,1.56,30.448,19.867,3.934,0.353,0.636,0.0,1,0.0
4,19.5,390,cruise,19.865,19.508,30.465,26.508,3.957,0.357,1.562,29.474,19.867,2.966,0.359,0.507,0.0,0,0.05
4,19.55,391,cruise,19.866,19.512,30.482,26.512,3.97,0.354,1.562,30.482,19.866,3.97,0.354,0.641,0.0,1,0.0
4,19.6,392,cruise,19.87,19.521,30.501,26.521,3.98,0.349,1.562,29.51,19.866,2.989,0.345,0.51,0.0,0,0.05
4,19.65,393,cruise,19.874,19.534,30.521,26.534,3.987,0.34,1.562,28.537,19.866,2.003,0.332,0.378,0.0,0,0.1
4,19.7,394,cruise,19.876,19.545,30.54,26.545,3.995,0.331,1.563,27.564,19.866,1.019,0.321,0.247,0.0,0,0.15
4,19.75,395,cruise,19.876,19.52,30.561,26.52,4.041,0.357,1.566,30.561,19.876,4.041,0.357,0.651,0.0,1,0.0
4,19.8,396,cruise,19.874,19.491,30.583,26.491,4.092,0.382,1.569,29.591,19.876,3.1,0.385,0.526,0.0,0,0.05
4,19.85,397,cruise,19.87,19.457,30.607,26.457,4.15,0.413,1.573,30.607,19.87,4.15,0.413,0.667,0.0,1,0.0
4,19.9,398,cruise,19.868,19.462,30.631,26.462,4.169,0.406,1.574,30.631,19.868,4.169,0.406,0.669,0.0,1,0.0
4,19.95,399,cruise,19.867,19.475,30.654,26.475,4.178,0.392,1.574,30.654,19.867,4.178,0.392,0.67,0.0,1,0.0
4,20.0,400,cruise,19.869,19.52,30.675,26.52,4.155,0.348,1.571,30.675,19.869,4.155,0.348,0.666,0.0,1,0.0
4,20.05,401,cruise,19.871,19.562,30.693,26.562,4.132,0.309,1.569,30.693,19.871,4.132,0.309,0.661,0.0,1,0.0
4,20.1,402,cruise,19.868,19.624,30.709,26.624,4.085,0.244,1.565,29.716,19.871,3.092,0.247,0.52,0.0,0,0.05
4,20.15,403,cruise,19.87,19.669,30.721,26.669,4.052,0.201,1.562,28.735,19.871,2.066,0.202,0.382,0.0,0,0.1
4,20.2,404,cruise,19.86,19.705,30.731,26.705,4.026,0.155,1.56,27.752,19.871,1.047,0.166,0.245,0.0,0,0.15
4,20.25,405,cruise,19.843,19.699,30.738,26.699,4.039,0.144,1.56,30.738,19.843,4.039,0.144,0.643,0.0,1,0.0
4,20.3,406,cruise,19.855,19.68,30.747,26.68,4.067,0.176,1.562,30.747,19.855,4.067,0.176,0.648,0.0,1,0.0
4,20.35,407,cruise,19.855,19.671,30.756,26.671,4.084,0.183,1.563,29.764,19.855,3.093,0.184,0.519,0.0,0,0.05
4,20.4,408,cruise,19.874,19.685,30.765,26.685,4.079,0.189,1.563,28.781,19.855,2.096,0.17,0.385,0.0,0,0.1
4,20.45,409,cruise,19.868,19.689,30.773,26.689,4.084,0.18,1.563,30.773,19.868,4.084,0.18,0.651,0.0,1,0.0
4,20.5,410,cruise,19.822,19.69,30.778,26.69,4.088,0.132,1.563,30.778,19.822,4.088,0.132,0.649,0.0,1,0.0
4,20.55,411,cruise,19.829,19.708,30.781,26.708,4.072,0.12,1.562,29.794,19.822,3.085,0.114,0.515,0.0,0,0.05
4,20.6,412,cruise,19.828,19.738,30.781,26.738,4.043,0.09,1.559,28.808,19.822,2.07,0.084,0.379,0.0,0,0.1
4,20.65,413,cruise,19.868,19.753,30.78,26.753,4.027,0.115,1.558,27.821,19.822,1.069,0.07,0.245,0.0,0,0.15
4,20.7,414,cruise,19.873,19.743,30.779,26.743,4.036,0.13,1.559,26.834,19.822,0.091,0.079,0.115,0.0,0,0.2
4,20.75,415,cruise,19.896,19.7,30.779,26.7,4.079,0.197,1.562,30.779,19.896,4.079,0.197,0.65,0.0,1,0.0
4,20.8,416,cruise,19.871,19.635,30.78,26.635,4.145,0.236,1.568,30.78,19.871,4.145,0.236,0.66,0.0,1,0.0
4,20.85,417,cruise,19.786,19.589,30.777,26.589,4.188,0.197,1.571,30.777,19.786,4.188,0.197,0.665,0.0,1,0.0
4,20.9,418,cruise,19.769,19.582,30.771,26.582,4.188,0.187,1.571,30.771,19.769,4.188,0.187,0.665,0.0,1,0.0
4,20.95,419,cruise,19.757,19.603,30.76,26.603,4.157,0.154,1.569,29.793,19.769,3.19,0.166,0.531,0.0,0,0.05
4,21.0,420,cruise,19.811,19.634,30.747,26.634,4.113,0.177,1.566,28.814,19.769,2.179,0.135,0.395,0.0,0,0.1
4,21.05,421,cruise,19.839,19.654,30.733,26.654,4.079,0.185,1.564,30.733,19.839,4.079,0.185,0.65,0.0,1,0.0
4,21.1,422,cruise,19.832,19.665,30.714,26.665,4.049,0.167,1.562,30.714,19.832,4.049,0.167,0.645,0.0,1,0.0
4,21.15,423,cruise,19.877,19.693,30.693,26.693,4.0,0.185,1.559,29.735,19.832,3.042,0.14,0.51,0.0,0,0.05
4,21.2,424,cruise,19.877,19.726,30.668,26.726,3.943,0.151,1.555,28.754,19.832,2.029,0.107,0.374,0.0,0,0.1
4,21.25,425,cruise,19.898,19.744,30.641,26.744,3.898,0.154,1.552,27.772,19.832,1.028,0.088,0.24,0.0,0,0.15
4,21.3,426,cruise,19.86,19.735,30.612,26.735,3.877,0.125,1.551,30.612,19.86,3.877,0.125,0.621,0.0,1,0.0
4,21.35,427,cruise,19.768,19.707,30.577,26.707,3.87,0.061,1.552,30.577,19.768,3.87,0.061,0.618,0.0,1,0.0
4,21.4,428,cruise,19.752,19.698,30.538,26.698,3.841,0.054,1.55,30.538,19.752,3.841,0.054,0.614,0.0,1,0.0
4,21.45,429,cruise,19.733,19.711,30.498,26.711,3.787,0.022,1.547,29.568,19.752,2.858,0.041,0.482,0.0,0,0.05
4,21.5,430,cruise,19.785,19.73,30.457,26.73,3.727,0.054,1.544,30.457,19.785,3.727,0.054,0.599,0.0,1,0.0
4,21.55,431,cruise,19.806,19.75,30.418,26.75,3.669,0.057,1.54,30.418,19.806,3.669,0.057,0.591,0.0,1,0.0
4,21.6,432,cruise,19.799,19.778,30.376,26.778,3.598,0.021,1.536,30.376,19.799,3.598,0.021,0.58,0.0,1,0.0
4,21.65,433,cruise,19.862,19.806,30.335,26.806,3.529,0.056,1.532,29.416,19.799,2.609,-0.007,0.448,0.0,0,0.05
4,21.7,434,cruise,19.885,19.835,30.296,26.835,3.462,0.05,1.527,30.296,19.885,3.462,0.05,0.563,0.0,1,0.0
4,21.75,435,cruise,19.927,19.843,30.261,26.843,3.418,0.084,1.525,30.261,19.927,3.418,0.084,0.559,0.0,1,0.0
4,21.8,436,cruise,19.89,19.868,30.228,26.868,3.361,0.022,1.521,30.228,19.89,3.361,0.022,0.549,0.0,1,0.0
4,21.85,437,cruise,19.787,19.874,30.191,26.874,3.317,-0.087,1.519,29.282,19.89,2.408,0.016,0.422,0.0,0,0.05
4,21.9,438,cruise,19.751,19.86,30.151,26.86,3.291,-0.109,1.518,28.335,19.89,1.475,0.03,0.298,0.0,0,0.1
4,21.95,439,cruise,19.725,19.859,30.113,26.859,3.254,-0.134,1.516,30.113,19.725,3.254,-0.134,0.529,0.0,1,0.0
4,22.0,440,cruise,19.769,19.823,30.081,26.823,3.258,-0.054,1.517,29.18,19.725,2.356,-0.098,0.411,0.0,0,0.05
4,22.05,441,cruise,19.797,19.811,30.058,26.811,3.247,-0.013,1.517,30.058,19.797,3.247,-0.013,0.533,0.0,1,0.0
4,22.1,442,cruise,19.875,19.774,30.045,26.774,3.27,0.1,1.519,29.137,19.797,2.362,0.023,0.416,0.0,0,0.05
4,22.15,443,cruise,19.909,19.706,30.038,26.706,3.332,0.203,1.524,28.214,19.797,1.507,0.091,0.304,0.0,0,0.1
4,22.2,444,cruise,19.95,19.677,30.041,26.677,3.364,0.273,1.527,27.291,19.797,0.614,0.121,0.186,0.0,0,0.15
4,22.25,445,cruise,19.915,19.601,30.05,26.601,3.449,0.314,1.533,30.05,19.915,3.449,0.314,0.57,0.0,1,0.0
4,22.3,446,cruise,19.883,19.544,30.067,26.544,3.524,0.34,1.538,29.148,19.915,2.604,0.371,0.46,0.0,0,0.05
4,22.35,447,cruise,19.814,19.468,30.091,26.468,3.623,0.346,1.546,28.246,19.915,1.778,0.448,0.352,0.0,0,0.1
4,22.4,448,cruise,19.721,19.429,30.115,26.429,3.686,0.292,1.55,30.115,19.721,3.686,0.292,0.601,0.0,1,0.0
4,22.45,449,cruise,19.719,19.361,30.143,26.361,3.783,0.359,1.557,30.143,19.719,3.783,0.359,0.616,0.0,1,0.0
4,22.5,450,cruise,19.739,19.351,30.179,26.351,3.828,0.388,1.56,30.179,19.739,3.828,0.388,0.623,0.0,1,0.0
4,22.55,451,cruise,19.807,19.329,30.223,26.329,3.894,0.478,1.564,30.223,19.807,3.894,0.478,0.635,0.0,1,0.0
4,22.6,452,cruise,19.859,19.262,30.274,26.262,4.012,0.597,1.572,29.344,19.807,3.082,0.545,0.529,0.0,0,0.05
4,22.65,453,cruise,19.931,19.259,30.331,26.259,4.073,0.673,1.575,28.461,19.807,2.202,0.548,0.412,0.0,0,0.1
4,22.7,454,cruise,19.947,19.222,30.393,26.222,4.171,0.725,1.581,30.393,19.947,4.171,0.725,0.68,0.0,1,0.0
4,22.75,455,cruise,19.942,19.225,30.459,26.225,4.234,0.717,1.584,29.515,19.947,3.29,0.722,0.563,0.0,0,0.05
4,22.8,456,cruise,19.873,19.205,30.524,26.205,4.319,0.668,1.589,28.631,19.947,2.426,0.742,0.448,0.0,0,0.1
4,22.85,457,cruise,19.823,19.157,30.587,26.157,4.43,0.666,1.597,27.742,19.947,1.586,0.79,0.338,0.0,0,0.15
4,22.9,458,cruise,19.767,19.145,30.65,26.145,4.504,0.622,1.601,30.65,19.767,4.504,0.622,0.721,0.0,1,0.0
4,22.95,459,cruise,19.776,19.088,30.713,26.088,4.626,0.689,1.609,30.713,19.776,4.626,0.689,0.74,0.0,1,0.0
4,23.0,460,cruise,19.791,19.096,30.78,26.096,4.684,0.695,1.612,30.78,19.791,4.684,0.695,0.748,0.0,1,0.0
4,23.05,461,cruise,19.855,19.092,30.849,26.092,4.756,0.763,1.616,29.896,19.791,3.804,0.699,0.63,0.0,0,0.05
4,23.1,462,cruise,19.898,19.142,30.919,26.142,4.777,0.755,1.615,30.919,19.898,4.777,0.755,0.762,0.0,1,0.0
4,23.15,463,cruise,19.906,19.161,30.988,26.161,4.827,0.744,1.617,30.988,19.906,4.827,0.744,0.768,0.0,1,0.0
4,23.2,464,cruise,19.919,19.134,31.055,26.134,4.922,0.786,1.623,31.055,19.919,4.922,0.786,0.782,0.0,1,0.0
4,23.25,465,cruise,19.894,19.184,31.119,26.184,4.935,0.71,1.622,31.119,19.894,4.935,0.71,0.782,0.0,1,0.0
4,23.3,466,cruise,19.869,19.219,31.178,26.219,4.959,0.65,1.622,31.178,19.869,4.959,0.65,0.783,0.0,1,0.0
4,23.35,467,cruise,19.825,19.314,31.23,26.314,4.916,0.511,1.617,30.268,19.869,3.954,0.555,0.646,0.0,0,0.05
4,23.4,468,cruise,19.819,19.365,31.276,26.365,4.911,0.454,1.615,31.276,19.819,4.911,0.454,0.77,0.0,1,0.0
4,23.45,469,cruise,19.806,19.453,31.316,26.453,4.863,0.353,1.61,31.316,19.806,4.863,0.353,0.76,0.0,1,0.0
4,23.5,470,cruise,19.847,19.503,31.352,26.503,4.849,0.344,1.608,30.388,19.806,3.885,0.303,0.628,0.0,0,0.05
4,23.55,471,cruise,19.87,19.529,31.384,26.529,4.855,0.341,1.607,29.452,19.806,2.923,0.277,0.499,0.0,0,0.1
4,23.6,472,cruise,19.909,19.592,31.414,26.592,4.822,0.317,1.603,28.508,19.806,1.916,0.214,0.363,0.0,0,0.15
4,23.65,473,cruise,19.902,19.6,31.441,26.6,4.841,0.302,1.604,27.559,19.806,0.96,0.207,0.235,0.0,0,0.2
4,23.7,474,cruise,19.897,19.603,31.467,26.603,4.863,0.294,1.605,31.467,19.897,4.863,0.294,0.758,0.0,1,0.0
4,23.75,475,cruise,19.856,19.543,31.492,26.543,4.949,0.312,1.611,30.521,19.897,3.978,0.354,0.642,0.0,0,0.05
4,23.8,476,cruise,19.839,19.535,31.517,26.535,4.981,0.304,1.613,29.575,19.897,3.04,0.362,0.517,0.0,0,0.1
4,23.85,477,cruise,19.814,19.509,31.54,26.509,5.031,0.305,1.617,28.626,19.897,2.117,0.388,0.395,0.0,0,0.15
4,23.9,478,cruise,19.835,19.513,31.564,26.513,5.051,0.322,1.618,27.676,19.897,1.162,0.384,0.268,0.0,0,0.2
4,23.95,479,cruise,19.845,19.468,31.59,26.468,5.122,0.377,1.623,26.724,19.897,0.256,0.429,0.148,0.0,0,0.25
4,24.0,480,cruise,19.862,19.425,31.617,26.425,5.192,0.438,1.628,25.774,19.897,-0.651,0.473,0.029,0.0,0,0.3
4,24.05,481,cruise,19.896,19.322,31.65,26.322,5.328,0.574,1.638,31.65,19.896,5.328,0.574,0.83,0.0,1,0.0
4,24.1,482,cruise,19.906,19.224,31.689,26.224,5.465,0.681,1.648,31.689,19.906,5.465,0.681,0.851,0.0,1,0.0
4,24.15,483,cruise,19.904,19.116,31.734,26.116,5.619,0.788,1.66,31.734,19.904,5.619,0.788,0.875,0.0,1,0.0
4,24.2,484,cruise,19.875,19.088,31.781,26.088,5.694,0.787,1.665,31.781,19.875,5.694,0.787,0.885,0.0,1,0.0
4,24.25,485,cruise,19.854,19.087,31.827,26.087,5.74,0.767,1.667,30.852,19.875,4.765,0.788,0.762,0.0,0,0.05
4,24.3,486,cruise,19.815,19.155,31.869,26.155,5.714,0.66,1.664,29.919,19.875,3.764,0.719,0.626,0.0,0,0.1
4,24.35,487,cruise,19.75,19.202,31.903,26.202,5.701,0.548,1.661,31.903,19.75,5.701,0.548,0.878,0.0,1,0.0
4,24.4,488,cruise,19.656,19.281,31.926,26.281,5.645,0.375,1.656,31.926,19.656,5.645,0.375,0.865,0.0,1,0.0
4,24.45,489,cruise,19.655,19.357,31.939,26.357,5.581,0.298,1.65,31.939,19.655,5.581,0.298,0.854,0.0,1,0.0
4,24.5,490,cruise,19.721,19.441,31.947,26.441,5.506,0.28,1.643,30.989,19.655,4.548,0.214,0.714,0.0,0,0.05
4,24.55,491,cruise,19.808,19.566,31.953,26.566,5.387,0.242,1.633,31.953,19.808,5.387,0.242,0.826,0.0,1,0.0
4,24.6,492,cruise,19.895,19.668,31.956,26.668,5.289,0.227,1.625,30.992,19.808,4.324,0.14,0.681,0.0,0,0.05
4,24.65,493,cruise,19.966,19.787,31.958,26.787,5.171,0.179,1.615,31.958,19.966,5.171,0.179,0.795,0.0,1,0.0
4,24.7,494,cruise,19.988,19.876,31.957,26.876,5.081,0.112,1.608,30.988,19.966,4.112,0.09,0.651,0.0,0,0.05
4,24.75,495,cruise,19.952,19.986,31.95,26.986,4.963,-0.034,1.599,31.95,19.952,4.963,-0.034,0.761,0.0,1,0.0
4,24.8,496,cruise,19.882,20.054,31.936,27.054,4.882,-0.172,1.592,30.97,19.952,3.916,-0.102,0.619,0.0,0,0.05
4,24.85,497,cruise,19.809,20.152,31.915,27.152,4.763,-0.344,1.584,31.915,19.809,4.763,-0.344,0.724,0.0,1,0.0
4,24.9,498,cruise,19.762,20.217,31.889,27.217,4.672,-0.454,1.577,30.928,19.809,3.711,-0.408,0.581,0.0,0,0.05
4,24.95,499,cruise,19.748,20.266,31.861,27.266,4.595,-0.518,1.572,31.861,19.748,4.595,-0.518,0.695,0.0,1,0.0
4,25.0,500,cruise,19.786,20.341,31.834,27.341,4.493,-0.555,1.565,31.834,19.786,4.493,-0.555,0.681,0.0,1,0.0
4,25.05,501,cruise,19.83,20.403,31.81,27.403,4.407,-0.573,1.559,31.81,19.83,4.407,-0.573,0.668,0.0,1,0.0
4,25.1,502,cruise,19.901,20.48,31.789,27.48,4.309,-0.58,1.552,31.789,19.901,4.309,-0.58,0.655,0.0,1,0.0
4,25.15,503,cruise,19.945,20.532,31.771,27.532,4.239,-0.587,1.547,30.786,19.901,3.254,-0.631,0.513,0.0,0,0.05
4,25.2,504,cruise,19.957,20.597,31.753,27.597,4.156,-0.64,1.542,29.78,19.901,2.183,-0.696,0.368,0.0,0,0.1
4,25.25,505,cruise,19.917,20.606,31.735,27.606,4.13,-0.689,1.54,31.735,19.917,4.13,-0.689,0.628,0.0,1,0.0
4,25.3,506,cruise,19.865,20.623,31.716,27.623,4.093,-0.758,1.538,31.716,19.865,4.093,-0.758,0.62,0.0,1,0.0
4,25.35,507,cruise,19.807,20.623,31.694,27.623,4.071,-0.817,1.537,31.694,19.807,4.071,-0.817,0.616,0.0,1,0.0
4,25.4,508,cruise,19.786,20.63,31.67,27.63,4.039,-0.844,1.535,31.67,19.786,4.039,-0.844,0.61,0.0,1,0.0
4,25.45,509,cruise,19.796,20.672,31.645,27.672,3.973,-0.876,1.531,31.645,19.796,3.973,-0.876,0.6,0.0,1,0.0
4,25.5,510,cruise,19.846,20.698,31.619,27.698,3.921,-0.852,1.528,30.629,19.796,2.931,-0.902,0.461,0.0,0,0.05
4,25.55,511,cruise,19.898,20.734,31.595,27.734,3.861,-0.836,1.524,31.595,19.898,3.861,-0.836,0.587,0.0,1,0.0
4,25.6,512,cruise,19.939,20.742,31.572,27.742,3.83,-0.802,1.522,31.572,19.939,3.83,-0.802,0.584,0.0,1,0.0
4,25.65,513,cruise,19.94,20.773,31.547,27.773,3.774,-0.833,1.519,31.547,19.94,3.774,-0.833,0.575,0.0,1,0.0
4,25.7,514,cruise,19.911,20.788,31.519,27.788,3.731,-0.877,1.516,31.519,19.911,3.731,-0.877,0.568,0.0,1,0.0
4,25.75,515,cruise,19.864,20.822,31.488,27.822,3.665,-0.959,1.512,30.494,19.911,2.671,-0.911,0.426,0.0,0,0.05
4,25.8,516,cruise,19.824,20.836,31.451,27.836,3.615,-1.012,1.509,31.451,19.824,3.615,-1.012,0.548,0.0,1,0.0
4,25.85,517,cruise,19.806,20.851,31.412,27.851,3.561,-1.045,1.507,30.422,19.824,2.572,-1.027,0.409,0.0,0,0.05
4,25.9,518,cruise,19.822,20.834,31.372,27.834,3.538,-1.012,1.506,29.392,19.824,1.559,-1.01,0.274,0.0,0,0.1
4,25.95,519,cruise,19.859,20.75,31.333,27.75,3.582,-0.891,1.51,28.363,19.824,0.613,-0.927,0.151,0.0,0,0.15
4,26.0,520,cruise,19.901,20.576,31.299,27.576,3.723,-0.676,1.521,27.338,19.824,-0.239,-0.753,0.043,0.0,0,0.2
4,26.05,521,cruise,19.924,20.431,31.273,27.431,3.842,-0.507,1.531,26.318,19.824,-1.113,-0.607,0.0,0.052,0,0.25
4,26.1,522,cruise,19.92,20.3,31.251,27.3,3.951,-0.38,1.539,31.251,19.92,3.951,-0.38,0.614,0.0,1,0.0
4,26.15,523,cruise,19.893,20.176,31.233,27.176,4.058,-0.282,1.548,31.233,19.893,4.058,-0.282,0.632,0.0,1,0.0
4,26.2,524,cruise,19.859,20.073,31.219,27.073,4.146,-0.214,1.555,31.219,19.859,4.146,-0.214,0.646,0.0,1,0.0
4,26.25,525,cruise,19.833,20.013,31.207,27.013,4.194,-0.18,1.559,31.207,19.833,4.194,-0.18,0.653,0.0,1,0.0
4,26.3,526,cruise,19.827,19.991,31.196,26.991,4.206,-0.164,1.561,31.196,19.827,4.206,-0.164,0.655,0.0,1,0.0
4,26.35,527,cruise,19.843,19.997,31.187,26.997,4.19,-0.154,1.56,30.197,19.827,3.2,-0.17,0.521,0.0,0,0.05
4,26.4,528,cruise,19.871,20.016,31.179,27.016,4.163,-0.145,1.558,31.179,19.871,4.163,-0.145,0.65,0.0,1,0.0
4,26.45,529,cruise,19.897,20.041,31.172,27.041,4.131,-0.144,1.555,31.172,19.897,4.131,-0.144,0.646,0.0,1,0.0
4,26.5,530,cruise,19.907,20.071,31.166,27.071,4.095,-0.163,1.553,31.166,19.907,4.095,-0.163,0.641,0.0,1,0.0
4,26.55,531,cruise,19.899,20.121,31.158,27.121,4.038,-0.221,1.549,31.158,19.899,4.038,-0.221,0.631,0.0,1,0.0
4,26.6,532,cruise,19.879,20.158,31.148,27.158,3.989,-0.279,1.545,30.154,19.899,2.996,-0.259,0.491,0.0,0,0.05
4,26.65,533,cruise,19.857,20.207,31.134,27.207,3.927,-0.35,1.541,31.134,19.857,3.927,-0.35,0.612,0.0,1,0.0
4,26.7,534,cruise,19.844,20.236,31.118,27.236,3.881,-0.392,1.538,31.118,19.844,3.881,-0.392,0.604,0.0,1,0.0
4,26.75,535,cruise,19.846,20.278,31.099,27.278,3.821,-0.432,1.534,31.099,19.846,3.821,-0.432,0.595,0.0,1,0.0
4,26.8,536,cruise,19.86,20.31,31.08,27.31,3.769,-0.451,1.53,31.08,19.86,3.769,-0.451,0.588,0.0,1,0.0
4,26.85,537,cruise,19.877,20.354,31.059,27.354,3.704,-0.477,1.526,31.059,19.877,3.704,-0.477,0.578,0.0,1,0.0
4,26.9,538,cruise,19.891,20.384,31.036,27.384,3.653,-0.493,1.523,31.036,19.891,3.653,-0.493,0.571,0.0,1,0.0
4,26.95,539,cruise,19.893,20.425,31.012,27.425,3.588,-0.532,1.518,31.012,19.893,3.588,-0.532,0.561,0.0,1,0.0
4,27.0,540,cruise,19.885,20.452,30.986,27.452,3.534,-0.567,1.515,29.992,19.893,2.54,-0.559,0.42,0.0,0,0.05
4,27.05,541,cruise,19.871,20.48,30.958,27.48,3.478,-0.609,1.512,28.97,19.893,1.49,-0.587,0.279,0.0,0,0.1
4,27.1,542,cruise,19.859,20.474,30.928,27.474,3.454,-0.615,1.511,30.928,19.859,3.454,-0.615,0.54,0.0,1,0.0
4,27.15,543,cruise,19.855,20.457,30.899,27.457,3.442,-0.602,1.51,30.899,19.855,3.442,-0.602,0.539,0.0,1,0.0
4,27.2,544,cruise,19.859,20.445,30.87,27.445,3.425,-0.586,1.51,29.877,19.855,2.432,-0.59,0.405,0.0,0,0.05
4,27.25,545,cruise,19.868,20.441,30.842,27.441,3.401,-0.573,1.509,28.856,19.855,1.415,-0.586,0.269,0.0,0,0.1
4,27.3,546,cruise,19.878,20.417,30.815,27.417,3.398,-0.539,1.509,30.815,19.878,3.398,-0.539,0.535,0.0,1,0.0
4,27.35,547,cruise,19.884,20.384,30.789,27.384,3.405,-0.5,1.51,30.789,19.884,3.405,-0.5,0.537,0.0,1,0.0
4,27.4,548,cruise,19.883,20.365,30.765,27.365,3.4,-0.482,1.511,30.765,19.883,3.4,-0.482,0.537,0.0,1,0.0
4,27.45,549,cruise,19.877,20.362,30.742,27.362,3.38,-0.485,1.51,29.748,19.883,2.386,-0.479,0.402,0.0,0,0.05
4,27.5,550,cruise,19.868,20.358,30.717,27.358,3.359,-0.49,1.509,30.717,19.868,3.359,-0.49,0.532,0.0,1,0.0
4,27.55,551,cruise,19.863,20.353,30.693,27.353,3.34,-0.491,1.508,30.693,19.863,3.34,-0.491,0.529,0.0,1,0.0
4,27.6,552,cruise,19.862,20.356,30.669,27.356,3.313,-0.494,1.507,29.675,19.863,2.32,-0.493,0.393,0.0,0,0.05
4,27.65,553,cruise,19.866,20.356,30.644,27.356,3.288,-0.49,1.505,30.644,19.866,3.288,-0.49,0.522,0.0,1,0.0
4,27.7,554,cruise,19.872,20.352,30.62,27.352,3.268,-0.48,1.505,29.626,19.866,2.275,-0.486,0.387,0.0,0,0.05
4,27.75,555,cruise,19.877,20.346,30.596,27.346,3.25,-0.469,1.504,28.609,19.866,1.263,-0.481,0.252,0.0,0,0.1
4,27.8,556,cruise,19.879,20.323,30.574,27.323,3.25,-0.444,1.504,27.592,19.866,0.269,-0.458,0.121,0.0,0,0.15
4,27.85,557,cruise,19.877,20.272,30.553,27.272,3.281,-0.394,1.507,30.553,19.877,3.281,-0.394,0.524,0.0,1,0.0
4,27.9,558,cruise,19.873,20.201,30.535,27.201,3.334,-0.328,1.512,29.541,19.877,2.34,-0.324,0.401,0.0,0,0.05
4,27.95,559,cruise,19.868,20.143,30.52,27.143,3.378,-0.275,1.515,30.52,19.868,3.378,-0.275,0.541,0.0,1,0.0
4,28.0,560,cruise,19.866,20.102,30.508,27.102,3.406,-0.236,1.518,29.515,19.868,2.413,-0.234,0.414,0.0,0,0.05
4,28.05,561,cruise,19.866,20.077,30.497,27.077,3.42,-0.21,1.519,30.497,19.866,3.42,-0.21,0.549,0.0,1,0.0
4,28.1,562,cruise,19.869,20.059,30.487,27.059,3.429,-0.189,1.52,30.487,19.869,3.429,-0.189,0.551,0.0,1,0.0
4,28.15,563,cruise,19.873,20.056,30.478,27.056,3.421,-0.183,1.52,30.478,19.873,3.421,-0.183,0.55,0.0,1,0.0
4,28.2,564,cruise,19.876,20.065,30.469,27.065,3.404,-0.189,1.519,30.469,19.876,3.404,-0.189,0.548,0.0,1,0.0
4,28.25,565,cruise,19.876,20.08,30.459,27.08,3.379,-0.204,1.517,30.459,19.876,3.379,-0.204,0.544,0.0,1,0.0
4,28.3,566,cruise,19.874,20.099,30.448,27.099,3.349,-0.225,1.515,30.448,19.874,3.349,-0.225,0.539,0.0,1,0.0
4,28.35,567,cruise,19.871,20.12,30.436,27.12,3.316,-0.249,1.513,29.442,19.874,2.322,-0.246,0.401,0.0,0,0.05
4,28.4,568,cruise,19.869,20.134,30.423,27.134,3.289,-0.265,1.511,30.423,19.869,3.289,-0.265,0.53,0.0,1,0.0
4,28.45,569,cruise,19.868,20.14,30.409,27.14,3.27,-0.272,1.51,30.409,19.868,3.27,-0.272,0.527,0.0,1,0.0
4,28.5,570,cruise,19.869,20.15,30.396,27.15,3.246,-0.281,1.508,29.402,19.868,2.252,-0.282,0.391,0.0,0,0.05
4,28.55,571,cruise,19.871,20.155,30.381,27.155,3.226,-0.284,1.507,30.381,19.871,3.226,-0.284,0.521,0.0,1,0.0
4,28.6,572,cruise,19.873,20.154,30.367,27.154,3.214,-0.28,1.507,29.374,19.871,2.22,-0.283,0.387,0.0,0,0.05
4,28.65,573,cruise,19.874,20.15,30.353,27.15,3.203,-0.276,1.506,30.353,19.874,3.203,-0.276,0.518,0.0,1,0.0
4,28.7,574,cruise,19.874,20.143,30.34,27.143,3.197,-0.269,1.506,30.34,19.874,3.197,-0.269,0.517,0.0,1,0.0
4,28.75,575,cruise,19.872,20.143,30.326,27.143,3.183,-0.271,1.506,29.333,19.874,2.189,-0.269,0.383,0.0,0,0.05
4,28.8,576,cruise,19.871,20.141,30.313,27.141,3.172,-0.271,1.505,28.326,19.874,1.184,-0.267,0.249,0.0,0,0.1
4,28.85,577,cruise,19.87,20.12,30.3,27.12,3.18,-0.25,1.506,30.3,19.87,3.18,-0.25,0.516,0.0,1,0.0
4,28.9,578,cruise,19.869,20.084,30.288,27.084,3.204,-0.215,1.508,29.295,19.87,2.21,-0.215,0.388,0.0,0,0.05
4,28.95,579,cruise,19.87,20.056,30.278,27.056,3.222,-0.186,1.51,30.278,19.87,3.222,-0.186,0.523,0.0,1,0.0
4,29.0,580,cruise,19.872,20.033,30.27,27.033,3.237,-0.162,1.511,29.276,19.87,2.243,-0.163,0.394,0.0,0,0.05
4,29.05,581,cruise,19.873,20.017,30.262,27.017,3.245,-0.144,1.512,30.262,19.873,3.245,-0.144,0.528,0.0,1,0.0
4,29.1,582,cruise,19.873,20.002,30.256,27.002,3.254,-0.129,1.513,30.256,19.873,3.254,-0.129,0.53,0.0,1,0.0
4,29.15,583,cruise,19.873,19.999,30.249,26.999,3.25,-0.127,1.513,30.249,19.873,3.25,-0.127,0.529,0.0,1,0.0
4,29.2,584,cruise,19.872,20.005,30.243,27.005,3.238,-0.133,1.512,29.249,19.873,2.244,-0.132,0.395,0.0,0,0.05
4,29.25,585,cruise,19.871,20.008,30.236,27.008,3.228,-0.137,1.511,30.236,19.871,3.228,-0.137,0.526,0.0,1,0.0
4,29.3,586,cruise,19.87,20.005,30.229,27.005,3.224,-0.135,1.511,30.229,19.87,3.224,-0.135,0.525,0.0,1,0.0
4,29.35,587,cruise,19.87,20.01,30.222,27.01,3.212,-0.14,1.51,30.222,19.87,3.212,-0.14,0.524,0.0,1,0.0
4,29.4,588,cruise,19.871,20.02,30.215,27.02,3.195,-0.149,1.509,30.215,19.871,3.195,-0.149,0.521,0.0,1,0.0
4,29.45,589,cruise,19.872,20.032,30.207,27.032,3.175,-0.16,1.508,29.214,19.871,2.181,-0.161,0.385,0.0,0,0.05
4,29.5,590,cruise,19.872,20.038,30.199,27.038,3.161,-0.166,1.507,30.199,19.872,3.161,-0.166,0.516,0.0,1,0.0
4,29.55,591,cruise,19.872,20.037,30.191,27.037,3.154,-0.164,1.507,29.197,19.872,2.16,-0.164,0.383,0.0,0,0.05
4,29.6,592,cruise,19.872,20.033,30.183,27.033,3.149,-0.161,1.507,30.183,19.872,3.149,-0.161,0.515,0.0,1,0.0
4,29.65,593,cruise,19.871,20.025,30.175,27.025,3.15,-0.154,1.507,29.181,19.872,2.156,-0.153,0.382,0.0,0,0.05
4,29.7,594,cruise,19.871,20.017,30.167,27.017,3.15,-0.146,1.507,30.167,19.871,3.15,-0.146,0.515,0.0,1,0.0
4,29.75,595,cruise,19.871,20.006,30.16,27.006,3.154,-0.135,1.508,29.167,19.871,2.161,-0.135,0.384,0.0,0,0.05
4,29.8,596,cruise,19.871,19.997,30.154,26.997,3.157,-0.125,1.508,28.167,19.871,1.17,-0.126,0.252,0.0,0,0.1
4,29.85,597,cruise,19.871,19.971,30.148,26.971,3.177,-0.1,1.51,27.168,19.871,0.197,-0.1,0.123,0.0,0,0.15
4,29.9,598,cruise,19.871,19.919,30.145,26.919,3.226,-0.047,1.513,26.171,19.871,-0.748,-0.048,0.0,0.001,0,0.2
4,29.95,599,cruise,19.872,19.835,30.145,26.835,3.31,0.037,1.52,25.177,19.871,-1.658,0.036,0.0,0.09,0,0.25
4,30.0,600,cruise,19.872,19.709,30.15,26.709,3.441,0.163,1.53,24.189,19.871,-2.52,0.162,0.0,0.174,0,0.3
4,30.05,601,cruise,19.872,19.549,30.163,26.549,3.614,0.323,1.543,23.208,19.871,-3.341,0.322,0.0,0.252,0,0.35
4,30.1,602,cruise,19.872,19.362,30.185,26.362,3.823,0.51,1.559,22.237,19.871,-4.125,0.509,0.0,0.326,0,0.4
4,30.15,603,cruise,19.871,19.153,30.217,26.153,4.064,0.719,1.578,21.275,19.871,-4.878,0.718,0.0,0.397,0,0.45
4,30.2,604,cruise,19.871,18.924,30.259,25.924,4.335,0.947,1.599,20.324,19.871,-5.6,0.947,0.0,0.464,0,0.5
4,30.25,605,cruise,19.871,18.679,30.314,25.679,4.635,1.192,1.623,30.314,19.871,4.635,1.192,0.755,0.0,1,0.0
4,30.3,606,cruise,19.871,18.482,30.38,25.482,4.898,1.389,1.644,30.38,19.871,4.898,1.389,0.797,0.0,1,0.0
4,30.35,607,cruise,19.872,18.373,30.453,25.373,5.081,1.499,1.658,30.453,19.872,5.081,1.499,0.826,0.0,1,0.0
4,30.4,608,cruise,19.872,18.322,30.53,25.322,5.207,1.549,1.666,29.536,19.872,4.214,1.549,0.713,0.0,0,0.05
4,30.45,609,cruise,19.872,18.328,30.607,25.328,5.279,1.543,1.67,30.607,19.872,5.279,1.543,0.855,0.0,1,0.0
4,30.5,610,cruise,19.872,18.371,30.683,25.371,5.312,1.5,1.67,30.683,19.872,5.312,1.5,0.858,0.0,1,0.0
4,30.55,611,cruise,19.871,18.451,30.756,25.451,5.305,1.42,1.667,29.762,19.872,4.311,1.42,0.722,0.0,0,0.05
4,30.6,612,cruise,19.871,18.548,30.824,25.548,5.275,1.323,1.662,30.824,19.871,5.275,1.323,0.848,0.0,1,0.0
4,30.65,613,cruise,19.871,18.652,30.887,25.652,5.234,1.219,1.656,29.893,19.871,4.241,1.219,0.706,0.0,0,0.05
4,30.7,614,cruise,19.871,18.764,30.944,25.764,5.18,1.107,1.649,30.944,19.871,5.18,1.107,0.828,0.0,1,0.0
4,30.75,615,cruise,19.871,18.876,30.996,25.876,5.12,0.996,1.642,30.996,19.871,5.12,0.996,0.816,0.0,1,0.0
4,30.8,616,cruise,19.872,18.997,31.042,25.997,5.045,0.874,1.634,31.042,19.872,5.045,0.874,0.802,0.0,1,0.0
4,30.85,617,cruise,19.872,19.123,31.082,26.123,4.959,0.748,1.625,30.089,19.872,3.965,0.748,0.654,0.0,0,0.05
4,30.9,618,cruise,19.872,19.243,31.116,26.243,4.873,0.628,1.617,31.116,19.872,4.873,0.628,0.771,0.0,1,0.0
4,30.95,619,cruise,19.871,19.353,31.144,26.353,4.791,0.519,1.609,31.144,19.871,4.791,0.519,0.756,0.0,1,0.0
4,31.0,620,cruise,19.871,19.465,31.167,26.465,4.702,0.407,1.601,30.173,19.871,3.708,0.407,0.608,0.0,0,0.05
4,31.05,621,cruise,19.871,19.568,31.184,26.568,4.615,0.303,1.594,31.184,19.871,4.615,0.303,0.726,0.0,1,0.0
4,31.1,622,cruise,19.871,19.66,31.196,26.66,4.536,0.211,1.587,31.196,19.871,4.536,0.211,0.712,0.0,1,0.0
4,31.15,623,cruise,19.871,19.754,31.204,26.754,4.449,0.117,1.58,30.21,19.871,3.456,0.117,0.565,0.0,0,0.05
4,31.2,624,cruise,19.871,19.84,31.207,26.84,4.367,0.032,1.573,29.22,19.871,2.38,0.032,0.418,0.0,0,0.1
4,31.25,625,cruise,19.872,19.899,31.207,26.899,4.308,-0.028,1.568,28.226,19.871,1.327,-0.028,0.276,0.0,0,0.15
4,31.3,626,cruise,19.872,19.922,31.204,26.922,4.283,-0.05,1.566,31.204,19.872,4.283,-0.05,0.669,0.0,1,0.0
4,31.35,627,cruise,19.871,19.918,31.202,26.918,4.285,-0.046,1.567,30.209,19.872,3.291,-0.046,0.537,0.0,0,0.05
4,31.4,628,cruise,19.871,19.922,31.2,26.922,4.278,-0.05,1.566,31.2,19.871,4.278,-0.05,0.669,0.0,1,0.0
4,31.45,629,cruise,19.871,19.939,31.197,26.939,4.258,-0.067,1.565,30.203,19.871,3.265,-0.067,0.533,0.0,0,0.05
4,31.5,630,cruise,19.871,19.968,31.193,26.968,4.225,-0.096,1.562,29.206,19.871,2.238,-0.096,0.395,0.0,0,0.1
4,31.55,631,cruise,19.871,19.986,31.187,26.986,4.201,-0.115,1.56,28.207,19.871,1.22,-0.115,0.259,0.0,0,0.15
4,31.6,632,cruise,19.871,19.98,31.182,26.98,4.202,-0.108,1.561,31.182,19.871,4.202,-0.108,0.657,0.0,1,0.0
4,31.65,633,cruise,19.871,19.955,31.177,26.955,4.222,-0.084,1.562,30.183,19.871,3.228,-0.084,0.528,0.0,0,0.05
4,31.7,634,cruise,19.871,19.944,31.173,26.944,4.229,-0.072,1.563,31.173,19.871,4.229,-0.072,0.662,0.0,1,0.0
4,31.75,635,cruise,19.871,19.95,31.17,26.95,4.22,-0.079,1.562,31.17,19.871,4.22,-0.079,0.66,0.0,1,0.0
4,31.8,636,cruise,19.871,19.979,31.165,26.979,4.186,-0.107,1.56,31.165,19.871,4.186,-0.107,0.655,0.0,1,0.0
4,31.85,637,cruise,19.871,20.022,31.158,27.022,4.137,-0.15,1.556,30.165,19.871,3.143,-0.15,0.514,0.0,0,0.05
4,31.9,638,cruise,19.871,20.066,31.149,27.066,4.084,-0.194,1.552,31.149,19.871,4.084,-0.194,0.638,0.0,1,0.0
4,31.95,639,cruise,19.871,20.106,31.138,27.106,4.033,-0.234,1.549,30.145,19.871,3.039,-0.234,0.497,0.0,0,0.05
4,32.0,640,cruise,19.871,20.145,31.125,27.145,3.98,-0.274,1.545,29.138,19.871,1.993,-0.274,0.357,0.0,0,0.1
4,32.05,641,cruise,19.871,20.165,31.111,27.165,3.946,-0.294,1.543,28.13,19.871,0.965,-0.294,0.219,0.0,0,0.15
4,32.1,642,cruise,19.871,20.154,31.097,27.154,3.942,-0.283,1.543,31.097,19.871,3.942,-0.283,0.616,0.0,1,0.0
4,32.15,643,cruise,19.871,20.122,31.083,27.122,3.962,-0.25,1.545,31.083,19.871,3.962,-0.25,0.62,0.0,1,0.0
4,32.2,644,cruise,19.871,20.107,31.072,27.107,3.965,-0.236,1.545,30.078,19.871,2.971,-0.236,0.488,0.0,0,0.05
4,32.25,645,cruise,19.871,20.109,31.06,27.109,3.951,-0.237,1.545,31.06,19.871,3.951,-0.237,0.619,0.0,1,0.0
4,32.3,646,cruise,19.871,20.118,31.048,27.118,3.93,-0.247,1.543,31.048,19.871,3.93,-0.247,0.616,0.0,1,0.0
4,32.35,647,cruise,19.871,20.143,31.035,27.143,3.892,-0.271,1.541,31.035,19.871,3.892,-0.271,0.61,0.0,1,0.0
4,32.4,648,cruise,19.871,20.177,31.02,27.177,3.843,-0.306,1.537,30.026,19.871,2.849,-0.306,0.47,0.0,0,0.05
4,32.45,649,cruise,19.871,20.209,31.004,27.209,3.795,-0.338,1.534,29.017,19.871,1.807,-0.338,0.33,0.0,0,0.1
4,32.5,650,cruise,19.871,20.221,30.986,27.221,3.766,-0.349,1.532,28.006,19.871,0.785,-0.349,0.193,0.0,0,0.15
4,32.55,651,cruise,19.871,20.201,30.97,27.201,3.769,-0.33,1.533,30.97,19.871,3.769,-0.33,0.592,0.0,1,0.0
4,32.6,652,cruise,19.872,20.159,30.954,27.159,3.795,-0.287,1.536,30.954,19.872,3.795,-0.287,0.596,0.0,1,0.0
4,32.65,653,cruise,19.872,20.135,30.941,27.135,3.805,-0.264,1.537,29.947,19.872,2.812,-0.264,0.466,0.0,0,0.05
4,32.7,654,cruise,19.872,20.128,30.928,27.128,3.799,-0.256,1.537,30.928,19.872,3.799,-0.256,0.598,0.0,1,0.0
4,32.75,655,cruise,19.871,20.129,30.915,27.129,3.786,-0.257,1.536,29.921,19.872,2.793,-0.257,0.464,0.0,0,0.05
4,32.8,656,cruise,19.871,20.137,30.902,27.137,3.765,-0.266,1.535,28.914,19.872,1.777,-0.265,0.328,0.0,0,0.1
4,32.85,657,cruise,19.871,20.133,30.889,27.133,3.756,-0.262,1.534,30.889,19.871,3.756,-0.262,0.592,0.0,1,0.0
4,32.9,658,cruise,19.871,20.119,30.876,27.119,3.757,-0.247,1.535,30.876,19.871,3.757,-0.247,0.593,0.0,1,0.0
4,32.95,659,cruise,19.872,20.122,30.864,27.122,3.742,-0.25,1.534,30.864,19.872,3.742,-0.25,0.591,0.0,1,0.0
4,33.0,660,cruise,19.872,20.139,30.851,27.139,3.711,-0.268,1.532,29.857,19.872,2.718,-0.268,0.453,0.0,0,0.05
4,33.05,661,cruise,19.872,20.158,30.837,27.158,3.679,-0.286,1.53,30.837,19.872,3.679,-0.286,0.581,0.0,1,0.0
4,33.1,662,cruise,19.872,20.173,30.822,27.173,3.649,-0.301,1.528,29.828,19.872,2.655,-0.301,0.444,0.0,0,0.05
4,33.15,663,cruise,19.871,20.189,30.806,27.189,3.618,-0.317,1.526,28.819,19.872,1.63,-0.317,0.307,0.0,0,0.1
4,33.2,664,cruise,19.871,20.186,30.79,27.186,3.604,-0.315,1.525,27.81,19.872,0.623,-0.315,0.173,0.0,0,0.15
4,33.25,665,cruise,19.871,20.155,30.775,27.155,3.62,-0.284,1.527,30.775,19.871,3.62,-0.284,0.573,0.0,1,0.0
4,33.3,666,cruise,19.871,20.104,30.763,27.104,3.659,-0.232,1.53,29.769,19.871,2.665,-0.233,0.448,0.0,0,0.05
4,33.35,667,cruise,19.871,20.064,30.752,27.064,3.688,-0.193,1.533,30.752,19.871,3.688,-0.193,0.585,0.0,1,0.0
4,33.4,668,cruise,19.872,20.042,30.744,27.042,3.702,-0.17,1.534,29.75,19.871,2.708,-0.17,0.455,0.0,0,0.05
4,33.45,669,cruise,19.872,20.034,30.735,27.034,3.702,-0.162,1.534,30.735,19.872,3.702,-0.162,0.588,0.0,1,0.0
4,33.5,670,cruise,19.872,20.032,30.727,27.032,3.695,-0.161,1.534,29.734,19.872,2.701,-0.161,0.455,0.0,0,0.05
4,33.55,671,cruise,19.872,20.038,30.719,27.038,3.681,-0.167,1.533,30.719,19.872,3.681,-0.167,0.585,0.0,1,0.0
4,33.6,672,cruise,19.871,20.046,30.71,27.046,3.664,-0.175,1.532,30.71,19.871,3.664,-0.175,0.583,0.0,1,0.0
4,33.65,673,cruise,19.871,20.065,30.701,27.065,3.636,-0.194,1.53,30.701,19.871,3.636,-0.194,0.578,0.0,1,0.0
4,33.7,674,cruise,19.871,20.092,30.691,27.092,3.599,-0.22,1.528,29.697,19.871,2.606,-0.22,0.44,0.0,0,0.05
4,33.75,675,cruise,19.871,20.114,30.679,27.114,3.565,-0.243,1.525,28.692,19.871,1.577,-0.243,0.302,0.0,0,0.1
4,33.8,676,cruise,19.871,20.116,30.667,27.116,3.55,-0.245,1.524,27.686,19.871,0.57,-0.245,0.168,0.0,0,0.15
4,33.85,677,cruise,19.872,20.087,30.655,27.087,3.568,-0.215,1.526,30.655,19.872,3.568,-0.215,0.569,0.0,1,0.0
4,33.9,678,cruise,19.872,20.036,30.646,27.036,3.609,-0.165,1.53,30.646,19.872,3.609,-0.165,0.576,0.0,1,0.0
4,33.95,679,cruise,19.872,20.004,30.639,27.004,3.635,-0.133,1.532,29.645,19.872,2.641,-0.132,0.448,0.0,0,0.05
4,34.0,680,cruise,19.871,19.989,30.633,26.989,3.644,-0.118,1.532,30.633,19.871,3.644,-0.118,0.582,0.0,1,0.0
4,34.05,681,cruise,19.871,19.982,30.627,26.982,3.645,-0.111,1.533,29.633,19.871,2.652,-0.111,0.45,0.0,0,0.05
4,34.1,682,cruise,19.87,19.983,30.621,26.983,3.638,-0.113,1.532,28.634,19.871,1.651,-0.112,0.316,0.0,0,0.1
4,34.15,683,cruise,19.87,19.974,30.616,26.974,3.643,-0.104,1.533,30.616,19.87,3.643,-0.104,0.582,0.0,1,0.0
4,34.2,684,cruise,19.871,19.955,30.612,26.955,3.657,-0.084,1.534,29.618,19.87,2.664,-0.084,0.452,0.0,0,0.05
4,34.25,685,cruise,19.871,19.946,30.608,26.946,3.663,-0.075,1.535,28.621,19.87,1.675,-0.075,0.321,0.0,0,0.1
4,34.3,686,cruise,19.871,19.93,30.605,26.93,3.675,-0.058,1.536,27.624,19.87,0.695,-0.059,0.191,0.0,0,0.15
4,34.35,687,cruise,19.872,19.892,30.603,26.892,3.711,-0.02,1.538,30.603,19.872,3.711,-0.02,0.594,0.0,1,0.0
4,34.4,688,cruise,19.871,19.839,30.604,26.839,3.764,0.032,1.543,29.61,19.872,2.771,0.032,0.471,0.0,0,0.05
4,34.45,689,cruise,19.871,19.802,30.606,26.802,3.804,0.069,1.546,30.606,19.871,3.804,0.069,0.61,0.0,1,0.0
4,34.5,690,cruise,19.871,19.784,30.61,26.784,3.826,0.086,1.547,29.617,19.871,2.833,0.087,0.481,0.0,0,0.05
4,34.55,691,cruise,19.87,19.783,30.615,26.783,3.832,0.088,1.548,28.628,19.871,1.845,0.088,0.349,0.0,0,0.1
4,34.6,692,cruise,19.871,19.775,30.619,26.775,3.844,0.095,1.548,30.619,19.871,3.844,0.095,0.616,0.0,1,0.0
4,34.65,693,cruise,19.871,19.762,30.624,26.762,3.862,0.109,1.55,29.631,19.871,2.869,0.108,0.486,0.0,0,0.05
4,34.7,694,cruise,19.871,19.762,30.63,26.762,3.868,0.109,1.55,28.643,19.871,1.881,0.109,0.354,0.0,0,0.1
4,34.75,695,cruise,19.871,19.756,30.635,26.756,3.88,0.116,1.551,30.635,19.871,3.88,0.116,0.621,0.0,1,0.0
4,34.8,696,cruise,19.871,19.744,30.642,26.744,3.897,0.127,1.552,29.648,19.871,2.904,0.127,0.491,0.0,0,0.05
4,34.85,697,cruise,19.871,19.746,30.648,26.746,3.902,0.126,1.552,28.661,19.871,1.915,0.126,0.36,0.0,0,0.1
4,34.9,698,cruise,19.871,19.741,30.654,26.741,3.913,0.13,1.553,30.654,19.871,3.913,0.13,0.626,0.0,1,0.0
4,34.95,699,cruise,19.847,19.732,30.66,26.732,3.929,0.116,1.554,30.66,19.847,3.929,0.116,0.628,0.0,1,0.0
4,35.0,700,cruise,19.785,19.742,30.664,26.742,3.921,0.042,1.553,29.674,19.847,2.931,0.105,0.494,0.0,0,0.05
4,35.05,701,cruise,19.727,19.762,30.662,26.762,3.9,-0.035,1.552,30.662,19.727,3.9,-0.035,0.619,0.0,1,0.0
4,35.1,702,cruise,19.756,19.784,30.658,26.784,3.874,-0.029,1.55,29.673,19.727,2.889,-0.057,0.483,0.0,0,0.05
4,35.15,703,cruise,19.825,19.81,30.656,26.81,3.846,0.016,1.548,30.656,19.825,3.846,0.016,0.613,0.0,1,0.0
4,35.2,704,cruise,19.9,19.834,30.656,26.834,3.822,0.066,1.546,30.656,19.9,3.822,0.066,0.612,0.0,1,0.0
4,35.25,705,cruise,19.954,19.868,30.656,26.868,3.788,0.086,1.543,30.656,19.954,3.788,0.086,0.608,0.0,1,0.0
4,35.3,706,cruise,19.962,19.908,30.655,26.908,3.747,0.054,1.54,29.661,19.954,2.753,0.046,0.469,0.0,0,0.05
4,35.35,707,cruise,19.924,19.944,30.65,26.944,3.706,-0.02,1.537,30.65,19.924,3.706,-0.02,0.593,0.0,1,0.0
4,35.4,708,cruise,19.863,19.973,30.64,26.973,3.667,-0.109,1.534,29.652,19.924,2.679,-0.048,0.456,0.0,0,0.05
4,35.45,709,cruise,19.806,19.999,30.625,26.999,3.626,-0.193,1.531,28.653,19.924,1.654,-0.075,0.318,0.0,0,0.1
4,35.5,710,cruise,19.777,20.005,30.607,27.005,3.601,-0.228,1.53,30.607,19.777,3.601,-0.228,0.573,0.0,1,0.0
4,35.55,711,cruise,19.789,19.996,30.589,26.996,3.593,-0.207,1.53,30.589,19.789,3.593,-0.207,0.572,0.0,1,0.0
4,35.6,712,cruise,19.815,20.0,30.574,27.0,3.573,-0.185,1.529,30.574,19.815,3.573,-0.185,0.57,0.0,1,0.0
4,35.65,713,cruise,19.875,20.015,30.561,27.015,3.545,-0.14,1.527,29.574,19.815,2.559,-0.2,0.434,0.0,0,0.05
4,35.7,714,cruise,19.903,20.03,30.551,27.03,3.522,-0.126,1.525,28.574,19.815,1.544,-0.214,0.299,0.0,0,0.1
4,35.75,715,cruise,19.928,20.025,30.544,27.025,3.519,-0.097,1.525,27.574,19.815,0.548,-0.21,0.166,0.0,0,0.15
4,35.8,716,cruise,19.91,19.992,30.539,26.992,3.548,-0.082,1.528,30.539,19.91,3.548,-0.082,0.57,0.0,1,0.0
4,35.85,717,cruise,19.88,19.938,30.536,26.938,3.598,-0.058,1.532,30.536,19.88,3.598,-0.058,0.578,0.0,1,0.0
4,35.9,718,cruise,19.835,19.904,30.534,26.904,3.631,-0.069,1.534,29.543,19.88,2.639,-0.024,0.451,0.0,0,0.05
4,35.95,719,cruise,19.815,19.887,30.533,26.887,3.645,-0.073,1.535,30.533,19.815,3.645,-0.073,0.584,0.0,1,0.0
4,36.0,720,cruise,19.807,19.88,30.532,26.88,3.652,-0.073,1.536,30.532,19.807,3.652,-0.073,0.584,0.0,1,0.0
4,36.05,721,cruise,19.839,19.889,30.532,26.889,3.643,-0.051,1.535,30.532,19.839,3.643,-0.051,0.584,0.0,1,0.0
4,36.1,722,cruise,19.871,19.91,30.534,26.91,3.624,-0.038,1.534,29.541,19.839,2.631,-0.071,0.448,0.0,0,0.05
4,36.15,723,cruise,19.907,19.929,30.536,26.929,3.607,-0.023,1.532,30.536,19.907,3.607,-0.023,0.58,0.0,1,0.0
4,36.2,724,cruise,19.913,19.945,30.539,26.945,3.594,-0.032,1.531,30.539,19.913,3.594,-0.032,0.578,0.0,1,0.0
4,36.25,725,cruise,19.901,19.968,30.541,26.968,3.572,-0.067,1.529,30.541,19.901,3.572,-0.067,0.574,0.0,1,0.0
4,36.3,726,cruise,19.868,19.997,30.54,26.997,3.543,-0.129,1.527,29.546,19.901,2.549,-0.096,0.437,0.0,0,0.05
4,36.35,727,cruise,19.84,20.02,30.536,27.02,3.516,-0.18,1.525,28.551,19.901,1.53,-0.119,0.3,0.0,0,0.1
4,36.4,728,cruise,19.823,20.022,30.531,27.022,3.509,-0.199,1.525,27.555,19.901,0.533,-0.121,0.167,0.0,0,0.15
4,36.45,729,cruise,19.831,19.992,30.526,26.992,3.533,-0.161,1.527,30.526,19.831,3.533,-0.161,0.566,0.0,1,0.0
4,36.5,730,cruise,19.853,19.918,30.523,26.918,3.604,-0.065,1.532,29.533,19.831,2.614,-0.087,0.446,0.0,0,0.05
4,36.55,731,cruise,19.881,19.813,30.525,26.813,3.712,0.068,1.541,28.543,19.831,1.731,0.019,0.331,0.0,0,0.1
4,36.6,732,cruise,19.897,19.694,30.531,26.694,3.838,0.204,1.55,27.559,19.831,0.865,0.137,0.22,0.0,0,0.15
4,36.65,733,cruise,19.897,19.624,30.542,26.624,3.918,0.273,1.556,26.577,19.831,-0.047,0.208,0.101,0.0,0,0.2
4,36.7,734,cruise,19.88,19.555,30.554,26.555,3.999,0.326,1.562,25.598,19.831,-0.957,0.277,0.0,0.014,0,0.25
4,36.75,735,cruise,19.859,19.455,30.57,26.455,4.115,0.404,1.571,24.623,19.831,-1.832,0.376,0.0,0.099,0,0.3
4,36.8,736,cruise,19.842,19.315,30.591,26.315,4.276,0.528,1.584,23.654,19.831,-2.661,0.517,0.0,0.179,0,0.35
4,36.85,737,cruise,19.839,19.142,30.619,26.142,4.477,0.696,1.6,22.693,19.831,-3.45,0.689,0.0,0.254,0,0.4
4,36.9,738,cruise,19.848,18.945,30.658,25.945,4.713,0.903,1.618,21.741,19.831,-4.204,0.886,0.0,0.325,0,0.45
4,36.95,739,cruise,19.865,18.729,30.709,25.729,4.979,1.136,1.64,30.709,19.865,4.979,1.136,0.8,0.0,1,0.0
4,37.0,740,cruise,19.88,18.556,30.772,25.556,5.215,1.324,1.658,29.78,19.865,4.224,1.309,0.706,0.0,0,0.05
4,37.05,741,cruise,19.886,18.445,30.843,25.445,5.398,1.442,1.672,28.859,19.865,3.414,1.421,0.602,0.0,0,0.1
4,37.1,742,cruise,19.881,18.384,30.919,25.384,5.535,1.497,1.682,30.919,19.881,5.535,1.497,0.888,0.0,1,0.0
4,37.15,743,cruise,19.869,18.37,30.997,25.37,5.627,1.499,1.687,30.005,19.881,4.635,1.511,0.768,0.0,0,0.05
4,37.2,744,cruise,19.856,18.383,31.075,25.383,5.692,1.473,1.69,31.075,19.856,5.692,1.473,0.908,0.0,1,0.0
4,37.25,745,cruise,19.849,18.45,31.15,25.45,5.7,1.399,1.688,30.158,19.856,4.709,1.406,0.775,0.0,0,0.05
4,37.3,746,cruise,19.85,18.516,31.221,25.516,5.705,1.335,1.686,31.221,19.85,5.705,1.335,0.905,0.0,1,0.0
4,37.35,747,cruise,19.859,18.624,31.288,25.624,5.664,1.235,1.68,30.296,19.85,4.672,1.227,0.764,0.0,0,0.05
4,37.4,748,cruise,19.869,18.73,31.35,25.73,5.62,1.139,1.674,29.365,19.85,3.636,1.121,0.622,0.0,0,0.1
4,37.45,749,cruise,19.876,18.838,31.407,25.838,5.569,1.038,1.667,28.429,19.85,2.591,1.012,0.479,0.0,0,0.15
4,37.5,750,cruise,19.877,18.907,31.46,25.907,5.552,0.97,1.664,27.488,19.85,1.581,0.943,0.342,0.0,0,0.2
4,37.55,751,cruise,19.872,18.953,31.509,25.953,5.556,0.919,1.663,31.509,19.872,5.556,0.919,0.872,0.0,1,0.0
4,37.6,752,cruise,19.864,18.957,31.557,25.957,5.6,0.907,1.665,30.564,19.872,4.607,0.915,0.745,0.0,0,0.05
4,37.65,753,cruise,19.857,18.992,31.603,25.992,5.611,0.865,1.664,31.603,19.857,5.611,0.865,0.877,0.0,1,0.0
4,37.7,754,cruise,19.855,19.045,31.646,26.045,5.601,0.81,1.662,31.646,19.855,5.601,0.81,0.874,0.0,1,0.0
4,37.75,755,cruise,19.858,19.14,31.685,26.14,5.545,0.717,1.655,30.693,19.855,4.552,0.715,0.731,0.0,0,0.05
4,37.8,756,cruise,19.864,19.24,31.719,26.24,5.479,0.623,1.649,29.734,19.855,3.493,0.614,0.586,0.0,0,0.1
4,37.85,757,cruise,19.87,19.336,31.748,26.336,5.412,0.533,1.642,28.77,19.855,2.433,0.518,0.442,0.0,0,0.15
4,37.9,758,cruise,19.872,19.397,31.774,26.397,5.376,0.475,1.638,27.801,19.855,1.404,0.458,0.302,0.0,0,0.2
4,37.95,759,cruise,19.871,19.426,31.796,26.426,5.37,0.445,1.637,26.83,19.855,0.404,0.429,0.168,0.0,0,0.25
4,38.0,760,cruise,19.864,19.409,31.818,26.409,5.409,0.455,1.639,31.818,19.864,5.409,0.455,0.836,0.0,1,0.0
4,38.05,761,cruise,19.86,19.367,31.842,26.367,5.475,0.493,1.644,31.842,19.86,5.475,0.493,0.846,0.0,1,0.0
4,38.1,762,cruise,19.851,19.339,31.868,26.339,5.529,0.513,1.648,31.868,19.851,5.529,0.513,0.854,0.0,1,0.0
4,38.15,763,cruise,19.843,19.359,31.893,26.359,5.534,0.485,1.647,31.893,19.843,5.534,0.485,0.854,0.0,1,0.0
4,38.2,764,cruise,19.853,19.42,31.915,26.42,5.496,0.434,1.643,31.915,19.853,5.496,0.434,0.847,0.0,1,0.0
4,38.25,765,cruise,19.856,19.509,31.934,26.509,5.425,0.347,1.637,31.934,19.856,5.425,0.347,0.835,0.0,1,0.0
4,38.3,766,cruise,19.871,19.614,31.948,26.614,5.334,0.257,1.629,30.956,19.856,4.341,0.242,0.687,0.0,0,0.05
4,38.35,767,cruise,19.86,19.723,31.956,26.723,5.233,0.137,1.62,29.971,19.856,3.249,0.133,0.538,0.0,0,0.1
4,38.4,768,cruise,19.866,19.811,31.959,26.811,5.148,0.056,1.613,31.959,19.866,5.148,0.056,0.788,0.0,1,0.0
4,38.45,769,cruise,19.845,19.883,31.957,26.883,5.075,-0.038,1.607,30.966,19.866,4.084,-0.016,0.644,0.0,0,0.05
4,38.5,770,cruise,19.851,19.958,31.951,26.958,4.993,-0.107,1.601,31.951,19.851,4.993,-0.107,0.762,0.0,1,0.0
4,38.55,771,cruise,19.836,20.034,31.941,27.034,4.907,-0.199,1.594,31.941,19.836,4.907,-0.199,0.748,0.0,1,0.0
4,38.6,772,cruise,19.853,20.119,31.927,27.119,4.807,-0.267,1.587,31.927,19.853,4.807,-0.267,0.732,0.0,1,0.0
4,38.65,773,cruise,19.847,20.208,31.907,27.208,4.699,-0.361,1.579,30.918,19.853,3.71,-0.355,0.583,0.0,0,0.05
4,38.7,774,cruise,19.821,20.29,31.88,27.29,4.59,-0.469,1.571,29.905,19.853,2.616,-0.437,0.434,0.0,0,0.1
4,38.75,775,cruise,19.845,20.346,31.848,27.346,4.503,-0.501,1.565,28.889,19.853,1.543,-0.493,0.289,0.0,0,0.15
4,38.8,776,cruise,19.856,20.365,31.815,27.365,4.451,-0.509,1.562,31.815,19.856,4.451,-0.509,0.676,0.0,1,0.0
4,38.85,777,cruise,19.882,20.356,31.783,27.356,4.427,-0.474,1.561,30.798,19.856,3.442,-0.5,0.542,0.0,0,0.05
4,38.9,778,cruise,19.869,20.354,31.75,27.354,4.396,-0.485,1.56,31.75,19.869,4.396,-0.485,0.67,0.0,1,0.0
4,38.95,779,cruise,19.873,20.365,31.716,27.365,4.351,-0.492,1.557,30.733,19.869,3.368,-0.496,0.533,0.0,0,0.05
4,39.0,780,cruise,19.842,20.386,31.678,27.386,4.292,-0.545,1.554,29.716,19.869,2.329,-0.517,0.393,0.0,0,0.1
4,39.05,781,cruise,19.841,20.396,31.639,27.396,4.242,-0.555,1.551,28.698,19.869,1.301,-0.527,0.256,0.0,0,0.15
4,39.1,782,cruise,19.821,20.38,31.598,27.38,4.218,-0.559,1.55,31.598,19.821,4.218,-0.559,0.644,0.0,1,0.0
4,39.15,783,cruise,19.768,20.345,31.554,27.345,4.209,-0.577,1.551,30.583,19.821,3.238,-0.524,0.514,0.0,0,0.05
4,39.2,784,cruise,19.795,20.322,31.51,27.322,4.188,-0.527,1.551,29.57,19.821,2.248,-0.502,0.383,0.0,0,0.1
4,39.25,785,cruise,19.827,20.302,31.468,27.302,4.166,-0.474,1.55,28.558,19.821,1.256,-0.481,0.251,0.0,0,0.15
4,39.3,786,cruise,19.892,20.265,31.429,27.265,4.164,-0.373,1.551,31.429,19.892,4.164,-0.373,0.643,0.0,1,0.0
4,39.35,787,cruise,19.912,20.217,31.394,27.217,4.178,-0.305,1.553,30.424,19.892,3.207,-0.324,0.517,0.0,0,0.05
4,39.4,788,cruise,19.924,20.185,31.363,27.185,4.177,-0.261,1.554,31.363,19.924,4.177,-0.261,0.648,0.0,1,0.0
4,39.45,789,cruise,19.874,20.174,31.33,27.174,4.157,-0.299,1.553,30.363,19.924,3.19,-0.25,0.517,0.0,0,0.05
4,39.5,790,cruise,19.776,20.177,31.293,27.177,4.116,-0.402,1.551,29.364,19.924,2.187,-0.254,0.383,0.0,0,0.1
4,39.55,791,cruise,19.748,20.171,31.252,27.171,4.081,-0.423,1.549,28.365,19.924,1.194,-0.247,0.251,0.0,0,0.15
4,39.6,792,cruise,19.733,20.146,31.211,27.146,4.065,-0.413,1.549,27.368,19.924,0.222,-0.222,0.122,0.0,0,0.2
4,39.65,793,cruise,19.776,20.084,31.175,27.084,4.091,-0.308,1.552,31.175,19.776,4.091,-0.308,0.635,0.0,1,0.0
4,39.7,794,cruise,19.798,20.007,31.145,27.007,4.138,-0.21,1.557,30.191,19.776,3.184,-0.232,0.517,0.0,0,0.05
4,39.75,795,cruise,19.871,19.938,31.122,26.938,4.185,-0.067,1.561,29.211,19.776,2.273,-0.162,0.398,0.0,0,0.1
4,39.8,796,decelerate,19.904,19.895,31.106,26.895,4.211,0.009,1.564,31.106,19.904,4.211,0.009,0.662,0.0,1,0.0
4,39.85,797,decelerate,19.938,19.846,31.096,26.846,4.249,0.092,1.567,30.136,19.904,3.29,0.057,0.541,0.0,0,0.05
4,39.9,798,decelerate,19.869,19.836,31.087,26.836,4.251,0.032,1.567,29.168,19.904,2.332,0.067,0.413,0.0,0,0.1
4,39.95,799,decelerate,19.671,19.807,31.071,26.807,4.264,-0.136,1.569,31.071,19.671,4.264,-0.136,0.664,0.0,1,0.0
4,40.0,800,decelerate,19.488,19.799,31.048,26.799,4.249,-0.31,1.568,30.11,19.671,3.311,-0.127,0.537,0.0,0,0.05
4,40.05,801,decelerate,19.261,19.78,31.016,26.78,4.236,-0.519,1.568,29.149,19.671,2.369,-0.109,0.412,0.0,0,0.1
4,40.1,802,decelerate,19.052,19.747,30.975,26.747,4.228,-0.695,1.569,30.975,19.052,4.228,-0.695,0.641,0.0,1,0.0
4,40.15,803,decelerate,18.83,19.742,30.928,26.742,4.186,-0.912,1.567,30.928,18.83,4.186,-0.912,0.628,0.0,1,0.0
4,40.2,804,decelerate,18.615,19.739,30.873,26.739,4.134,-1.124,1.564,30.873,18.615,4.134,-1.124,0.614,0.0,1,0.0
4,40.25,805,decelerate,18.427,19.763,30.81,26.763,4.047,-1.336,1.559,29.92,18.615,3.156,-1.148,0.483,0.0,0,0.05
4,40.3,806,decelerate,18.22,19.762,30.738,26.762,3.976,-1.542,1.555,30.738,18.22,3.976,-1.542,0.579,0.0,1,0.0
4,40.35,807,decelerate,18.06,19.78,30.657,26.78,3.877,-1.721,1.55,29.786,18.22,3.006,-1.561,0.449,0.0,0,0.05
4,40.4,808,decelerate,17.876,19.764,30.569,26.764,3.806,-1.888,1.547,30.569,17.876,3.806,-1.888,0.544,0.0,1,0.0
4,40.45,809,decelerate,17.73,19.77,30.474,26.77,3.705,-2.04,1.541,30.474,17.73,3.705,-2.04,0.526,0.0,1,0.0
4,40.5,810,decelerate,17.551,19.747,30.372,26.747,3.625,-2.196,1.538,30.372,17.551,3.625,-2.196,0.51,0.0,1,0.0
4,40.55,811,decelerate,17.401,19.754,30.262,26.754,3.508,-2.353,1.532,29.424,17.551,2.67,-2.203,0.383,0.0,0,0.05
4,40.6,812,decelerate,17.209,19.722,30.145,26.722,3.423,-2.513,1.528,30.145,17.209,3.423,-2.513,0.473,0.0,1,0.0
4,40.65,813,decelerate,17.052,19.641,30.022,26.641,3.381,-2.589,1.529,30.022,17.052,3.381,-2.589,0.464,0.0,1,0.0
4,40.7,814,decelerate,16.885,19.618,29.894,26.618,3.277,-2.732,1.524,29.894,16.885,3.277,-2.732,0.446,0.0,1,0.0
4,40.75,815,decelerate,16.701,19.576,29.76,26.576,3.184,-2.876,1.52,29.76,16.701,3.184,-2.876,0.429,0.0,1,0.0
4,40.8,816,decelerate,16.532,19.559,29.619,26.559,3.06,-3.027,1.514,29.619,16.532,3.06,-3.027,0.407,0.0,1,0.0
4,40.85,817,decelerate,16.331,19.504,29.469,26.504,2.966,-3.173,1.511,28.679,16.532,2.175,-2.972,0.291,0.0,0,0.05
4,40.9,818,decelerate,16.178,19.468,29.314,26.468,2.846,-3.29,1.506,29.314,16.178,2.846,-3.29,0.37,0.0,1,0.0
4,40.95,819,decelerate,16.021,19.394,29.157,26.394,2.762,-3.374,1.503,29.157,16.021,2.762,-3.374,0.356,0.0,1,0.0
4,41.0,820,decelerate,15.826,19.346,28.994,26.346,2.649,-3.519,1.499,28.225,16.021,1.88,-3.325,0.24,0.0,0,0.05
4,41.05,821,decelerate,15.665,19.262,28.827,26.262,2.565,-3.597,1.497,27.296,16.021,1.034,-3.241,0.13,0.0,0,0.1
4,41.1,822,decelerate,15.5,19.184,28.658,26.184,2.474,-3.683,1.494,28.658,15.5,2.474,-3.683,0.307,0.0,1,0.0
4,41.15,823,decelerate,15.306,19.067,28.486,26.067,2.419,-3.761,1.494,27.739,15.5,1.672,-3.567,0.204,0.0,0,0.05
4,41.2,824,decelerate,15.144,18.977,28.31,25.977,2.333,-3.832,1.492,28.31,15.144,2.333,-3.832,0.283,0.0,1,0.0
4,41.25,825,decelerate,14.953,18.856,28.131,25.856,2.275,-3.902,1.492,27.4,15.144,1.545,-3.711,0.182,0.0,0,0.05
4,41.3,826,decelerate,14.798,18.763,27.948,25.763,2.185,-3.965,1.49,27.948,14.798,2.185,-3.965,0.259,0.0,1,0.0
4,41.35,827,decelerate,14.713,18.64,27.766,25.64,2.126,-3.927,1.49,27.048,14.798,1.408,-3.842,0.16,0.0,0,0.05
4,41.4,828,decelerate,14.594,18.543,27.585,25.543,2.042,-3.949,1.488,27.585,14.594,2.042,-3.949,0.241,0.0,1,0.0
4,41.45,829,decelerate,14.364,18.412,27.402,25.412,1.99,-4.048,1.488,26.694,14.594,1.282,-3.818,0.144,0.0,0,0.05
4,41.5,830,decelerate,14.0,18.312,27.207,25.312,1.896,-4.311,1.486,27.207,14.0,1.896,-4.311,0.209,0.0,1,0.0
4,41.55,831,decelerate,13.711,18.175,27.002,25.175,1.827,-4.464,1.486,26.325,14.0,1.151,-4.174,0.114,0.0,0,0.05
4,41.6,832,decelerate,13.514,18.066,26.79,25.066,1.724,-4.552,1.483,25.447,14.0,0.38,-4.066,0.015,0.0,0,0.1
4,41.65,833,decelerate,13.395,17.917,26.577,24.917,1.66,-4.522,1.483,26.577,13.395,1.66,-4.522,0.171,0.0,1,0.0
4,41.7,834,decelerate,13.313,17.789,26.364,24.789,1.575,-4.476,1.482,26.364,13.313,1.575,-4.476,0.161,0.0,1,0.0
4,41.75,835,decelerate,13.261,17.639,26.155,24.639,1.516,-4.378,1.483,26.155,13.261,1.516,-4.378,0.156,0.0,1,0.0
4,41.8,836,decelerate,13.144,17.526,25.948,24.526,1.422,-4.381,1.481,25.298,13.261,0.772,-4.265,0.061,0.0,0,0.05
4,41.85,837,decelerate,12.944,17.379,25.736,24.379,1.357,-4.435,1.481,25.736,12.944,1.357,-4.435,0.133,0.0,1,0.0
4,41.9,838,decelerate,12.739,17.261,25.521,24.261,1.259,-4.522,1.478,25.521,12.739,1.259,-4.522,0.117,0.0,1,0.0
4,41.95,839,decelerate,12.528,17.114,25.301,24.114,1.187,-4.586,1.478,25.301,12.528,1.187,-4.586,0.105,0.0,1,0.0
4,42.0,840,decelerate,12.322,16.998,25.077,23.998,1.079,-4.675,1.475,25.077,12.322,1.079,-4.675,0.088,0.0,1,0.0
4,42.05,841,decelerate,12.126,16.879,24.85,23.879,0.971,-4.753,1.472,24.85,12.126,0.971,-4.753,0.071,0.0,1,0.0
4,42.1,842,decelerate,11.964,16.748,24.621,23.748,0.873,-4.783,1.47,24.621,11.964,0.873,-4.783,0.057,0.0,1,0.0
4,42.15,843,decelerate,11.792,16.621,24.389,23.621,0.769,-4.829,1.467,24.389,11.792,0.769,-4.829,0.042,0.0,1,0.0
4,42.2,844,decelerate,11.625,16.46,24.156,23.46,0.696,-4.835,1.468,24.156,11.625,0.696,-4.835,0.032,0.0,1,0.0
4,42.25,845,decelerate,11.436,16.33,23.92,23.33,0.59,-4.894,1.465,23.92,11.436,0.59,-4.894,0.016,0.0,1,0.0
4,42.3,846,decelerate,11.272,16.168,23.681,23.168,0.514,-4.896,1.465,23.681,11.272,0.514,-4.896,0.005,0.0,1,0.0
4,42.35,847,decelerate,11.148,16.035,23.442,23.035,0.407,-4.887,1.462,23.442,11.148,0.407,-4.887,0.0,0.007,1,0.0
4,42.4,848,decelerate,11.072,15.901,23.206,22.901,0.305,-4.829,1.459,22.655,11.148,-0.246,-4.752,0.0,0.068,0,0.05
4,42.45,849,decelerate,10.965,15.739,22.973,22.739,0.233,-4.774,1.46,21.875,11.148,-0.864,-4.591,0.0,0.126,0,0.1
4,42.5,850,decelerate,10.367,15.577,22.725,22.577,0.148,-5.21,1.459,21.102,11.148,-1.475,-4.429,0.0,0.184,0,0.15
4,42.55,851,decelerate,9.916,15.407,22.462,22.407,0.055,-5.491,1.458,22.462,9.916,0.055,-5.491,0.0,0.057,1,0.0
4,42.6,852,decelerate,9.594,15.232,22.188,22.232,-0.044,-5.638,1.457,22.188,9.594,-0.044,-5.638,0.0,0.071,1,0.0
4,42.65,853,decelerate,9.401,15.083,21.909,22.083,-0.174,-5.682,1.453,21.439,9.594,-0.645,-5.489,0.0,0.127,0,0.05
4,42.7,854,decelerate,9.3,14.899,21.631,21.899,-0.268,-5.599,1.452,20.696,9.594,-1.203,-5.305,0.0,0.178,0,0.1
4,42.75,855,decelerate,9.278,14.731,21.358,21.731,-0.373,-5.452,1.45,21.358,9.278,-0.373,-5.452,0.0,0.099,1,0.0
4,42.8,856,decelerate,9.305,14.698,21.091,21.698,-0.607,-5.392,1.435,20.629,9.278,-1.069,-5.419,0.0,0.168,0,0.05
4,42.85,857,decelerate,9.374,14.613,20.829,21.613,-0.784,-5.24,1.425,19.902,9.278,-1.712,-5.335,0.0,0.23,0,0.1
4,42.9,858,decelerate,9.429,14.281,20.581,21.281,-0.7,-4.852,1.441,19.185,9.278,-2.096,-5.003,0.0,0.261,0,0.15
4,42.95,859,decelerate,9.408,13.944,20.35,20.944,-0.594,-4.536,1.459,20.35,9.408,-0.594,-4.536,0.0,0.099,1,0.0
4,43.0,860,decelerate,9.302,13.653,20.131,20.653,-0.522,-4.351,1.475,20.131,9.302,-0.522,-4.351,0.0,0.087,1,0.0
4,43.05,861,decelerate,9.14,13.413,19.918,20.413,-0.495,-4.273,1.485,19.46,9.302,-0.953,-4.111,0.0,0.125,0,0.05
4,43.1,862,decelerate,8.927,13.187,19.707,20.187,-0.48,-4.26,1.494,19.707,8.927,-0.48,-4.26,0.0,0.081,1,0.0
4,43.15,863,decelerate,8.708,12.976,19.495,19.976,-0.481,-4.267,1.502,19.059,8.927,-0.917,-4.049,0.0,0.12,0,0.05
4,43.2,864,decelerate,8.469,12.752,19.283,19.752,-0.469,-4.283,1.512,18.42,8.927,-1.331,-3.825,0.0,0.156,0,0.1
4,43.25,865,decelerate,8.221,12.542,19.069,19.542,-0.474,-4.322,1.52,17.792,8.927,-1.75,-3.615,0.0,0.192,0,0.15
4,43.3,866,decelerate,7.967,12.335,18.853,19.335,-0.482,-4.368,1.528,17.174,8.927,-2.161,-3.409,0.0,0.229,0,0.2
4,43.35,867,decelerate,7.72,12.1,18.636,19.1,-0.465,-4.38,1.54,16.567,8.927,-2.533,-3.173,0.0,0.26,0,0.25
4,43.4,868,decelerate,7.46,11.889,18.416,18.889,-0.473,-4.43,1.549,18.416,7.46,-0.473,-4.43,0.0,0.086,1,0.0
4,43.45,869,decelerate,7.287,11.697,18.195,18.697,-0.502,-4.41,1.556,18.195,7.287,-0.502,-4.41,0.0,0.088,1,0.0
4,43.5,870,decelerate,7.213,11.517,17.979,18.517,-0.538,-4.305,1.561,17.979,7.213,-0.538,-4.305,0.0,0.089,1,0.0
4,43.55,871,decelerate,7.016,11.335,17.767,18.335,-0.568,-4.318,1.567,17.767,7.016,-0.568,-4.318,0.0,0.093,1,0.0
4,43.6,872,decelerate,6.538,11.152,17.543,18.152,-0.609,-4.613,1.573,17.208,7.016,-0.943,-4.135,0.0,0.126,0,0.05
4,43.65,873,decelerate,6.042,11.146,17.298,18.146,-0.848,-5.104,1.552,16.653,7.016,-1.493,-4.13,0.0,0.181,0,0.1
4,43.7,874,decelerate,5.674,11.039,17.035,18.039,-1.004,-5.365,1.543,17.035,5.674,-1.004,-5.365,0.0,0.163,1,0.0
4,43.75,875,decelerate,5.423,10.571,16.772,17.571,-0.799,-5.148,1.587,16.772,5.423,-0.799,-5.148,0.0,0.137,1,0.0
4,43.8,876,decelerate,5.263,10.076,16.526,17.076,-0.551,-4.813,1.64,16.261,5.423,-0.816,-4.654,0.0,0.126,0,0.05
4,43.85,877,decelerate,5.18,9.666,16.296,16.666,-0.369,-4.485,1.686,16.296,5.18,-0.369,-4.485,0.0,0.078,1,0.0
4,43.9,878,decelerate,5.121,9.313,16.082,16.313,-0.231,-4.192,1.727,16.082,5.121,-0.231,-4.192,0.0,0.057,1,0.0
4,43.95,879,decelerate,5.09,9.012,15.882,16.012,-0.131,-3.922,1.762,15.628,5.121,-0.385,-3.891,0.0,0.064,0,0.05
4,44.0,880,decelerate,5.085,8.74,15.695,15.74,-0.045,-3.655,1.796,15.187,5.121,-0.553,-3.619,0.0,0.074,0,0.1
4,44.05,881,decelerate,5.113,8.467,15.521,15.467,0.054,-3.354,1.833,15.521,5.113,0.054,-3.354,0.0,0.007,1,0.0
4,44.1,882,decelerate,5.166,8.233,15.363,15.233,0.13,-3.067,1.866,15.106,5.113,-0.126,-3.119,0.0,0.019,0,0.05
4,44.15,883,decelerate,5.169,8.004,15.218,15.004,0.214,-2.835,1.901,15.218,5.169,0.214,-2.835,0.029,0.0,1,0.0
4,44.2,884,decelerate,5.117,7.784,15.082,14.784,0.298,-2.667,1.938,14.826,5.169,0.042,-2.615,0.014,0.0,0,0.05
4,44.25,885,decelerate,5.043,7.574,14.954,14.574,0.38,-2.531,1.974,14.954,5.043,0.38,-2.531,0.061,0.0,1,0.0
4,44.3,886,decelerate,4.979,7.373,14.831,14.373,0.458,-2.394,2.012,14.582,5.043,0.21,-2.33,0.045,0.0,0,0.05
4,44.35,887,decelerate,4.9,7.179,14.716,14.179,0.537,-2.279,2.05,14.221,5.043,0.042,-2.136,0.03,0.0,0,0.1
4,44.4,888,decelerate,4.739,6.98,14.604,13.98,0.624,-2.241,2.092,13.869,5.043,-0.111,-1.937,0.016,0.0,0,0.15
4,44.45,889,decelerate,4.537,6.933,14.488,13.933,0.555,-2.396,2.09,13.523,5.043,-0.41,-1.89,0.0,0.017,0,0.2
4,44.5,890,decelerate,4.317,6.918,14.362,13.918,0.444,-2.601,2.076,14.362,4.317,0.444,-2.601,0.068,0.0,1,0.0
4,44.55,891,decelerate,4.092,6.583,14.233,13.583,0.65,-2.491,2.162,14.233,4.092,0.65,-2.491,0.099,0.0,1,0.0
4,44.6,892,decelerate,3.868,6.076,14.118,13.076,1.042,-2.208,2.324,13.921,4.092,0.845,-1.984,0.142,0.0,0,0.05
4,44.65,893,decelerate,3.652,5.682,14.014,12.682,1.332,-2.03,2.466,14.014,3.652,1.332,-2.03,0.206,0.0,1,0.0
4,44.7,894,decelerate,3.451,5.344,13.917,12.344,1.573,-1.893,2.604,13.917,3.451,1.573,-1.893,0.243,0.0,1,0.0
4,44.75,895,decelerate,3.255,5.126,13.823,12.126,1.698,-1.87,2.697,13.657,3.451,1.532,-1.675,0.245,0.0,0,0.05
4,44.8,896,decelerate,3.064,4.93,13.731,11.93,1.801,-1.866,2.785,13.408,3.451,1.478,-1.479,0.244,0.0,0,0.1
4,44.85,897,decelerate,2.878,4.746,13.638,11.746,1.892,-1.868,2.874,13.638,2.878,1.892,-1.868,0.287,0.0,1,0.0
4,44.9,898,decelerate,2.698,4.619,13.544,11.619,1.925,-1.921,2.932,13.544,2.698,1.925,-1.921,0.29,0.0,1,0.0
4,44.95,899,decelerate,2.524,4.518,13.446,11.518,1.928,-1.994,2.976,13.446,2.524,1.928,-1.994,0.288,0.0,1,0.0
4,45.0,900,decelerate,2.355,4.433,13.344,11.433,1.91,-2.078,3.01,13.223,2.524,1.789,-1.91,0.273,0.0,0,0.05
4,45.05,901,decelerate,2.192,4.357,13.238,11.357,1.88,-2.165,3.038,13.004,2.524,1.647,-1.833,0.256,0.0,0,0.1
4,45.1,902,decelerate,2.035,4.282,13.127,11.282,1.845,-2.247,3.065,12.789,2.524,1.506,-1.759,0.24,0.0,0,0.15
4,45.15,903,decelerate,1.832,4.206,13.012,11.206,1.807,-2.374,3.094,12.578,2.524,1.372,-1.682,0.225,0.0,0,0.2
4,45.2,904,decelerate,0.642,4.126,12.862,11.126,1.736,-3.484,3.117,12.37,2.524,1.244,-1.603,0.211,0.0,0,0.25
4,45.25,905,decelerate,0.001,4.043,12.665,11.043,1.621,-4.042,3.132,12.665,0.001,1.621,-4.042,0.18,0.0,1,0.0
4,45.3,906,decelerate,0.001,3.954,12.466,10.954,1.512,-3.953,3.153,12.466,0.001,1.512,-3.953,0.169,0.0,1,0.0
4,45.35,907,decelerate,0.001,3.857,12.272,10.857,1.415,-3.856,3.182,12.272,0.001,1.415,-3.856,0.16,0.0,1,0.0
4,45.4,908,decelerate,0.001,3.757,12.083,10.757,1.327,-3.756,3.216,12.083,0.001,1.326,-3.756,0.151,0.0,0,0.05
4,45.45,909,decelerate,0.001,3.643,11.9,10.643,1.257,-3.642,3.267,11.9,0.001,1.257,-3.642,0.146,0.0,1,0.0
4,45.5,910,decelerate,0.001,3.539,11.722,10.539,1.182,-3.539,3.312,11.722,0.001,1.182,-3.539,0.14,0.0,1,0.0
4,45.55,911,decelerate,0.0,3.431,11.549,10.431,1.117,-3.431,3.366,11.549,0.0,1.117,-3.431,0.135,0.0,1,0.0
4,45.6,912,decelerate,0.0,3.323,11.381,10.323,1.058,-3.322,3.425,11.381,0.0,1.058,-3.322,0.13,0.0,1,0.0
4,45.65,913,decelerate,0.0,3.213,11.219,10.213,1.006,-3.212,3.492,11.219,0.0,1.006,-3.212,0.127,0.0,0,0.05
4,45.7,914,decelerate,0.0,3.104,11.062,10.104,0.958,-3.104,3.564,11.062,0.0,0.958,-3.103,0.124,0.0,0,0.1
4,45.75,915,decelerate,0.0,2.995,10.91,9.995,0.915,-2.995,3.642,10.91,0.0,0.915,-2.995,0.122,0.0,1,0.0
4,45.8,916,decelerate,0.0,2.889,10.764,9.889,0.875,-2.889,3.726,10.764,0.0,0.875,-2.889,0.12,0.0,0,0.05
4,45.85,917,decelerate,0.0,2.783,10.623,9.783,0.84,-2.783,3.817,10.623,0.0,0.84,-2.783,0.119,0.0,0,0.1
4,45.9,918,decelerate,0.0,2.68,10.488,9.68,0.807,-2.68,3.913,10.488,0.0,0.807,-2.68,0.118,0.0,0,0.15
4,45.95,919,decelerate,0.0,2.58,10.357,9.58,0.777,-2.58,4.014,10.357,0.0,0.777,-2.58,0.118,0.0,0,0.2
4,46.0,920,decelerate,0.0,2.482,10.232,9.482,0.75,-2.482,4.122,10.232,0.0,0.75,-2.482,0.117,0.0,1,0.0
4,46.05,921,decelerate,0.0,2.385,10.111,9.385,0.725,-2.385,4.239,10.111,0.0,0.725,-2.385,0.117,0.0,0,0.05
4,46.1,922,decelerate,0.0,2.292,9.995,9.292,0.702,-2.292,4.36,9.995,0.0,0.702,-2.292,0.117,0.0,0,0.1
4,46.15,923,decelerate,0.0,2.2,9.883,9.2,0.683,-2.2,4.492,9.883,0.0,0.683,-2.2,0.118,0.0,0,0.15
4,46.2,924,stopped,0.0,2.111,9.776,9.111,0.665,-2.111,4.63,9.776,0.0,0.665,-2.111,0.118,0.0,1,0.0
4,46.25,925,stopped,0.0,2.024,9.674,9.024,0.649,-2.024,4.779,9.674,0.0,0.649,-2.024,0.119,0.0,0,0.05
4,46.3,926,stopped,0.0,1.94,9.575,8.94,0.635,-1.94,4.935,9.575,0.0,0.635,-1.94,0.12,0.0,0,0.1
4,46.35,927,stopped,0.0,1.86,9.481,8.86,0.621,-1.86,5.099,9.481,0.0,0.621,-1.86,0.121,0.0,0,0.15
4,46.4,928,stopped,0.0,1.783,9.391,8.783,0.608,-1.782,5.268,9.391,0.0,0.608,-1.782,0.122,0.0,1,0.0
4,46.45,929,stopped,0.0,1.708,9.304,8.708,0.596,-1.708,5.446,9.304,0.0,0.596,-1.708,0.122,0.0,0,0.05
4,46.5,930,stopped,0.0,1.637,9.221,8.637,0.584,-1.637,5.634,9.221,0.0,0.584,-1.637,0.123,0.0,1,0.0
4,46.55,931,stopped,0.0,1.563,9.141,8.563,0.578,-1.563,5.847,9.141,0.0,0.578,-1.563,0.125,0.0,1,0.0
4,46.6,932,stopped,0.0,1.5,9.065,8.5,0.565,-1.5,6.044,9.065,0.0,0.565,-1.5,0.125,0.0,0,0.05
4,46.65,933,stopped,0.0,1.439,8.992,8.439,0.553,-1.439,6.25,8.992,0.0,0.553,-1.439,0.126,0.0,0,0.1
4,46.7,934,stopped,0.0,1.381,8.922,8.381,0.541,-1.381,6.462,8.922,0.0,0.541,-1.381,0.126,0.0,1,0.0
4,46.75,935,stopped,0.0,1.324,8.855,8.324,0.531,-1.324,6.687,8.855,0.0,0.531,-1.324,0.127,0.0,0,0.05
4,46.8,936,stopped,0.0,1.274,8.79,8.274,0.516,-1.274,6.901,8.79,0.0,0.516,-1.274,0.126,0.0,1,0.0
4,46.85,937,stopped,0.0,1.232,8.728,8.232,0.496,-1.232,7.086,8.728,0.0,0.496,-1.232,0.125,0.0,0,0.05
4,46.9,938,stopped,0.0,1.194,8.668,8.194,0.474,-1.194,7.259,8.668,0.0,0.474,-1.194,0.123,0.0,0,0.1
4,46.95,939,stopped,0.0,1.157,8.609,8.157,0.452,-1.157,7.44,8.609,0.0,0.452,-1.157,0.122,0.0,0,0.15
4,47.0,940,stopped,0.0,1.122,8.553,8.122,0.431,-1.122,7.625,8.553,0.0,0.431,-1.122,0.12,0.0,0,0.2
4,47.05,941,stopped,0.0,1.087,8.498,8.087,0.411,-1.087,7.82,8.498,0.0,0.411,-1.087,0.119,0.0,1,0.0
4,47.1,942,stopped,0.0,1.052,8.445,8.052,0.392,-1.052,8.026,8.445,0.0,0.392,-1.052,0.117,0.0,1,0.0
4,47.15,943,stopped,0.0,1.018,8.393,8.018,0.375,-1.018,8.245,8.393,0.0,0.375,-1.018,0.116,0.0,1,0.0
4,47.2,944,stopped,0.0,0.985,8.343,7.985,0.358,-0.985,8.471,8.343,0.0,0.358,-0.985,0.115,0.0,1,0.0
4,47.25,945,stopped,0.0,0.952,8.295,7.952,0.343,-0.952,8.71,8.295,0.0,0.343,-0.952,0.114,0.0,0,0.05
4,47.3,946,stopped,0.0,0.924,8.249,7.924,0.325,-0.924,8.93,8.249,0.0,0.325,-0.924,0.113,0.0,0,0.1
4,47.35,947,stopped,0.0,0.897,8.203,7.897,0.307,-0.897,9.149,8.203,0.0,0.307,-0.897,0.111,0.0,0,0.15
4,47.4,948,stopped,0.0,0.869,8.16,7.869,0.29,-0.869,9.385,8.16,0.0,0.29,-0.869,0.11,0.0,1,0.0
4,47.45,949,stopped,0.0,0.835,8.117,7.835,0.282,-0.835,9.719,8.117,0.0,0.282,-0.835,0.11,0.0,1,0.0
4,47.5,950,stopped,0.0,0.8,8.077,7.8,0.277,-0.8,10.096,8.077,0.0,0.277,-0.8,0.11,0.0,1,0.0
4,47.55,951,stopped,0.0,0.773,8.037,7.773,0.264,-0.773,10.393,8.037,0.0,0.264,-0.773,0.109,0.0,1,0.0
4,47.6,952,stopped,0.0,0.74,7.999,7.74,0.26,-0.74,10.817,7.999,0.0,0.26,-0.74,0.11,0.0,0,0.05
4,47.65,953,stopped,0.0,0.698,7.963,7.698,0.265,-0.698,11.409,7.963,0.0,0.265,-0.698,0.112,0.0,0,0.1
4,47.7,954,stopped,0.0,0.725,7.927,7.725,0.202,-0.725,10.93,7.927,0.0,0.202,-0.725,0.103,0.0,0,0.15
4,47.75,955,stopped,0.0,0.645,7.894,7.645,0.248,-0.645,12.231,7.894,0.0,0.248,-0.645,0.112,0.0,1,0.0
4,47.8,956,stopped,0.0,0.67,7.86,7.67,0.19,-0.67,11.728,7.86,0.0,0.19,-0.67,0.103,0.0,1,0.0
4,47.85,957,stopped,0.0,0.586,7.829,7.586,0.243,-0.586,13.363,7.829,0.0,0.243,-0.586,0.113,0.0,0,0.05
4,47.9,958,stopped,0.0,0.601,7.8,7.601,0.198,-0.601,12.969,7.8,0.0,0.198,-0.601,0.106,0.0,0,0.1
4,47.95,959,stopped,0.0,0.53,7.771,7.53,0.242,-0.53,14.676,7.771,0.0,0.242,-0.53,0.115,0.0,1,0.0
4,48.0,960,stopped,0.0,0.555,7.744,7.555,0.189,-0.555,13.945,7.744,0.0,0.189,-0.555,0.107,0.0,1,0.0
4,48.05,961,stopped,0.0,0.529,7.718,7.529,0.189,-0.529,14.584,7.718,0.0,0.189,-0.529,0.108,0.0,0,0.05
4,48.1,962,stopped,0.0,0.493,7.692,7.493,0.2,-0.493,15.615,7.692,0.0,0.2,-0.493,0.11,0.0,0,0.1
4,48.15,963,stopped,0.0,0.468,7.668,7.468,0.2,-0.468,16.388,7.668,0.0,0.2,-0.468,0.111,0.0,1,0.0
4,48.2,964,stopped,0.0,0.457,7.645,7.457,0.188,-0.457,16.73,7.645,0.0,0.188,-0.457,0.11,0.0,0,0.05
4,48.25,965,stopped,0.0,0.47,7.621,7.47,0.151,-0.47,16.214,7.621,0.0,0.151,-0.47,0.105,0.0,1,0.0
4,48.3,966,stopped,0.0,0.443,7.599,7.443,0.157,-0.443,17.164,7.599,0.0,0.157,-0.443,0.106,0.0,1,0.0
4,48.35,967,stopped,0.0,0.41,7.578,7.41,0.168,-0.41,18.463,7.578,0.0,0.168,-0.41,0.109,0.0,1,0.0
4,48.4,968,stopped,0.0,0.424,7.558,7.424,0.134,-0.424,17.822,7.558,0.0,0.134,-0.424,0.104,0.0,0,0.05
4,48.45,969,stopped,0.0,0.389,7.539,7.389,0.15,-0.389,19.389,7.539,0.0,0.15,-0.389,0.107,0.0,1,0.0
4,48.5,970,stopped,0.0,0.364,7.52,7.364,0.156,-0.364,20.648,7.52,0.0,0.156,-0.364,0.109,0.0,0,0.05
4,48.55,971,stopped,0.0,0.386,7.502,7.386,0.116,-0.386,19.419,7.502,0.0,0.116,-0.386,0.103,0.0,1,0.0
4,48.6,972,stopped,0.0,0.35,7.484,7.35,0.134,-0.35,21.394,7.484,0.0,0.134,-0.35,0.106,0.0,1,0.0
4,48.65,973,stopped,0.0,0.31,7.467,7.31,0.157,-0.31,24.088,7.467,0.0,0.157,-0.31,0.111,0.0,0,0.05
4,48.7,974,stopped,0.0,0.324,7.45,7.324,0.126,-0.324,23.003,7.45,0.0,0.126,-0.324,0.106,0.0,0,0.1
4,48.75,975,stopped,0.0,0.344,7.434,7.344,0.09,-0.344,21.596,7.434,0.0,0.09,-0.344,0.1,0.0,0,0.15
4,48.8,976,stopped,0.0,0.306,7.418,7.306,0.112,-0.306,24.244,7.418,0.0,0.112,-0.306,0.105,0.0,0,0.2
4,48.85,977,stopped,0.0,0.291,7.403,7.291,0.112,-0.291,25.449,7.403,0.0,0.112,-0.291,0.105,0.0,0,0.25
4,48.9,978,stopped,0.0,0.286,7.389,7.286,0.102,-0.286,25.828,7.389,0.0,0.102,-0.286,0.104,0.0,1,0.0
4,48.95,979,stopped,0.0,0.311,7.374,7.311,0.063,-0.311,23.74,7.374,0.0,0.063,-0.311,0.098,0.0,1,0.0
4,49.0,980,stopped,0.0,0.233,7.36,7.233,0.127,-0.233,31.571,7.36,0.0,0.127,-0.233,0.109,0.0,0,0.05
4,49.05,981,stopped,0.0,0.252,7.347,7.252,0.095,-0.252,29.102,7.347,0.0,0.095,-0.252,0.104,0.0,1,0.0
4,49.1,982,stopped,0.0,0.217,7.335,7.217,0.119,-0.217,33.864,7.335,0.0,0.119,-0.217,0.109,0.0,1,0.0
4,49.15,983,stopped,0.0,0.227,7.323,7.227,0.096,-0.227,32.242,7.323,0.0,0.096,-0.227,0.105,0.0,1,0.0
4,49.2,984,stopped,0.0,0.247,7.312,7.247,0.065,-0.247,29.624,7.312,0.0,0.065,-0.247,0.1,0.0,1,0.0
4,49.25,985,stopped,0.0,0.244,7.301,7.244,0.057,-0.244,29.867,7.301,0.0,0.057,-0.244,0.099,0.0,0,0.05
4,49.3,986,stopped,0.0,0.21,7.291,7.21,0.081,-0.21,34.674,7.291,0.0,0.081,-0.21,0.104,0.0,1,0.0
4,49.35,987,stopped,0.0,0.195,7.281,7.195,0.085,-0.195,37.25,7.281,0.0,0.085,-0.195,0.105,0.0,1,0.0
4,49.4,988,stopped,0.0,0.225,7.271,7.225,0.047,-0.225,32.384,7.271,0.0,0.047,-0.225,0.099,0.0,1,0.0
