episode,time_sec,tick,leader_phase,leader_speed_mps,follower_speed_mps,distance_m,desired_distance_m,spacing_error_m,relative_velocity_mps,thw_sec,observed_distance_m,observed_lead_speed_mps,control_spacing_error_m,control_relative_velocity_mps,throttle,brake,comm_success,time_since_last_comm_success_sec
3,0.05,1,accelerate,0.0,0.0,12.825,7.0,5.825,0.0,128.247,12.825,0.0,5.825,0.0,0.778,0.0,1,0.0
3,0.1,2,accelerate,0.003,0.003,12.825,7.003,5.822,0.0,128.247,12.825,0.0,5.822,-0.003,0.778,0.0,0,0.05
3,0.15,3,accelerate,0.001,0.001,12.825,7.001,5.824,0.0,128.247,12.825,0.0,5.824,-0.001,0.779,0.0,0,0.1
3,0.2,4,accelerate,0.0,0.0,12.825,7.0,5.825,-0.0,128.247,12.825,0.0,5.825,-0.0,0.78,0.0,0,0.15
3,0.25,5,accelerate,0.0,0.001,12.825,7.001,5.824,-0.0,128.247,12.825,0.0,5.824,-0.001,0.781,0.0,0,0.2
3,0.3,6,accelerate,0.001,0.001,12.825,7.001,5.824,-0.0,128.247,12.825,0.001,5.824,-0.0,0.782,0.0,1,0.0
3,0.35,7,accelerate,0.001,0.001,12.825,7.001,5.824,-0.0,128.247,12.825,0.001,5.824,0.0,0.783,0.0,0,0.05
3,0.4,8,accelerate,0.0,0.0,12.825,7.0,5.824,-0.0,128.247,12.825,0.001,5.824,0.0,0.784,0.0,0,0.1
3,0.45,9,accelerate,0.0,0.0,12.825,7.0,5.824,-0.0,128.247,12.825,0.001,5.824,0.0,0.785,0.0,0,0.15
3,0.5,10,accelerate,0.0,0.0,12.825,7.0,5.825,-0.0,128.247,12.825,0.0,5.825,-0.0,0.786,0.0,1,0.0
3,0.55,11,accelerate,0.0,0.0,12.825,7.0,5.825,-0.0,128.247,12.825,0.0,5.825,-0.0,0.787,0.0,0,0.05
3,0.6,12,accelerate,0.0,0.0,12.825,7.0,5.825,-0.0,128.247,12.825,0.0,5.825,-0.0,0.788,0.0,1,0.0
3,0.65,13,accelerate,0.158,0.305,12.82,7.305,5.515,-0.146,42.097,12.82,0.158,5.515,-0.146,0.743,0.0,1,0.0
3,0.7,14,accelerate,0.518,0.628,12.815,7.628,5.187,-0.11,20.405,12.815,0.518,5.187,-0.11,0.701,0.0,1,0.0
3,0.75,15,accelerate,0.821,0.893,12.812,7.893,4.919,-0.072,14.346,12.812,0.821,4.919,-0.072,0.668,0.0,1,0.0
3,0.8,16,accelerate,1.035,1.004,12.813,8.004,4.81,0.031,12.767,12.766,0.821,4.762,-0.183,0.644,0.0,0,0.05
3,0.85,17,accelerate,1.162,1.155,12.816,8.155,4.66,0.007,11.092,12.714,0.821,4.559,-0.334,0.612,0.0,0,0.1
3,0.9,18,accelerate,1.301,1.255,12.82,8.255,4.565,0.047,10.218,12.656,0.821,4.402,-0.434,0.589,0.0,0,0.15
3,0.95,19,accelerate,1.417,1.334,12.825,8.334,4.492,0.083,9.616,12.594,0.821,4.26,-0.513,0.568,0.0,0,0.2
3,1.0,20,accelerate,1.543,1.461,12.831,8.461,4.37,0.082,8.785,12.831,1.543,4.37,0.082,0.603,0.0,1,0.0
3,1.05,21,accelerate,1.645,1.528,12.838,8.528,4.311,0.117,8.405,12.759,1.543,4.231,0.015,0.583,0.0,0,0.05
3,1.1,22,accelerate,1.806,1.597,12.849,8.597,4.252,0.208,8.044,12.683,1.543,4.086,-0.055,0.562,0.0,0,0.1
3,1.15,23,accelerate,1.917,1.661,12.863,8.661,4.202,0.256,7.744,12.604,1.543,3.943,-0.119,0.542,0.0,0,0.15
3,1.2,24,accelerate,2.082,1.726,12.881,8.726,4.155,0.356,7.463,12.881,2.082,4.155,0.356,0.587,0.0,1,0.0
3,1.25,25,accelerate,2.228,1.788,12.904,8.788,4.116,0.44,7.216,12.796,2.082,4.008,0.294,0.566,0.0,0,0.05
3,1.3,26,accelerate,2.418,1.854,12.932,8.854,4.078,0.564,6.975,12.932,2.418,4.078,0.564,0.585,0.0,1,0.0
3,1.35,27,accelerate,2.584,1.922,12.966,8.922,4.044,0.662,6.747,12.841,2.418,3.919,0.496,0.562,0.0,0,0.05
3,1.4,28,accelerate,2.755,1.995,13.004,8.995,4.009,0.76,6.518,13.004,2.755,4.009,0.76,0.583,0.0,1,0.0
3,1.45,29,accelerate,2.842,2.071,13.046,9.071,3.975,0.772,6.3,13.046,2.842,3.975,0.772,0.58,0.0,1,0.0
3,1.5,30,accelerate,2.887,2.153,13.086,9.153,3.933,0.735,6.079,12.943,2.842,3.791,0.69,0.553,0.0,0,0.05
3,1.55,31,accelerate,2.886,2.235,13.123,9.235,3.888,0.652,5.872,13.123,2.886,3.888,0.652,0.565,0.0,1,0.0
3,1.6,32,accelerate,2.919,2.319,13.157,9.319,3.838,0.6,5.674,13.012,2.886,3.694,0.568,0.537,0.0,0,0.05
3,1.65,33,accelerate,2.98,2.387,13.189,9.387,3.802,0.593,5.525,12.898,2.886,3.511,0.499,0.511,0.0,0,0.1
3,1.7,34,accelerate,3.108,2.443,13.223,9.443,3.78,0.665,5.412,13.223,3.108,3.78,0.665,0.553,0.0,1,0.0
3,1.75,35,accelerate,3.256,2.507,13.261,9.507,3.754,0.749,5.29,13.102,3.108,3.595,0.602,0.527,0.0,0,0.05
3,1.8,36,accelerate,3.447,2.592,13.303,9.592,3.711,0.854,5.132,12.976,3.108,3.384,0.516,0.497,0.0,0,0.1
3,1.85,37,accelerate,3.624,2.67,13.351,9.67,3.681,0.954,5.001,12.847,3.108,3.177,0.439,0.467,0.0,0,0.15
3,1.9,38,accelerate,3.752,2.739,13.402,9.739,3.663,1.012,4.893,13.402,3.752,3.663,1.012,0.552,0.0,1,0.0
3,1.95,39,accelerate,3.783,2.804,13.454,9.804,3.649,0.979,4.797,13.266,3.752,3.461,0.947,0.523,0.0,0,0.05
3,2.0,40,accelerate,3.783,2.876,13.502,9.876,3.626,0.906,4.694,13.502,3.783,3.626,0.906,0.544,0.0,1,0.0
3,2.05,41,accelerate,3.797,2.949,13.546,9.949,3.597,0.848,4.594,13.546,3.797,3.597,0.848,0.539,0.0,1,0.0
3,2.1,42,accelerate,3.888,3.027,13.59,10.027,3.563,0.861,4.489,13.398,3.797,3.371,0.77,0.507,0.0,0,0.05
3,2.15,43,accelerate,4.026,3.103,13.636,10.103,3.532,0.922,4.394,13.246,3.797,3.143,0.694,0.474,0.0,0,0.1
3,2.2,44,accelerate,4.199,3.174,13.686,10.174,3.512,1.025,4.311,13.686,4.199,3.512,1.025,0.535,0.0,1,0.0
3,2.25,45,accelerate,4.381,3.243,13.742,10.243,3.499,1.138,4.238,13.527,4.199,3.284,0.956,0.503,0.0,0,0.05
3,2.3,46,accelerate,4.541,3.315,13.803,10.315,3.488,1.226,4.164,13.803,4.541,3.488,1.226,0.54,0.0,1,0.0
3,2.35,47,accelerate,4.619,3.388,13.866,10.388,3.478,1.231,4.093,13.866,4.619,3.478,1.231,0.539,0.0,1,0.0
3,2.4,48,accelerate,4.628,3.468,13.926,10.468,3.458,1.16,4.016,13.695,4.619,3.227,1.151,0.504,0.0,0,0.05
3,2.45,49,accelerate,4.627,3.546,13.983,10.546,3.436,1.081,3.943,13.521,4.619,2.975,1.072,0.468,0.0,0,0.1
3,2.5,50,accelerate,4.685,3.617,14.037,10.617,3.421,1.068,3.881,14.037,4.685,3.421,1.068,0.528,0.0,1,0.0
3,2.55,51,accelerate,4.803,3.671,14.093,10.671,3.422,1.132,3.839,13.856,4.685,3.185,1.014,0.495,0.0,0,0.05
3,2.6,52,accelerate,4.956,3.739,14.153,10.739,3.415,1.217,3.786,13.671,4.685,2.933,0.946,0.46,0.0,0,0.1
3,2.65,53,accelerate,5.128,3.801,14.218,10.801,3.417,1.327,3.74,13.483,4.685,2.682,0.883,0.425,0.0,0,0.15
3,2.7,54,accelerate,5.243,3.851,14.287,10.851,3.437,1.392,3.71,14.287,5.243,3.437,1.392,0.543,0.0,1,0.0
3,2.75,55,accelerate,5.09,3.899,14.352,10.899,3.453,1.191,3.681,14.094,5.243,3.195,1.344,0.51,0.0,0,0.05
3,2.8,56,accelerate,5.093,3.959,14.41,10.959,3.451,1.134,3.64,13.898,5.243,2.939,1.284,0.474,0.0,0,0.1
3,2.85,57,accelerate,5.0,4.017,14.462,11.017,3.446,0.983,3.6,13.699,5.243,2.683,1.226,0.438,0.0,0,0.15
3,2.9,58,accelerate,5.459,4.065,14.525,11.065,3.46,1.394,3.573,13.498,5.243,2.432,1.177,0.404,0.0,0,0.2
3,2.95,59,accelerate,5.818,4.1,14.606,11.1,3.506,1.718,3.563,14.606,5.818,3.506,1.718,0.565,0.0,1,0.0
3,3.0,60,accelerate,5.924,4.124,14.695,11.124,3.571,1.8,3.563,14.401,5.818,3.277,1.694,0.535,0.0,0,0.05
3,3.05,61,accelerate,5.894,4.184,14.783,11.184,3.598,1.709,3.533,14.193,5.818,3.009,1.634,0.497,0.0,0,0.1
3,3.1,62,accelerate,5.845,4.248,14.865,11.248,3.617,1.597,3.499,13.983,5.818,2.735,1.57,0.459,0.0,0,0.15
3,3.15,63,accelerate,5.815,4.302,14.942,11.302,3.64,1.512,3.473,13.769,5.818,2.467,1.516,0.422,0.0,0,0.2
3,3.2,64,accelerate,5.815,4.343,15.017,11.343,3.674,1.471,3.458,13.553,5.818,2.21,1.475,0.387,0.0,0,0.25
3,3.25,65,accelerate,5.848,4.367,15.091,11.367,3.724,1.481,3.456,13.336,5.818,1.969,1.451,0.354,0.0,0,0.3
3,3.3,66,accelerate,5.915,4.373,15.167,11.373,3.793,1.541,3.468,15.167,5.915,3.793,1.541,0.601,0.0,1,0.0
3,3.35,67,accelerate,6.014,4.383,15.247,11.383,3.864,1.631,3.479,14.948,5.915,3.565,1.532,0.571,0.0,0,0.05
3,3.4,68,accelerate,6.142,4.43,15.331,11.43,3.901,1.712,3.461,15.331,6.142,3.901,1.712,0.622,0.0,1,0.0
3,3.45,69,accelerate,6.136,4.493,15.415,11.493,3.922,1.643,3.431,15.415,6.136,3.922,1.643,0.624,0.0,1,0.0
3,3.5,70,accelerate,6.131,4.595,15.494,11.595,3.899,1.536,3.372,15.188,6.136,3.593,1.541,0.577,0.0,0,0.05
3,3.55,71,accelerate,6.633,4.7,15.58,11.7,3.88,1.933,3.315,15.58,6.633,3.88,1.933,0.629,0.0,1,0.0
3,3.6,72,accelerate,7.16,4.809,15.69,11.809,3.881,2.351,3.263,15.69,7.16,3.881,2.351,0.644,0.0,1,0.0
3,3.65,73,accelerate,7.555,4.927,15.816,11.927,3.889,2.628,3.21,15.446,7.16,3.519,2.232,0.592,0.0,0,0.05
3,3.7,74,accelerate,7.722,5.046,15.951,12.046,3.905,2.677,3.161,15.196,7.16,3.15,2.114,0.539,0.0,0,0.1
3,3.75,75,accelerate,7.703,5.151,16.081,12.151,3.93,2.552,3.122,16.081,7.703,3.93,2.552,0.659,0.0,1,0.0
3,3.8,76,accelerate,7.626,5.052,16.208,12.052,4.156,2.573,3.208,16.208,7.626,4.156,2.573,0.69,0.0,1,0.0
3,3.85,77,accelerate,7.518,5.043,16.334,12.043,4.292,2.475,3.239,15.957,7.626,3.914,2.583,0.659,0.0,0,0.05
3,3.9,78,accelerate,7.405,5.138,16.449,12.138,4.311,2.267,3.201,15.699,7.626,3.561,2.488,0.609,0.0,0,0.1
3,3.95,79,accelerate,7.305,5.143,16.559,12.143,4.415,2.162,3.219,15.442,7.626,3.298,2.482,0.575,0.0,0,0.15
3,4.0,80,accelerate,7.248,5.037,16.668,12.037,4.631,2.211,3.309,15.188,7.626,3.151,2.588,0.559,0.0,0,0.2
3,4.05,81,accelerate,7.239,5.084,16.777,12.084,4.693,2.156,3.3,14.935,7.626,2.851,2.542,0.518,0.0,0,0.25
3,4.1,82,accelerate,7.276,5.005,16.888,12.005,4.883,2.271,3.374,14.683,7.626,2.678,2.62,0.498,0.0,0,0.3
3,4.15,83,accelerate,7.341,5.07,17.002,12.07,4.931,2.27,3.353,14.431,7.626,2.361,2.555,0.454,0.0,0,0.35
3,4.2,84,accelerate,7.448,5.194,17.118,12.194,4.924,2.255,3.296,14.177,7.626,1.984,2.432,0.4,0.0,0,0.4
3,4.25,85,accelerate,7.583,5.525,17.224,12.525,4.699,2.058,3.118,17.224,7.583,4.699,2.058,0.75,0.0,1,0.0
3,4.3,86,accelerate,7.741,5.552,17.331,12.552,4.779,2.189,3.122,17.331,7.741,4.779,2.189,0.766,0.0,1,0.0
3,4.35,87,accelerate,7.905,5.532,17.446,12.532,4.914,2.373,3.154,17.054,7.741,4.522,2.209,0.733,0.0,0,0.05
3,4.4,88,accelerate,8.086,5.527,17.57,12.527,5.044,2.56,3.179,16.778,7.741,4.252,2.214,0.698,0.0,0,0.1
3,4.45,89,accelerate,8.279,5.551,17.703,12.551,5.152,2.728,3.189,16.501,7.741,3.95,2.19,0.658,0.0,0,0.15
3,4.5,90,accelerate,8.479,5.598,17.844,12.598,5.246,2.881,3.187,17.844,8.479,5.246,2.881,0.854,0.0,1,0.0
3,4.55,91,accelerate,8.672,5.672,17.991,12.672,5.319,3.0,3.172,17.991,8.672,5.319,3.0,0.869,0.0,1,0.0
3,4.6,92,accelerate,8.875,5.797,18.142,12.797,5.345,3.078,3.129,18.142,8.875,5.345,3.078,0.876,0.0,1,0.0
3,4.65,93,accelerate,9.083,5.821,18.299,12.821,5.478,3.262,3.144,17.851,8.875,5.03,3.054,0.834,0.0,0,0.05
3,4.7,94,accelerate,9.294,5.819,18.467,12.819,5.649,3.475,3.174,18.467,9.294,5.649,3.475,0.931,0.0,1,0.0
3,4.75,95,accelerate,9.471,6.209,18.638,13.209,5.43,3.263,3.002,18.638,9.471,5.43,3.263,0.896,0.0,1,0.0
3,4.8,96,accelerate,9.572,6.896,18.781,13.896,4.885,2.677,2.724,18.307,9.471,4.411,2.576,0.738,0.0,0,0.05
3,4.85,97,accelerate,9.588,7.422,18.895,14.422,4.473,2.166,2.546,17.945,9.471,3.523,2.049,0.603,0.0,0,0.1
3,4.9,98,accelerate,9.536,7.773,18.987,14.773,4.214,1.764,2.443,17.563,9.471,2.79,1.699,0.494,0.0,0,0.15
3,4.95,99,accelerate,9.505,8.016,19.061,15.016,4.046,1.489,2.378,19.061,9.505,4.046,1.489,0.655,0.0,1,0.0
3,5.0,100,accelerate,9.53,8.154,19.127,15.154,3.973,1.376,2.346,19.127,9.53,3.973,1.376,0.642,0.0,1,0.0
3,5.05,101,accelerate,9.595,8.292,19.188,15.292,3.896,1.303,2.314,19.188,9.595,3.896,1.303,0.63,0.0,1,0.0
3,5.1,102,accelerate,9.682,8.426,19.246,15.426,3.82,1.256,2.284,18.77,9.595,3.344,1.168,0.552,0.0,0,0.05
3,5.15,103,accelerate,9.807,8.55,19.301,15.55,3.751,1.257,2.257,18.345,9.595,2.795,1.044,0.476,0.0,0,0.1
3,5.2,104,accelerate,9.966,8.651,19.357,15.651,3.706,1.314,2.237,19.357,9.966,3.706,1.314,0.607,0.0,1,0.0
3,5.25,105,accelerate,10.118,8.736,19.415,15.736,3.679,1.382,2.222,18.923,9.966,3.187,1.23,0.535,0.0,0,0.05
3,5.3,106,accelerate,10.302,8.819,19.476,15.819,3.657,1.482,2.208,19.476,10.302,3.657,1.482,0.607,0.0,1,0.0
3,5.35,107,accelerate,10.492,8.899,19.542,15.899,3.642,1.592,2.196,19.034,10.302,3.135,1.402,0.535,0.0,0,0.05
3,5.4,108,accelerate,10.664,8.979,19.611,15.979,3.631,1.685,2.184,19.611,10.664,3.631,1.685,0.611,0.0,1,0.0
3,5.45,109,accelerate,10.69,9.057,19.678,16.057,3.621,1.634,2.173,19.161,10.664,3.104,1.607,0.539,0.0,0,0.05
3,5.5,110,accelerate,10.644,9.135,19.74,16.135,3.605,1.509,2.161,19.74,10.644,3.605,1.509,0.603,0.0,1,0.0
3,5.55,111,accelerate,10.944,9.212,19.806,16.212,3.594,1.731,2.15,19.806,10.944,3.594,1.731,0.609,0.0,1,0.0
3,5.6,112,accelerate,11.276,9.295,19.884,16.295,3.59,1.981,2.139,19.346,10.944,3.051,1.649,0.535,0.0,0,0.05
3,5.65,113,accelerate,11.476,9.376,19.969,16.376,3.593,2.1,2.13,18.882,10.944,2.506,1.567,0.46,0.0,0,0.1
3,5.7,114,accelerate,11.466,9.443,20.05,16.443,3.608,2.024,2.123,20.05,11.466,3.608,2.024,0.623,0.0,1,0.0
3,5.75,115,accelerate,11.413,9.499,20.125,16.499,3.626,1.914,2.119,20.125,11.413,3.626,1.914,0.622,0.0,1,0.0
3,5.8,116,accelerate,11.355,9.568,20.195,16.568,3.627,1.787,2.111,19.654,11.413,3.086,1.845,0.548,0.0,0,0.05
3,5.85,117,accelerate,11.294,9.642,20.258,16.642,3.616,1.652,2.101,20.258,11.294,3.616,1.652,0.613,0.0,1,0.0
3,5.9,118,accelerate,11.275,9.716,20.314,16.716,3.598,1.559,2.091,19.783,11.294,3.067,1.578,0.538,0.0,0,0.05
3,5.95,119,accelerate,11.316,9.791,20.369,16.791,3.577,1.524,2.08,19.304,11.294,2.512,1.503,0.462,0.0,0,0.1
3,6.0,120,accelerate,11.396,9.85,20.424,16.85,3.575,1.546,2.074,20.424,11.396,3.575,1.546,0.606,0.0,1,0.0
3,6.05,121,accelerate,11.469,9.901,20.482,16.901,3.58,1.567,2.069,19.943,11.396,3.042,1.494,0.533,0.0,0,0.05
3,6.1,122,accelerate,11.57,9.958,20.539,16.958,3.581,1.612,2.063,19.459,11.396,2.501,1.438,0.46,0.0,0,0.1
3,6.15,123,accelerate,11.639,9.992,20.596,16.992,3.604,1.647,2.061,20.596,11.639,3.604,1.647,0.614,0.0,1,0.0
3,6.2,124,accelerate,11.773,10.034,20.654,17.034,3.62,1.739,2.058,20.112,11.639,3.078,1.605,0.543,0.0,0,0.05
3,6.25,125,accelerate,11.913,10.083,20.721,17.083,3.638,1.83,2.055,20.721,11.913,3.638,1.83,0.626,0.0,1,0.0
3,6.3,126,accelerate,12.031,10.14,20.792,17.14,3.652,1.892,2.051,20.792,12.031,3.652,1.892,0.631,0.0,1,0.0
3,6.35,127,accelerate,12.157,10.199,20.865,17.199,3.666,1.958,2.046,20.306,12.031,3.107,1.832,0.557,0.0,0,0.05
3,6.4,128,accelerate,12.305,10.274,20.942,17.274,3.668,2.031,2.038,19.816,12.031,2.542,1.757,0.479,0.0,0,0.1
3,6.45,129,accelerate,12.41,10.337,21.023,17.337,3.686,2.073,2.034,21.023,12.41,3.686,2.073,0.643,0.0,1,0.0
3,6.5,130,accelerate,12.543,10.379,21.105,17.379,3.727,2.164,2.034,21.105,12.543,3.727,2.164,0.652,0.0,1,0.0
3,6.55,131,accelerate,12.688,10.451,21.194,17.451,3.743,2.237,2.028,21.194,12.688,3.743,2.237,0.657,0.0,1,0.0
3,6.6,132,accelerate,12.796,10.543,21.285,17.543,3.743,2.253,2.019,20.7,12.688,3.157,2.145,0.576,0.0,0,0.05
3,6.65,133,accelerate,12.924,10.62,21.378,17.62,3.758,2.304,2.013,21.378,12.924,3.758,2.304,0.662,0.0,1,0.0
3,6.7,134,accelerate,13.005,10.713,21.468,17.713,3.756,2.292,2.004,21.468,13.005,3.756,2.292,0.662,0.0,1,0.0
3,6.75,135,accelerate,13.139,10.817,21.559,17.817,3.742,2.322,1.993,21.559,13.139,3.742,2.322,0.662,0.0,1,0.0
3,6.8,136,accelerate,13.289,10.932,21.657,17.932,3.725,2.358,1.981,21.055,13.139,3.123,2.207,0.576,0.0,0,0.05
3,6.85,137,accelerate,13.401,11.023,21.757,18.023,3.735,2.378,1.974,20.546,13.139,2.523,2.116,0.494,0.0,0,0.1
3,6.9,138,accelerate,13.524,11.104,21.857,18.104,3.753,2.419,1.968,21.857,13.524,3.753,2.419,0.668,0.0,1,0.0
3,6.95,139,accelerate,13.598,11.174,21.958,18.174,3.783,2.424,1.965,21.958,13.598,3.783,2.424,0.673,0.0,1,0.0
3,7.0,140,accelerate,13.729,11.241,22.059,18.241,3.818,2.488,1.962,22.059,13.729,3.818,2.488,0.681,0.0,1,0.0
3,7.05,141,accelerate,13.878,11.341,22.165,18.341,3.824,2.538,1.954,22.165,13.878,3.824,2.538,0.684,0.0,1,0.0
3,7.1,142,accelerate,13.987,11.419,22.275,18.419,3.856,2.568,1.951,22.275,13.987,3.856,2.568,0.69,0.0,1,0.0
3,7.15,143,accelerate,14.108,11.39,22.39,18.39,3.999,2.718,1.966,21.758,13.987,3.367,2.597,0.626,0.0,0,0.05
3,7.2,144,accelerate,14.177,11.379,22.507,18.379,4.128,2.798,1.978,21.239,13.987,2.859,2.608,0.559,0.0,0,0.1
3,7.25,145,accelerate,14.301,11.77,22.618,18.77,3.847,2.53,1.922,22.618,14.301,3.847,2.53,0.689,0.0,1,0.0
3,7.3,146,accelerate,14.446,12.008,22.725,19.008,3.717,2.438,1.892,22.081,14.301,3.072,2.292,0.578,0.0,0,0.05
3,7.35,147,accelerate,14.541,12.21,22.83,19.21,3.62,2.331,1.87,22.83,14.541,3.62,2.331,0.653,0.0,1,0.0
3,7.4,148,accelerate,14.638,12.322,22.931,19.322,3.609,2.316,1.861,22.276,14.541,2.954,2.219,0.561,0.0,0,0.05
3,7.45,149,accelerate,14.677,12.452,23.028,19.452,3.576,2.224,1.849,21.713,14.541,2.261,2.089,0.465,0.0,0,0.1
3,7.5,150,accelerate,14.762,12.558,23.126,19.558,3.569,2.205,1.842,23.126,14.762,3.569,2.205,0.644,0.0,1,0.0
3,7.55,151,accelerate,14.873,12.608,23.232,19.608,3.625,2.265,1.843,23.232,14.873,3.625,2.265,0.654,0.0,1,0.0
3,7.6,152,accelerate,14.968,12.674,23.342,19.674,3.668,2.294,1.842,23.342,14.968,3.668,2.294,0.661,0.0,1,0.0
3,7.65,153,accelerate,15.096,12.763,23.459,19.763,3.696,2.333,1.838,22.775,14.968,3.012,2.205,0.571,0.0,0,0.05
3,7.7,154,accelerate,15.202,12.812,23.58,19.812,3.768,2.39,1.84,22.202,14.968,2.39,2.156,0.487,0.0,0,0.1
3,7.75,155,accelerate,15.338,12.868,23.707,19.868,3.839,2.47,1.842,21.622,14.968,1.754,2.1,0.4,0.0,0,0.15
3,7.8,156,accelerate,15.45,12.857,23.841,19.857,3.984,2.593,1.854,21.036,14.968,1.179,2.111,0.324,0.0,0,0.2
3,7.85,157,accelerate,15.552,12.867,23.984,19.867,4.116,2.685,1.864,23.984,15.552,4.116,2.685,0.736,0.0,1,0.0
3,7.9,158,accelerate,15.632,12.88,24.138,19.88,4.258,2.752,1.874,24.138,15.632,4.258,2.752,0.758,0.0,1,0.0
3,7.95,159,accelerate,15.689,12.885,24.298,19.885,4.414,2.804,1.886,23.564,15.632,3.68,2.748,0.681,0.0,0,0.05
3,8.0,160,accelerate,15.771,12.933,24.463,19.933,4.529,2.838,1.891,22.984,15.632,3.051,2.699,0.596,0.0,0,0.1
3,8.05,161,accelerate,15.866,13.006,24.633,20.006,4.627,2.86,1.894,24.633,15.866,4.627,2.86,0.812,0.0,1,0.0
3,8.1,162,accelerate,15.981,13.051,24.809,20.051,4.758,2.929,1.901,24.05,15.866,3.999,2.815,0.727,0.0,0,0.05
3,8.15,163,accelerate,16.008,13.141,24.989,20.141,4.848,2.867,1.902,24.989,16.008,4.848,2.867,0.842,0.0,1,0.0
3,8.2,164,accelerate,16.003,13.202,25.165,20.202,4.963,2.801,1.906,25.165,16.003,4.963,2.801,0.855,0.0,1,0.0
3,8.25,165,accelerate,16.106,13.338,25.338,20.338,5.0,2.768,1.9,24.563,16.003,4.226,2.665,0.752,0.0,0,0.05
3,8.3,166,accelerate,16.314,13.498,25.517,20.498,5.019,2.816,1.89,23.954,16.003,3.456,2.505,0.644,0.0,0,0.1
3,8.35,167,accelerate,16.49,13.608,25.702,20.608,5.094,2.882,1.889,23.335,16.003,2.727,2.395,0.543,0.0,0,0.15
3,8.4,168,accelerate,16.643,13.703,25.89,20.703,5.186,2.94,1.889,22.706,16.003,2.003,2.299,0.444,0.0,0,0.2
3,8.45,169,accelerate,16.774,13.719,26.08,20.719,5.361,3.055,1.901,26.08,16.774,5.361,3.055,0.917,0.0,1,0.0
3,8.5,170,accelerate,16.87,13.769,26.274,20.769,5.505,3.101,1.908,26.274,16.87,5.505,3.101,0.937,0.0,1,0.0
3,8.55,171,accelerate,16.934,13.868,26.468,20.868,5.6,3.066,1.909,26.468,16.934,5.6,3.066,0.949,0.0,1,0.0
3,8.6,172,accelerate,16.988,13.974,26.66,20.974,5.687,3.014,1.908,26.66,16.988,5.687,3.014,0.959,0.0,1,0.0
3,8.65,173,accelerate,17.05,14.128,26.847,21.128,5.719,2.923,1.9,26.005,16.988,4.877,2.86,0.846,0.0,0,0.05
3,8.7,174,accelerate,17.129,14.248,27.027,21.248,5.779,2.881,1.897,27.027,17.129,5.779,2.881,0.967,0.0,1,0.0
3,8.75,175,accelerate,17.219,14.435,27.201,21.435,5.766,2.784,1.884,27.201,17.219,5.766,2.784,0.962,0.0,1,0.0
3,8.8,176,accelerate,17.316,14.392,27.373,21.392,5.981,2.924,1.902,26.515,17.219,5.122,2.826,0.877,0.0,0,0.05
3,8.85,177,accelerate,17.417,14.358,27.549,21.358,6.192,3.06,1.919,25.826,17.219,4.468,2.861,0.791,0.0,0,0.1
3,8.9,178,accelerate,17.522,14.558,27.726,21.558,6.167,2.964,1.904,27.726,17.522,6.167,2.964,1.0,0.0,1,0.0
3,8.95,179,accelerate,17.629,14.781,27.893,21.781,6.111,2.848,1.887,27.893,17.629,6.111,2.848,1.0,0.0,1,0.0
3,9.0,180,accelerate,17.737,15.001,28.052,22.001,6.051,2.736,1.87,27.17,17.629,5.169,2.628,0.877,0.0,0,0.05
3,9.05,181,accelerate,17.846,15.154,28.204,22.154,6.049,2.692,1.861,28.204,17.846,6.049,2.692,0.996,0.0,1,0.0
3,9.1,182,accelerate,17.955,15.35,28.349,22.35,5.999,2.605,1.847,27.456,17.846,5.106,2.496,0.864,0.0,0,0.05
3,9.15,183,accelerate,18.065,15.558,28.489,22.558,5.931,2.508,1.831,26.695,17.846,4.137,2.288,0.728,0.0,0,0.1
3,9.2,184,accelerate,18.176,15.71,28.624,22.71,5.914,2.466,1.822,28.624,18.176,5.914,2.466,0.971,0.0,1,0.0
3,9.25,185,accelerate,18.286,15.868,28.755,22.868,5.887,2.419,1.812,27.844,18.176,4.976,2.308,0.84,0.0,0,0.05
3,9.3,186,accelerate,18.397,15.986,28.883,22.986,5.897,2.411,1.807,28.883,18.397,5.897,2.411,0.967,0.0,1,0.0
3,9.35,187,accelerate,18.508,16.148,29.007,23.148,5.86,2.36,1.796,28.085,18.397,4.937,2.25,0.833,0.0,0,0.05
3,9.4,188,accelerate,18.616,16.295,29.128,23.295,5.833,2.321,1.788,27.278,18.397,3.982,2.102,0.701,0.0,0,0.1
3,9.45,189,accelerate,18.718,16.45,29.246,23.45,5.796,2.268,1.778,26.462,18.397,3.011,1.947,0.566,0.0,0,0.15
3,9.5,190,accelerate,18.813,16.561,29.362,23.561,5.8,2.252,1.773,25.639,18.397,2.077,1.836,0.438,0.0,0,0.2
3,9.55,191,accelerate,18.904,16.65,29.476,23.65,5.826,2.254,1.77,24.81,18.397,1.159,1.747,0.313,0.0,0,0.25
3,9.6,192,accelerate,18.996,16.699,29.592,23.699,5.894,2.297,1.772,29.592,18.996,5.894,2.297,0.962,0.0,1,0.0
3,9.65,193,accelerate,19.092,16.703,29.711,23.703,6.009,2.389,1.779,28.759,18.996,5.056,2.293,0.851,0.0,0,0.05
3,9.7,194,accelerate,19.192,16.742,29.834,23.742,6.092,2.45,1.782,27.924,18.996,4.182,2.253,0.733,0.0,0,0.1
3,9.75,195,accelerate,19.297,16.803,29.959,23.803,6.155,2.493,1.783,27.086,18.996,3.283,2.192,0.611,0.0,0,0.15
3,9.8,196,cruise,19.403,16.877,30.085,23.877,6.208,2.526,1.783,26.244,18.996,2.367,2.119,0.486,0.0,0,0.2
3,9.85,197,cruise,19.509,16.933,30.213,23.933,6.28,2.576,1.784,25.399,18.996,1.466,2.062,0.364,0.0,0,0.25
3,9.9,198,cruise,19.615,16.97,30.344,23.97,6.374,2.645,1.788,24.552,18.996,0.582,2.025,0.245,0.0,0,0.3
3,9.95,199,cruise,19.722,16.976,30.48,23.976,6.504,2.746,1.795,30.48,19.722,6.504,2.746,1.0,0.0,1,0.0
3,10.0,200,cruise,19.831,16.959,30.621,23.959,6.662,2.872,1.806,29.632,19.722,5.673,2.763,0.948,0.0,0,0.05
3,10.05,201,cruise,19.933,16.968,30.768,23.968,6.801,2.965,1.813,28.784,19.722,4.817,2.755,0.834,0.0,0,0.1
3,10.1,202,cruise,20.007,17.017,30.918,24.017,6.901,2.99,1.817,27.935,19.722,3.918,2.706,0.713,0.0,0,0.15
3,10.15,203,cruise,20.016,17.092,31.066,24.092,6.974,2.925,1.818,31.066,20.016,6.974,2.925,1.0,0.0,1,0.0
3,10.2,204,cruise,19.955,17.181,31.208,24.181,7.027,2.774,1.816,30.209,20.016,6.028,2.835,0.998,0.0,0,0.05
3,10.25,205,cruise,19.867,17.308,31.34,24.308,7.032,2.559,1.811,31.34,19.867,7.032,2.559,1.0,0.0,1,0.0
3,10.3,206,cruise,19.781,17.463,31.461,24.463,6.998,2.319,1.802,30.47,19.867,6.008,2.404,0.981,0.0,0,0.05
3,10.35,207,cruise,19.73,17.637,31.57,24.637,6.932,2.093,1.79,31.57,19.73,6.932,2.093,1.0,0.0,1,0.0
3,10.4,208,cruise,19.73,17.824,31.669,24.824,6.844,1.906,1.777,30.682,19.73,5.858,1.906,0.945,0.0,0,0.05
3,10.45,209,cruise,19.767,18.019,31.759,25.019,6.74,1.748,1.763,29.785,19.73,4.766,1.712,0.793,0.0,0,0.1
3,10.5,210,cruise,19.828,18.205,31.843,25.205,6.638,1.623,1.749,31.843,19.828,6.638,1.623,1.0,0.0,1,0.0
3,10.55,211,cruise,19.899,18.38,31.921,25.38,6.541,1.518,1.737,31.921,19.899,6.541,1.518,1.0,0.0,1,0.0
3,10.6,212,cruise,19.954,18.569,31.993,25.569,6.424,1.385,1.723,31.993,19.954,6.424,1.385,1.0,0.0,1,0.0
3,10.65,213,cruise,19.966,18.59,32.062,25.59,6.471,1.376,1.725,32.062,19.966,6.471,1.376,1.0,0.0,1,0.0
3,10.7,214,cruise,19.933,18.58,32.13,25.58,6.55,1.353,1.729,32.13,19.933,6.55,1.353,1.0,0.0,1,0.0
3,10.75,215,cruise,19.875,18.745,32.193,25.745,6.448,1.13,1.717,32.193,19.875,6.448,1.13,0.997,0.0,1,0.0
3,10.8,216,cruise,19.817,18.975,32.24,25.975,6.265,0.842,1.699,32.24,19.817,6.265,0.842,0.963,0.0,1,0.0
3,10.85,217,cruise,19.785,19.176,32.275,26.176,6.099,0.609,1.683,31.285,19.817,5.109,0.641,0.803,0.0,0,0.05
3,10.9,218,cruise,19.794,19.348,32.3,26.348,5.952,0.446,1.669,30.321,19.817,3.973,0.469,0.645,0.0,0,0.1
3,10.95,219,cruise,19.836,19.485,32.319,26.485,5.834,0.351,1.659,29.349,19.817,2.864,0.332,0.493,0.0,0,0.15
3,11.0,220,cruise,19.893,19.586,32.335,26.586,5.75,0.307,1.651,32.335,19.893,5.75,0.307,0.877,0.0,1,0.0
3,11.05,221,cruise,19.936,19.659,32.35,26.659,5.691,0.277,1.646,32.35,19.936,5.691,0.277,0.868,0.0,1,0.0
3,11.1,222,cruise,19.945,19.737,32.362,26.737,5.625,0.208,1.64,32.362,19.945,5.625,0.208,0.857,0.0,1,0.0
3,11.15,223,cruise,19.918,19.824,32.369,26.824,5.545,0.094,1.633,32.369,19.918,5.545,0.094,0.842,0.0,1,0.0
3,11.2,224,cruise,19.872,19.916,32.37,26.916,5.453,-0.044,1.625,32.37,19.872,5.453,-0.044,0.826,0.0,1,0.0
3,11.25,225,cruise,19.828,20.011,32.363,27.011,5.353,-0.183,1.617,31.371,19.872,4.361,-0.139,0.677,0.0,0,0.05
3,11.3,226,cruise,19.806,20.1,32.351,27.1,5.251,-0.294,1.61,30.368,19.872,3.268,-0.227,0.528,0.0,0,0.1
3,11.35,227,cruise,19.817,20.171,32.334,27.171,5.163,-0.355,1.603,32.334,19.817,5.163,-0.355,0.777,0.0,1,0.0
3,11.4,228,cruise,19.853,20.23,32.316,27.23,5.086,-0.377,1.597,31.324,19.817,4.094,-0.413,0.632,0.0,0,0.05
3,11.45,229,cruise,19.895,20.289,32.296,27.289,5.007,-0.394,1.592,32.296,19.895,5.007,-0.394,0.754,0.0,1,0.0
3,11.5,230,cruise,19.923,20.348,32.276,27.348,4.928,-0.425,1.586,31.28,19.895,3.932,-0.453,0.609,0.0,0,0.05
3,11.55,231,cruise,19.923,20.407,32.253,27.407,4.846,-0.484,1.58,32.253,19.923,4.846,-0.484,0.73,0.0,1,0.0
3,11.6,232,cruise,19.899,20.463,32.226,27.463,4.763,-0.565,1.575,31.231,19.923,3.768,-0.541,0.584,0.0,0,0.05
3,11.65,233,cruise,19.864,20.519,32.195,27.519,4.676,-0.655,1.569,32.195,19.864,4.676,-0.655,0.702,0.0,1,0.0
3,11.7,234,cruise,19.835,20.571,32.16,27.571,4.59,-0.735,1.563,31.168,19.864,3.597,-0.707,0.556,0.0,0,0.05
3,11.75,235,cruise,19.826,20.62,32.121,27.62,4.501,-0.795,1.558,30.138,19.864,2.517,-0.757,0.41,0.0,0,0.1
3,11.8,236,cruise,19.839,20.656,32.081,27.656,4.424,-0.817,1.553,32.081,19.839,4.424,-0.817,0.663,0.0,1,0.0
3,11.85,237,cruise,19.867,20.682,32.04,27.682,4.359,-0.815,1.549,32.04,19.867,4.359,-0.815,0.654,0.0,1,0.0
3,11.9,238,cruise,19.894,20.714,31.999,27.714,4.285,-0.82,1.545,31.005,19.867,3.291,-0.847,0.511,0.0,0,0.05
3,11.95,239,cruise,19.907,20.748,31.958,27.748,4.21,-0.84,1.54,31.958,19.907,4.21,-0.84,0.633,0.0,1,0.0
3,12.0,240,cruise,19.902,20.779,31.915,27.779,4.136,-0.877,1.536,30.92,19.907,3.141,-0.871,0.49,0.0,0,0.05
3,12.05,241,cruise,19.882,20.809,31.869,27.809,4.06,-0.927,1.532,29.88,19.907,2.071,-0.902,0.346,0.0,0,0.1
3,12.1,242,cruise,19.86,20.827,31.822,27.827,3.995,-0.967,1.528,28.839,19.907,1.012,-0.92,0.204,0.0,0,0.15
3,12.15,243,cruise,19.845,20.825,31.773,27.825,3.948,-0.979,1.526,31.773,19.845,3.948,-0.979,0.594,0.0,1,0.0
3,12.2,244,cruise,19.845,20.808,31.724,27.808,3.916,-0.964,1.525,30.732,19.845,2.924,-0.963,0.458,0.0,0,0.05
3,12.25,245,cruise,19.857,20.798,31.677,27.798,3.879,-0.941,1.523,29.692,19.845,1.894,-0.953,0.321,0.0,0,0.1
3,12.3,246,cruise,19.875,20.788,31.631,27.788,3.843,-0.913,1.522,31.631,19.875,3.843,-0.913,0.582,0.0,1,0.0
3,12.35,247,cruise,19.889,20.776,31.586,27.776,3.81,-0.887,1.52,30.592,19.875,2.816,-0.901,0.445,0.0,0,0.05
3,12.4,248,cruise,19.893,20.773,31.542,27.773,3.769,-0.88,1.518,31.542,19.893,3.769,-0.88,0.573,0.0,1,0.0
3,12.45,249,cruise,19.887,20.775,31.498,27.775,3.722,-0.889,1.516,31.498,19.887,3.722,-0.889,0.567,0.0,1,0.0
3,12.5,250,cruise,19.873,20.787,31.453,27.787,3.666,-0.914,1.513,30.459,19.887,2.672,-0.9,0.426,0.0,0,0.05
3,12.55,251,cruise,19.861,20.799,31.406,27.799,3.607,-0.939,1.51,29.419,19.887,1.62,-0.913,0.286,0.0,0,0.1
3,12.6,252,cruise,19.855,20.8,31.359,27.8,3.558,-0.946,1.508,31.359,19.855,3.558,-0.946,0.543,0.0,1,0.0
3,12.65,253,cruise,19.857,20.793,31.312,27.793,3.519,-0.936,1.506,31.312,19.857,3.519,-0.936,0.538,0.0,1,0.0
3,12.7,254,cruise,19.867,20.794,31.265,27.794,3.471,-0.928,1.504,30.272,19.857,2.478,-0.937,0.399,0.0,0,0.05
3,12.75,255,cruise,19.877,20.798,31.219,27.798,3.421,-0.921,1.501,29.232,19.857,1.435,-0.94,0.26,0.0,0,0.1
3,12.8,256,cruise,19.884,20.791,31.173,27.791,3.382,-0.907,1.499,28.193,19.857,0.401,-0.934,0.122,0.0,0,0.15
3,12.85,257,cruise,19.884,20.767,31.129,27.767,3.362,-0.883,1.499,31.129,19.884,3.362,-0.883,0.519,0.0,1,0.0
3,12.9,258,cruise,19.878,20.731,31.086,27.731,3.354,-0.853,1.499,30.092,19.884,2.36,-0.847,0.386,0.0,0,0.05
3,12.95,259,cruise,19.869,20.703,31.044,27.703,3.341,-0.833,1.499,29.056,19.884,1.353,-0.819,0.253,0.0,0,0.1
3,13.0,260,cruise,19.863,20.675,31.002,27.675,3.327,-0.812,1.5,31.002,19.863,3.327,-0.812,0.517,0.0,1,0.0
3,13.05,261,cruise,19.861,20.648,30.963,27.648,3.315,-0.786,1.5,29.97,19.863,2.322,-0.784,0.383,0.0,0,0.05
3,13.1,262,cruise,19.865,20.629,30.924,27.629,3.295,-0.764,1.499,28.938,19.863,1.309,-0.766,0.249,0.0,0,0.1
3,13.15,263,cruise,19.871,20.608,30.887,27.608,3.279,-0.737,1.499,27.907,19.863,0.299,-0.745,0.115,0.0,0,0.15
3,13.2,264,cruise,19.877,20.575,30.851,27.575,3.276,-0.698,1.499,30.851,19.877,3.276,-0.698,0.514,0.0,1,0.0
3,13.25,265,cruise,19.879,20.533,30.817,27.533,3.285,-0.653,1.501,29.823,19.877,2.291,-0.656,0.384,0.0,0,0.05
3,13.3,266,cruise,19.878,20.5,30.786,27.5,3.285,-0.622,1.502,28.798,19.877,1.298,-0.623,0.252,0.0,0,0.1
3,13.35,267,cruise,19.873,20.47,30.755,27.47,3.285,-0.597,1.502,30.755,19.873,3.285,-0.597,0.518,0.0,1,0.0
3,13.4,268,cruise,19.869,20.441,30.726,27.441,3.285,-0.573,1.503,29.733,19.873,2.291,-0.568,0.387,0.0,0,0.05
3,13.45,269,cruise,19.866,20.422,30.698,27.422,3.276,-0.557,1.503,28.711,19.873,1.289,-0.549,0.254,0.0,0,0.1
3,13.5,270,cruise,19.866,20.401,30.671,27.401,3.27,-0.535,1.503,27.691,19.873,0.289,-0.528,0.121,0.0,0,0.15
3,13.55,271,cruise,19.869,20.368,30.645,27.368,3.277,-0.5,1.505,26.672,19.873,-0.697,-0.495,0.0,0.007,0,0.2
3,13.6,272,cruise,19.873,20.318,30.622,27.318,3.304,-0.445,1.507,30.622,19.873,3.304,-0.445,0.526,0.0,1,0.0
3,13.65,273,cruise,19.875,20.258,30.601,27.258,3.343,-0.382,1.511,30.601,19.875,3.343,-0.382,0.533,0.0,1,0.0
3,13.7,274,cruise,19.876,20.212,30.584,27.212,3.372,-0.336,1.513,29.59,19.875,2.378,-0.336,0.406,0.0,0,0.05
3,13.75,275,cruise,19.874,20.184,30.568,27.184,3.384,-0.31,1.514,30.568,19.874,3.384,-0.31,0.541,0.0,1,0.0
3,13.8,276,cruise,19.872,20.168,30.553,27.168,3.385,-0.296,1.515,30.553,19.872,3.385,-0.296,0.541,0.0,1,0.0
3,13.85,277,cruise,19.869,20.165,30.538,27.165,3.373,-0.296,1.514,30.538,19.869,3.373,-0.296,0.54,0.0,1,0.0
3,13.9,278,cruise,19.868,20.172,30.523,27.172,3.351,-0.304,1.513,30.523,19.868,3.351,-0.304,0.537,0.0,1,0.0
3,13.95,279,cruise,19.869,20.184,30.507,27.184,3.323,-0.315,1.511,29.514,19.868,2.33,-0.316,0.4,0.0,0,0.05
3,14.0,280,cruise,19.871,20.195,30.491,27.195,3.296,-0.324,1.51,28.504,19.868,1.31,-0.327,0.264,0.0,0,0.1
3,14.05,281,cruise,19.873,20.193,30.475,27.193,3.282,-0.32,1.509,27.495,19.868,0.301,-0.325,0.129,0.0,0,0.15
3,14.1,282,cruise,19.874,20.173,30.46,27.173,3.286,-0.299,1.51,26.485,19.868,-0.688,-0.305,0.0,0.001,0,0.2
3,14.15,283,cruise,19.874,20.132,30.446,27.132,3.314,-0.258,1.512,25.478,19.868,-1.654,-0.264,0.0,0.097,0,0.25
3,14.2,284,cruise,19.873,20.056,30.435,27.056,3.38,-0.183,1.518,24.473,19.868,-2.582,-0.188,0.0,0.189,0,0.3
3,14.25,285,cruise,19.871,19.984,30.428,26.984,3.444,-0.113,1.523,30.428,19.871,3.444,-0.113,0.555,0.0,1,0.0
3,14.3,286,cruise,19.87,19.963,30.423,26.963,3.461,-0.093,1.524,30.423,19.87,3.461,-0.093,0.558,0.0,1,0.0
3,14.35,287,cruise,19.869,19.826,30.421,26.826,3.595,0.043,1.534,29.428,19.87,2.602,0.044,0.448,0.0,0,0.05
3,14.4,288,cruise,19.87,19.605,30.43,26.605,3.826,0.266,1.552,30.43,19.87,3.826,0.266,0.619,0.0,1,0.0
3,14.45,289,cruise,19.872,19.465,30.448,26.465,3.984,0.407,1.564,29.455,19.87,2.99,0.405,0.512,0.0,0,0.05
3,14.5,290,cruise,19.873,19.386,30.471,26.386,4.085,0.487,1.572,28.484,19.87,2.098,0.484,0.396,0.0,0,0.1
3,14.55,291,cruise,19.873,19.334,30.497,26.334,4.163,0.539,1.577,30.497,19.873,4.163,0.539,0.673,0.0,1,0.0
3,14.6,292,cruise,19.873,19.299,30.525,26.299,4.226,0.574,1.582,30.525,19.873,4.226,0.574,0.683,0.0,1,0.0
3,14.65,293,cruise,19.872,19.301,30.554,26.301,4.253,0.572,1.583,30.554,19.872,4.253,0.572,0.686,0.0,1,0.0
3,14.7,294,cruise,19.871,19.33,30.581,26.33,4.251,0.542,1.582,30.581,19.871,4.251,0.542,0.685,0.0,1,0.0
3,14.75,295,cruise,19.87,19.377,30.607,26.377,4.229,0.493,1.58,29.613,19.871,3.236,0.494,0.548,0.0,0,0.05
3,14.8,296,cruise,19.87,19.429,30.63,26.429,4.201,0.441,1.577,28.643,19.871,2.214,0.442,0.41,0.0,0,0.1
3,14.85,297,cruise,19.87,19.465,30.651,26.465,4.186,0.405,1.575,27.67,19.871,1.205,0.407,0.274,0.0,0,0.15
3,14.9,298,cruise,19.871,19.472,30.671,26.472,4.199,0.399,1.575,30.671,19.871,4.199,0.399,0.673,0.0,1,0.0
3,14.95,299,cruise,19.872,19.459,30.692,26.459,4.233,0.413,1.577,30.692,19.872,4.233,0.413,0.678,0.0,1,0.0
3,15.0,300,cruise,19.873,19.465,30.712,26.465,4.247,0.408,1.578,29.719,19.872,3.253,0.407,0.547,0.0,0,0.05
3,15.05,301,cruise,19.873,19.489,30.732,26.489,4.243,0.384,1.577,28.745,19.872,2.256,0.383,0.414,0.0,0,0.1
3,15.1,302,cruise,19.872,19.507,30.75,26.507,4.244,0.365,1.576,27.769,19.872,1.263,0.365,0.281,0.0,0,0.15
3,15.15,303,cruise,19.871,19.503,30.769,26.503,4.266,0.368,1.578,26.794,19.872,0.291,0.369,0.151,0.0,0,0.2
3,15.2,304,cruise,19.87,19.469,30.788,26.469,4.319,0.402,1.581,25.82,19.872,-0.649,0.404,0.027,0.0,0,0.25
3,15.25,305,cruise,19.87,19.4,30.81,26.4,4.41,0.47,1.588,24.848,19.872,-1.552,0.472,0.0,0.069,0,0.3
3,15.3,306,cruise,19.871,19.289,30.837,26.289,4.547,0.581,1.599,23.882,19.872,-2.408,0.583,0.0,0.152,0,0.35
3,15.35,307,cruise,19.871,19.142,30.87,26.142,4.728,0.729,1.613,22.922,19.872,-3.221,0.73,0.0,0.23,0,0.4
3,15.4,308,cruise,19.872,18.966,30.912,25.966,4.946,0.906,1.63,21.97,19.872,-3.997,0.906,0.0,0.303,0,0.45
3,15.45,309,cruise,19.872,18.767,30.963,25.767,5.196,1.106,1.65,30.963,19.872,5.196,1.106,0.829,0.0,1,0.0
3,15.5,310,cruise,19.872,18.607,31.024,25.607,5.417,1.266,1.667,30.03,19.872,4.423,1.266,0.732,0.0,0,0.05
3,15.55,311,cruise,19.872,18.503,31.09,25.503,5.587,1.369,1.68,29.103,19.872,3.6,1.37,0.626,0.0,0,0.1
3,15.6,312,cruise,19.871,18.45,31.16,25.45,5.71,1.421,1.689,28.18,19.872,2.729,1.422,0.511,0.0,0,0.15
3,15.65,313,cruise,19.871,18.431,31.232,25.431,5.801,1.44,1.695,27.258,19.872,1.827,1.441,0.392,0.0,0,0.2
3,15.7,314,cruise,19.871,18.418,31.304,25.418,5.886,1.453,1.7,26.336,19.872,0.918,1.454,0.271,0.0,0,0.25
3,15.75,315,cruise,19.871,18.394,31.377,25.394,5.983,1.477,1.706,31.377,19.871,5.983,1.477,0.947,0.0,1,0.0
3,15.8,316,cruise,19.872,18.364,31.452,25.364,6.089,1.508,1.713,30.459,19.871,5.095,1.508,0.83,0.0,0,0.05
3,15.85,317,cruise,19.872,18.362,31.528,25.362,6.166,1.51,1.717,31.528,19.872,6.166,1.51,0.972,0.0,1,0.0
3,15.9,318,cruise,19.872,18.412,31.602,25.412,6.19,1.46,1.716,30.608,19.872,5.196,1.46,0.841,0.0,0,0.05
3,15.95,319,cruise,19.872,18.505,31.672,25.505,6.167,1.367,1.712,29.685,19.872,4.18,1.367,0.703,0.0,0,0.1
3,16.0,320,cruise,19.872,18.608,31.737,25.608,6.129,1.263,1.706,31.737,19.872,6.129,1.263,0.959,0.0,1,0.0
3,16.05,321,cruise,19.871,18.716,31.797,25.716,6.081,1.155,1.699,30.804,19.872,5.088,1.156,0.817,0.0,0,0.05
3,16.1,322,cruise,19.871,18.842,31.851,25.842,6.009,1.029,1.69,29.864,19.872,4.022,1.029,0.671,0.0,0,0.1
3,16.15,323,cruise,19.871,18.965,31.899,25.965,5.934,0.907,1.682,28.918,19.872,2.954,0.907,0.524,0.0,0,0.15
3,16.2,324,cruise,19.871,19.064,31.941,26.064,5.877,0.807,1.675,27.967,19.872,1.903,0.808,0.381,0.0,0,0.2
3,16.25,325,cruise,19.872,19.127,31.98,26.127,5.852,0.744,1.672,31.98,19.872,5.852,0.744,0.905,0.0,1,0.0
3,16.3,326,cruise,19.872,19.165,32.016,26.165,5.851,0.707,1.671,32.016,19.872,5.851,0.707,0.904,0.0,1,0.0
3,16.35,327,cruise,19.872,19.22,32.05,26.22,5.829,0.651,1.667,32.05,19.872,5.829,0.651,0.899,0.0,1,0.0
3,16.4,328,cruise,19.872,19.313,32.079,26.313,5.766,0.559,1.661,31.086,19.872,4.773,0.559,0.755,0.0,0,0.05
3,16.45,329,cruise,19.871,19.424,32.104,26.424,5.68,0.447,1.653,30.117,19.872,3.692,0.448,0.607,0.0,0,0.1
3,16.5,330,cruise,19.871,19.527,32.123,26.527,5.595,0.344,1.645,29.142,19.872,2.615,0.344,0.46,0.0,0,0.15
3,16.55,331,cruise,19.871,19.604,32.137,26.604,5.533,0.267,1.639,28.163,19.872,1.559,0.267,0.317,0.0,0,0.2
3,16.6,332,cruise,19.871,19.644,32.149,26.644,5.505,0.227,1.637,27.182,19.872,0.537,0.228,0.179,0.0,0,0.25
3,16.65,333,cruise,19.871,19.641,32.161,26.641,5.519,0.23,1.637,32.161,19.871,5.519,0.23,0.844,0.0,1,0.0
3,16.7,334,cruise,19.872,19.609,32.173,26.609,5.564,0.262,1.641,32.173,19.872,5.564,0.262,0.851,0.0,1,0.0
3,16.75,335,cruise,19.872,19.593,32.187,26.593,5.594,0.278,1.643,32.187,19.872,5.594,0.278,0.855,0.0,1,0.0
3,16.8,336,cruise,19.872,19.624,32.2,26.624,5.577,0.248,1.641,31.207,19.872,4.583,0.248,0.719,0.0,0,0.05
3,16.85,337,cruise,19.872,19.687,32.211,26.687,5.524,0.185,1.636,30.224,19.872,3.537,0.185,0.578,0.0,0,0.1
3,16.9,338,cruise,19.871,19.753,32.218,26.753,5.465,0.118,1.631,29.237,19.872,2.484,0.119,0.435,0.0,0,0.15
3,16.95,339,cruise,19.871,19.802,32.222,26.802,5.421,0.069,1.627,32.222,19.871,5.421,0.069,0.825,0.0,1,0.0
3,17.0,340,cruise,19.871,19.836,32.225,26.836,5.389,0.035,1.625,31.231,19.871,4.395,0.035,0.687,0.0,0,0.05
3,17.05,341,cruise,19.871,19.886,32.225,26.886,5.339,-0.014,1.621,32.225,19.871,5.339,-0.014,0.811,0.0,1,0.0
3,17.1,342,cruise,19.871,19.953,32.223,26.953,5.269,-0.082,1.615,31.229,19.871,4.276,-0.082,0.667,0.0,0,0.05
3,17.15,343,cruise,19.872,20.035,32.216,27.035,5.181,-0.163,1.608,30.229,19.871,3.194,-0.164,0.52,0.0,0,0.1
3,17.2,344,cruise,19.872,20.106,32.206,27.106,5.1,-0.234,1.602,29.225,19.871,2.119,-0.235,0.375,0.0,0,0.15
3,17.25,345,cruise,19.872,20.15,32.193,27.15,5.043,-0.278,1.598,28.218,19.871,1.069,-0.278,0.233,0.0,0,0.2
3,17.3,346,cruise,19.868,20.156,32.178,27.156,5.022,-0.288,1.596,32.178,19.868,5.022,-0.288,0.76,0.0,1,0.0
3,17.35,347,cruise,19.868,20.136,32.164,27.136,5.029,-0.267,1.597,31.171,19.868,4.035,-0.268,0.629,0.0,0,0.05
3,17.4,348,cruise,19.848,20.131,32.151,27.131,5.02,-0.283,1.597,32.151,19.848,5.02,-0.283,0.76,0.0,1,0.0
3,17.45,349,cruise,19.855,20.155,32.136,27.155,4.981,-0.3,1.594,32.136,19.855,4.981,-0.3,0.754,0.0,1,0.0
3,17.5,350,cruise,19.849,20.208,32.119,27.208,4.911,-0.359,1.589,32.119,19.849,4.911,-0.359,0.743,0.0,1,0.0
3,17.55,351,cruise,19.867,20.28,32.099,27.28,4.819,-0.413,1.583,32.099,19.867,4.819,-0.413,0.729,0.0,1,0.0
3,17.6,352,cruise,19.855,20.362,32.075,27.362,4.712,-0.507,1.575,32.075,19.855,4.712,-0.507,0.711,0.0,1,0.0
3,17.65,353,cruise,19.841,20.45,32.044,27.45,4.594,-0.608,1.567,32.044,19.841,4.594,-0.608,0.692,0.0,1,0.0
3,17.7,354,cruise,19.851,20.538,32.006,27.538,4.468,-0.686,1.558,31.018,19.841,3.481,-0.696,0.541,0.0,0,0.05
3,17.75,355,cruise,19.868,20.616,31.965,27.616,4.349,-0.748,1.55,29.989,19.841,2.373,-0.775,0.391,0.0,0,0.1
3,17.8,356,cruise,19.838,20.667,31.921,27.667,4.254,-0.829,1.545,31.921,19.838,4.254,-0.829,0.64,0.0,1,0.0
3,17.85,357,cruise,19.844,20.695,31.876,27.695,4.18,-0.852,1.54,31.876,19.844,4.18,-0.852,0.629,0.0,1,0.0
3,17.9,358,cruise,19.869,20.732,31.826,27.732,4.095,-0.863,1.535,30.84,19.844,3.108,-0.888,0.485,0.0,0,0.05
3,17.95,359,cruise,19.892,20.768,31.775,27.768,4.007,-0.876,1.53,29.803,19.844,2.035,-0.924,0.341,0.0,0,0.1
3,18.0,360,cruise,19.9,20.783,31.722,27.783,3.94,-0.882,1.526,31.722,19.9,3.94,-0.882,0.596,0.0,1,0.0
3,18.05,361,cruise,19.889,20.781,31.669,27.781,3.888,-0.892,1.524,31.669,19.889,3.888,-0.892,0.589,0.0,1,0.0
3,18.1,362,cruise,19.863,20.792,31.615,27.792,3.823,-0.929,1.521,30.631,19.889,2.838,-0.903,0.448,0.0,0,0.05
3,18.15,363,cruise,19.849,20.806,31.56,27.806,3.754,-0.957,1.517,31.56,19.849,3.754,-0.957,0.569,0.0,1,0.0
3,18.2,364,cruise,19.833,20.816,31.505,27.816,3.689,-0.983,1.514,30.521,19.849,2.705,-0.968,0.428,0.0,0,0.05
3,18.25,365,cruise,19.847,20.826,31.451,27.826,3.625,-0.979,1.51,31.451,19.847,3.625,-0.979,0.551,0.0,1,0.0
3,18.3,366,cruise,19.853,20.832,31.399,27.832,3.567,-0.979,1.507,31.399,19.853,3.567,-0.979,0.543,0.0,1,0.0
3,18.35,367,cruise,19.879,20.844,31.349,27.844,3.505,-0.965,1.504,30.36,19.853,2.516,-0.991,0.402,0.0,0,0.05
3,18.4,368,cruise,19.884,20.852,31.301,27.852,3.449,-0.968,1.501,31.301,19.884,3.449,-0.968,0.528,0.0,1,0.0
3,18.45,369,cruise,19.892,20.852,31.254,27.852,3.402,-0.96,1.499,31.254,19.892,3.402,-0.96,0.522,0.0,1,0.0
3,18.5,370,cruise,19.876,20.858,31.208,27.858,3.35,-0.983,1.496,30.215,19.892,2.357,-0.966,0.382,0.0,0,0.05
3,18.55,371,cruise,19.868,20.859,31.162,27.859,3.303,-0.991,1.494,29.176,19.892,1.317,-0.967,0.243,0.0,0,0.1
3,18.6,372,cruise,19.851,20.838,31.117,27.838,3.279,-0.987,1.493,28.138,19.892,0.3,-0.946,0.108,0.0,0,0.15
3,18.65,373,cruise,19.853,20.786,31.074,27.786,3.288,-0.933,1.495,27.102,19.892,-0.684,-0.894,0.0,0.016,0,0.2
3,18.7,374,cruise,19.856,20.696,31.035,27.696,3.34,-0.84,1.5,31.035,19.856,3.34,-0.84,0.517,0.0,1,0.0
3,18.75,375,cruise,19.871,20.587,31.003,27.587,3.416,-0.716,1.506,30.01,19.856,2.423,-0.731,0.399,0.0,0,0.05
3,18.8,376,cruise,19.879,20.495,30.976,27.495,3.481,-0.616,1.511,28.989,19.856,1.495,-0.639,0.278,0.0,0,0.1
3,18.85,377,cruise,19.886,20.415,30.954,27.415,3.539,-0.529,1.516,30.954,19.886,3.539,-0.529,0.554,0.0,1,0.0
3,18.9,378,cruise,19.882,20.348,30.935,27.348,3.587,-0.466,1.52,29.941,19.886,2.594,-0.461,0.43,0.0,0,0.05
3,18.95,379,cruise,19.875,20.281,30.918,27.281,3.637,-0.406,1.524,28.932,19.886,1.65,-0.395,0.307,0.0,0,0.1
3,19.0,380,cruise,19.865,20.239,30.902,27.239,3.663,-0.374,1.527,30.902,19.865,3.663,-0.374,0.576,0.0,1,0.0
3,19.05,381,cruise,19.861,20.178,30.888,27.178,3.711,-0.317,1.531,30.888,19.861,3.711,-0.317,0.584,0.0,1,0.0
3,19.1,382,cruise,19.86,20.16,30.875,27.16,3.715,-0.3,1.531,29.884,19.861,2.724,-0.299,0.453,0.0,0,0.05
3,19.15,383,cruise,19.866,20.125,30.862,27.125,3.736,-0.259,1.533,28.88,19.861,1.754,-0.265,0.325,0.0,0,0.1
3,19.2,384,cruise,19.873,20.08,30.85,27.08,3.771,-0.207,1.536,27.877,19.861,0.797,-0.219,0.199,0.0,0,0.15
3,19.25,385,cruise,19.879,20.035,30.842,27.035,3.807,-0.156,1.539,30.842,19.879,3.807,-0.156,0.602,0.0,1,0.0
3,19.3,386,cruise,19.88,19.975,30.835,26.975,3.86,-0.095,1.544,30.835,19.88,3.86,-0.095,0.612,0.0,1,0.0
3,19.35,387,cruise,19.877,19.894,30.829,26.894,3.935,-0.017,1.55,30.829,19.877,3.935,-0.017,0.624,0.0,1,0.0
3,19.4,388,cruise,19.872,19.877,30.823,26.877,3.946,-0.006,1.551,29.832,19.877,2.955,-0.0,0.494,0.0,0,0.05
3,19.45,389,cruise,19.867,19.885,30.819,26.885,3.935,-0.018,1.55,30.819,19.867,3.935,-0.018,0.624,0.0,1,0.0
3,19.5,390,cruise,19.865,19.897,30.817,26.897,3.919,-0.033,1.549,29.826,19.867,2.928,-0.03,0.489,0.0,0,0.05
3,19.55,391,cruise,19.866,19.915,30.814,26.915,3.899,-0.049,1.547,30.814,19.866,3.899,-0.049,0.618,0.0,1,0.0
3,19.6,392,cruise,19.87,19.93,30.813,26.93,3.883,-0.06,1.546,29.821,19.866,2.891,-0.064,0.483,0.0,0,0.05
3,19.65,393,cruise,19.874,19.943,30.811,26.943,3.868,-0.069,1.545,30.811,19.874,3.868,-0.069,0.613,0.0,1,0.0
3,19.7,394,cruise,19.876,19.964,30.81,26.964,3.846,-0.088,1.543,29.818,19.874,2.853,-0.09,0.477,0.0,0,0.05
3,19.75,395,cruise,19.876,19.975,30.808,26.975,3.833,-0.099,1.542,30.808,19.876,3.833,-0.099,0.608,0.0,1,0.0
3,19.8,396,cruise,19.874,19.998,30.806,26.998,3.808,-0.125,1.54,30.806,19.874,3.808,-0.125,0.604,0.0,1,0.0
3,19.85,397,cruise,19.87,20.012,30.803,27.012,3.79,-0.142,1.539,30.803,19.87,3.79,-0.142,0.601,0.0,1,0.0
3,19.9,398,cruise,19.868,20.05,30.798,27.05,3.748,-0.182,1.536,29.805,19.87,2.755,-0.18,0.461,0.0,0,0.05
3,19.95,399,cruise,19.867,20.069,30.791,27.069,3.722,-0.201,1.534,28.805,19.87,1.737,-0.198,0.325,0.0,0,0.1
3,20.0,400,cruise,19.869,20.08,30.783,27.08,3.703,-0.212,1.533,27.805,19.87,0.724,-0.21,0.19,0.0,0,0.15
3,20.05,401,cruise,19.871,20.047,30.776,27.047,3.729,-0.175,1.535,26.804,19.87,-0.243,-0.176,0.062,0.0,0,0.2
3,20.1,402,cruise,19.868,19.99,30.77,26.99,3.781,-0.122,1.539,30.77,19.868,3.781,-0.122,0.6,0.0,1,0.0
3,20.15,403,cruise,19.87,19.898,30.769,26.898,3.87,-0.028,1.546,29.776,19.868,2.877,-0.03,0.483,0.0,0,0.05
3,20.2,404,cruise,19.86,19.833,30.77,26.833,3.937,0.027,1.551,28.785,19.868,1.951,0.034,0.361,0.0,0,0.1
3,20.25,405,cruise,19.843,19.778,30.773,26.778,3.995,0.065,1.556,30.773,19.843,3.995,0.065,0.635,0.0,1,0.0
3,20.3,406,cruise,19.855,19.741,30.778,26.741,4.038,0.115,1.559,30.778,19.855,4.038,0.115,0.642,0.0,1,0.0
3,20.35,407,cruise,19.855,19.729,30.784,26.729,4.056,0.126,1.56,29.793,19.855,3.064,0.127,0.513,0.0,0,0.05
3,20.4,408,cruise,19.874,19.74,30.79,26.74,4.051,0.135,1.56,28.807,19.855,2.067,0.116,0.38,0.0,0,0.1
3,20.45,409,cruise,19.868,19.74,30.796,26.74,4.056,0.128,1.56,27.821,19.855,1.081,0.115,0.248,0.0,0,0.15
3,20.5,410,cruise,19.822,19.723,30.799,26.723,4.076,0.099,1.562,30.799,19.822,4.076,0.099,0.647,0.0,1,0.0
3,20.55,411,cruise,19.829,19.689,30.801,26.689,4.112,0.14,1.564,29.814,19.822,3.126,0.133,0.521,0.0,0,0.05
3,20.6,412,cruise,19.828,19.672,30.804,26.672,4.132,0.156,1.566,28.831,19.822,2.159,0.15,0.393,0.0,0,0.1
3,20.65,413,cruise,19.868,19.658,30.807,26.658,4.149,0.21,1.567,27.849,19.822,1.191,0.164,0.264,0.0,0,0.15
3,20.7,414,cruise,19.873,19.633,30.812,26.633,4.179,0.241,1.569,30.812,19.873,4.179,0.241,0.665,0.0,1,0.0
3,20.75,415,cruise,19.896,19.597,30.817,26.597,4.22,0.299,1.573,29.832,19.873,3.235,0.277,0.541,0.0,0,0.05
3,20.8,416,cruise,19.871,19.58,30.822,26.58,4.241,0.29,1.574,28.854,19.873,2.274,0.293,0.413,0.0,0,0.1
3,20.85,417,cruise,19.786,19.571,30.82,26.571,4.25,0.216,1.575,27.876,19.873,1.305,0.303,0.284,0.0,0,0.15
3,20.9,418,cruise,19.769,19.55,30.815,26.55,4.265,0.219,1.576,26.899,19.873,0.349,0.324,0.157,0.0,0,0.2
3,20.95,419,cruise,19.757,19.505,30.808,26.505,4.302,0.252,1.579,30.808,19.757,4.302,0.252,0.682,0.0,1,0.0
3,21.0,420,cruise,19.811,19.445,30.803,26.445,4.357,0.366,1.584,30.803,19.811,4.357,0.366,0.693,0.0,1,0.0
3,21.05,421,cruise,19.839,19.408,30.8,26.408,4.391,0.431,1.587,30.8,19.839,4.391,0.431,0.7,0.0,1,0.0
3,21.1,422,cruise,19.832,19.412,30.794,26.412,4.381,0.42,1.586,29.833,19.839,3.421,0.427,0.57,0.0,0,0.05
3,21.15,423,cruise,19.877,19.437,30.785,26.437,4.347,0.44,1.584,28.866,19.839,2.428,0.402,0.437,0.0,0,0.1
3,21.2,424,cruise,19.877,19.459,30.773,26.459,4.314,0.417,1.581,30.773,19.877,4.314,0.417,0.689,0.0,1,0.0
3,21.25,425,cruise,19.898,19.477,30.759,26.477,4.283,0.421,1.579,30.759,19.898,4.283,0.421,0.685,0.0,1,0.0
3,21.3,426,cruise,19.86,19.514,30.742,26.514,4.228,0.346,1.575,29.793,19.898,3.279,0.384,0.55,0.0,0,0.05
3,21.35,427,cruise,19.768,19.559,30.715,26.559,4.156,0.208,1.57,30.715,19.768,4.156,0.208,0.661,0.0,1,0.0
3,21.4,428,cruise,19.752,19.605,30.681,26.605,4.077,0.147,1.565,29.748,19.768,3.143,0.163,0.525,0.0,0,0.05
3,21.45,429,cruise,19.733,19.651,30.644,26.651,3.992,0.082,1.559,30.644,19.733,3.992,0.082,0.635,0.0,1,0.0
3,21.5,430,cruise,19.785,19.695,30.605,26.695,3.91,0.09,1.554,29.678,19.733,2.983,0.038,0.499,0.0,0,0.05
3,21.55,431,cruise,19.806,19.736,30.566,26.736,3.83,0.07,1.549,28.711,19.733,1.975,-0.003,0.363,0.0,0,0.1
3,21.6,432,cruise,19.799,19.758,30.525,26.758,3.766,0.041,1.545,27.743,19.733,0.985,-0.025,0.23,0.0,0,0.15
3,21.65,433,cruise,19.862,19.745,30.485,26.745,3.74,0.117,1.544,30.485,19.862,3.74,0.117,0.603,0.0,1,0.0
3,21.7,434,cruise,19.885,19.717,30.45,26.717,3.733,0.168,1.544,29.532,19.862,2.815,0.145,0.48,0.0,0,0.05
3,21.75,435,cruise,19.927,19.686,30.42,26.686,3.734,0.241,1.545,28.581,19.862,1.895,0.176,0.358,0.0,0,0.1
3,21.8,436,cruise,19.89,19.668,30.395,26.668,3.727,0.222,1.545,27.632,19.862,0.964,0.194,0.235,0.0,0,0.15
3,21.85,437,cruise,19.787,19.615,30.367,26.615,3.752,0.172,1.548,30.367,19.787,3.752,0.172,0.606,0.0,1,0.0
3,21.9,438,cruise,19.751,19.571,30.342,26.571,3.771,0.18,1.55,30.342,19.751,3.771,0.18,0.609,0.0,1,0.0
3,21.95,439,cruise,19.725,19.528,30.321,26.528,3.792,0.197,1.553,30.321,19.725,3.792,0.197,0.612,0.0,1,0.0
3,22.0,440,cruise,19.769,19.487,30.304,26.487,3.817,0.282,1.555,30.304,19.769,3.817,0.282,0.618,0.0,1,0.0
3,22.05,441,cruise,19.797,19.506,30.294,26.506,3.787,0.291,1.553,29.391,19.769,2.885,0.263,0.493,0.0,0,0.05
3,22.1,442,cruise,19.875,19.508,30.29,26.508,3.781,0.366,1.553,28.476,19.769,1.967,0.261,0.371,0.0,0,0.1
3,22.15,443,cruise,19.909,19.521,30.293,26.521,3.772,0.388,1.552,27.56,19.769,1.039,0.248,0.247,0.0,0,0.15
3,22.2,444,cruise,19.95,19.477,30.306,26.477,3.829,0.472,1.556,26.643,19.769,0.166,0.292,0.132,0.0,0,0.2
3,22.25,445,cruise,19.915,19.432,30.327,26.432,3.895,0.483,1.561,30.327,19.915,3.895,0.483,0.635,0.0,1,0.0
3,22.3,446,cruise,19.883,19.337,30.357,26.337,4.02,0.546,1.57,29.438,19.915,3.101,0.578,0.533,0.0,0,0.05
3,22.35,447,cruise,19.814,19.214,30.392,26.214,4.178,0.6,1.582,28.55,19.915,2.336,0.701,0.435,0.0,0,0.1
3,22.4,448,cruise,19.721,19.163,30.427,26.163,4.264,0.558,1.588,30.427,19.721,4.264,0.558,0.687,0.0,1,0.0
3,22.45,449,cruise,19.719,19.103,30.465,26.103,4.362,0.616,1.595,30.465,19.719,4.362,0.616,0.702,0.0,1,0.0
3,22.5,450,cruise,19.739,19.114,30.507,26.114,4.393,0.625,1.596,30.507,19.739,4.393,0.625,0.707,0.0,1,0.0
3,22.55,451,cruise,19.807,19.116,30.556,26.116,4.441,0.691,1.598,29.634,19.739,3.518,0.624,0.59,0.0,0,0.05
3,22.6,452,cruise,19.859,19.162,30.611,26.162,4.449,0.697,1.597,28.756,19.739,2.594,0.577,0.465,0.0,0,0.1
3,22.65,453,cruise,19.931,19.162,30.672,26.162,4.51,0.77,1.601,30.672,19.931,4.51,0.77,0.727,0.0,1,0.0
3,22.7,454,cruise,19.947,19.106,30.737,26.106,4.631,0.841,1.609,30.737,19.947,4.631,0.841,0.745,0.0,1,0.0
3,22.75,455,cruise,19.942,19.134,30.804,26.134,4.67,0.808,1.61,30.804,19.942,4.67,0.808,0.75,0.0,1,0.0
3,22.8,456,cruise,19.873,19.152,30.869,26.152,4.717,0.721,1.612,29.926,19.942,3.774,0.79,0.63,0.0,0,0.05
3,22.85,457,cruise,19.823,19.221,30.931,26.221,4.71,0.602,1.609,29.042,19.942,2.821,0.721,0.5,0.0,0,0.1
3,22.9,458,cruise,19.767,19.237,30.99,26.237,4.753,0.531,1.611,28.151,19.942,1.915,0.705,0.379,0.0,0,0.15
3,22.95,459,cruise,19.776,19.266,31.049,26.266,4.783,0.51,1.612,27.256,19.942,0.99,0.676,0.254,0.0,0,0.2
3,23.0,460,cruise,19.791,19.224,31.112,26.224,4.888,0.567,1.618,31.112,19.791,4.888,0.567,0.771,0.0,1,0.0
3,23.05,461,cruise,19.855,19.11,31.178,26.11,5.068,0.745,1.631,31.178,19.855,5.068,0.745,0.801,0.0,1,0.0
3,23.1,462,cruise,19.898,19.081,31.25,26.081,5.169,0.817,1.638,30.294,19.855,4.213,0.775,0.688,0.0,0,0.05
3,23.15,463,cruise,19.906,19.057,31.32,26.057,5.263,0.849,1.643,31.32,19.906,5.263,0.849,0.83,0.0,1,0.0
3,23.2,464,cruise,19.919,19.104,31.389,26.104,5.286,0.816,1.643,31.389,19.919,5.286,0.816,0.832,0.0,1,0.0
3,23.25,465,cruise,19.894,19.137,31.456,26.137,5.319,0.757,1.644,31.456,19.894,5.319,0.757,0.834,0.0,1,0.0
3,23.3,466,cruise,19.869,19.232,31.518,26.232,5.286,0.637,1.639,30.557,19.894,4.325,0.662,0.699,0.0,0,0.05
3,23.35,467,cruise,19.825,19.289,31.574,26.289,5.285,0.536,1.637,31.574,19.825,5.285,0.536,0.823,0.0,1,0.0
3,23.4,468,cruise,19.819,19.292,31.624,26.292,5.332,0.527,1.639,30.663,19.825,4.371,0.533,0.701,0.0,0,0.05
3,23.45,469,cruise,19.806,19.367,31.668,26.367,5.301,0.439,1.635,31.668,19.806,5.301,0.439,0.821,0.0,1,0.0
3,23.5,470,cruise,19.847,19.419,31.708,26.419,5.289,0.427,1.633,31.708,19.847,5.289,0.427,0.819,0.0,1,0.0
3,23.55,471,cruise,19.87,19.53,31.743,26.53,5.214,0.34,1.625,30.778,19.847,4.248,0.317,0.677,0.0,0,0.05
3,23.6,472,cruise,19.909,19.606,31.774,26.606,5.169,0.303,1.621,29.839,19.847,3.233,0.241,0.539,0.0,0,0.1
3,23.65,473,cruise,19.902,19.699,31.801,26.699,5.102,0.203,1.614,31.801,19.902,5.102,0.203,0.787,0.0,1,0.0
3,23.7,474,cruise,19.897,19.732,31.824,26.732,5.092,0.165,1.613,30.853,19.902,4.122,0.17,0.655,0.0,0,0.05
3,23.75,475,cruise,19.856,19.75,31.841,26.75,5.091,0.105,1.612,31.841,19.856,5.091,0.105,0.782,0.0,1,0.0
3,23.8,476,cruise,19.839,19.826,31.853,26.826,5.026,0.013,1.607,31.853,19.839,5.026,0.013,0.771,0.0,1,0.0
3,23.85,477,cruise,19.814,19.888,31.859,26.888,4.97,-0.074,1.602,31.859,19.814,4.97,-0.074,0.76,0.0,1,0.0
3,23.9,478,cruise,19.835,19.99,31.86,26.99,4.87,-0.155,1.594,31.86,19.835,4.87,-0.155,0.744,0.0,1,0.0
3,23.95,479,cruise,19.845,20.059,31.858,27.059,4.799,-0.214,1.588,31.858,19.845,4.799,-0.214,0.733,0.0,1,0.0
3,24.0,480,cruise,19.862,20.164,31.851,27.164,4.687,-0.301,1.58,30.88,19.845,3.717,-0.318,0.585,0.0,0,0.05
3,24.05,481,cruise,19.896,20.226,31.841,27.226,4.616,-0.33,1.574,29.897,19.845,2.671,-0.38,0.443,0.0,0,0.1
3,24.1,482,cruise,19.906,20.238,31.829,27.238,4.591,-0.332,1.573,28.908,19.845,1.67,-0.393,0.31,0.0,0,0.15
3,24.15,483,cruise,19.904,20.264,31.817,27.264,4.553,-0.361,1.57,27.915,19.845,0.651,-0.419,0.173,0.0,0,0.2
3,24.2,484,cruise,19.875,20.231,31.803,27.231,4.572,-0.356,1.572,26.921,19.845,-0.31,-0.386,0.046,0.0,0,0.25
3,24.25,485,cruise,19.854,20.178,31.791,27.178,4.613,-0.324,1.576,25.928,19.845,-1.25,-0.332,0.0,0.058,0,0.3
3,24.3,486,cruise,19.815,20.05,31.782,27.05,4.732,-0.235,1.585,24.938,19.845,-2.112,-0.205,0.0,0.142,0,0.35
3,24.35,487,cruise,19.75,19.906,31.775,26.906,4.869,-0.156,1.596,23.954,19.845,-2.952,-0.061,0.0,0.223,0,0.4
3,24.4,488,cruise,19.656,19.706,31.769,26.706,5.064,-0.05,1.612,31.769,19.656,5.064,-0.05,0.773,0.0,1,0.0
3,24.45,489,cruise,19.655,19.554,31.767,26.554,5.213,0.101,1.625,30.811,19.656,4.257,0.102,0.671,0.0,0,0.05
3,24.5,490,cruise,19.721,19.418,31.772,26.418,5.354,0.304,1.636,29.857,19.656,3.44,0.238,0.567,0.0,0,0.1
3,24.55,491,cruise,19.808,19.357,31.785,26.357,5.428,0.451,1.642,31.785,19.808,5.428,0.451,0.839,0.0,1,0.0
3,24.6,492,cruise,19.895,19.312,31.804,26.312,5.491,0.582,1.647,30.84,19.808,4.527,0.495,0.72,0.0,0,0.05
3,24.65,493,cruise,19.966,19.337,31.826,26.337,5.489,0.629,1.646,31.826,19.966,5.489,0.629,0.853,0.0,1,0.0
3,24.7,494,cruise,19.988,19.366,31.849,26.366,5.482,0.622,1.645,30.88,19.966,4.514,0.6,0.722,0.0,0,0.05
3,24.75,495,cruise,19.952,19.446,31.867,26.446,5.421,0.506,1.639,29.93,19.966,3.483,0.52,0.582,0.0,0,0.1
3,24.8,496,cruise,19.882,19.498,31.88,26.498,5.382,0.384,1.635,28.974,19.966,2.476,0.468,0.446,0.0,0,0.15
3,24.85,497,cruise,19.809,19.556,31.888,26.556,5.332,0.253,1.631,28.016,19.966,1.46,0.41,0.308,0.0,0,0.2
3,24.9,498,cruise,19.762,19.557,31.894,26.557,5.337,0.205,1.631,27.054,19.966,0.497,0.409,0.18,0.0,0,0.25
3,24.95,499,cruise,19.748,19.544,31.902,26.544,5.358,0.204,1.632,31.902,19.748,5.358,0.204,0.821,0.0,1,0.0
3,25.0,500,cruise,19.786,19.483,31.916,26.483,5.433,0.303,1.638,31.916,19.786,5.433,0.303,0.835,0.0,1,0.0
3,25.05,501,cruise,19.83,19.462,31.939,26.462,5.477,0.368,1.641,31.939,19.83,5.477,0.368,0.842,0.0,1,0.0
3,25.1,502,cruise,19.901,19.464,31.968,26.464,5.503,0.437,1.642,31.968,19.901,5.503,0.437,0.848,0.0,1,0.0
3,25.15,503,cruise,19.945,19.532,32.0,26.532,5.469,0.413,1.638,32.0,19.945,5.469,0.413,0.843,0.0,1,0.0
3,25.2,504,cruise,19.957,19.602,32.033,26.602,5.432,0.355,1.634,32.033,19.957,5.432,0.355,0.836,0.0,1,0.0
3,25.25,505,cruise,19.917,19.715,32.063,26.715,5.348,0.202,1.626,31.073,19.957,4.359,0.242,0.689,0.0,0,0.05
3,25.3,506,cruise,19.865,19.805,32.086,26.805,5.28,0.06,1.62,30.107,19.957,3.302,0.152,0.545,0.0,0,0.1
3,25.35,507,cruise,19.807,19.869,32.103,26.869,5.234,-0.062,1.616,29.135,19.957,2.266,0.088,0.405,0.0,0,0.15
3,25.4,508,cruise,19.786,19.934,32.115,26.934,5.181,-0.147,1.611,32.115,19.786,5.181,-0.147,0.786,0.0,1,0.0
3,25.45,509,cruise,19.796,19.959,32.125,26.959,5.166,-0.163,1.61,31.137,19.786,4.178,-0.173,0.651,0.0,0,0.05
3,25.5,510,cruise,19.846,20.007,32.136,27.007,5.128,-0.162,1.606,30.157,19.786,3.15,-0.221,0.513,0.0,0,0.1
3,25.55,511,cruise,19.898,20.031,32.147,27.031,5.116,-0.133,1.605,29.174,19.786,2.143,-0.244,0.378,0.0,0,0.15
3,25.6,512,cruise,19.939,20.058,32.158,27.058,5.1,-0.119,1.603,32.158,19.939,5.1,-0.119,0.776,0.0,1,0.0
3,25.65,513,cruise,19.94,20.048,32.169,27.048,5.121,-0.108,1.605,32.169,19.94,5.121,-0.108,0.779,0.0,1,0.0
3,25.7,514,cruise,19.911,20.084,32.178,27.084,5.093,-0.173,1.602,31.181,19.94,4.097,-0.144,0.642,0.0,0,0.05
3,25.75,515,cruise,19.864,20.125,32.181,27.125,5.056,-0.261,1.599,30.191,19.94,3.065,-0.185,0.503,0.0,0,0.1
3,25.8,516,cruise,19.824,20.176,32.178,27.176,5.002,-0.353,1.595,29.197,19.94,2.02,-0.236,0.362,0.0,0,0.15
3,25.85,517,cruise,19.806,20.194,32.172,27.194,4.978,-0.388,1.593,28.201,19.94,1.007,-0.253,0.226,0.0,0,0.2
3,25.9,518,cruise,19.822,20.189,32.164,27.189,4.976,-0.367,1.593,27.204,19.94,0.016,-0.249,0.094,0.0,0,0.25
3,25.95,519,cruise,19.859,20.119,32.159,27.119,5.039,-0.26,1.598,26.209,19.94,-0.91,-0.179,0.0,0.021,0,0.3
3,26.0,520,cruise,19.901,19.965,32.159,26.965,5.194,-0.064,1.611,32.159,19.901,5.194,-0.064,0.79,0.0,1,0.0
3,26.05,521,cruise,19.924,19.731,32.167,26.731,5.436,0.193,1.63,31.173,19.901,4.442,0.169,0.698,0.0,0,0.05
3,26.1,522,cruise,19.92,19.577,32.183,26.577,5.606,0.343,1.644,32.183,19.92,5.606,0.343,0.859,0.0,1,0.0
3,26.15,523,cruise,19.893,19.525,32.201,26.525,5.676,0.368,1.649,31.208,19.92,4.683,0.395,0.738,0.0,0,0.05
3,26.2,524,cruise,19.859,19.539,32.216,26.539,5.677,0.319,1.649,32.216,19.859,5.677,0.319,0.868,0.0,1,0.0
3,26.25,525,cruise,19.833,19.585,32.228,26.585,5.642,0.247,1.645,31.238,19.859,4.652,0.273,0.729,0.0,0,0.05
3,26.3,526,cruise,19.827,19.655,32.235,26.655,5.58,0.172,1.64,30.256,19.859,3.601,0.204,0.587,0.0,0,0.1
3,26.35,527,cruise,19.843,19.723,32.24,26.723,5.517,0.12,1.635,29.271,19.859,2.548,0.136,0.444,0.0,0,0.15
3,26.4,528,cruise,19.871,19.772,32.244,26.772,5.472,0.099,1.631,32.244,19.871,5.472,0.099,0.833,0.0,1,0.0
3,26.45,529,cruise,19.897,19.808,32.248,26.808,5.441,0.089,1.628,32.248,19.897,5.441,0.089,0.828,0.0,1,0.0
3,26.5,530,cruise,19.907,19.867,32.252,26.867,5.385,0.04,1.623,31.259,19.897,4.392,0.03,0.687,0.0,0,0.05
3,26.55,531,cruise,19.899,19.935,32.254,26.935,5.319,-0.036,1.618,32.254,19.899,5.319,-0.036,0.808,0.0,1,0.0
3,26.6,532,cruise,19.879,20.024,32.251,27.024,5.227,-0.145,1.611,31.258,19.899,4.234,-0.125,0.66,0.0,0,0.05
3,26.65,533,cruise,19.857,20.102,32.243,27.102,5.14,-0.245,1.604,30.257,19.899,3.155,-0.203,0.514,0.0,0,0.1
3,26.7,534,cruise,19.844,20.183,32.23,27.183,5.048,-0.338,1.597,32.23,19.844,5.048,-0.338,0.762,0.0,1,0.0
3,26.75,535,cruise,19.846,20.237,32.214,27.237,4.977,-0.391,1.592,32.214,19.846,4.977,-0.391,0.751,0.0,1,0.0
3,26.8,536,cruise,19.86,20.314,32.196,27.314,4.882,-0.454,1.585,32.196,19.86,4.882,-0.454,0.736,0.0,1,0.0
3,26.85,537,cruise,19.877,20.389,32.174,27.389,4.785,-0.511,1.578,31.181,19.86,3.792,-0.529,0.588,0.0,0,0.05
3,26.9,538,cruise,19.891,20.473,32.148,27.473,4.675,-0.583,1.57,32.148,19.891,4.675,-0.583,0.704,0.0,1,0.0
3,26.95,539,cruise,19.893,20.536,32.12,27.536,4.584,-0.643,1.564,31.125,19.891,3.589,-0.645,0.557,0.0,0,0.05
3,27.0,540,cruise,19.885,20.609,32.087,27.609,4.478,-0.724,1.557,30.098,19.891,2.49,-0.718,0.408,0.0,0,0.1
3,27.05,541,cruise,19.871,20.647,32.051,27.647,4.403,-0.776,1.552,32.051,19.871,4.403,-0.776,0.661,0.0,1,0.0
3,27.1,542,cruise,19.859,20.677,32.012,27.677,4.335,-0.818,1.548,32.012,19.859,4.335,-0.818,0.651,0.0,1,0.0
3,27.15,543,cruise,19.855,20.71,31.971,27.71,4.261,-0.855,1.544,30.978,19.859,3.269,-0.85,0.507,0.0,0,0.05
3,27.2,544,cruise,19.859,20.751,31.928,27.751,4.177,-0.892,1.539,31.928,19.859,4.177,-0.892,0.627,0.0,1,0.0
3,27.25,545,cruise,19.868,20.782,31.884,27.782,4.102,-0.914,1.534,31.884,19.868,4.102,-0.914,0.616,0.0,1,0.0
3,27.3,546,cruise,19.878,20.821,31.838,27.821,4.017,-0.943,1.529,30.844,19.868,3.023,-0.953,0.471,0.0,0,0.05
3,27.35,547,cruise,19.884,20.859,31.79,27.859,3.931,-0.975,1.524,29.803,19.868,1.944,-0.991,0.326,0.0,0,0.1
3,27.4,548,cruise,19.883,20.871,31.741,27.871,3.87,-0.988,1.521,28.76,19.868,0.888,-1.003,0.185,0.0,0,0.15
3,27.45,549,cruise,19.877,20.852,31.693,27.852,3.841,-0.975,1.52,27.717,19.868,-0.135,-0.983,0.049,0.0,0,0.2
3,27.5,550,cruise,19.868,20.791,31.646,27.791,3.855,-0.922,1.522,31.646,19.868,3.855,-0.922,0.583,0.0,1,0.0
3,27.55,551,cruise,19.863,20.705,31.602,27.705,3.897,-0.843,1.526,30.609,19.868,2.904,-0.837,0.459,0.0,0,0.05
3,27.6,552,cruise,19.862,20.633,31.562,27.633,3.929,-0.772,1.53,31.562,19.862,3.929,-0.772,0.598,0.0,1,0.0
3,27.65,553,cruise,19.866,20.591,31.526,27.591,3.935,-0.725,1.531,30.532,19.862,2.942,-0.729,0.468,0.0,0,0.05
3,27.7,554,cruise,19.872,20.57,31.49,27.57,3.92,-0.698,1.531,29.504,19.862,1.933,-0.709,0.334,0.0,0,0.1
3,27.75,555,cruise,19.877,20.548,31.456,27.548,3.908,-0.671,1.531,28.476,19.862,0.928,-0.687,0.201,0.0,0,0.15
3,27.8,556,cruise,19.879,20.507,31.424,27.507,3.917,-0.628,1.532,31.424,19.879,3.917,-0.628,0.601,0.0,1,0.0
3,27.85,557,cruise,19.877,20.453,31.394,27.453,3.942,-0.575,1.535,30.4,19.879,2.948,-0.573,0.474,0.0,0,0.05
3,27.9,558,cruise,19.873,20.414,31.367,27.414,3.953,-0.541,1.537,29.379,19.879,1.965,-0.534,0.344,0.0,0,0.1
3,27.95,559,cruise,19.868,20.381,31.34,27.381,3.96,-0.513,1.538,31.34,19.868,3.96,-0.513,0.611,0.0,1,0.0
3,28.0,560,cruise,19.866,20.349,31.316,27.349,3.966,-0.484,1.539,30.322,19.868,2.973,-0.481,0.48,0.0,0,0.05
3,28.05,561,cruise,19.866,20.336,31.292,27.336,3.956,-0.47,1.539,29.305,19.868,1.969,-0.468,0.347,0.0,0,0.1
3,28.1,562,cruise,19.869,20.32,31.269,27.32,3.949,-0.451,1.539,31.269,19.869,3.949,-0.451,0.611,0.0,1,0.0
3,28.15,563,cruise,19.873,20.3,31.247,27.3,3.947,-0.427,1.539,30.254,19.869,2.953,-0.431,0.479,0.0,0,0.05
3,28.2,564,cruise,19.876,20.295,31.226,27.295,3.932,-0.419,1.539,29.239,19.869,1.944,-0.425,0.345,0.0,0,0.1
3,28.25,565,cruise,19.876,20.283,31.205,27.283,3.922,-0.407,1.538,31.205,19.876,3.922,-0.407,0.609,0.0,1,0.0
3,28.3,566,cruise,19.874,20.266,31.186,27.266,3.919,-0.392,1.539,30.192,19.876,2.925,-0.391,0.477,0.0,0,0.05
3,28.35,567,cruise,19.871,20.262,31.166,27.262,3.904,-0.391,1.538,29.179,19.876,1.916,-0.386,0.343,0.0,0,0.1
3,28.4,568,cruise,19.869,20.252,31.147,27.252,3.895,-0.383,1.538,28.166,19.876,0.914,-0.376,0.209,0.0,0,0.15
3,28.45,569,cruise,19.868,20.22,31.128,27.22,3.909,-0.352,1.54,27.154,19.876,-0.066,-0.344,0.08,0.0,0,0.2
3,28.5,570,cruise,19.869,20.158,31.113,27.158,3.955,-0.289,1.543,31.113,19.869,3.955,-0.289,0.618,0.0,1,0.0
3,28.55,571,cruise,19.871,20.076,31.101,27.076,4.025,-0.205,1.549,31.101,19.871,4.025,-0.205,0.63,0.0,1,0.0
3,28.6,572,cruise,19.873,20.014,31.093,27.014,4.078,-0.141,1.554,30.099,19.871,3.085,-0.143,0.506,0.0,0,0.05
3,28.65,573,cruise,19.874,19.985,31.086,26.985,4.101,-0.111,1.555,29.099,19.871,2.114,-0.114,0.378,0.0,0,0.1
3,28.7,574,cruise,19.874,19.963,31.082,26.963,4.119,-0.089,1.557,28.101,19.871,1.138,-0.092,0.249,0.0,0,0.15
3,28.75,575,cruise,19.872,19.929,31.078,26.929,4.149,-0.056,1.559,27.103,19.871,0.175,-0.058,0.121,0.0,0,0.2
3,28.8,576,cruise,19.871,19.871,31.077,26.871,4.206,-0.0,1.564,26.108,19.871,-0.762,0.0,0.0,0.001,0,0.25
3,28.85,577,cruise,19.87,19.783,31.079,26.783,4.296,0.086,1.571,25.117,19.871,-1.666,0.088,0.0,0.09,0,0.3
3,28.9,578,cruise,19.869,19.656,31.087,26.656,4.431,0.214,1.582,24.132,19.871,-2.524,0.215,0.0,0.173,0,0.35
3,28.95,579,cruise,19.87,19.495,31.103,26.495,4.608,0.375,1.595,31.103,19.87,4.608,0.375,0.727,0.0,1,0.0
3,29.0,580,cruise,19.872,19.355,31.126,26.355,4.771,0.517,1.608,31.126,19.872,4.771,0.517,0.753,0.0,1,0.0
3,29.05,581,cruise,19.873,19.253,31.155,26.253,4.902,0.62,1.618,30.162,19.872,3.909,0.619,0.642,0.0,0,0.05
3,29.1,582,cruise,19.873,19.202,31.188,26.202,4.986,0.671,1.624,29.201,19.872,2.999,0.67,0.522,0.0,0,0.1
3,29.15,583,cruise,19.873,19.184,31.222,26.184,5.037,0.688,1.627,28.241,19.872,2.057,0.687,0.397,0.0,0,0.15
3,29.2,584,cruise,19.872,19.173,31.257,26.173,5.083,0.699,1.63,31.257,19.872,5.083,0.699,0.801,0.0,1,0.0
3,29.25,585,cruise,19.871,19.165,31.292,26.165,5.127,0.706,1.633,30.298,19.872,4.134,0.707,0.675,0.0,0,0.05
3,29.3,586,cruise,19.87,19.183,31.327,26.183,5.143,0.687,1.633,31.327,19.87,5.143,0.687,0.809,0.0,1,0.0
3,29.35,587,cruise,19.87,19.229,31.36,26.229,5.13,0.641,1.631,30.366,19.87,4.137,0.641,0.673,0.0,0,0.05
3,29.4,588,cruise,19.871,19.297,31.39,26.297,5.093,0.574,1.627,29.403,19.87,3.106,0.574,0.533,0.0,0,0.1
3,29.45,589,cruise,19.872,19.36,31.416,26.36,5.057,0.512,1.623,31.416,19.872,5.057,0.512,0.791,0.0,1,0.0
3,29.5,590,cruise,19.872,19.417,31.44,26.417,5.023,0.456,1.619,31.44,19.872,5.023,0.456,0.785,0.0,1,0.0
3,29.55,591,cruise,19.872,19.494,31.461,26.494,4.967,0.378,1.614,30.467,19.872,3.973,0.378,0.642,0.0,0,0.05
3,29.6,592,cruise,19.872,19.579,31.477,26.579,4.898,0.293,1.608,31.477,19.872,4.898,0.293,0.763,0.0,1,0.0
3,29.65,593,cruise,19.871,19.664,31.489,26.664,4.826,0.208,1.601,31.489,19.871,4.826,0.208,0.75,0.0,1,0.0
3,29.7,594,cruise,19.871,19.758,31.497,26.758,4.739,0.113,1.594,30.503,19.871,3.746,0.113,0.603,0.0,0,0.05
3,29.75,595,cruise,19.871,19.849,31.5,26.849,4.651,0.022,1.587,29.513,19.871,2.664,0.022,0.456,0.0,0,0.1
3,29.8,596,cruise,19.871,19.917,31.498,26.917,4.581,-0.046,1.581,28.518,19.871,1.601,-0.046,0.312,0.0,0,0.15
3,29.85,597,cruise,19.871,19.95,31.495,26.95,4.545,-0.079,1.579,27.521,19.871,0.571,-0.079,0.173,0.0,0,0.2
3,29.9,598,cruise,19.871,19.942,31.491,26.942,4.549,-0.071,1.579,26.524,19.871,-0.418,-0.071,0.042,0.0,0,0.25
3,29.95,599,cruise,19.872,19.891,31.489,26.891,4.598,-0.019,1.583,31.489,19.872,4.598,-0.019,0.712,0.0,1,0.0
3,30.0,600,cruise,19.872,19.812,31.491,26.812,4.679,0.06,1.59,30.497,19.872,3.685,0.06,0.593,0.0,0,0.05
3,30.05,601,cruise,19.872,19.748,31.496,26.748,4.748,0.124,1.595,31.496,19.872,4.748,0.124,0.737,0.0,1,0.0
3,30.1,602,cruise,19.872,19.726,31.503,26.726,4.777,0.146,1.597,30.509,19.872,3.783,0.146,0.609,0.0,0,0.05
3,30.15,603,cruise,19.871,19.739,31.51,26.739,4.771,0.133,1.596,29.523,19.872,2.784,0.133,0.476,0.0,0,0.1
3,30.2,604,cruise,19.871,19.758,31.516,26.758,4.758,0.114,1.595,28.535,19.872,1.777,0.114,0.341,0.0,0,0.15
3,30.25,605,cruise,19.871,19.762,31.521,26.762,4.759,0.109,1.595,27.547,19.872,0.785,0.11,0.208,0.0,0,0.2
3,30.3,606,cruise,19.871,19.74,31.527,26.74,4.787,0.131,1.597,26.559,19.872,-0.181,0.131,0.08,0.0,0,0.25
3,30.35,607,cruise,19.872,19.685,31.535,26.685,4.85,0.186,1.602,31.535,19.872,4.85,0.186,0.753,0.0,1,0.0
3,30.4,608,cruise,19.872,19.609,31.547,26.609,4.938,0.262,1.609,31.547,19.872,4.938,0.262,0.767,0.0,1,0.0
3,30.45,609,cruise,19.872,19.552,31.562,26.552,5.01,0.319,1.614,31.562,19.872,5.01,0.319,0.779,0.0,1,0.0
3,30.5,610,cruise,19.872,19.543,31.578,26.543,5.035,0.328,1.616,31.578,19.872,5.035,0.328,0.782,0.0,1,0.0
3,30.55,611,cruise,19.871,19.579,31.594,26.579,5.015,0.293,1.614,30.6,19.872,4.022,0.293,0.646,0.0,0,0.05
3,30.6,612,cruise,19.871,19.635,31.607,26.635,4.972,0.236,1.61,29.62,19.872,2.984,0.236,0.506,0.0,0,0.1
3,30.65,613,cruise,19.871,19.687,31.617,26.687,4.93,0.184,1.606,31.617,19.871,4.93,0.184,0.763,0.0,1,0.0
3,30.7,614,cruise,19.871,19.733,31.625,26.733,4.891,0.138,1.603,31.625,19.871,4.891,0.138,0.757,0.0,1,0.0
3,30.75,615,cruise,19.871,19.799,31.63,26.799,4.831,0.072,1.598,31.63,19.871,4.831,0.072,0.746,0.0,1,0.0
3,30.8,616,cruise,19.872,19.88,31.631,26.88,4.751,-0.008,1.591,31.631,19.872,4.751,-0.008,0.733,0.0,1,0.0
3,30.85,617,cruise,19.872,19.969,31.628,26.969,4.659,-0.098,1.584,31.628,19.872,4.659,-0.098,0.718,0.0,1,0.0
3,30.9,618,cruise,19.872,20.062,31.62,27.062,4.558,-0.19,1.576,31.62,19.872,4.558,-0.19,0.701,0.0,1,0.0
3,30.95,619,cruise,19.871,20.155,31.608,27.155,4.453,-0.283,1.568,31.608,19.871,4.453,-0.283,0.684,0.0,1,0.0
3,31.0,620,cruise,19.871,20.246,31.591,27.246,4.345,-0.374,1.56,30.597,19.871,3.352,-0.374,0.534,0.0,0,0.05
3,31.05,621,cruise,19.871,20.325,31.57,27.325,4.245,-0.453,1.553,31.57,19.871,4.245,-0.453,0.651,0.0,1,0.0
3,31.1,622,cruise,19.871,20.39,31.545,27.39,4.155,-0.519,1.547,30.551,19.871,3.161,-0.519,0.504,0.0,0,0.05
3,31.15,623,cruise,19.871,20.448,31.517,27.448,4.07,-0.576,1.541,31.517,19.871,4.07,-0.576,0.623,0.0,1,0.0
3,31.2,624,cruise,19.871,20.495,31.487,27.495,3.993,-0.623,1.536,31.487,19.871,3.993,-0.623,0.612,0.0,1,0.0
3,31.25,625,cruise,19.872,20.544,31.454,27.544,3.91,-0.672,1.531,30.461,19.871,2.917,-0.672,0.467,0.0,0,0.05
3,31.3,626,cruise,19.872,20.585,31.419,27.585,3.834,-0.714,1.526,31.419,19.872,3.834,-0.714,0.587,0.0,1,0.0
3,31.35,627,cruise,19.871,20.617,31.383,27.617,3.766,-0.745,1.522,30.389,19.872,2.773,-0.745,0.445,0.0,0,0.05
3,31.4,628,cruise,19.871,20.643,31.345,27.643,3.702,-0.772,1.518,29.358,19.872,1.715,-0.772,0.303,0.0,0,0.1
3,31.45,629,cruise,19.871,20.647,31.306,27.647,3.659,-0.776,1.516,31.306,19.871,3.659,-0.776,0.562,0.0,1,0.0
3,31.5,630,cruise,19.871,20.634,31.268,27.634,3.634,-0.762,1.515,30.274,19.871,2.64,-0.762,0.427,0.0,0,0.05
3,31.55,631,cruise,19.871,20.625,31.23,27.625,3.605,-0.754,1.514,31.23,19.871,3.605,-0.754,0.555,0.0,1,0.0
3,31.6,632,cruise,19.871,20.619,31.192,27.619,3.573,-0.747,1.513,30.199,19.871,2.58,-0.747,0.419,0.0,0,0.05
3,31.65,633,cruise,19.871,20.617,31.155,27.617,3.538,-0.745,1.511,31.155,19.871,3.538,-0.745,0.547,0.0,1,0.0
3,31.7,634,cruise,19.871,20.613,31.118,27.613,3.505,-0.742,1.51,30.124,19.871,2.511,-0.742,0.41,0.0,0,0.05
3,31.75,635,cruise,19.871,20.612,31.081,27.612,3.469,-0.74,1.508,29.094,19.871,1.482,-0.741,0.273,0.0,0,0.1
3,31.8,636,cruise,19.871,20.594,31.044,27.594,3.45,-0.722,1.507,28.064,19.871,0.47,-0.722,0.139,0.0,0,0.15
3,31.85,637,cruise,19.871,20.547,31.009,27.547,3.462,-0.676,1.509,27.035,19.871,-0.512,-0.676,0.009,0.0,0,0.2
3,31.9,638,cruise,19.871,20.467,30.978,27.467,3.511,-0.596,1.514,26.01,19.871,-1.457,-0.596,0.0,0.086,0,0.25
3,31.95,639,cruise,19.871,20.344,30.952,27.344,3.608,-0.472,1.521,30.952,19.871,3.608,-0.472,0.565,0.0,1,0.0
3,32.0,640,cruise,19.871,20.219,30.932,27.219,3.713,-0.347,1.53,29.938,19.871,2.72,-0.347,0.451,0.0,0,0.05
3,32.05,641,cruise,19.871,20.12,30.918,27.12,3.797,-0.249,1.537,30.918,19.871,3.797,-0.249,0.598,0.0,1,0.0
3,32.1,642,cruise,19.871,20.06,30.907,27.06,3.848,-0.188,1.541,30.907,19.871,3.848,-0.188,0.607,0.0,1,0.0
3,32.15,643,cruise,19.871,20.037,30.899,27.037,3.862,-0.165,1.542,30.899,19.871,3.862,-0.165,0.609,0.0,1,0.0
3,32.2,644,cruise,19.871,20.039,30.89,27.039,3.851,-0.168,1.541,30.89,19.871,3.851,-0.168,0.608,0.0,1,0.0
3,32.25,645,cruise,19.871,20.059,30.881,27.059,3.823,-0.187,1.54,29.888,19.871,2.829,-0.187,0.471,0.0,0,0.05
3,32.3,646,cruise,19.871,20.081,30.871,27.081,3.79,-0.21,1.537,28.884,19.871,1.803,-0.21,0.333,0.0,0,0.1
3,32.35,647,cruise,19.871,20.087,30.861,27.087,3.774,-0.215,1.536,27.88,19.871,0.793,-0.215,0.199,0.0,0,0.15
3,32.4,648,cruise,19.871,20.064,30.85,27.064,3.786,-0.193,1.538,26.876,19.871,-0.188,-0.193,0.068,0.0,0,0.2
3,32.45,649,cruise,19.871,20.007,30.842,27.007,3.836,-0.135,1.542,25.874,19.871,-1.132,-0.135,0.0,0.042,0,0.25
3,32.5,650,cruise,19.871,19.908,30.838,26.908,3.93,-0.037,1.549,24.877,19.871,-2.031,-0.037,0.0,0.129,0,0.3
3,32.55,651,cruise,19.871,19.77,30.841,26.77,4.071,0.102,1.56,23.886,19.871,-2.884,0.102,0.0,0.212,0,0.35
3,32.6,652,cruise,19.872,19.598,30.851,26.598,4.253,0.274,1.574,30.851,19.872,4.253,0.274,0.676,0.0,1,0.0
3,32.65,653,cruise,19.872,19.452,30.869,26.452,4.417,0.42,1.587,30.869,19.872,4.417,0.42,0.703,0.0,1,0.0
3,32.7,654,cruise,19.872,19.349,30.893,26.349,4.545,0.523,1.597,30.893,19.872,4.545,0.523,0.723,0.0,1,0.0
3,32.75,655,cruise,19.871,19.3,30.921,26.3,4.621,0.571,1.602,30.921,19.871,4.621,0.571,0.735,0.0,1,0.0
3,32.8,656,cruise,19.871,19.302,30.95,26.302,4.648,0.569,1.603,30.95,19.871,4.648,0.569,0.739,0.0,1,0.0
3,32.85,657,cruise,19.871,19.339,30.977,26.339,4.638,0.532,1.602,29.984,19.871,3.645,0.532,0.604,0.0,0,0.05
3,32.9,658,cruise,19.871,19.391,31.002,26.391,4.611,0.48,1.599,31.002,19.871,4.611,0.48,0.731,0.0,1,0.0
3,32.95,659,cruise,19.872,19.449,31.025,26.449,4.576,0.423,1.595,30.031,19.871,3.582,0.423,0.592,0.0,0,0.05
3,33.0,660,cruise,19.872,19.513,31.044,26.513,4.53,0.358,1.591,29.057,19.871,2.543,0.358,0.451,0.0,0,0.1
3,33.05,661,cruise,19.872,19.563,31.06,26.563,4.497,0.309,1.588,31.06,19.872,4.497,0.309,0.71,0.0,1,0.0
3,33.1,662,cruise,19.872,19.601,31.074,26.601,4.474,0.271,1.585,31.074,19.872,4.474,0.271,0.706,0.0,1,0.0
3,33.15,663,cruise,19.871,19.653,31.086,26.653,4.433,0.218,1.582,30.093,19.872,3.439,0.218,0.566,0.0,0,0.05
3,33.2,664,cruise,19.871,19.711,31.095,26.711,4.384,0.16,1.578,29.108,19.872,2.397,0.16,0.425,0.0,0,0.1
3,33.25,665,cruise,19.871,19.753,31.102,26.753,4.349,0.118,1.575,31.102,19.871,4.349,0.118,0.684,0.0,1,0.0
3,33.3,666,cruise,19.871,19.781,31.107,26.781,4.326,0.09,1.573,31.107,19.871,4.326,0.09,0.68,0.0,1,0.0
3,33.35,667,cruise,19.871,19.825,31.11,26.825,4.285,0.047,1.569,31.11,19.871,4.285,0.047,0.673,0.0,1,0.0
3,33.4,668,cruise,19.872,19.88,31.111,26.88,4.231,-0.009,1.565,31.111,19.872,4.231,-0.009,0.664,0.0,1,0.0
3,33.45,669,cruise,19.872,19.943,31.109,26.943,4.166,-0.071,1.56,30.115,19.872,3.172,-0.071,0.521,0.0,0,0.05
3,33.5,670,cruise,19.872,20.001,31.103,27.001,4.103,-0.129,1.555,29.116,19.872,2.115,-0.129,0.378,0.0,0,0.1
3,33.55,671,cruise,19.872,20.036,31.096,27.036,4.06,-0.165,1.552,31.096,19.872,4.06,-0.165,0.636,0.0,1,0.0
3,33.6,672,cruise,19.871,20.054,31.087,27.054,4.033,-0.182,1.55,31.087,19.871,4.033,-0.182,0.632,0.0,1,0.0
3,33.65,673,cruise,19.871,20.083,31.077,27.083,3.994,-0.212,1.547,30.083,19.871,3.0,-0.212,0.493,0.0,0,0.05
3,33.7,674,cruise,19.871,20.116,31.065,27.116,3.95,-0.244,1.544,31.065,19.871,3.95,-0.244,0.619,0.0,1,0.0
3,33.75,675,cruise,19.871,20.145,31.052,27.145,3.907,-0.274,1.541,30.059,19.871,2.914,-0.274,0.479,0.0,0,0.05
3,33.8,676,cruise,19.871,20.175,31.038,27.175,3.863,-0.303,1.538,31.038,19.871,3.863,-0.303,0.605,0.0,1,0.0
3,33.85,677,cruise,19.872,20.201,31.022,27.201,3.821,-0.329,1.536,30.028,19.871,2.827,-0.329,0.466,0.0,0,0.05
3,33.9,678,cruise,19.872,20.227,31.005,27.227,3.778,-0.355,1.533,31.005,19.872,3.778,-0.355,0.592,0.0,1,0.0
3,33.95,679,cruise,19.872,20.248,30.986,27.248,3.738,-0.377,1.53,29.993,19.872,2.744,-0.377,0.453,0.0,0,0.05
3,34.0,680,cruise,19.871,20.269,30.967,27.269,3.697,-0.398,1.528,30.967,19.871,3.697,-0.398,0.58,0.0,1,0.0
3,34.05,681,cruise,19.871,20.286,30.946,27.286,3.66,-0.415,1.526,30.946,19.871,3.66,-0.415,0.574,0.0,1,0.0
3,34.1,682,cruise,19.87,20.31,30.925,27.31,3.615,-0.439,1.523,30.925,19.87,3.615,-0.439,0.567,0.0,1,0.0
3,34.15,683,cruise,19.87,20.338,30.902,27.338,3.565,-0.467,1.519,29.909,19.87,2.571,-0.467,0.427,0.0,0,0.05
3,34.2,684,cruise,19.871,20.36,30.879,27.36,3.519,-0.489,1.517,30.879,19.871,3.519,-0.489,0.553,0.0,1,0.0
3,34.25,685,cruise,19.871,20.374,30.854,27.374,3.48,-0.503,1.514,29.86,19.871,2.486,-0.503,0.415,0.0,0,0.05
3,34.3,686,cruise,19.871,20.384,30.828,27.384,3.444,-0.513,1.512,28.841,19.871,1.457,-0.514,0.277,0.0,0,0.1
3,34.35,687,cruise,19.872,20.375,30.803,27.375,3.428,-0.503,1.512,30.803,19.872,3.428,-0.503,0.54,0.0,1,0.0
3,34.4,688,cruise,19.871,20.35,30.778,27.35,3.429,-0.478,1.512,29.785,19.872,2.435,-0.478,0.409,0.0,0,0.05
3,34.45,689,cruise,19.871,20.331,30.755,27.331,3.424,-0.46,1.513,30.755,19.871,3.424,-0.46,0.541,0.0,1,0.0
3,34.5,690,cruise,19.871,20.317,30.733,27.317,3.416,-0.446,1.513,29.739,19.871,2.422,-0.446,0.408,0.0,0,0.05
3,34.55,691,cruise,19.87,20.308,30.711,27.308,3.403,-0.437,1.512,30.711,19.87,3.403,-0.437,0.539,0.0,1,0.0
3,34.6,692,cruise,19.871,20.299,30.689,27.299,3.39,-0.428,1.512,29.695,19.87,2.396,-0.429,0.405,0.0,0,0.05
3,34.65,693,cruise,19.871,20.294,30.668,27.294,3.374,-0.423,1.511,28.681,19.87,1.387,-0.423,0.271,0.0,0,0.1
3,34.7,694,cruise,19.871,20.273,30.647,27.273,3.374,-0.402,1.512,30.647,19.871,3.374,-0.402,0.537,0.0,1,0.0
3,34.75,695,cruise,19.871,20.24,30.628,27.24,3.388,-0.369,1.513,29.634,19.871,2.394,-0.369,0.407,0.0,0,0.05
3,34.8,696,cruise,19.871,20.217,30.61,27.217,3.394,-0.345,1.514,30.61,19.871,3.394,-0.345,0.541,0.0,1,0.0
3,34.85,697,cruise,19.871,20.198,30.594,27.198,3.395,-0.327,1.515,29.6,19.871,2.402,-0.327,0.409,0.0,0,0.05
3,34.9,698,cruise,19.871,20.187,30.578,27.187,3.39,-0.316,1.515,30.578,19.871,3.39,-0.316,0.541,0.0,1,0.0
3,34.95,699,cruise,19.847,20.178,30.561,27.178,3.384,-0.331,1.515,30.561,19.847,3.384,-0.331,0.54,0.0,1,0.0
3,35.0,700,cruise,19.785,20.18,30.543,27.18,3.363,-0.395,1.514,30.543,19.785,3.363,-0.395,0.535,0.0,1,0.0
3,35.05,701,cruise,19.727,20.189,30.519,27.189,3.33,-0.462,1.512,30.519,19.727,3.33,-0.462,0.529,0.0,1,0.0
3,35.1,702,cruise,19.756,20.203,30.495,27.203,3.292,-0.447,1.509,29.51,19.727,2.307,-0.475,0.392,0.0,0,0.05
3,35.15,703,cruise,19.825,20.21,30.472,27.21,3.262,-0.385,1.508,28.499,19.727,1.289,-0.483,0.256,0.0,0,0.1
3,35.2,704,cruise,19.9,20.196,30.453,27.196,3.257,-0.296,1.508,30.453,19.9,3.257,-0.296,0.524,0.0,1,0.0
3,35.25,705,cruise,19.954,20.166,30.437,27.166,3.271,-0.212,1.509,30.437,19.954,3.271,-0.212,0.529,0.0,1,0.0
3,35.3,706,cruise,19.962,20.15,30.422,27.15,3.273,-0.187,1.51,30.422,19.962,3.273,-0.187,0.53,0.0,1,0.0
3,35.35,707,cruise,19.924,20.146,30.407,27.146,3.261,-0.222,1.509,29.415,19.962,2.269,-0.184,0.396,0.0,0,0.05
3,35.4,708,cruise,19.863,20.143,30.387,27.143,3.244,-0.28,1.509,30.387,19.863,3.244,-0.28,0.523,0.0,1,0.0
3,35.45,709,cruise,19.806,20.137,30.365,27.137,3.228,-0.331,1.508,29.381,19.863,2.244,-0.274,0.39,0.0,0,0.05
3,35.5,710,cruise,19.777,20.132,30.34,27.132,3.209,-0.354,1.507,28.374,19.863,1.243,-0.268,0.257,0.0,0,0.1
3,35.55,711,cruise,19.789,20.109,30.317,27.109,3.208,-0.319,1.508,30.317,19.789,3.208,-0.319,0.517,0.0,1,0.0
3,35.6,712,cruise,19.815,20.073,30.297,27.073,3.224,-0.258,1.509,30.297,19.815,3.224,-0.258,0.521,0.0,1,0.0
3,35.65,713,cruise,19.875,20.052,30.282,27.052,3.229,-0.177,1.51,30.282,19.875,3.229,-0.177,0.525,0.0,1,0.0
3,35.7,714,cruise,19.903,20.045,30.271,27.045,3.226,-0.142,1.51,30.271,19.903,3.226,-0.142,0.525,0.0,1,0.0
3,35.75,715,cruise,19.928,20.047,30.263,27.047,3.217,-0.118,1.51,30.263,19.928,3.217,-0.118,0.525,0.0,1,0.0
3,35.8,716,cruise,19.91,20.054,30.256,27.054,3.202,-0.144,1.509,30.256,19.91,3.202,-0.144,0.522,0.0,1,0.0
3,35.85,717,cruise,19.88,20.065,30.248,27.065,3.183,-0.185,1.508,30.248,19.88,3.183,-0.185,0.518,0.0,1,0.0
3,35.9,718,cruise,19.835,20.078,30.239,27.078,3.161,-0.243,1.506,30.239,19.835,3.161,-0.243,0.513,0.0,1,0.0
3,35.95,719,cruise,19.815,20.091,30.228,27.091,3.137,-0.276,1.505,30.228,19.815,3.137,-0.276,0.509,0.0,1,0.0
3,36.0,720,cruise,19.807,20.104,30.216,27.104,3.112,-0.297,1.503,30.216,19.807,3.112,-0.297,0.505,0.0,1,0.0
3,36.05,721,cruise,19.839,20.116,30.205,27.116,3.089,-0.277,1.502,30.205,19.839,3.089,-0.277,0.503,0.0,1,0.0
3,36.1,722,cruise,19.871,20.127,30.196,27.127,3.069,-0.256,1.5,29.203,19.839,2.076,-0.288,0.367,0.0,0,0.05
3,36.15,723,cruise,19.907,20.13,30.188,27.13,3.058,-0.223,1.5,28.2,19.839,1.071,-0.291,0.233,0.0,0,0.1
3,36.2,724,cruise,19.913,20.109,30.182,27.109,3.073,-0.196,1.501,27.199,19.839,0.09,-0.27,0.103,0.0,0,0.15
3,36.25,725,cruise,19.901,20.057,30.177,27.057,3.12,-0.156,1.505,26.2,19.839,-0.857,-0.218,0.0,0.016,0,0.2
3,36.3,726,cruise,19.868,19.968,30.176,26.968,3.207,-0.1,1.511,25.205,19.839,-1.764,-0.129,0.0,0.105,0,0.25
3,36.35,727,cruise,19.84,19.837,30.178,26.837,3.341,0.003,1.521,30.178,19.84,3.341,0.003,0.546,0.0,1,0.0
3,36.4,728,cruise,19.823,19.711,30.186,26.711,3.475,0.112,1.531,29.195,19.84,2.485,0.129,0.436,0.0,0,0.05
3,36.45,729,cruise,19.831,19.612,30.199,26.612,3.586,0.219,1.54,30.199,19.831,3.586,0.219,0.585,0.0,1,0.0
3,36.5,730,cruise,19.853,19.528,30.215,26.528,3.687,0.325,1.547,30.215,19.853,3.687,0.325,0.603,0.0,1,0.0
3,36.55,731,cruise,19.881,19.437,30.236,26.437,3.799,0.444,1.556,29.245,19.853,2.808,0.416,0.488,0.0,0,0.05
3,36.6,732,cruise,19.897,19.344,30.261,26.344,3.917,0.553,1.564,30.261,19.897,3.917,0.553,0.641,0.0,1,0.0
3,36.65,733,cruise,19.897,19.326,30.287,26.326,3.96,0.571,1.567,29.295,19.897,2.968,0.571,0.515,0.0,0,0.05
3,36.7,734,cruise,19.88,19.345,30.311,26.345,3.966,0.535,1.567,30.311,19.88,3.966,0.535,0.647,0.0,1,0.0
3,36.75,735,cruise,19.859,19.366,30.334,26.366,3.968,0.493,1.566,30.334,19.859,3.968,0.493,0.645,0.0,1,0.0
3,36.8,736,cruise,19.842,19.398,30.354,26.398,3.956,0.444,1.565,30.354,19.842,3.956,0.444,0.642,0.0,1,0.0
3,36.85,737,cruise,19.839,19.437,30.373,26.437,3.935,0.401,1.563,30.373,19.839,3.935,0.401,0.638,0.0,1,0.0
3,36.9,738,cruise,19.848,19.483,30.389,26.483,3.907,0.365,1.56,29.4,19.839,2.917,0.356,0.501,0.0,0,0.05
3,36.95,739,cruise,19.865,19.525,30.406,26.525,3.88,0.34,1.557,28.426,19.839,1.9,0.314,0.364,0.0,0,0.1
3,37.0,740,cruise,19.88,19.547,30.423,26.547,3.875,0.333,1.556,27.451,19.839,0.903,0.292,0.23,0.0,0,0.15
3,37.05,741,cruise,19.886,19.538,30.441,26.538,3.903,0.348,1.558,30.441,19.886,3.903,0.348,0.632,0.0,1,0.0
3,37.1,742,cruise,19.881,19.507,30.462,26.507,3.954,0.374,1.562,29.469,19.886,2.962,0.379,0.508,0.0,0,0.05
3,37.15,743,cruise,19.869,19.47,30.484,26.47,4.014,0.398,1.566,28.499,19.886,2.029,0.416,0.384,0.0,0,0.1
3,37.2,744,cruise,19.856,19.453,30.508,26.453,4.055,0.403,1.568,27.531,19.886,1.077,0.433,0.258,0.0,0,0.15
3,37.25,745,cruise,19.849,19.398,30.533,26.398,4.135,0.451,1.574,26.563,19.886,0.166,0.488,0.138,0.0,0,0.2
3,37.3,746,cruise,19.85,19.342,30.56,26.342,4.218,0.509,1.58,25.599,19.886,-0.743,0.544,0.019,0.0,0,0.25
3,37.35,747,cruise,19.859,19.246,30.592,26.246,4.346,0.613,1.59,30.592,19.859,4.346,0.613,0.7,0.0,1,0.0
3,37.4,748,cruise,19.869,19.142,30.629,26.142,4.486,0.727,1.6,29.636,19.859,3.494,0.716,0.59,0.0,0,0.05
3,37.45,749,cruise,19.876,19.048,30.671,26.048,4.624,0.829,1.61,28.686,19.859,2.638,0.811,0.479,0.0,0,0.1
3,37.5,750,cruise,19.877,18.998,30.717,25.998,4.719,0.879,1.617,27.738,19.859,1.739,0.86,0.361,0.0,0,0.15
3,37.55,751,cruise,19.872,18.946,30.765,25.946,4.819,0.926,1.624,26.792,19.859,0.846,0.913,0.243,0.0,0,0.2
3,37.6,752,cruise,19.864,18.899,30.814,25.899,4.915,0.965,1.63,30.814,19.864,4.915,0.965,0.787,0.0,1,0.0
3,37.65,753,cruise,19.857,18.837,30.865,25.837,5.028,1.02,1.639,30.865,19.857,5.028,1.02,0.804,0.0,1,0.0
3,37.7,754,cruise,19.855,18.816,30.918,25.816,5.102,1.039,1.643,29.926,19.857,4.11,1.041,0.683,0.0,0,0.05
3,37.75,755,cruise,19.858,18.827,30.971,25.827,5.144,1.031,1.645,30.971,19.858,5.144,1.031,0.82,0.0,1,0.0
3,37.8,756,cruise,19.864,18.872,31.022,25.872,5.15,0.991,1.644,30.029,19.858,4.157,0.985,0.687,0.0,0,0.05
3,37.85,757,cruise,19.87,18.932,31.071,25.932,5.138,0.938,1.641,31.071,19.87,5.138,0.938,0.816,0.0,1,0.0
3,37.9,758,cruise,19.872,19.008,31.115,26.008,5.107,0.864,1.637,31.115,19.872,5.107,0.864,0.81,0.0,1,0.0
3,37.95,759,cruise,19.871,19.102,31.155,26.102,5.053,0.769,1.631,31.155,19.871,5.053,0.769,0.799,0.0,1,0.0
3,38.0,760,cruise,19.864,19.201,31.191,26.201,4.989,0.662,1.624,31.191,19.864,4.989,0.662,0.787,0.0,1,0.0
3,38.05,761,cruise,19.86,19.313,31.221,26.313,4.908,0.547,1.617,30.228,19.864,3.915,0.551,0.64,0.0,0,0.05
3,38.1,762,cruise,19.851,19.416,31.245,26.416,4.829,0.435,1.609,29.259,19.864,2.843,0.448,0.494,0.0,0,0.1
3,38.15,763,cruise,19.843,19.496,31.263,26.496,4.768,0.348,1.604,28.286,19.864,1.79,0.368,0.351,0.0,0,0.15
3,38.2,764,cruise,19.853,19.54,31.279,26.54,4.739,0.313,1.601,27.31,19.864,0.77,0.324,0.213,0.0,0,0.2
3,38.25,765,cruise,19.856,19.54,31.294,26.54,4.754,0.315,1.602,31.294,19.856,4.754,0.315,0.744,0.0,1,0.0
3,38.3,766,cruise,19.871,19.513,31.311,26.513,4.798,0.358,1.605,30.318,19.856,3.805,0.343,0.619,0.0,0,0.05
3,38.35,767,cruise,19.86,19.498,31.328,26.498,4.829,0.361,1.607,29.343,19.856,2.844,0.358,0.491,0.0,0,0.1
3,38.4,768,cruise,19.866,19.497,31.345,26.497,4.848,0.369,1.608,28.368,19.856,1.871,0.359,0.361,0.0,0,0.15
3,38.45,769,cruise,19.845,19.489,31.361,26.489,4.872,0.355,1.609,31.361,19.845,4.872,0.355,0.761,0.0,1,0.0
3,38.5,770,cruise,19.851,19.475,31.378,26.475,4.903,0.377,1.611,30.388,19.845,3.913,0.37,0.634,0.0,0,0.05
3,38.55,771,cruise,19.836,19.481,31.394,26.481,4.913,0.354,1.611,31.394,19.836,4.913,0.354,0.767,0.0,1,0.0
3,38.6,772,cruise,19.853,19.51,31.409,26.51,4.899,0.342,1.61,30.42,19.836,3.909,0.325,0.632,0.0,0,0.05
3,38.65,773,cruise,19.847,19.558,31.421,26.558,4.863,0.29,1.607,31.421,19.847,4.863,0.29,0.758,0.0,1,0.0
3,38.7,774,cruise,19.821,19.613,31.427,26.613,4.814,0.208,1.602,30.441,19.847,3.828,0.234,0.618,0.0,0,0.05
3,38.75,775,cruise,19.845,19.677,31.43,26.677,4.753,0.168,1.597,31.43,19.845,4.753,0.168,0.739,0.0,1,0.0
3,38.8,776,cruise,19.856,19.741,31.429,26.741,4.688,0.115,1.592,31.429,19.856,4.688,0.115,0.729,0.0,1,0.0
3,38.85,777,cruise,19.882,19.815,31.425,26.815,4.61,0.067,1.586,30.44,19.856,3.625,0.04,0.585,0.0,0,0.05
3,38.9,778,cruise,19.869,19.887,31.417,26.887,4.53,-0.018,1.58,29.448,19.856,2.561,-0.032,0.44,0.0,0,0.1
3,38.95,779,cruise,19.873,19.937,31.404,26.937,4.467,-0.064,1.575,28.453,19.856,1.516,-0.082,0.299,0.0,0,0.15
3,39.0,780,cruise,19.842,19.954,31.389,26.954,4.435,-0.112,1.573,31.389,19.842,4.435,-0.112,0.688,0.0,1,0.0
3,39.05,781,cruise,19.841,19.946,31.371,26.946,4.426,-0.104,1.573,30.393,19.842,3.447,-0.104,0.556,0.0,0,0.05
3,39.1,782,cruise,19.821,19.947,31.353,26.947,4.406,-0.126,1.572,31.353,19.821,4.406,-0.126,0.683,0.0,1,0.0
3,39.15,783,cruise,19.768,19.961,31.33,26.961,4.369,-0.193,1.57,30.358,19.821,3.397,-0.14,0.548,0.0,0,0.05
3,39.2,784,cruise,19.795,19.987,31.304,26.987,4.316,-0.192,1.566,31.304,19.795,4.316,-0.192,0.669,0.0,1,0.0
3,39.25,785,cruise,19.827,20.017,31.276,27.017,4.259,-0.19,1.562,30.308,19.795,3.291,-0.222,0.531,0.0,0,0.05
3,39.3,786,cruise,19.892,20.051,31.25,27.051,4.198,-0.159,1.558,29.311,19.795,2.259,-0.256,0.393,0.0,0,0.1
3,39.35,787,cruise,19.912,20.07,31.224,27.07,4.154,-0.158,1.556,31.224,19.912,4.154,-0.158,0.649,0.0,1,0.0
3,39.4,788,cruise,19.924,20.075,31.198,27.075,4.123,-0.152,1.554,30.228,19.912,3.152,-0.164,0.515,0.0,0,0.05
3,39.45,789,cruise,19.874,20.088,31.171,27.088,4.083,-0.214,1.552,31.171,19.874,4.083,-0.214,0.637,0.0,1,0.0
3,39.5,790,cruise,19.776,20.105,31.138,27.105,4.033,-0.329,1.549,30.177,19.874,3.072,-0.23,0.502,0.0,0,0.05
3,39.55,791,cruise,19.748,20.122,31.1,27.122,3.977,-0.374,1.546,29.182,19.874,2.06,-0.248,0.366,0.0,0,0.1
3,39.6,792,cruise,19.733,20.128,31.061,27.128,3.933,-0.396,1.543,28.188,19.874,1.059,-0.254,0.233,0.0,0,0.15
3,39.65,793,cruise,19.776,20.1,31.025,27.1,3.925,-0.324,1.544,31.025,19.776,3.925,-0.324,0.613,0.0,1,0.0
3,39.7,794,cruise,19.798,20.059,30.994,27.059,3.935,-0.261,1.545,30.04,19.776,2.981,-0.283,0.488,0.0,0,0.05
3,39.75,795,cruise,19.871,20.018,30.968,27.018,3.95,-0.147,1.547,30.968,19.871,3.95,-0.147,0.622,0.0,1,0.0
3,39.8,796,decelerate,19.904,20.003,30.948,27.003,3.945,-0.1,1.547,29.99,19.871,2.987,-0.132,0.494,0.0,0,0.05
3,39.85,797,decelerate,19.938,19.986,30.931,26.986,3.945,-0.047,1.548,29.012,19.871,2.026,-0.115,0.366,0.0,0,0.1
3,39.9,798,decelerate,19.869,19.977,30.916,26.977,3.939,-0.108,1.548,30.916,19.869,3.939,-0.108,0.622,0.0,1,0.0
3,39.95,799,decelerate,19.671,19.941,30.895,26.941,3.954,-0.27,1.549,29.946,19.869,3.005,-0.072,0.498,0.0,0,0.05
3,40.0,800,decelerate,19.488,19.908,30.864,26.908,3.957,-0.419,1.55,30.864,19.488,3.957,-0.419,0.614,0.0,1,0.0
3,40.05,801,decelerate,19.261,19.911,30.826,26.911,3.914,-0.65,1.548,29.898,19.488,2.987,-0.423,0.484,0.0,0,0.05
3,40.1,802,decelerate,19.052,19.904,30.778,26.904,3.874,-0.852,1.546,28.931,19.488,2.027,-0.415,0.356,0.0,0,0.1
3,40.15,803,decelerate,18.83,19.898,30.724,26.898,3.827,-1.068,1.544,30.724,18.83,3.827,-1.068,0.575,0.0,1,0.0
3,40.2,804,decelerate,18.615,19.863,30.665,26.863,3.801,-1.248,1.544,29.764,18.83,2.901,-1.033,0.452,0.0,0,0.05
3,40.25,805,decelerate,18.427,19.855,30.598,26.855,3.743,-1.428,1.541,30.598,18.427,3.743,-1.428,0.552,0.0,1,0.0
3,40.3,806,decelerate,18.22,19.82,30.524,26.82,3.704,-1.6,1.54,30.524,18.22,3.704,-1.6,0.541,0.0,1,0.0
3,40.35,807,decelerate,18.06,19.82,30.443,26.82,3.623,-1.76,1.536,29.571,18.22,2.751,-1.6,0.413,0.0,0,0.05
3,40.4,808,decelerate,17.876,19.785,30.355,26.785,3.57,-1.909,1.534,28.616,18.22,1.831,-1.566,0.292,0.0,0,0.1
3,40.45,809,decelerate,17.73,19.71,30.26,26.71,3.55,-1.98,1.535,30.26,17.73,3.55,-1.98,0.507,0.0,1,0.0
3,40.5,810,decelerate,17.551,19.666,30.159,26.666,3.493,-2.115,1.534,29.312,17.73,2.646,-1.936,0.388,0.0,0,0.05
3,40.55,811,decelerate,17.401,19.614,30.052,26.614,3.438,-2.213,1.532,30.052,17.401,3.438,-2.213,0.485,0.0,1,0.0
3,40.6,812,decelerate,17.209,19.586,29.938,26.586,3.352,-2.377,1.529,29.109,17.401,2.523,-2.185,0.364,0.0,0,0.05
3,40.65,813,decelerate,17.052,19.525,29.818,26.525,3.293,-2.473,1.527,28.165,17.401,1.641,-2.124,0.248,0.0,0,0.1
3,40.7,814,decelerate,16.885,19.481,29.696,26.481,3.215,-2.596,1.524,29.696,16.885,3.215,-2.596,0.442,0.0,1,0.0
3,40.75,815,decelerate,16.701,19.399,29.569,26.399,3.171,-2.698,1.524,28.761,16.885,2.362,-2.513,0.331,0.0,0,0.05
3,40.8,816,decelerate,16.532,19.348,29.438,26.348,3.089,-2.817,1.521,27.827,16.885,1.479,-2.463,0.215,0.0,0,0.1
3,40.85,817,decelerate,16.331,19.257,29.3,26.257,3.043,-2.926,1.522,29.3,16.331,3.043,-2.926,0.408,0.0,1,0.0
3,40.9,818,decelerate,16.178,19.19,29.159,26.19,2.969,-3.012,1.52,29.159,16.178,2.969,-3.012,0.396,0.0,1,0.0
3,40.95,819,decelerate,16.021,19.104,29.017,26.104,2.913,-3.083,1.519,29.017,16.021,2.913,-3.083,0.386,0.0,1,0.0
3,41.0,820,decelerate,15.826,19.051,28.871,26.051,2.819,-3.225,1.515,28.871,15.826,2.819,-3.225,0.368,0.0,1,0.0
3,41.05,821,decelerate,15.665,18.969,28.719,25.969,2.749,-3.305,1.514,27.958,15.826,1.988,-3.143,0.26,0.0,0,0.05
3,41.1,822,decelerate,15.5,18.912,28.564,25.912,2.653,-3.411,1.51,28.564,15.5,2.653,-3.411,0.34,0.0,1,0.0
3,41.15,823,decelerate,15.306,18.82,28.406,25.82,2.586,-3.513,1.509,28.406,15.306,2.586,-3.513,0.328,0.0,1,0.0
3,41.2,824,decelerate,15.144,18.758,28.242,25.758,2.484,-3.613,1.506,27.503,15.306,1.745,-3.451,0.218,0.0,0,0.05
3,41.25,825,decelerate,14.953,18.661,28.073,25.661,2.412,-3.708,1.504,26.602,15.306,0.941,-3.355,0.114,0.0,0,0.1
3,41.3,826,decelerate,14.798,18.575,27.9,25.575,2.325,-3.777,1.502,25.703,15.306,0.128,-3.268,0.008,0.0,0,0.15
3,41.35,827,decelerate,14.713,18.439,27.727,25.439,2.288,-3.726,1.504,24.808,15.306,-0.631,-3.133,0.0,0.067,0,0.2
3,41.4,828,decelerate,14.594,18.299,27.557,25.299,2.258,-3.705,1.506,23.917,15.306,-1.382,-2.993,0.0,0.138,0,0.25
3,41.45,829,decelerate,14.364,18.103,27.388,25.103,2.284,-3.74,1.513,23.033,15.306,-2.07,-2.797,0.0,0.202,0,0.3
3,41.5,830,decelerate,14.0,17.916,27.211,24.916,2.295,-3.916,1.519,22.156,15.306,-2.759,-2.61,0.0,0.267,0,0.35
3,41.55,831,decelerate,13.711,17.68,27.028,24.68,2.348,-3.969,1.529,21.288,15.306,-3.392,-2.374,0.0,0.325,0,0.4
3,41.6,832,decelerate,13.514,17.457,26.844,24.457,2.387,-3.943,1.538,26.844,13.514,2.387,-3.943,0.285,0.0,1,0.0
3,41.65,833,decelerate,13.395,17.255,26.662,24.255,2.408,-3.86,1.545,26.662,13.395,2.408,-3.86,0.291,0.0,1,0.0
3,41.7,834,decelerate,13.313,17.13,26.483,24.13,2.353,-3.817,1.546,26.483,13.313,2.353,-3.817,0.286,0.0,1,0.0
3,41.75,835,decelerate,13.261,17.032,26.307,24.032,2.274,-3.772,1.545,26.307,13.261,2.274,-3.772,0.277,0.0,1,0.0
3,41.8,836,decelerate,13.144,16.927,26.132,23.927,2.205,-3.783,1.544,26.132,13.144,2.205,-3.783,0.268,0.0,1,0.0
3,41.85,837,decelerate,12.944,16.842,25.952,23.842,2.11,-3.898,1.541,25.312,13.144,1.469,-3.698,0.173,0.0,0,0.05
3,41.9,838,decelerate,12.739,16.723,25.766,23.723,2.043,-3.984,1.541,25.766,12.739,2.043,-3.984,0.24,0.0,1,0.0
3,41.95,839,decelerate,12.528,16.638,25.575,23.638,1.938,-4.109,1.537,24.953,12.739,1.316,-3.899,0.145,0.0,0,0.05
3,42.0,840,decelerate,12.322,16.522,25.378,23.522,1.857,-4.199,1.536,25.378,12.322,1.857,-4.199,0.208,0.0,1,0.0
3,42.05,841,decelerate,12.126,16.432,25.176,23.432,1.744,-4.306,1.532,24.573,12.322,1.14,-4.11,0.115,0.0,0,0.05
3,42.1,842,decelerate,11.964,16.305,24.968,23.305,1.663,-4.341,1.531,23.77,12.322,0.465,-3.983,0.029,0.0,0,0.1
3,42.15,843,decelerate,11.792,16.201,24.757,23.201,1.556,-4.409,1.528,24.757,11.792,1.556,-4.409,0.161,0.0,1,0.0
3,42.2,844,decelerate,11.625,16.093,24.545,23.093,1.452,-4.468,1.525,24.545,11.625,1.452,-4.468,0.145,0.0,1,0.0
3,42.25,845,decelerate,11.436,15.974,24.328,22.974,1.354,-4.538,1.523,23.758,11.625,0.784,-4.349,0.06,0.0,0,0.05
3,42.3,846,decelerate,11.272,15.864,24.107,22.864,1.243,-4.592,1.52,24.107,11.272,1.243,-4.592,0.113,0.0,1,0.0
3,42.35,847,decelerate,11.148,15.717,23.884,22.717,1.167,-4.569,1.52,23.884,11.148,1.167,-4.569,0.103,0.0,1,0.0
3,42.4,848,decelerate,11.072,15.609,23.663,22.609,1.055,-4.536,1.516,23.112,11.148,0.504,-4.46,0.019,0.0,0,0.05
3,42.45,849,decelerate,10.965,15.497,23.443,22.497,0.946,-4.532,1.513,22.346,11.148,-0.152,-4.349,0.0,0.049,0,0.1
3,42.5,850,decelerate,10.367,15.351,23.208,22.351,0.857,-4.983,1.512,21.585,11.148,-0.766,-4.202,0.0,0.107,0,0.15
3,42.55,851,decelerate,9.916,15.204,22.955,22.204,0.751,-5.288,1.51,22.955,9.916,0.751,-5.288,0.024,0.0,1,0.0
3,42.6,852,decelerate,9.594,15.045,22.69,22.045,0.645,-5.451,1.508,22.69,9.594,0.645,-5.451,0.004,0.0,1,0.0
3,42.65,853,decelerate,9.401,14.919,22.419,21.919,0.501,-5.518,1.503,21.949,9.594,0.03,-5.325,0.0,0.055,0,0.05
3,42.7,854,decelerate,9.3,14.782,22.148,21.782,0.366,-5.482,1.498,22.148,9.3,0.366,-5.482,0.0,0.025,1,0.0
3,42.75,855,decelerate,9.278,14.634,21.881,21.634,0.247,-5.356,1.495,21.881,9.278,0.247,-5.356,0.0,0.034,1,0.0
3,42.8,856,decelerate,9.305,14.587,21.619,21.587,0.033,-5.281,1.482,21.619,9.305,0.033,-5.281,0.0,0.054,1,0.0
3,42.85,857,decelerate,9.374,14.573,21.362,21.573,-0.211,-5.199,1.466,21.362,9.374,-0.211,-5.199,0.0,0.076,1,0.0
3,42.9,858,decelerate,9.429,14.297,21.113,21.297,-0.184,-4.868,1.477,21.113,9.429,-0.184,-4.868,0.0,0.065,1,0.0
3,42.95,859,decelerate,9.408,13.993,20.881,20.993,-0.112,-4.585,1.492,20.413,9.429,-0.58,-4.564,0.0,0.097,0,0.05
3,43.0,860,decelerate,9.302,13.724,20.659,20.724,-0.065,-4.422,1.505,20.659,9.302,-0.065,-4.422,0.0,0.042,1,0.0
3,43.05,861,decelerate,9.14,13.475,20.443,20.475,-0.032,-4.334,1.517,19.985,9.302,-0.49,-4.173,0.0,0.078,0,0.05
3,43.1,862,decelerate,8.927,13.255,20.228,20.255,-0.027,-4.328,1.526,20.228,8.927,-0.027,-4.328,0.0,0.036,1,0.0
3,43.15,863,decelerate,8.708,13.054,20.013,20.054,-0.041,-4.346,1.533,19.576,8.927,-0.478,-4.127,0.0,0.076,0,0.05
3,43.2,864,decelerate,8.469,12.855,19.796,19.855,-0.059,-4.386,1.54,19.796,8.469,-0.059,-4.386,0.0,0.041,1,0.0
3,43.25,865,decelerate,8.221,12.65,19.577,19.65,-0.073,-4.429,1.548,19.163,8.469,-0.486,-4.181,0.0,0.078,0,0.05
3,43.3,866,decelerate,7.967,12.461,19.356,19.461,-0.106,-4.494,1.553,18.54,8.469,-0.921,-3.993,0.0,0.117,0,0.1
3,43.35,867,decelerate,7.72,12.272,19.131,19.272,-0.141,-4.551,1.559,17.926,8.469,-1.346,-3.803,0.0,0.155,0,0.15
3,43.4,868,decelerate,7.46,12.056,18.903,19.056,-0.153,-4.596,1.568,18.903,7.46,-0.153,-4.596,0.0,0.056,1,0.0
3,43.45,869,decelerate,7.287,11.883,18.673,18.883,-0.21,-4.596,1.571,18.673,7.287,-0.21,-4.596,0.0,0.062,1,0.0
3,43.5,870,decelerate,7.213,11.709,18.448,18.709,-0.262,-4.497,1.575,18.087,7.287,-0.622,-4.422,0.0,0.099,0,0.05
3,43.55,871,decelerate,7.016,11.528,18.226,18.528,-0.302,-4.511,1.581,18.226,7.016,-0.302,-4.511,0.0,0.069,1,0.0
3,43.6,872,decelerate,6.538,11.35,17.992,18.35,-0.357,-4.811,1.585,17.658,7.016,-0.692,-4.333,0.0,0.103,0,0.05
3,43.65,873,decelerate,6.042,11.167,17.743,18.167,-0.423,-5.124,1.589,17.743,6.042,-0.423,-5.124,0.0,0.096,1,0.0
3,43.7,874,decelerate,5.674,11.117,17.478,18.117,-0.639,-5.442,1.572,17.189,6.042,-0.927,-5.074,0.0,0.146,0,0.05
3,43.75,875,decelerate,5.423,11.064,17.201,18.064,-0.863,-5.641,1.555,16.638,6.042,-1.426,-5.021,0.0,0.194,0,0.1
3,43.8,876,decelerate,5.263,10.647,16.924,17.647,-0.722,-5.384,1.59,16.096,6.042,-1.55,-4.604,0.0,0.197,0,0.15
3,43.85,877,decelerate,5.18,10.138,16.67,17.138,-0.468,-4.958,1.644,15.582,6.042,-1.556,-4.096,0.0,0.185,0,0.2
3,43.9,878,decelerate,5.121,9.706,16.434,16.706,-0.272,-4.585,1.693,15.09,6.042,-1.616,-3.664,0.0,0.18,0,0.25
3,43.95,879,decelerate,5.09,9.333,16.216,16.333,-0.116,-4.243,1.738,16.216,5.09,-0.116,-4.243,0.0,0.045,1,0.0
3,44.0,880,decelerate,5.085,9.017,16.015,16.017,-0.002,-3.933,1.776,15.762,5.09,-0.256,-3.928,0.0,0.051,0,0.05
3,44.05,881,decelerate,5.113,8.745,15.828,15.745,0.083,-3.632,1.81,15.321,5.09,-0.424,-3.655,0.0,0.061,0,0.1
3,44.1,882,decelerate,5.166,8.476,15.657,15.476,0.182,-3.31,1.847,15.657,5.166,0.182,-3.31,0.011,0.0,1,0.0
3,44.15,883,decelerate,5.169,8.241,15.5,15.241,0.259,-3.072,1.881,15.242,5.166,0.001,-3.075,0.0,0.004,0,0.05
3,44.2,884,decelerate,5.117,8.013,15.353,15.013,0.34,-2.896,1.916,14.838,5.166,-0.175,-2.848,0.0,0.016,0,0.1
3,44.25,885,decelerate,5.043,7.792,15.213,14.792,0.422,-2.749,1.953,15.213,5.043,0.422,-2.749,0.062,0.0,1,0.0
3,44.3,886,decelerate,4.979,7.581,15.08,14.581,0.499,-2.603,1.989,14.832,5.043,0.25,-2.538,0.046,0.0,0,0.05
3,44.35,887,decelerate,4.9,7.381,14.955,14.381,0.573,-2.481,2.026,14.955,4.9,0.573,-2.481,0.091,0.0,1,0.0
3,44.4,888,decelerate,4.739,7.18,14.832,14.18,0.652,-2.441,2.066,14.832,4.739,0.652,-2.441,0.103,0.0,1,0.0
3,44.45,889,decelerate,4.537,7.006,14.71,14.006,0.704,-2.469,2.1,14.71,4.537,0.704,-2.469,0.109,0.0,1,0.0
3,44.5,890,decelerate,4.317,6.84,14.585,13.84,0.746,-2.522,2.132,14.585,4.317,0.746,-2.522,0.113,0.0,1,0.0
3,44.55,891,decelerate,4.092,6.681,14.458,13.681,0.777,-2.589,2.164,14.249,4.317,0.568,-2.364,0.095,0.0,0,0.05
3,44.6,892,decelerate,3.868,6.575,14.326,13.575,0.751,-2.707,2.179,14.326,3.868,0.751,-2.707,0.108,0.0,1,0.0
3,44.65,893,decelerate,3.652,6.562,14.185,13.562,0.622,-2.91,2.162,14.185,3.652,0.622,-2.91,0.084,0.0,1,0.0
3,44.7,894,decelerate,3.451,6.436,14.035,13.436,0.599,-2.985,2.181,14.035,3.451,0.599,-2.985,0.079,0.0,1,0.0
3,44.75,895,decelerate,3.255,5.927,13.896,12.927,0.969,-2.672,2.344,13.73,3.451,0.803,-2.476,0.123,0.0,0,0.05
3,44.8,896,decelerate,3.064,5.532,13.77,12.532,1.238,-2.468,2.489,13.447,3.451,0.915,-2.081,0.151,0.0,0,0.1
3,44.85,897,decelerate,2.878,5.261,13.65,12.261,1.389,-2.383,2.595,13.65,2.878,1.389,-2.383,0.205,0.0,1,0.0
3,44.9,898,decelerate,2.698,5.024,13.533,12.024,1.51,-2.326,2.694,13.395,2.878,1.372,-2.146,0.211,0.0,0,0.05
3,44.95,899,decelerate,2.524,4.79,13.419,11.79,1.629,-2.266,2.801,13.419,2.524,1.629,-2.266,0.241,0.0,1,0.0
3,45.0,900,decelerate,2.355,4.603,13.307,11.603,1.704,-2.248,2.891,13.307,2.355,1.704,-2.248,0.252,0.0,1,0.0
3,45.05,901,decelerate,2.192,4.461,13.195,11.461,1.734,-2.268,2.958,13.082,2.355,1.621,-2.105,0.246,0.0,0,0.05
3,45.1,902,decelerate,2.035,4.345,13.08,11.345,1.735,-2.31,3.01,13.08,2.035,1.735,-2.31,0.254,0.0,1,0.0
3,45.15,903,decelerate,1.832,4.247,12.963,11.247,1.717,-2.415,3.053,12.963,1.832,1.717,-2.415,0.248,0.0,1,0.0
3,45.2,904,decelerate,0.642,4.16,12.811,11.16,1.651,-3.518,3.08,12.754,1.832,1.594,-2.328,0.235,0.0,0,0.05
3,45.25,905,decelerate,0.001,4.078,12.612,11.078,1.534,-4.077,3.093,12.549,1.832,1.472,-2.246,0.221,0.0,0,0.1
3,45.3,906,decelerate,0.001,3.995,12.411,10.995,1.416,-3.994,3.107,12.411,0.001,1.416,-3.994,0.156,0.0,1,0.0
3,45.35,907,decelerate,0.001,3.905,12.215,10.905,1.31,-3.904,3.128,12.215,0.001,1.31,-3.904,0.145,0.0,0,0.05
3,45.4,908,decelerate,0.001,3.795,12.024,10.795,1.229,-3.794,3.168,12.024,0.001,1.228,-3.795,0.137,0.0,0,0.1
3,45.45,909,decelerate,0.001,3.689,11.838,10.689,1.149,-3.689,3.209,11.838,0.001,1.148,-3.689,0.13,0.0,0,0.15
3,45.5,910,decelerate,0.001,3.58,11.658,10.58,1.078,-3.579,3.257,11.657,0.001,1.077,-3.579,0.124,0.0,0,0.2
3,45.55,911,decelerate,0.0,3.466,11.483,10.466,1.018,-3.465,3.314,11.483,0.0,1.018,-3.465,0.12,0.0,1,0.0
3,45.6,912,decelerate,0.0,3.351,11.314,10.351,0.963,-3.35,3.377,11.314,0.0,0.963,-3.35,0.117,0.0,1,0.0
3,45.65,913,decelerate,0.0,3.235,11.15,10.235,0.915,-3.235,3.447,11.15,0.0,0.915,-3.235,0.114,0.0,0,0.05
3,45.7,914,decelerate,0.0,3.121,10.992,10.121,0.872,-3.121,3.522,10.992,0.0,0.872,-3.121,0.112,0.0,1,0.0
3,45.75,915,decelerate,0.0,3.007,10.84,10.007,0.833,-3.007,3.605,10.84,0.0,0.833,-3.007,0.111,0.0,0,0.05
3,45.8,916,decelerate,0.0,2.896,10.694,9.896,0.798,-2.896,3.693,10.694,0.0,0.798,-2.896,0.11,0.0,0,0.1
3,45.85,917,decelerate,0.0,2.786,10.553,9.786,0.766,-2.786,3.787,10.553,0.0,0.766,-2.786,0.109,0.0,1,0.0
3,45.9,918,decelerate,0.0,2.681,10.417,9.681,0.736,-2.681,3.886,10.417,0.0,0.736,-2.681,0.109,0.0,0,0.05
3,45.95,919,decelerate,0.0,2.577,10.286,9.577,0.709,-2.577,3.992,10.286,0.0,0.709,-2.577,0.109,0.0,0,0.1
3,46.0,920,decelerate,0.0,2.476,10.161,9.476,0.685,-2.476,4.104,10.161,0.0,0.685,-2.476,0.109,0.0,0,0.15
3,46.05,921,decelerate,0.0,2.377,10.041,9.377,0.664,-2.377,4.224,10.041,0.0,0.664,-2.377,0.109,0.0,0,0.2
3,46.1,922,decelerate,0.0,2.281,9.925,9.281,0.644,-2.281,4.352,9.925,0.0,0.644,-2.281,0.11,0.0,0,0.25
3,46.15,923,decelerate,0.0,2.187,9.814,9.187,0.628,-2.187,4.488,9.814,0.0,0.628,-2.187,0.111,0.0,0,0.3
3,46.2,924,stopped,0.0,2.095,9.708,9.095,0.613,-2.095,4.633,9.708,0.0,0.613,-2.095,0.112,0.0,0,0.35
3,46.25,925,stopped,0.0,2.007,9.606,9.007,0.6,-2.007,4.787,9.606,0.0,0.6,-2.007,0.113,0.0,1,0.0
3,46.3,926,stopped,0.0,1.922,9.509,8.922,0.587,-1.922,4.948,9.509,0.0,0.587,-1.922,0.114,0.0,1,0.0
3,46.35,927,stopped,0.0,1.84,9.416,8.84,0.575,-1.84,5.117,9.416,0.0,0.575,-1.84,0.115,0.0,0,0.05
3,46.4,928,stopped,0.0,1.762,9.326,8.762,0.564,-1.762,5.293,9.326,0.0,0.564,-1.762,0.116,0.0,0,0.1
3,46.45,929,stopped,0.0,1.687,9.241,8.687,0.554,-1.687,5.477,9.241,0.0,0.554,-1.687,0.118,0.0,0,0.15
3,46.5,930,stopped,0.0,1.609,9.159,8.609,0.549,-1.609,5.691,9.159,0.0,0.549,-1.609,0.12,0.0,1,0.0
3,46.55,931,stopped,0.0,1.542,9.08,8.542,0.538,-1.542,5.889,9.08,0.0,0.538,-1.542,0.12,0.0,1,0.0
3,46.6,932,stopped,0.0,1.478,9.005,8.478,0.527,-1.478,6.093,9.005,0.0,0.527,-1.478,0.121,0.0,1,0.0
3,46.65,933,stopped,0.0,1.417,8.933,8.417,0.517,-1.417,6.306,8.933,0.0,0.517,-1.417,0.122,0.0,1,0.0
3,46.7,934,stopped,0.0,1.358,8.864,8.358,0.506,-1.358,6.526,8.864,0.0,0.506,-1.358,0.122,0.0,1,0.0
3,46.75,935,stopped,0.0,1.302,8.798,8.302,0.496,-1.302,6.758,8.798,0.0,0.496,-1.302,0.123,0.0,0,0.05
3,46.8,936,stopped,0.0,1.255,8.735,8.255,0.48,-1.255,6.962,8.735,0.0,0.48,-1.255,0.122,0.0,0,0.1
3,46.85,937,stopped,0.0,1.215,8.673,8.215,0.459,-1.215,7.141,8.673,0.0,0.459,-1.215,0.121,0.0,1,0.0
3,46.9,938,stopped,0.0,1.177,8.614,8.177,0.437,-1.177,7.32,8.614,0.0,0.437,-1.177,0.119,0.0,1,0.0
3,46.95,939,stopped,0.0,1.14,8.556,8.14,0.417,-1.14,7.508,8.556,0.0,0.417,-1.14,0.118,0.0,1,0.0
3,47.0,940,stopped,0.0,1.104,8.501,8.104,0.397,-1.104,7.7,8.501,0.0,0.397,-1.104,0.116,0.0,0,0.05
3,47.05,941,stopped,0.0,1.069,8.447,8.069,0.378,-1.069,7.905,8.447,0.0,0.378,-1.069,0.115,0.0,1,0.0
3,47.1,942,stopped,0.0,1.034,8.394,8.034,0.361,-1.034,8.12,8.394,0.0,0.361,-1.034,0.114,0.0,1,0.0
3,47.15,943,stopped,0.0,1.0,8.344,8.0,0.344,-1.0,8.347,8.344,0.0,0.344,-1.0,0.113,0.0,1,0.0
3,47.2,944,stopped,0.0,0.967,8.295,7.967,0.328,-0.967,8.581,8.295,0.0,0.328,-0.967,0.112,0.0,0,0.05
3,47.25,945,stopped,0.0,0.936,8.248,7.936,0.312,-0.936,8.811,8.248,0.0,0.312,-0.936,0.11,0.0,0,0.1
3,47.3,946,stopped,0.0,0.909,8.202,7.909,0.293,-0.909,9.025,8.202,0.0,0.293,-0.909,0.109,0.0,1,0.0
3,47.35,947,stopped,0.0,0.883,8.158,7.883,0.275,-0.883,9.239,8.158,0.0,0.275,-0.883,0.107,0.0,1,0.0
3,47.4,948,stopped,0.0,0.85,8.115,7.85,0.265,-0.85,9.547,8.115,0.0,0.265,-0.85,0.107,0.0,0,0.05
3,47.45,949,stopped,0.0,0.813,8.074,7.813,0.26,-0.813,9.925,8.074,0.0,0.26,-0.813,0.108,0.0,0,0.1
3,47.5,950,stopped,0.0,0.777,8.034,7.777,0.257,-0.777,10.345,8.034,0.0,0.257,-0.777,0.108,0.0,1,0.0
3,47.55,951,stopped,0.0,0.761,7.996,7.761,0.235,-0.761,10.509,7.996,0.0,0.235,-0.761,0.106,0.0,1,0.0
3,47.6,952,stopped,0.0,0.708,7.959,7.708,0.251,-0.708,11.24,7.959,0.0,0.251,-0.708,0.11,0.0,0,0.05
3,47.65,953,stopped,0.0,0.724,7.923,7.724,0.199,-0.724,10.944,7.923,0.0,0.199,-0.724,0.102,0.0,0,0.1
3,47.7,954,stopped,0.0,0.65,7.889,7.65,0.239,-0.65,12.142,7.889,0.0,0.239,-0.65,0.11,0.0,1,0.0
3,47.75,955,stopped,0.0,0.677,7.856,7.677,0.179,-0.677,11.597,7.856,0.0,0.179,-0.677,0.101,0.0,0,0.05
3,47.8,956,stopped,0.0,0.594,7.825,7.594,0.23,-0.594,13.164,7.825,0.0,0.23,-0.594,0.111,0.0,1,0.0
3,47.85,957,stopped,0.0,0.625,7.794,7.625,0.169,-0.625,12.462,7.794,0.0,0.169,-0.625,0.102,0.0,1,0.0
3,47.9,958,stopped,0.0,0.552,7.765,7.552,0.213,-0.552,14.067,7.765,0.0,0.213,-0.552,0.11,0.0,0,0.05
3,47.95,959,stopped,0.0,0.565,7.737,7.565,0.172,-0.565,13.696,7.737,0.0,0.172,-0.565,0.104,0.0,0,0.1
3,48.0,960,stopped,0.0,0.531,7.71,7.531,0.179,-0.531,14.533,7.71,0.0,0.179,-0.531,0.106,0.0,0,0.15
3,48.05,961,stopped,0.0,0.512,7.684,7.512,0.171,-0.512,14.997,7.684,0.0,0.171,-0.512,0.106,0.0,0,0.2
3,48.1,962,stopped,0.0,0.484,7.658,7.484,0.174,-0.484,15.838,7.658,0.0,0.174,-0.483,0.107,0.0,0,0.25
3,48.15,963,stopped,0.0,0.486,7.633,7.486,0.147,-0.486,15.695,7.633,0.0,0.147,-0.486,0.103,0.0,1,0.0
3,48.2,964,stopped,0.0,0.466,7.609,7.466,0.144,-0.466,16.338,7.609,0.0,0.144,-0.466,0.104,0.0,1,0.0
3,48.25,965,stopped,0.0,0.463,7.587,7.463,0.124,-0.463,16.371,7.587,0.0,0.124,-0.463,0.101,0.0,1,0.0
3,48.3,966,stopped,0.0,0.421,7.565,7.421,0.145,-0.421,17.986,7.565,0.0,0.145,-0.421,0.105,0.0,0,0.05
3,48.35,967,stopped,0.0,0.405,7.544,7.405,0.14,-0.405,18.65,7.544,0.0,0.14,-0.405,0.105,0.0,1,0.0
3,48.4,968,stopped,0.0,0.427,7.524,7.427,0.096,-0.427,17.604,7.524,0.0,0.096,-0.427,0.099,0.0,1,0.0
3,48.45,969,stopped,0.0,0.373,7.504,7.373,0.132,-0.373,20.138,7.504,0.0,0.132,-0.373,0.105,0.0,1,0.0
3,48.5,970,stopped,0.0,0.343,7.485,7.343,0.143,-0.343,21.851,7.485,0.0,0.143,-0.343,0.108,0.0,0,0.05
3,48.55,971,stopped,0.0,0.382,7.467,7.382,0.085,-0.382,19.525,7.467,0.0,0.085,-0.382,0.099,0.0,1,0.0
3,48.6,972,stopped,0.0,0.339,7.45,7.339,0.111,-0.339,21.98,7.45,0.0,0.111,-0.339,0.103,0.0,1,0.0
3,48.65,973,stopped,0.0,0.326,7.433,7.326,0.107,-0.326,22.821,7.433,0.0,0.107,-0.326,0.103,0.0,1,0.0
3,48.7,974,stopped,0.0,0.334,7.417,7.334,0.082,-0.334,22.186,7.417,0.0,0.082,-0.334,0.1,0.0,0,0.05
3,48.75,975,stopped,0.0,0.316,7.402,7.316,0.086,-0.316,23.427,7.402,0.0,0.086,-0.316,0.101,0.0,0,0.1
3,48.8,976,stopped,0.0,0.288,7.387,7.288,0.099,-0.288,25.663,7.387,0.0,0.099,-0.288,0.104,0.0,0,0.15
3,48.85,977,stopped,0.0,0.294,7.373,7.294,0.08,-0.294,25.089,7.373,0.0,0.08,-0.294,0.101,0.0,0,0.2
3,48.9,978,stopped,0.0,0.268,7.36,7.268,0.092,-0.268,27.479,7.36,0.0,0.092,-0.268,0.103,0.0,0,0.25
3,48.95,979,stopped,0.0,0.249,7.347,7.249,0.097,-0.249,29.464,7.347,0.0,0.097,-0.249,0.105,0.0,1,0.0
3,49.0,980,stopped,0.0,0.274,7.334,7.274,0.06,-0.274,26.789,7.334,0.0,0.06,-0.274,0.099,0.0,0,0.05
3,49.05,981,stopped,0.0,0.24,7.322,7.24,0.082,-0.24,30.537,7.322,0.0,0.082,-0.24,0.103,0.0,0,0.1
3,49.1,982,stopped,0.0,0.235,7.31,7.235,0.076,-0.235,31.151,7.31,0.0,0.076,-0.235,0.102,0.0,0,0.15
3,49.15,983,stopped,0.0,0.225,7.299,7.225,0.073,-0.225,32.401,7.299,0.0,0.073,-0.225,0.102,0.0,1,0.0
3,49.2,984,stopped,0.0,0.211,7.288,7.211,0.076,-0.211,34.463,7.288,0.0,0.076,-0.211,0.103,0.0,0,0.05
3,49.25,985,stopped,0.0,0.202,7.277,7.202,0.075,-0.202,36.047,7.277,0.0,0.075,-0.202,0.103,0.0,1,0.0
3,49.3,986,stopped,0.0,0.217,7.267,7.217,0.05,-0.217,33.489,7.267,0.0,0.05,-0.217,0.099,0.0,0,0.05
3,49.35,987,stopped,0.0,0.19,7.257,7.19,0.067,-0.19,38.14,7.257,0.0,0.067,-0.19,0.103,0.0,0,0.1
3,49.4,988,stopped,0.0,0.181,7.248,7.181,0.067,-0.181,40.016,7.248,0.0,0.067,-0.181,0.103,0.0,0,0.15
