episode,time_sec,tick,leader_phase,leader_speed_mps,follower_speed_mps,distance_m,desired_distance_m,spacing_error_m,relative_velocity_mps,thw_sec,observed_distance_m,observed_lead_speed_mps,control_spacing_error_m,control_relative_velocity_mps,throttle,brake,comm_success,time_since_last_comm_success_sec
15,0.05,1,accelerate,0.0,0.0,12.825,7.0,5.825,0.0,128.247,12.825,0.0,5.825,0.0,0.778,0.0,0,0.05
15,0.1,2,accelerate,0.003,0.003,12.825,7.003,5.822,0.0,128.247,12.825,0.003,5.822,0.0,0.778,0.0,1,0.0
15,0.15,3,accelerate,0.001,0.001,12.825,7.001,5.824,0.0,128.247,12.825,0.001,5.824,0.0,0.779,0.0,1,0.0
15,0.2,4,accelerate,0.0,0.0,12.825,7.0,5.825,-0.0,128.247,12.825,0.0,5.825,-0.0,0.78,0.0,1,0.0
15,0.25,5,accelerate,0.0,0.001,12.825,7.001,5.824,-0.0,128.247,12.825,0.0,5.824,-0.0,0.781,0.0,1,0.0
15,0.3,6,accelerate,0.001,0.001,12.825,7.001,5.824,-0.0,128.247,12.825,0.0,5.824,-0.0,0.782,0.0,0,0.05
15,0.35,7,accelerate,0.001,0.001,12.825,7.001,5.824,-0.0,128.247,12.825,0.001,5.824,-0.0,0.783,0.0,1,0.0
15,0.4,8,accelerate,0.0,0.0,12.825,7.0,5.824,-0.0,128.247,12.825,0.0,5.824,-0.0,0.784,0.0,1,0.0
15,0.45,9,accelerate,0.0,0.0,12.825,7.0,5.824,-0.0,128.247,12.825,0.0,5.824,0.0,0.785,0.0,0,0.05
15,0.5,10,accelerate,0.0,0.0,12.825,7.0,5.825,-0.0,128.247,12.825,0.0,5.825,0.0,0.786,0.0,0,0.1
15,0.55,11,accelerate,0.0,0.0,12.825,7.0,5.825,-0.0,128.247,12.825,0.0,5.825,0.0,0.787,0.0,0,0.15
15,0.6,12,accelerate,0.0,0.0,12.825,7.0,5.825,-0.0,128.247,12.825,0.0,5.825,-0.0,0.788,0.0,1,0.0
15,0.65,13,accelerate,0.158,0.305,12.82,7.305,5.515,-0.146,42.097,12.82,0.158,5.515,-0.146,0.743,0.0,1,0.0
15,0.7,14,accelerate,0.518,0.628,12.815,7.628,5.187,-0.11,20.405,12.796,0.158,5.168,-0.47,0.687,0.0,0,0.05
15,0.75,15,accelerate,0.821,0.893,12.812,7.893,4.919,-0.072,14.351,12.758,0.158,4.865,-0.734,0.638,0.0,0,0.1
15,0.8,16,accelerate,1.035,1.004,12.814,8.004,4.81,0.031,12.765,12.713,0.158,4.709,-0.846,0.615,0.0,0,0.15
15,0.85,17,accelerate,1.162,1.058,12.818,8.058,4.76,0.104,12.115,12.818,1.162,4.76,0.104,0.654,0.0,1,0.0
15,0.9,18,accelerate,1.301,1.23,12.824,8.23,4.594,0.071,10.428,12.824,1.301,4.594,0.071,0.632,0.0,1,0.0
15,0.95,19,accelerate,1.417,1.28,12.831,8.28,4.551,0.137,10.025,12.831,1.417,4.551,0.137,0.629,0.0,1,0.0
15,1.0,20,accelerate,1.543,1.411,12.84,8.411,4.429,0.132,9.1,12.84,1.543,4.429,0.132,0.613,0.0,1,0.0
15,1.05,21,accelerate,1.645,1.486,12.85,8.486,4.364,0.159,8.65,12.77,1.543,4.284,0.057,0.592,0.0,0,0.05
15,1.1,22,accelerate,1.806,1.599,12.862,8.599,4.262,0.206,8.041,12.862,1.806,4.262,0.206,0.595,0.0,1,0.0
15,1.15,23,accelerate,1.917,1.659,12.875,8.659,4.217,0.259,7.763,12.875,1.917,4.217,0.259,0.591,0.0,1,0.0
15,1.2,24,accelerate,2.082,1.758,12.892,8.758,4.134,0.324,7.334,12.892,2.082,4.134,0.324,0.583,0.0,1,0.0
15,1.25,25,accelerate,2.228,1.804,12.914,8.804,4.11,0.424,7.158,12.914,2.228,4.11,0.424,0.584,0.0,1,0.0
15,1.3,26,accelerate,2.418,1.89,12.941,8.89,4.05,0.528,6.846,12.941,2.418,4.05,0.528,0.58,0.0,1,0.0
15,1.35,27,accelerate,2.584,1.949,12.973,8.949,4.024,0.636,6.658,12.973,2.584,4.024,0.636,0.581,0.0,1,0.0
15,1.4,28,accelerate,2.755,2.044,13.01,9.044,3.966,0.712,6.366,12.876,2.584,3.832,0.541,0.553,0.0,0,0.05
15,1.45,29,accelerate,2.842,2.11,13.049,9.11,3.939,0.733,6.185,13.049,2.842,3.939,0.733,0.574,0.0,1,0.0
15,1.5,30,accelerate,2.887,2.207,13.087,9.207,3.88,0.681,5.931,12.944,2.842,3.737,0.636,0.544,0.0,0,0.05
15,1.55,31,accelerate,2.886,2.276,13.122,9.276,3.846,0.611,5.766,12.835,2.842,3.56,0.567,0.519,0.0,0,0.1
15,1.6,32,accelerate,2.919,2.369,13.153,9.369,3.785,0.55,5.553,12.722,2.842,3.354,0.474,0.489,0.0,0,0.15
15,1.65,33,accelerate,2.98,2.415,13.184,9.415,3.769,0.565,5.46,12.606,2.842,3.191,0.428,0.466,0.0,0,0.2
15,1.7,34,accelerate,3.108,2.467,13.216,9.467,3.75,0.641,5.358,12.486,2.842,3.019,0.375,0.442,0.0,0,0.25
15,1.75,35,accelerate,3.256,2.498,13.254,9.498,3.756,0.757,5.305,12.365,2.842,2.866,0.344,0.421,0.0,0,0.3
15,1.8,36,accelerate,3.447,2.562,13.298,9.562,3.736,0.885,5.191,13.298,3.447,3.736,0.885,0.556,0.0,1,0.0
15,1.85,37,accelerate,3.624,2.601,13.348,9.601,3.747,1.023,5.132,13.348,3.624,3.747,1.023,0.562,0.0,1,0.0
15,1.9,38,accelerate,3.752,2.672,13.403,9.672,3.731,1.079,5.015,13.218,3.624,3.546,0.951,0.534,0.0,0,0.05
15,1.95,39,accelerate,3.783,2.73,13.458,9.73,3.727,1.053,4.929,13.085,3.624,3.354,0.893,0.507,0.0,0,0.1
15,2.0,40,accelerate,3.783,2.81,13.509,9.81,3.699,0.973,4.808,13.509,3.783,3.699,0.973,0.556,0.0,1,0.0
15,2.05,41,accelerate,3.797,2.872,13.557,9.872,3.685,0.925,4.72,13.369,3.783,3.496,0.91,0.528,0.0,0,0.05
15,2.1,42,accelerate,3.888,2.958,13.605,9.958,3.647,0.93,4.599,13.224,3.783,3.266,0.825,0.495,0.0,0,0.1
15,2.15,43,accelerate,4.026,3.023,13.654,10.023,3.632,1.003,4.517,13.076,3.783,3.053,0.76,0.465,0.0,0,0.15
15,2.2,44,accelerate,4.199,3.097,13.708,10.097,3.611,1.102,4.426,12.924,3.783,2.826,0.685,0.432,0.0,0,0.2
15,2.25,45,accelerate,4.381,3.145,13.769,10.145,3.624,1.236,4.379,13.769,4.381,3.624,1.236,0.558,0.0,1,0.0
15,2.3,46,accelerate,4.541,3.207,13.835,10.207,3.627,1.333,4.314,13.835,4.541,3.627,1.333,0.562,0.0,1,0.0
15,2.35,47,accelerate,4.619,3.269,13.903,10.269,3.634,1.35,4.253,13.903,4.619,3.634,1.35,0.564,0.0,1,0.0
15,2.4,48,accelerate,4.628,3.358,13.97,10.358,3.612,1.27,4.161,13.97,4.628,3.612,1.27,0.559,0.0,1,0.0
15,2.45,49,accelerate,4.627,3.44,14.031,10.44,3.592,1.187,4.079,14.031,4.627,3.592,1.187,0.554,0.0,1,0.0
15,2.5,50,accelerate,4.685,3.539,14.09,10.539,3.552,1.146,3.982,13.858,4.627,3.319,1.088,0.515,0.0,0,0.05
15,2.55,51,accelerate,4.803,3.611,14.15,10.611,3.539,1.192,3.919,14.15,4.803,3.539,1.192,0.548,0.0,1,0.0
15,2.6,52,accelerate,4.956,3.702,14.212,10.702,3.51,1.254,3.839,13.967,4.803,3.265,1.101,0.509,0.0,0,0.05
15,2.65,53,accelerate,5.128,3.784,14.278,10.784,3.493,1.343,3.773,14.278,5.128,3.493,1.343,0.548,0.0,1,0.0
15,2.7,54,accelerate,5.243,3.872,14.347,10.872,3.475,1.371,3.705,14.347,5.243,3.475,1.371,0.547,0.0,1,0.0
15,2.75,55,accelerate,5.09,3.955,14.409,10.955,3.454,1.135,3.643,14.152,5.243,3.197,1.288,0.508,0.0,0,0.05
15,2.8,56,accelerate,5.093,4.039,14.464,11.039,3.424,1.054,3.581,13.952,5.243,2.913,1.204,0.468,0.0,0,0.1
15,2.85,57,accelerate,5.0,4.105,14.512,11.105,3.407,0.895,3.535,13.749,5.243,2.644,1.138,0.43,0.0,0,0.15
15,2.9,58,accelerate,5.459,4.16,14.57,11.16,3.411,1.3,3.503,14.57,5.459,3.411,1.3,0.539,0.0,1,0.0
15,2.95,59,accelerate,5.818,4.207,14.646,11.207,3.439,1.611,3.481,14.362,5.459,3.155,1.252,0.503,0.0,0,0.05
15,3.0,60,accelerate,5.924,4.254,14.729,11.254,3.475,1.67,3.463,14.729,5.924,3.475,1.67,0.561,0.0,1,0.0
15,3.05,61,accelerate,5.894,4.323,14.81,11.323,3.487,1.571,3.426,14.515,5.924,3.192,1.601,0.521,0.0,0,0.05
15,3.1,62,accelerate,5.845,4.398,14.885,11.398,3.486,1.447,3.384,14.297,5.924,2.898,1.525,0.48,0.0,0,0.1
15,3.15,63,accelerate,5.815,4.463,14.955,11.463,3.491,1.351,3.351,14.075,5.924,2.612,1.461,0.44,0.0,0,0.15
15,3.2,64,accelerate,5.815,4.514,15.021,11.514,3.506,1.3,3.327,13.851,5.924,2.337,1.409,0.402,0.0,0,0.2
15,3.25,65,accelerate,5.848,4.546,15.086,11.546,3.54,1.302,3.318,15.086,5.848,3.54,1.302,0.559,0.0,1,0.0
15,3.3,66,accelerate,5.915,4.579,15.152,11.579,3.573,1.336,3.309,14.858,5.848,3.279,1.269,0.524,0.0,0,0.05
15,3.35,67,accelerate,6.014,4.63,15.221,11.63,3.591,1.384,3.287,14.628,5.848,2.998,1.217,0.485,0.0,0,0.1
15,3.4,68,accelerate,6.142,4.67,15.293,11.67,3.623,1.472,3.275,14.396,5.848,2.726,1.178,0.448,0.0,0,0.15
15,3.45,69,accelerate,6.136,4.718,15.365,11.718,3.647,1.418,3.257,14.161,5.848,2.443,1.13,0.409,0.0,0,0.2
15,3.5,70,accelerate,6.131,4.749,15.435,11.749,3.686,1.382,3.25,13.924,5.848,2.175,1.099,0.373,0.0,0,0.25
15,3.55,71,accelerate,6.633,4.762,15.515,11.762,3.754,1.872,3.258,15.515,6.633,3.754,1.872,0.61,0.0,1,0.0
15,3.6,72,accelerate,7.16,4.778,15.625,11.778,3.848,2.382,3.27,15.277,6.633,3.499,1.855,0.576,0.0,0,0.05
15,3.65,73,accelerate,7.555,4.83,15.756,11.83,3.926,2.726,3.262,15.756,7.555,3.926,2.726,0.662,0.0,1,0.0
15,3.7,74,accelerate,7.722,4.912,15.896,11.912,3.984,2.811,3.236,15.512,7.555,3.6,2.644,0.617,0.0,0,0.05
15,3.75,75,accelerate,7.703,5.015,16.033,12.015,4.018,2.688,3.197,16.033,7.703,4.018,2.688,0.675,0.0,1,0.0
15,3.8,76,accelerate,7.626,5.111,16.162,12.111,4.051,2.515,3.162,16.162,7.626,4.051,2.515,0.674,0.0,1,0.0
15,3.85,77,accelerate,7.518,5.043,16.286,12.043,4.243,2.475,3.23,15.908,7.626,3.866,2.583,0.652,0.0,0,0.05
15,3.9,78,accelerate,7.405,4.996,16.408,11.996,4.412,2.409,3.284,15.658,7.626,3.662,2.629,0.627,0.0,0,0.1
15,3.95,79,accelerate,7.305,5.227,16.517,12.227,4.29,2.078,3.16,15.4,7.626,3.173,2.398,0.555,0.0,0,0.15
15,4.0,80,accelerate,7.248,5.186,16.62,12.186,4.434,2.062,3.205,15.14,7.626,2.954,2.439,0.528,0.0,0,0.2
15,4.05,81,accelerate,7.239,5.154,16.724,12.154,4.57,2.085,3.245,16.724,7.239,4.57,2.085,0.732,0.0,1,0.0
15,4.1,82,accelerate,7.276,5.132,16.83,12.132,4.698,2.144,3.28,16.467,7.239,4.335,2.108,0.702,0.0,0,0.05
15,4.15,83,accelerate,7.341,5.128,16.939,12.128,4.811,2.212,3.303,16.939,7.341,4.811,2.212,0.77,0.0,1,0.0
15,4.2,84,accelerate,7.448,5.157,17.052,12.157,4.895,2.291,3.306,16.682,7.341,4.525,2.183,0.732,0.0,0,0.05
15,4.25,85,accelerate,7.583,5.223,17.169,12.223,4.946,2.36,3.287,16.422,7.341,4.199,2.118,0.687,0.0,0,0.1
15,4.3,86,accelerate,7.741,5.314,17.289,12.314,4.974,2.426,3.253,16.159,7.341,3.844,2.026,0.637,0.0,0,0.15
15,4.35,87,accelerate,7.905,5.423,17.412,12.423,4.989,2.483,3.211,15.89,7.341,3.467,1.918,0.584,0.0,0,0.2
15,4.4,88,accelerate,8.086,5.532,17.537,12.532,5.006,2.555,3.17,17.537,8.086,5.006,2.555,0.811,0.0,1,0.0
15,4.45,89,accelerate,8.279,5.644,17.667,12.644,5.023,2.635,3.13,17.257,8.086,4.613,2.442,0.756,0.0,0,0.05
15,4.5,90,accelerate,8.479,5.788,17.8,12.788,5.012,2.69,3.075,17.8,8.479,5.012,2.69,0.818,0.0,1,0.0
15,4.55,91,accelerate,8.672,5.84,17.937,12.84,5.097,2.832,3.072,17.508,8.479,4.668,2.639,0.771,0.0,0,0.05
15,4.6,92,accelerate,8.875,5.84,18.084,12.84,5.243,3.035,3.096,17.216,8.479,4.376,2.638,0.733,0.0,0,0.1
15,4.65,93,accelerate,9.083,6.066,18.238,13.066,5.172,3.017,3.007,18.238,9.083,5.172,3.017,0.852,0.0,1,0.0
15,4.7,94,accelerate,9.294,6.765,18.371,13.765,4.607,2.53,2.716,17.912,9.083,4.148,2.318,0.693,0.0,0,0.05
15,4.75,95,accelerate,9.471,7.238,18.487,14.238,4.249,2.233,2.554,17.559,9.083,3.322,1.845,0.568,0.0,0,0.1
15,4.8,96,accelerate,9.572,7.591,18.588,14.591,3.997,1.981,2.449,18.588,9.572,3.997,1.981,0.663,0.0,1,0.0
15,4.85,97,accelerate,9.588,7.833,18.677,14.833,3.844,1.755,2.384,18.201,9.572,3.368,1.739,0.572,0.0,0,0.05
15,4.9,98,accelerate,9.536,7.994,18.755,14.994,3.76,1.542,2.346,17.805,9.572,2.81,1.578,0.492,0.0,0,0.1
15,4.95,99,accelerate,9.505,8.128,18.822,15.128,3.694,1.377,2.316,17.401,9.572,2.273,1.444,0.417,0.0,0,0.15
15,5.0,100,accelerate,9.53,8.227,18.883,15.227,3.656,1.304,2.295,16.992,9.572,1.765,1.346,0.346,0.0,0,0.2
15,5.05,101,accelerate,9.595,8.288,18.943,15.288,3.655,1.306,2.285,18.943,9.595,3.655,1.306,0.597,0.0,1,0.0
15,5.1,102,accelerate,9.682,8.326,19.004,15.326,3.678,1.356,2.283,18.528,9.595,3.202,1.269,0.536,0.0,0,0.05
15,5.15,103,accelerate,9.807,8.37,19.066,15.37,3.697,1.438,2.278,18.111,9.595,2.741,1.225,0.474,0.0,0,0.1
15,5.2,104,accelerate,9.966,8.412,19.134,15.412,3.721,1.554,2.274,17.691,9.595,2.279,1.182,0.411,0.0,0,0.15
15,5.25,105,accelerate,10.118,8.444,19.205,15.444,3.761,1.674,2.274,19.205,10.118,3.761,1.674,0.626,0.0,1,0.0
15,5.3,106,accelerate,10.302,8.47,19.282,15.47,3.812,1.831,2.276,18.783,10.118,3.313,1.648,0.566,0.0,0,0.05
15,5.35,107,accelerate,10.492,8.511,19.367,15.511,3.855,1.98,2.275,19.367,10.492,3.855,1.98,0.65,0.0,1,0.0
15,5.4,108,accelerate,10.664,8.566,19.456,15.566,3.89,2.098,2.271,19.456,10.664,3.89,2.098,0.659,0.0,1,0.0
15,5.45,109,accelerate,10.69,8.641,19.544,15.641,3.903,2.05,2.262,19.544,10.69,3.903,2.05,0.66,0.0,1,0.0
15,5.5,110,accelerate,10.644,8.732,19.627,15.732,3.895,1.912,2.248,19.111,10.69,3.379,1.958,0.587,0.0,0,0.05
15,5.55,111,accelerate,10.944,8.831,19.712,15.831,3.88,2.112,2.232,18.674,10.69,2.843,1.859,0.513,0.0,0,0.1
15,5.6,112,accelerate,11.276,8.921,19.809,15.921,3.888,2.355,2.22,19.809,11.276,3.888,2.355,0.669,0.0,1,0.0
15,5.65,113,accelerate,11.476,9.005,19.912,16.005,3.907,2.472,2.211,19.364,11.276,3.359,2.271,0.597,0.0,0,0.05
15,5.7,114,accelerate,11.466,9.098,20.011,16.098,3.913,2.368,2.2,18.915,11.276,2.817,2.178,0.522,0.0,0,0.1
15,5.75,115,accelerate,11.413,9.185,20.102,16.185,3.917,2.227,2.188,18.461,11.276,2.276,2.09,0.447,0.0,0,0.15
15,5.8,116,accelerate,11.355,9.254,20.187,16.254,3.933,2.101,2.181,20.187,11.355,3.933,2.101,0.669,0.0,1,0.0
15,5.85,117,accelerate,11.294,9.311,20.267,16.311,3.956,1.984,2.177,20.267,11.294,3.956,1.984,0.669,0.0,1,0.0
15,5.9,118,accelerate,11.275,9.387,20.339,16.387,3.952,1.888,2.167,19.807,11.294,3.42,1.907,0.596,0.0,0,0.05
15,5.95,119,accelerate,11.316,9.475,20.409,16.475,3.934,1.84,2.154,19.344,11.294,2.869,1.819,0.519,0.0,0,0.1
15,6.0,120,accelerate,11.396,9.555,20.48,16.555,3.925,1.841,2.143,18.877,11.294,2.322,1.739,0.444,0.0,0,0.15
15,6.05,121,accelerate,11.469,9.619,20.55,16.619,3.932,1.85,2.136,20.55,11.469,3.932,1.85,0.663,0.0,1,0.0
15,6.1,122,accelerate,11.57,9.671,20.622,16.671,3.951,1.9,2.132,20.622,11.57,3.951,1.9,0.668,0.0,1,0.0
15,6.15,123,accelerate,11.639,9.742,20.693,16.742,3.95,1.897,2.124,20.152,11.57,3.41,1.828,0.594,0.0,0,0.05
15,6.2,124,accelerate,11.773,9.815,20.762,16.815,3.947,1.958,2.115,19.678,11.57,2.863,1.755,0.519,0.0,0,0.1
15,6.25,125,accelerate,11.913,9.895,20.837,16.895,3.943,2.018,2.106,20.837,11.913,3.943,2.018,0.673,0.0,1,0.0
15,6.3,126,accelerate,12.031,9.971,20.916,16.971,3.946,2.061,2.098,20.916,12.031,3.946,2.061,0.675,0.0,1,0.0
15,6.35,127,accelerate,12.157,10.052,20.996,17.052,3.944,2.106,2.089,20.437,12.031,3.386,1.98,0.598,0.0,0,0.05
15,6.4,128,accelerate,12.305,10.154,21.078,17.154,3.924,2.151,2.076,19.953,12.031,2.799,1.877,0.517,0.0,0,0.1
15,6.45,129,accelerate,12.41,10.244,21.163,17.244,3.919,2.166,2.066,21.163,12.41,3.919,2.166,0.677,0.0,1,0.0
15,6.5,130,accelerate,12.543,10.312,21.249,17.312,3.936,2.23,2.061,20.676,12.41,3.364,2.098,0.601,0.0,0,0.05
15,6.55,131,accelerate,12.688,10.404,21.339,17.404,3.935,2.284,2.051,21.339,12.688,3.935,2.284,0.684,0.0,1,0.0
15,6.6,132,accelerate,12.796,10.505,21.431,17.505,3.927,2.292,2.04,21.431,12.796,3.927,2.292,0.684,0.0,1,0.0
15,6.65,133,accelerate,12.924,10.617,21.525,17.617,3.908,2.306,2.027,20.937,12.796,3.32,2.179,0.6,0.0,0,0.05
15,6.7,134,accelerate,13.005,10.719,21.617,17.719,3.898,2.286,2.017,21.617,13.005,3.898,2.286,0.681,0.0,1,0.0
15,6.75,135,accelerate,13.139,10.829,21.707,17.829,3.878,2.31,2.005,21.115,13.005,3.286,2.176,0.596,0.0,0,0.05
15,6.8,136,accelerate,13.289,10.945,21.803,17.945,3.858,2.344,1.992,20.607,13.005,2.662,2.06,0.51,0.0,0,0.1
15,6.85,137,accelerate,13.401,11.018,21.902,18.018,3.885,2.384,1.988,20.095,13.005,2.077,1.987,0.43,0.0,0,0.15
15,6.9,138,accelerate,13.524,11.078,22.002,18.078,3.924,2.445,1.986,19.577,13.005,1.498,1.926,0.351,0.0,0,0.2
15,6.95,139,accelerate,13.598,11.102,22.104,18.102,4.002,2.496,1.991,22.104,13.598,4.002,2.496,0.704,0.0,1,0.0
15,7.0,140,accelerate,13.729,11.083,22.21,18.083,4.126,2.645,2.004,22.21,13.729,4.126,2.645,0.726,0.0,1,0.0
15,7.05,141,accelerate,13.878,11.111,22.324,18.111,4.213,2.767,2.009,21.702,13.729,3.591,2.618,0.655,0.0,0,0.05
15,7.1,142,accelerate,13.987,11.184,22.444,18.184,4.26,2.803,2.007,21.192,13.729,3.008,2.545,0.575,0.0,0,0.1
15,7.15,143,accelerate,14.108,11.236,22.566,18.236,4.329,2.872,2.008,22.566,14.108,4.329,2.872,0.763,0.0,1,0.0
15,7.2,144,accelerate,14.177,11.317,22.685,18.317,4.368,2.86,2.004,22.685,14.177,4.368,2.86,0.768,0.0,1,0.0
15,7.25,145,accelerate,14.301,11.386,22.805,18.386,4.419,2.914,2.003,22.171,14.177,3.785,2.791,0.689,0.0,0,0.05
15,7.3,146,accelerate,14.446,11.367,22.935,18.367,4.568,3.08,2.018,22.935,14.446,4.568,3.08,0.804,0.0,1,0.0
15,7.35,147,accelerate,14.541,11.343,23.072,18.343,4.729,3.198,2.034,22.423,14.446,4.08,3.104,0.74,0.0,0,0.05
15,7.4,148,accelerate,14.638,11.763,23.204,18.763,4.441,2.875,1.973,23.204,14.638,4.441,2.875,0.781,0.0,1,0.0
15,7.45,149,accelerate,14.677,12.044,23.324,19.044,4.28,2.633,1.937,23.324,14.677,4.28,2.633,0.753,0.0,1,0.0
15,7.5,150,accelerate,14.762,12.295,23.434,19.295,4.139,2.467,1.906,23.434,14.762,4.139,2.467,0.729,0.0,1,0.0
15,7.55,151,accelerate,14.873,12.52,23.547,19.52,4.028,2.354,1.881,23.547,14.873,4.028,2.354,0.711,0.0,1,0.0
15,7.6,152,accelerate,14.968,12.675,23.66,19.675,3.986,2.293,1.867,22.987,14.873,3.312,2.198,0.611,0.0,0,0.05
15,7.65,153,accelerate,15.096,12.821,23.775,19.821,3.953,2.275,1.854,22.416,14.873,2.595,2.052,0.511,0.0,0,0.1
15,7.7,154,accelerate,15.202,12.886,23.891,19.886,4.005,2.316,1.854,23.891,15.202,4.005,2.316,0.708,0.0,1,0.0
15,7.75,155,accelerate,15.338,12.979,24.012,19.979,4.032,2.359,1.85,23.314,15.202,3.335,2.222,0.616,0.0,0,0.05
15,7.8,156,accelerate,15.45,13.085,24.14,20.085,4.055,2.365,1.845,24.14,15.45,4.055,2.365,0.718,0.0,1,0.0
15,7.85,157,accelerate,15.552,13.155,24.276,20.155,4.121,2.397,1.845,24.276,15.552,4.121,2.397,0.728,0.0,1,0.0
15,7.9,158,accelerate,15.632,13.245,24.416,20.245,4.171,2.387,1.843,24.416,15.632,4.171,2.387,0.736,0.0,1,0.0
15,7.95,159,accelerate,15.689,13.297,24.557,20.297,4.26,2.391,1.847,23.825,15.632,3.527,2.335,0.648,0.0,0,0.05
15,8.0,160,accelerate,15.771,13.403,24.7,20.403,4.297,2.367,1.843,23.225,15.632,2.821,2.229,0.55,0.0,0,0.1
15,8.05,161,accelerate,15.866,13.511,24.848,20.511,4.338,2.355,1.839,22.618,15.632,2.107,2.122,0.452,0.0,0,0.15
15,8.1,162,accelerate,15.981,13.554,25.003,20.554,4.449,2.427,1.845,22.005,15.632,1.451,2.079,0.363,0.0,0,0.2
15,8.15,163,accelerate,16.008,13.576,25.162,20.576,4.586,2.432,1.853,25.162,16.008,4.586,2.432,0.793,0.0,1,0.0
15,8.2,164,accelerate,16.003,13.535,25.321,20.535,4.786,2.467,1.871,24.553,16.008,4.017,2.473,0.718,0.0,0,0.05
15,8.25,165,accelerate,16.106,13.572,25.482,20.572,4.91,2.533,1.878,25.482,16.106,4.91,2.533,0.839,0.0,1,0.0
15,8.3,166,accelerate,16.314,13.662,25.654,20.662,4.992,2.652,1.878,24.867,16.106,4.206,2.444,0.742,0.0,0,0.05
15,8.35,167,accelerate,16.49,13.738,25.832,20.738,5.094,2.752,1.88,25.832,16.49,5.094,2.752,0.871,0.0,1,0.0
15,8.4,168,accelerate,16.643,13.845,26.013,20.845,5.169,2.799,1.879,25.204,16.49,4.359,2.646,0.769,0.0,0,0.05
15,8.45,169,accelerate,16.774,13.92,26.196,20.92,5.275,2.854,1.882,26.196,16.774,5.275,2.854,0.898,0.0,1,0.0
15,8.5,170,accelerate,16.87,14.063,26.377,21.063,5.314,2.807,1.876,26.377,16.87,5.314,2.807,0.902,0.0,1,0.0
15,8.55,171,cruise,16.934,14.246,26.556,21.246,5.309,2.688,1.864,25.723,16.87,4.477,2.624,0.784,0.0,0,0.05
15,8.6,172,cruise,16.988,14.394,26.729,21.394,5.335,2.594,1.857,26.729,16.988,5.335,2.594,0.898,0.0,1,0.0
15,8.65,173,cruise,17.05,14.555,26.896,21.555,5.341,2.495,1.848,26.054,16.988,4.499,2.433,0.781,0.0,0,0.05
15,8.7,174,cruise,17.129,14.669,27.056,21.669,5.387,2.46,1.844,27.056,17.129,5.387,2.46,0.9,0.0,1,0.0
15,8.75,175,cruise,17.219,14.77,27.212,21.77,5.442,2.448,1.842,27.212,17.219,5.442,2.448,0.907,0.0,1,0.0
15,8.8,176,cruise,17.316,14.709,27.37,21.709,5.661,2.606,1.861,26.512,17.219,4.802,2.509,0.824,0.0,0,0.05
15,8.85,177,cruise,17.413,14.677,27.531,21.677,5.854,2.736,1.876,25.808,17.219,4.131,2.541,0.735,0.0,0,0.1
15,8.9,178,cruise,17.494,14.966,27.688,21.966,5.722,2.528,1.85,25.094,17.219,3.128,2.253,0.592,0.0,0,0.15
15,8.95,179,cruise,17.52,15.133,27.834,22.133,5.701,2.387,1.839,24.366,17.219,2.233,2.086,0.467,0.0,0,0.2
15,9.0,180,cruise,17.475,15.254,27.969,22.254,5.715,2.221,1.834,27.969,17.475,5.715,2.221,0.936,0.0,1,0.0
15,9.05,181,cruise,17.403,15.286,28.094,22.286,5.808,2.117,1.838,27.225,17.475,4.939,2.189,0.831,0.0,0,0.05
15,9.1,182,cruise,17.325,15.377,28.209,22.377,5.832,1.949,1.834,28.209,17.325,5.832,1.949,0.943,0.0,1,0.0
15,9.15,183,cruise,17.272,15.438,28.313,22.438,5.875,1.834,1.834,28.313,17.272,5.875,1.834,0.944,0.0,1,0.0
15,9.2,184,cruise,17.265,15.572,28.409,22.572,5.837,1.693,1.824,28.409,17.265,5.837,1.693,0.935,0.0,1,0.0
15,9.25,185,cruise,17.298,15.734,28.496,22.734,5.762,1.564,1.811,27.633,17.265,4.899,1.531,0.804,0.0,0,0.05
15,9.3,186,cruise,17.357,15.871,28.577,22.871,5.706,1.485,1.801,26.848,17.265,3.977,1.394,0.677,0.0,0,0.1
15,9.35,187,cruise,17.421,16.016,28.654,23.016,5.638,1.405,1.789,26.055,17.265,3.039,1.249,0.547,0.0,0,0.15
15,9.4,188,cruise,17.461,16.108,28.726,23.108,5.618,1.353,1.783,25.255,17.265,2.147,1.157,0.425,0.0,0,0.2
15,9.45,189,cruise,17.459,16.189,28.794,23.189,5.605,1.27,1.779,28.794,17.459,5.605,1.27,0.89,0.0,1,0.0
15,9.5,190,cruise,17.422,16.228,28.857,23.228,5.629,1.194,1.778,27.986,17.459,4.757,1.231,0.775,0.0,0,0.05
15,9.55,191,cruise,17.37,16.301,28.915,23.301,5.614,1.069,1.774,27.174,17.459,3.873,1.158,0.655,0.0,0,0.1
15,9.6,192,cruise,17.326,16.383,28.966,23.383,5.584,0.943,1.768,28.966,17.326,5.584,0.943,0.876,0.0,1,0.0
15,9.65,193,cruise,17.307,16.452,29.012,23.452,5.56,0.855,1.763,28.146,17.326,4.694,0.874,0.755,0.0,0,0.05
15,9.7,194,cruise,17.323,16.556,29.053,23.556,5.497,0.767,1.755,29.053,17.323,5.497,0.767,0.858,0.0,1,0.0
15,9.75,195,cruise,17.362,16.662,29.09,23.662,5.428,0.7,1.746,28.223,17.323,4.561,0.661,0.73,0.0,0,0.05
15,9.8,196,cruise,17.404,16.781,29.123,23.781,5.343,0.623,1.736,29.123,17.404,5.343,0.623,0.833,0.0,1,0.0
15,9.85,197,cruise,17.43,16.895,29.152,23.895,5.257,0.535,1.725,28.281,17.404,4.386,0.509,0.702,0.0,0,0.05
15,9.9,198,cruise,17.429,17.016,29.176,24.016,5.16,0.413,1.715,27.434,17.404,3.418,0.388,0.569,0.0,0,0.1
15,9.95,199,cruise,17.406,17.118,29.193,24.118,5.075,0.287,1.705,29.193,17.406,5.075,0.287,0.786,0.0,1,0.0
15,10.0,200,cruise,17.373,17.202,29.205,24.202,5.002,0.171,1.698,29.205,17.373,5.002,0.171,0.773,0.0,1,0.0
15,10.05,201,cruise,17.347,17.302,29.21,24.302,4.908,0.045,1.688,29.21,17.347,4.908,0.045,0.756,0.0,1,0.0
15,10.1,202,cruise,17.337,17.405,29.209,24.405,4.804,-0.067,1.678,29.209,17.337,4.804,-0.067,0.738,0.0,1,0.0
15,10.15,203,cruise,17.348,17.512,29.202,24.512,4.691,-0.164,1.668,29.202,17.348,4.691,-0.164,0.72,0.0,1,0.0
15,10.2,204,cruise,17.371,17.616,29.192,24.616,4.576,-0.245,1.657,29.192,17.371,4.576,-0.245,0.702,0.0,1,0.0
15,10.25,205,cruise,17.394,17.718,29.177,24.718,4.46,-0.324,1.647,28.308,17.371,3.59,-0.347,0.567,0.0,0,0.05
15,10.3,206,cruise,17.407,17.807,29.159,24.807,4.352,-0.401,1.637,27.42,17.371,2.612,-0.437,0.434,0.0,0,0.1
15,10.35,207,cruise,17.405,17.873,29.137,24.873,4.264,-0.468,1.63,29.137,17.405,4.264,-0.468,0.653,0.0,1,0.0
15,10.4,208,cruise,17.391,17.919,29.112,24.919,4.193,-0.527,1.625,28.242,17.405,3.323,-0.514,0.526,0.0,0,0.05
15,10.45,209,cruise,17.374,17.965,29.084,24.965,4.119,-0.591,1.619,29.084,17.374,4.119,-0.591,0.629,0.0,1,0.0
15,10.5,210,cruise,17.361,18.009,29.053,25.009,4.043,-0.648,1.613,28.184,17.374,3.175,-0.635,0.502,0.0,0,0.05
15,10.55,211,cruise,17.358,18.053,29.019,25.053,3.966,-0.695,1.607,29.019,17.358,3.966,-0.695,0.606,0.0,1,0.0
15,10.6,212,cruise,17.364,18.092,28.983,25.092,3.891,-0.727,1.602,28.983,17.364,3.891,-0.727,0.595,0.0,1,0.0
15,10.65,213,cruise,17.376,18.135,28.946,25.135,3.811,-0.758,1.596,28.077,17.364,2.943,-0.77,0.467,0.0,0,0.05
15,10.7,214,cruise,17.387,18.173,28.907,25.173,3.734,-0.786,1.591,28.907,17.387,3.734,-0.786,0.572,0.0,1,0.0
15,10.75,215,cruise,17.393,18.203,28.867,25.203,3.664,-0.81,1.586,28.867,17.393,3.664,-0.81,0.562,0.0,1,0.0
15,10.8,216,cruise,17.391,18.237,28.826,25.237,3.589,-0.846,1.581,28.826,17.391,3.589,-0.846,0.55,0.0,1,0.0
15,10.85,217,cruise,17.384,18.271,28.782,25.271,3.511,-0.887,1.575,28.782,17.384,3.511,-0.887,0.539,0.0,1,0.0
15,10.9,218,cruise,17.375,18.304,28.736,25.304,3.432,-0.929,1.57,27.868,17.384,2.563,-0.921,0.411,0.0,0,0.05
15,10.95,219,cruise,17.369,18.328,28.689,25.328,3.361,-0.959,1.565,28.689,17.369,3.361,-0.959,0.516,0.0,1,0.0
15,11.0,220,cruise,17.368,18.343,28.641,25.343,3.298,-0.974,1.561,28.641,17.368,3.298,-0.974,0.507,0.0,1,0.0
15,11.05,221,cruise,17.372,18.359,28.592,25.359,3.233,-0.987,1.557,27.723,17.368,2.364,-0.991,0.382,0.0,0,0.05
15,11.1,222,cruise,17.378,18.368,28.542,25.368,3.174,-0.99,1.554,26.805,17.368,1.437,-1.0,0.258,0.0,0,0.1
15,11.15,223,cruise,17.383,18.357,28.493,25.357,3.136,-0.973,1.552,28.493,17.383,3.136,-0.973,0.486,0.0,1,0.0
15,11.2,224,cruise,17.386,18.332,28.445,25.332,3.113,-0.946,1.552,28.445,17.386,3.113,-0.946,0.484,0.0,1,0.0
15,11.25,225,cruise,17.384,18.318,28.398,25.318,3.081,-0.934,1.55,27.529,17.386,2.211,-0.932,0.364,0.0,0,0.05
15,11.3,226,cruise,17.38,18.305,28.352,25.305,3.047,-0.925,1.549,26.614,17.386,1.309,-0.919,0.244,0.0,0,0.1
15,11.35,227,cruise,17.376,18.278,28.306,25.278,3.028,-0.902,1.549,25.699,17.386,0.421,-0.892,0.126,0.0,0,0.15
15,11.4,228,cruise,17.374,18.228,28.263,25.228,3.035,-0.855,1.551,28.263,17.374,3.035,-0.855,0.476,0.0,1,0.0
15,11.45,229,cruise,17.373,18.164,28.222,25.164,3.058,-0.79,1.554,27.353,17.374,2.189,-0.79,0.366,0.0,0,0.05
15,11.5,230,cruise,17.376,18.112,28.184,25.112,3.072,-0.736,1.556,26.447,17.374,1.335,-0.738,0.253,0.0,0,0.1
15,11.55,231,cruise,17.379,18.061,28.149,25.061,3.088,-0.682,1.559,25.543,17.374,0.482,-0.687,0.141,0.0,0,0.15
15,11.6,232,cruise,17.381,17.998,28.117,24.998,3.119,-0.617,1.562,24.641,17.374,-0.357,-0.624,0.032,0.0,0,0.2
15,11.65,233,cruise,17.382,17.915,28.088,24.915,3.173,-0.533,1.568,28.088,17.382,3.173,-0.533,0.505,0.0,1,0.0
15,11.7,234,cruise,17.381,17.82,28.065,24.82,3.244,-0.439,1.575,28.065,17.381,3.244,-0.439,0.518,0.0,1,0.0
15,11.75,235,cruise,17.379,17.749,28.045,24.749,3.296,-0.37,1.58,28.045,17.379,3.296,-0.37,0.527,0.0,1,0.0
15,11.8,236,cruise,17.377,17.711,28.027,24.711,3.316,-0.334,1.582,28.027,17.377,3.316,-0.334,0.531,0.0,1,0.0
15,11.85,237,cruise,17.376,17.697,28.011,24.697,3.315,-0.321,1.583,27.142,17.377,2.446,-0.32,0.415,0.0,0,0.05
15,11.9,238,cruise,17.376,17.69,27.995,24.69,3.305,-0.314,1.583,26.258,17.377,1.567,-0.313,0.299,0.0,0,0.1
15,11.95,239,cruise,17.377,17.675,27.98,24.675,3.305,-0.298,1.583,27.98,17.377,3.305,-0.298,0.531,0.0,1,0.0
15,12.0,240,cruise,17.379,17.654,27.966,24.654,3.312,-0.275,1.584,27.966,17.379,3.312,-0.275,0.532,0.0,1,0.0
15,12.05,241,cruise,17.38,17.649,27.952,24.649,3.303,-0.269,1.584,27.952,17.38,3.303,-0.269,0.531,0.0,1,0.0
15,12.1,242,cruise,17.38,17.656,27.939,24.656,3.283,-0.276,1.582,27.07,17.38,2.414,-0.276,0.413,0.0,0,0.05
15,12.15,243,cruise,17.38,17.663,27.925,24.663,3.261,-0.284,1.581,27.925,17.38,3.261,-0.284,0.525,0.0,1,0.0
15,12.2,244,cruise,17.379,17.669,27.91,24.669,3.241,-0.29,1.58,27.91,17.379,3.241,-0.29,0.523,0.0,1,0.0
15,12.25,245,cruise,17.378,17.681,27.895,24.681,3.214,-0.304,1.578,27.895,17.378,3.214,-0.304,0.518,0.0,1,0.0
15,12.3,246,cruise,17.377,17.698,27.88,24.698,3.182,-0.321,1.575,27.88,17.377,3.182,-0.321,0.514,0.0,1,0.0
15,12.35,247,cruise,17.377,17.716,27.863,24.716,3.147,-0.339,1.573,27.863,17.377,3.147,-0.339,0.508,0.0,1,0.0
15,12.4,248,cruise,17.378,17.736,27.845,24.736,3.11,-0.358,1.57,26.977,17.377,2.241,-0.358,0.387,0.0,0,0.05
15,12.45,249,cruise,17.379,17.748,27.827,24.748,3.08,-0.369,1.568,27.827,17.379,3.08,-0.369,0.498,0.0,1,0.0
15,12.5,250,cruise,17.379,17.753,27.809,24.753,3.056,-0.374,1.566,27.809,17.379,3.056,-0.374,0.495,0.0,1,0.0
15,12.55,251,cruise,17.379,17.761,27.79,24.761,3.028,-0.382,1.565,27.79,17.379,3.028,-0.382,0.491,0.0,1,0.0
15,12.6,252,cruise,17.379,17.772,27.77,24.772,2.998,-0.393,1.563,26.901,17.379,2.129,-0.393,0.371,0.0,0,0.05
15,12.65,253,cruise,17.378,17.776,27.75,24.776,2.974,-0.398,1.561,27.75,17.378,2.974,-0.398,0.483,0.0,1,0.0
15,12.7,254,cruise,17.378,17.775,27.731,24.775,2.956,-0.397,1.56,27.731,17.378,2.956,-0.397,0.481,0.0,1,0.0
15,12.75,255,cruise,17.378,17.777,27.711,24.777,2.934,-0.399,1.559,27.711,17.378,2.934,-0.399,0.478,0.0,1,0.0
15,12.8,256,cruise,17.378,17.782,27.691,24.782,2.909,-0.404,1.557,27.691,17.378,2.909,-0.404,0.474,0.0,1,0.0
15,12.85,257,cruise,17.378,17.788,27.67,24.788,2.882,-0.41,1.556,27.67,17.378,2.882,-0.41,0.471,0.0,1,0.0
15,12.9,258,cruise,17.379,17.794,27.65,24.794,2.856,-0.415,1.554,27.65,17.379,2.856,-0.415,0.467,0.0,1,0.0
15,12.95,259,cruise,17.379,17.8,27.629,24.8,2.829,-0.421,1.552,27.629,17.379,2.829,-0.421,0.463,0.0,1,0.0
15,13.0,260,cruise,17.379,17.805,27.607,24.805,2.802,-0.426,1.551,26.738,17.379,1.933,-0.426,0.344,0.0,0,0.05
15,13.05,261,cruise,17.379,17.803,27.586,24.803,2.784,-0.424,1.55,25.848,17.379,1.046,-0.424,0.225,0.0,0,0.1
15,13.1,262,cruise,17.378,17.78,27.565,24.78,2.785,-0.402,1.55,27.565,17.378,2.785,-0.402,0.458,0.0,1,0.0
15,13.15,263,cruise,17.378,17.746,27.546,24.746,2.8,-0.368,1.552,26.677,17.378,1.931,-0.368,0.345,0.0,0,0.05
15,13.2,264,cruise,17.378,17.717,27.529,24.717,2.812,-0.339,1.554,25.791,17.378,1.074,-0.339,0.232,0.0,0,0.1
15,13.25,265,cruise,17.378,17.679,27.513,24.679,2.834,-0.301,1.556,24.906,17.378,0.228,-0.301,0.12,0.0,0,0.15
15,13.3,266,cruise,17.378,17.622,27.5,24.622,2.878,-0.244,1.561,24.024,17.378,-0.598,-0.244,0.012,0.0,0,0.2
15,13.35,267,cruise,17.378,17.541,27.49,24.541,2.949,-0.163,1.567,23.145,17.378,-1.396,-0.163,0.0,0.069,0,0.25
15,13.4,268,cruise,17.379,17.427,27.485,24.427,3.058,-0.048,1.577,22.272,17.378,-2.155,-0.049,0.0,0.142,0,0.3
15,13.45,269,cruise,17.379,17.284,27.487,24.284,3.203,0.095,1.59,21.404,17.378,-2.88,0.094,0.0,0.211,0,0.35
15,13.5,270,cruise,17.378,17.118,27.497,24.118,3.379,0.26,1.606,27.497,17.378,3.379,0.26,0.559,0.0,1,0.0
15,13.55,271,cruise,17.378,16.984,27.514,23.984,3.53,0.394,1.62,27.514,17.378,3.53,0.394,0.584,0.0,1,0.0
15,13.6,272,cruise,17.378,16.894,27.537,23.894,3.643,0.484,1.63,26.668,17.378,2.774,0.485,0.486,0.0,0,0.05
15,13.65,273,cruise,17.378,16.843,27.562,23.843,3.719,0.535,1.636,27.562,17.378,3.719,0.535,0.614,0.0,1,0.0
15,13.7,274,cruise,17.378,16.823,27.59,23.823,3.767,0.556,1.64,27.59,17.378,3.767,0.556,0.621,0.0,1,0.0
15,13.75,275,cruise,17.378,16.831,27.617,23.831,3.787,0.548,1.641,26.748,17.378,2.918,0.547,0.507,0.0,0,0.05
15,13.8,276,cruise,17.378,16.851,27.644,23.851,3.793,0.527,1.64,27.644,17.378,3.793,0.527,0.623,0.0,1,0.0
15,13.85,277,cruise,17.378,16.878,27.67,23.878,3.792,0.5,1.639,26.801,17.378,2.923,0.5,0.506,0.0,0,0.05
15,13.9,278,cruise,17.378,16.911,27.694,23.911,3.783,0.468,1.638,25.956,17.378,2.045,0.468,0.388,0.0,0,0.1
15,13.95,279,cruise,17.378,16.932,27.716,23.932,3.784,0.446,1.637,25.109,17.378,1.178,0.446,0.272,0.0,0,0.15
15,14.0,280,cruise,17.378,16.932,27.738,23.932,3.807,0.447,1.638,27.738,17.378,3.807,0.447,0.622,0.0,1,0.0
15,14.05,281,cruise,17.378,16.918,27.761,23.918,3.843,0.46,1.641,27.761,17.378,3.843,0.46,0.628,0.0,1,0.0
15,14.1,282,cruise,17.378,16.925,27.784,23.925,3.859,0.453,1.642,27.784,17.378,3.859,0.453,0.63,0.0,1,0.0
15,14.15,283,cruise,17.378,16.952,27.806,23.952,3.854,0.426,1.64,26.937,17.378,2.985,0.426,0.512,0.0,0,0.05
15,14.2,284,cruise,17.378,16.986,27.826,23.986,3.84,0.392,1.638,26.088,17.378,2.102,0.392,0.393,0.0,0,0.1
15,14.25,285,cruise,17.378,17.009,27.845,24.009,3.836,0.37,1.637,25.238,17.378,1.23,0.37,0.276,0.0,0,0.15
15,14.3,286,cruise,17.378,17.01,27.863,24.01,3.854,0.369,1.638,27.863,17.378,3.854,0.369,0.626,0.0,1,0.0
15,14.35,287,cruise,17.378,16.998,27.882,23.998,3.885,0.381,1.64,27.882,17.378,3.885,0.381,0.631,0.0,1,0.0
15,14.4,288,cruise,17.378,17.006,27.901,24.006,3.896,0.373,1.641,27.032,17.378,3.027,0.373,0.516,0.0,0,0.05
15,14.45,289,cruise,17.378,17.027,27.919,24.027,3.892,0.351,1.64,27.919,17.378,3.892,0.351,0.631,0.0,1,0.0
15,14.5,290,cruise,17.378,17.055,27.936,24.055,3.881,0.323,1.638,27.936,17.378,3.881,0.323,0.628,0.0,1,0.0
15,14.55,291,cruise,17.378,17.096,27.951,24.096,3.855,0.282,1.635,27.951,17.378,3.855,0.282,0.623,0.0,1,0.0
15,14.6,292,cruise,17.378,17.145,27.964,24.145,3.819,0.233,1.631,27.095,17.378,2.95,0.233,0.501,0.0,0,0.05
15,14.65,293,cruise,17.378,17.191,27.974,24.191,3.783,0.187,1.627,26.236,17.378,2.045,0.187,0.379,0.0,0,0.1
15,14.7,294,cruise,17.378,17.22,27.982,24.22,3.762,0.158,1.625,25.375,17.378,1.155,0.158,0.259,0.0,0,0.15
15,14.75,295,cruise,17.378,17.223,27.99,24.223,3.767,0.155,1.625,27.99,17.378,3.767,0.155,0.607,0.0,1,0.0
15,14.8,296,cruise,17.378,17.21,27.998,24.21,3.788,0.169,1.627,27.129,17.378,2.919,0.169,0.495,0.0,0,0.05
15,14.85,297,cruise,17.378,17.207,28.007,24.207,3.8,0.171,1.628,28.007,17.378,3.8,0.171,0.612,0.0,1,0.0
15,14.9,298,cruise,17.378,17.217,28.015,24.217,3.798,0.161,1.627,27.146,17.378,2.929,0.161,0.496,0.0,0,0.05
15,14.95,299,cruise,17.378,17.237,28.023,24.237,3.785,0.141,1.626,26.285,17.378,2.047,0.141,0.378,0.0,0,0.1
15,15.0,300,cruise,17.378,17.249,28.029,24.249,3.78,0.129,1.625,28.029,17.378,3.78,0.129,0.608,0.0,1,0.0
15,15.05,301,cruise,17.378,17.256,28.035,24.256,3.78,0.123,1.625,28.035,17.378,3.78,0.123,0.608,0.0,1,0.0
15,15.1,302,cruise,17.378,17.278,28.041,24.278,3.763,0.1,1.623,28.041,17.378,3.763,0.1,0.605,0.0,1,0.0
15,15.15,303,cruise,17.378,17.313,28.045,24.313,3.732,0.066,1.62,27.176,17.378,2.863,0.066,0.484,0.0,0,0.05
15,15.2,304,cruise,17.378,17.347,28.047,24.347,3.7,0.031,1.617,28.047,17.378,3.7,0.031,0.594,0.0,1,0.0
15,15.25,305,cruise,17.378,17.379,28.048,24.379,3.668,-0.001,1.614,27.179,17.378,2.799,-0.001,0.473,0.0,0,0.05
15,15.3,306,cruise,17.378,17.411,28.047,24.411,3.636,-0.033,1.611,28.047,17.378,3.636,-0.033,0.584,0.0,1,0.0
15,15.35,307,cruise,17.379,17.44,28.044,24.44,3.604,-0.061,1.608,27.175,17.378,2.735,-0.062,0.463,0.0,0,0.05
15,15.4,308,cruise,17.379,17.468,28.04,24.468,3.572,-0.089,1.605,26.302,17.378,1.834,-0.09,0.342,0.0,0,0.1
15,15.45,309,cruise,17.379,17.48,28.035,24.48,3.554,-0.101,1.604,25.429,17.378,0.948,-0.102,0.223,0.0,0,0.15
15,15.5,310,cruise,17.378,17.468,28.03,24.468,3.562,-0.09,1.605,24.555,17.378,0.087,-0.09,0.109,0.0,0,0.2
15,15.55,311,cruise,17.377,17.426,28.027,24.426,3.601,-0.049,1.608,28.027,17.377,3.601,-0.049,0.579,0.0,1,0.0
15,15.6,312,cruise,17.377,17.366,28.027,24.366,3.66,0.011,1.614,27.158,17.377,2.791,0.011,0.472,0.0,0,0.05
15,15.65,313,cruise,17.378,17.324,28.029,24.324,3.705,0.054,1.618,26.291,17.377,1.967,0.053,0.364,0.0,0,0.1
15,15.7,314,cruise,17.378,17.294,28.032,24.294,3.739,0.085,1.621,25.425,17.377,1.132,0.084,0.254,0.0,0,0.15
15,15.75,315,cruise,17.379,17.258,28.038,24.258,3.78,0.121,1.625,24.562,17.377,0.304,0.119,0.144,0.0,0,0.2
15,15.8,316,cruise,17.379,17.206,28.045,24.206,3.839,0.173,1.63,23.7,17.377,-0.506,0.171,0.038,0.0,0,0.25
15,15.85,317,cruise,17.379,17.132,28.056,24.132,3.924,0.247,1.638,28.056,17.379,3.924,0.247,0.631,0.0,1,0.0
15,15.9,318,cruise,17.379,17.046,28.071,24.046,4.025,0.333,1.647,28.071,17.379,4.025,0.333,0.648,0.0,1,0.0
15,15.95,319,cruise,17.378,16.982,28.09,23.982,4.107,0.396,1.654,28.09,17.378,4.107,0.396,0.661,0.0,1,0.0
15,16.0,320,cruise,17.378,16.963,28.11,23.963,4.148,0.415,1.657,28.11,17.378,4.148,0.415,0.667,0.0,1,0.0
15,16.05,321,cruise,17.378,16.977,28.131,23.977,4.153,0.4,1.657,28.131,17.378,4.153,0.4,0.667,0.0,1,0.0
15,16.1,322,cruise,17.378,17.014,28.15,24.014,4.135,0.364,1.654,27.281,17.378,3.266,0.363,0.548,0.0,0,0.05
15,16.15,323,cruise,17.378,17.059,28.166,24.059,4.108,0.319,1.651,28.166,17.378,4.108,0.319,0.658,0.0,1,0.0
15,16.2,324,cruise,17.379,17.106,28.181,24.106,4.075,0.273,1.647,27.312,17.378,3.206,0.273,0.537,0.0,0,0.05
15,16.25,325,cruise,17.379,17.155,28.193,24.155,4.038,0.223,1.643,26.455,17.378,2.3,0.223,0.414,0.0,0,0.1
15,16.3,326,cruise,17.379,17.191,28.203,24.191,4.012,0.188,1.641,25.596,17.378,1.405,0.187,0.294,0.0,0,0.15
15,16.35,327,cruise,17.379,17.202,28.212,24.202,4.009,0.176,1.64,28.212,17.379,4.009,0.176,0.64,0.0,1,0.0
15,16.4,328,cruise,17.378,17.199,28.221,24.199,4.022,0.18,1.641,28.221,17.378,4.022,0.18,0.642,0.0,1,0.0
15,16.45,329,cruise,17.378,17.213,28.229,24.213,4.016,0.165,1.64,27.361,17.378,3.147,0.165,0.525,0.0,0,0.05
15,16.5,330,cruise,17.378,17.24,28.237,24.24,3.997,0.138,1.638,28.237,17.378,3.997,0.138,0.637,0.0,1,0.0
15,16.55,331,cruise,17.378,17.273,28.243,24.273,3.97,0.105,1.635,28.243,17.378,3.97,0.105,0.633,0.0,1,0.0
15,16.6,332,cruise,17.378,17.317,28.247,24.317,3.93,0.061,1.631,28.247,17.378,3.93,0.061,0.626,0.0,1,0.0
15,16.65,333,cruise,17.378,17.369,28.248,24.369,3.88,0.01,1.626,27.379,17.378,3.011,0.01,0.502,0.0,0,0.05
15,16.7,334,cruise,17.379,17.417,28.247,24.417,3.831,-0.038,1.622,26.509,17.378,2.093,-0.038,0.378,0.0,0,0.1
15,16.75,335,cruise,17.379,17.447,28.244,24.447,3.798,-0.068,1.619,25.638,17.378,1.191,-0.068,0.257,0.0,0,0.15
15,16.8,336,cruise,17.378,17.45,28.241,24.45,3.791,-0.071,1.618,24.765,17.378,0.316,-0.071,0.14,0.0,0,0.2
15,16.85,337,cruise,17.378,17.421,28.238,24.421,3.817,-0.043,1.621,23.893,17.378,-0.528,-0.043,0.028,0.0,0,0.25
15,16.9,338,cruise,17.378,17.36,28.238,24.36,3.878,0.018,1.627,28.238,17.378,3.878,0.018,0.618,0.0,1,0.0
15,16.95,339,cruise,17.378,17.28,28.241,24.28,3.961,0.098,1.634,27.372,17.378,3.092,0.098,0.516,0.0,0,0.05
15,17.0,340,cruise,17.378,17.219,28.248,24.219,4.03,0.16,1.641,28.248,17.378,4.03,0.16,0.643,0.0,1,0.0
15,17.05,341,cruise,17.378,17.194,28.257,24.194,4.064,0.185,1.643,28.257,17.378,4.064,0.185,0.648,0.0,1,0.0
15,17.1,342,cruise,17.378,17.202,28.267,24.202,4.065,0.177,1.643,28.267,17.378,4.065,0.177,0.648,0.0,1,0.0
15,17.15,343,cruise,17.378,17.232,28.274,24.232,4.043,0.147,1.641,27.405,17.378,3.174,0.147,0.528,0.0,0,0.05
15,17.2,344,cruise,17.378,17.269,28.28,24.269,4.011,0.109,1.638,26.542,17.378,2.273,0.109,0.407,0.0,0,0.1
15,17.25,345,cruise,17.378,17.296,28.285,24.296,3.989,0.082,1.635,25.678,17.378,1.382,0.082,0.287,0.0,0,0.15
15,17.3,346,cruise,17.378,17.301,28.288,24.301,3.988,0.078,1.635,24.813,17.378,0.512,0.078,0.171,0.0,0,0.2
15,17.35,347,cruise,17.378,17.277,28.293,24.277,4.016,0.101,1.638,28.293,17.378,4.016,0.101,0.639,0.0,1,0.0
15,17.4,348,cruise,17.378,17.237,28.299,24.237,4.063,0.142,1.642,28.299,17.378,4.063,0.142,0.646,0.0,1,0.0
15,17.45,349,cruise,17.378,17.217,28.307,24.217,4.09,0.161,1.644,27.438,17.378,3.221,0.161,0.535,0.0,0,0.05
15,17.5,350,cruise,17.378,17.222,28.315,24.222,4.093,0.156,1.644,26.577,17.378,2.355,0.156,0.419,0.0,0,0.1
15,17.55,351,cruise,17.378,17.229,28.323,24.229,4.094,0.149,1.644,28.323,17.378,4.094,0.149,0.651,0.0,1,0.0
15,17.6,352,cruise,17.378,17.238,28.33,24.238,4.092,0.141,1.643,27.461,17.378,3.223,0.141,0.534,0.0,0,0.05
15,17.65,353,cruise,17.378,17.26,28.336,24.26,4.076,0.118,1.642,28.336,17.378,4.076,0.118,0.647,0.0,1,0.0
15,17.7,354,cruise,17.378,17.291,28.341,24.291,4.05,0.087,1.639,27.472,17.378,3.181,0.087,0.527,0.0,0,0.05
15,17.75,355,cruise,17.378,17.329,28.345,24.329,4.016,0.049,1.636,28.345,17.378,4.016,0.049,0.637,0.0,1,0.0
15,17.8,356,cruise,17.378,17.368,28.346,24.368,3.977,0.01,1.632,27.477,17.378,3.108,0.01,0.515,0.0,0,0.05
15,17.85,357,cruise,17.378,17.41,28.345,24.41,3.935,-0.032,1.628,28.345,17.378,3.935,-0.032,0.624,0.0,1,0.0
15,17.9,358,cruise,17.378,17.451,28.342,24.451,3.891,-0.073,1.624,27.473,17.378,3.022,-0.073,0.501,0.0,0,0.05
15,17.95,359,cruise,17.378,17.492,28.337,24.492,3.846,-0.113,1.62,28.337,17.378,3.846,-0.113,0.609,0.0,1,0.0
15,18.0,360,cruise,17.378,17.53,28.331,24.53,3.801,-0.151,1.616,27.462,17.378,2.932,-0.151,0.486,0.0,0,0.05
15,18.05,361,cruise,17.378,17.567,28.322,24.567,3.755,-0.188,1.612,28.322,17.378,3.755,-0.188,0.594,0.0,1,0.0
15,18.1,362,cruise,17.378,17.601,28.312,24.601,3.711,-0.222,1.609,28.312,17.378,3.711,-0.222,0.587,0.0,1,0.0
15,18.15,363,cruise,17.378,17.64,28.299,24.64,3.66,-0.261,1.604,27.43,17.378,2.791,-0.261,0.463,0.0,0,0.05
15,18.2,364,cruise,17.378,17.675,28.285,24.675,3.61,-0.296,1.6,28.285,17.378,3.61,-0.296,0.572,0.0,1,0.0
15,18.25,365,cruise,17.378,17.704,28.269,24.704,3.565,-0.326,1.597,27.401,17.378,2.696,-0.326,0.449,0.0,0,0.05
15,18.3,366,cruise,17.378,17.731,28.252,24.731,3.522,-0.352,1.593,28.252,17.378,3.522,-0.352,0.558,0.0,1,0.0
15,18.35,367,cruise,17.378,17.753,28.234,24.753,3.481,-0.374,1.59,28.234,17.378,3.481,-0.374,0.552,0.0,1,0.0
15,18.4,368,cruise,17.378,17.78,28.215,24.78,3.435,-0.401,1.587,27.346,17.378,2.566,-0.401,0.429,0.0,0,0.05
15,18.45,369,cruise,17.378,17.802,28.194,24.802,3.392,-0.424,1.584,26.456,17.378,1.654,-0.424,0.306,0.0,0,0.1
15,18.5,370,cruise,17.374,17.806,28.172,24.806,3.366,-0.432,1.582,25.566,17.378,0.76,-0.428,0.187,0.0,0,0.15
15,18.55,371,cruise,17.375,17.783,28.151,24.783,3.368,-0.409,1.583,24.676,17.378,-0.108,-0.405,0.072,0.0,0,0.2
15,18.6,372,cruise,17.355,17.73,28.132,24.73,3.401,-0.376,1.587,28.132,17.355,3.401,-0.376,0.541,0.0,1,0.0
15,18.65,373,cruise,17.362,17.659,28.115,24.659,3.456,-0.297,1.592,27.247,17.355,2.588,-0.305,0.435,0.0,0,0.05
15,18.7,374,cruise,17.375,17.604,28.102,24.604,3.498,-0.23,1.596,28.102,17.375,3.498,-0.23,0.559,0.0,1,0.0
15,18.75,375,cruise,17.37,17.574,28.091,24.574,3.518,-0.204,1.598,27.223,17.375,2.649,-0.199,0.447,0.0,0,0.05
15,18.8,376,cruise,17.375,17.561,28.081,24.561,3.52,-0.185,1.599,26.345,17.375,1.784,-0.186,0.332,0.0,0,0.1
15,18.85,377,cruise,17.371,17.545,28.07,24.545,3.524,-0.174,1.6,28.07,17.371,3.524,-0.174,0.564,0.0,1,0.0
15,18.9,378,cruise,17.306,17.528,28.055,24.528,3.527,-0.222,1.601,28.055,17.306,3.527,-0.222,0.563,0.0,1,0.0
15,18.95,379,cruise,17.302,17.53,28.04,24.53,3.51,-0.229,1.6,28.04,17.302,3.51,-0.229,0.56,0.0,1,0.0
15,19.0,380,cruise,17.344,17.545,28.027,24.545,3.481,-0.201,1.597,28.027,17.344,3.481,-0.201,0.557,0.0,1,0.0
15,19.05,381,cruise,17.395,17.568,28.016,24.568,3.448,-0.174,1.595,28.016,17.395,3.448,-0.174,0.554,0.0,1,0.0
15,19.1,382,cruise,17.403,17.596,28.003,24.596,3.406,-0.193,1.591,28.003,17.403,3.406,-0.193,0.548,0.0,1,0.0
15,19.15,383,cruise,17.414,17.627,27.985,24.627,3.359,-0.213,1.588,27.122,17.403,2.495,-0.224,0.425,0.0,0,0.05
15,19.2,384,cruise,17.403,17.651,27.965,24.651,3.314,-0.248,1.584,27.965,17.403,3.314,-0.248,0.534,0.0,1,0.0
15,19.25,385,cruise,17.387,17.669,27.943,24.669,3.274,-0.282,1.581,27.943,17.387,3.274,-0.282,0.527,0.0,1,0.0
15,19.3,386,cruise,17.362,17.69,27.919,24.69,3.229,-0.329,1.578,27.059,17.387,2.369,-0.304,0.406,0.0,0,0.05
15,19.35,387,cruise,17.348,17.706,27.893,24.706,3.187,-0.358,1.575,26.175,17.387,1.469,-0.319,0.285,0.0,0,0.1
15,19.4,388,cruise,17.337,17.703,27.867,24.703,3.164,-0.366,1.574,25.29,17.387,0.587,-0.316,0.168,0.0,0,0.15
15,19.45,389,cruise,17.355,17.674,27.844,24.674,3.17,-0.319,1.575,27.844,17.355,3.17,-0.319,0.512,0.0,1,0.0
15,19.5,390,cruise,17.367,17.629,27.825,24.629,3.196,-0.262,1.578,26.963,17.355,2.335,-0.274,0.402,0.0,0,0.05
15,19.55,391,cruise,17.393,17.594,27.81,24.594,3.216,-0.201,1.581,27.81,17.393,3.216,-0.201,0.522,0.0,1,0.0
15,19.6,392,cruise,17.407,17.572,27.798,24.572,3.226,-0.165,1.582,26.933,17.393,2.361,-0.179,0.409,0.0,0,0.05
15,19.65,393,cruise,17.388,17.56,27.789,24.56,3.229,-0.172,1.583,26.058,17.393,1.498,-0.167,0.294,0.0,0,0.1
15,19.7,394,cruise,17.379,17.541,27.782,24.541,3.241,-0.162,1.584,25.183,17.393,0.642,-0.148,0.181,0.0,0,0.15
15,19.75,395,cruise,17.348,17.503,27.776,24.503,3.273,-0.155,1.587,24.31,17.393,-0.193,-0.11,0.071,0.0,0,0.2
15,19.8,396,cruise,17.349,17.441,27.773,24.441,3.332,-0.092,1.592,27.773,17.349,3.332,-0.092,0.541,0.0,1,0.0
15,19.85,397,cruise,17.352,17.365,27.775,24.365,3.41,-0.013,1.6,27.775,17.352,3.41,-0.013,0.554,0.0,1,0.0
15,19.9,398,cruise,17.374,17.31,27.781,24.31,3.471,0.063,1.605,26.913,17.352,2.603,0.042,0.448,0.0,0,0.05
15,19.95,399,cruise,17.384,17.282,27.791,24.282,3.509,0.102,1.608,26.054,17.352,1.772,0.07,0.339,0.0,0,0.1
15,20.0,400,cruise,17.397,17.257,27.803,24.257,3.545,0.14,1.611,27.803,17.397,3.545,0.14,0.577,0.0,1,0.0
15,20.05,401,cruise,17.4,17.236,27.816,24.236,3.58,0.164,1.614,27.816,17.4,3.58,0.164,0.583,0.0,1,0.0
15,20.1,402,cruise,17.38,17.233,27.829,24.233,3.597,0.148,1.615,26.96,17.4,2.728,0.167,0.469,0.0,0,0.05
15,20.15,403,cruise,17.37,17.243,27.842,24.243,3.598,0.127,1.615,26.104,17.4,1.861,0.157,0.353,0.0,0,0.1
15,20.2,404,cruise,17.361,17.224,27.852,24.224,3.628,0.136,1.617,25.248,17.4,1.024,0.176,0.242,0.0,0,0.15
15,20.25,405,cruise,17.363,17.208,27.864,24.208,3.656,0.155,1.619,24.393,17.4,0.185,0.192,0.131,0.0,0,0.2
15,20.3,406,cruise,17.37,17.166,27.876,24.166,3.711,0.204,1.624,27.876,17.37,3.711,0.204,0.602,0.0,1,0.0
15,20.35,407,cruise,17.381,17.092,27.892,24.092,3.8,0.288,1.632,27.892,17.381,3.8,0.288,0.616,0.0,1,0.0
15,20.4,408,cruise,17.389,17.053,27.91,24.053,3.857,0.336,1.637,27.042,17.381,2.989,0.328,0.509,0.0,0,0.05
15,20.45,409,cruise,17.388,17.05,27.929,24.05,3.879,0.338,1.638,27.929,17.388,3.879,0.338,0.628,0.0,1,0.0
15,20.5,410,cruise,17.385,17.03,27.948,24.03,3.918,0.355,1.641,27.081,17.388,3.051,0.358,0.519,0.0,0,0.05
15,20.55,411,cruise,17.378,16.981,27.966,23.981,3.985,0.397,1.647,26.233,17.388,2.252,0.407,0.414,0.0,0,0.1
15,20.6,412,cruise,17.373,16.985,27.983,23.985,3.998,0.388,1.648,25.384,17.388,1.399,0.403,0.3,0.0,0,0.15
15,20.65,413,cruise,17.37,16.983,27.997,23.983,4.014,0.387,1.649,24.532,17.388,0.549,0.405,0.187,0.0,0,0.2
15,20.7,414,cruise,17.372,16.924,28.014,23.924,4.09,0.449,1.655,28.014,17.372,4.09,0.449,0.66,0.0,1,0.0
15,20.75,415,cruise,17.377,16.881,28.035,23.881,4.154,0.496,1.661,28.035,17.377,4.154,0.496,0.67,0.0,1,0.0
15,20.8,416,cruise,17.38,16.864,28.059,23.864,4.195,0.516,1.664,27.193,17.377,3.329,0.513,0.561,0.0,0,0.05
15,20.85,417,cruise,17.383,16.866,28.085,23.866,4.219,0.517,1.665,28.085,17.383,4.219,0.517,0.68,0.0,1,0.0
15,20.9,418,cruise,17.383,16.89,28.111,23.89,4.221,0.493,1.664,28.111,17.383,4.221,0.493,0.679,0.0,1,0.0
15,20.95,419,cruise,17.381,16.928,28.136,23.928,4.208,0.453,1.662,28.136,17.381,4.208,0.453,0.676,0.0,1,0.0
15,21.0,420,cruise,17.378,16.984,28.159,23.984,4.175,0.394,1.658,28.159,17.378,4.175,0.394,0.67,0.0,1,0.0
15,21.05,421,cruise,17.376,17.034,28.18,24.034,4.147,0.342,1.654,27.313,17.378,3.279,0.344,0.549,0.0,0,0.05
15,21.1,422,cruise,17.375,17.098,28.199,24.098,4.101,0.277,1.649,26.464,17.378,2.366,0.28,0.425,0.0,0,0.1
15,21.15,423,cruise,17.376,17.128,28.216,24.128,4.088,0.247,1.647,28.216,17.376,4.088,0.247,0.653,0.0,1,0.0
15,21.2,424,cruise,17.378,17.163,28.231,24.163,4.068,0.214,1.645,27.363,17.376,3.2,0.212,0.534,0.0,0,0.05
15,21.25,425,cruise,17.379,17.181,28.245,24.181,4.064,0.199,1.644,28.245,17.379,4.064,0.199,0.649,0.0,1,0.0
15,21.3,426,cruise,17.381,17.223,28.257,24.223,4.034,0.158,1.641,27.388,17.379,3.165,0.157,0.527,0.0,0,0.05
15,21.35,427,cruise,17.381,17.253,28.266,24.253,4.013,0.128,1.638,26.529,17.379,2.276,0.126,0.408,0.0,0,0.1
15,21.4,428,cruise,17.38,17.285,28.274,24.285,3.989,0.095,1.636,25.668,17.379,1.383,0.095,0.288,0.0,0,0.15
15,21.45,429,cruise,17.378,17.292,28.28,24.292,3.988,0.086,1.635,24.806,17.379,0.514,0.087,0.171,0.0,0,0.2
15,21.5,430,cruise,17.377,17.251,28.288,24.251,4.037,0.126,1.64,23.944,17.379,-0.306,0.129,0.063,0.0,0,0.25
15,21.55,431,cruise,17.377,17.198,28.297,24.198,4.099,0.179,1.645,28.297,17.377,4.099,0.179,0.653,0.0,1,0.0
15,21.6,432,cruise,17.377,17.117,28.31,24.117,4.193,0.26,1.654,28.31,17.377,4.193,0.26,0.668,0.0,1,0.0
15,21.65,433,cruise,17.378,17.066,28.325,24.066,4.259,0.312,1.66,27.457,17.377,3.391,0.31,0.562,0.0,0,0.05
15,21.7,434,cruise,17.372,17.044,28.342,24.044,4.299,0.329,1.663,28.342,17.372,4.299,0.329,0.684,0.0,1,0.0
15,21.75,435,cruise,17.374,17.054,28.359,24.054,4.306,0.321,1.663,28.359,17.374,4.306,0.321,0.685,0.0,1,0.0
15,21.8,436,cruise,17.364,17.09,28.374,24.09,4.284,0.274,1.66,28.374,17.364,4.284,0.274,0.68,0.0,1,0.0
15,21.85,437,cruise,17.37,17.134,28.387,24.134,4.253,0.236,1.657,28.387,17.37,4.253,0.236,0.675,0.0,1,0.0
15,21.9,438,cruise,17.359,17.198,28.397,24.198,4.199,0.161,1.651,28.397,17.359,4.199,0.161,0.665,0.0,1,0.0
15,21.95,439,cruise,17.37,17.264,28.403,24.264,4.139,0.106,1.645,28.403,17.37,4.139,0.106,0.655,0.0,1,0.0
15,22.0,440,cruise,17.362,17.336,28.405,24.336,4.069,0.027,1.639,27.538,17.37,3.202,0.035,0.528,0.0,0,0.05
15,22.05,441,cruise,17.377,17.398,28.404,24.398,4.005,-0.021,1.633,26.669,17.37,2.271,-0.028,0.402,0.0,0,0.1
15,22.1,442,cruise,17.37,17.443,28.4,24.443,3.957,-0.073,1.628,28.4,17.37,3.957,-0.073,0.625,0.0,1,0.0
15,22.15,443,cruise,17.38,17.472,28.394,24.472,3.921,-0.092,1.625,28.394,17.38,3.921,-0.092,0.62,0.0,1,0.0
15,22.2,444,cruise,17.361,17.509,28.385,24.509,3.876,-0.148,1.621,27.519,17.38,3.01,-0.129,0.497,0.0,0,0.05
15,22.25,445,cruise,17.368,17.549,28.373,24.549,3.825,-0.181,1.617,28.373,17.368,3.825,-0.181,0.604,0.0,1,0.0
15,22.3,446,cruise,17.348,17.584,28.358,24.584,3.774,-0.236,1.613,28.358,17.348,3.774,-0.236,0.595,0.0,1,0.0
15,22.35,447,cruise,17.362,17.626,28.34,24.626,3.714,-0.264,1.608,27.478,17.348,2.852,-0.279,0.471,0.0,0,0.05
15,22.4,448,cruise,17.349,17.664,28.319,24.664,3.655,-0.315,1.603,26.596,17.348,1.933,-0.316,0.347,0.0,0,0.1
15,22.45,449,cruise,17.279,17.683,28.292,24.683,3.608,-0.405,1.6,25.713,17.348,1.03,-0.335,0.226,0.0,0,0.15
15,22.5,450,cruise,17.28,17.675,28.259,24.675,3.584,-0.395,1.599,24.83,17.348,0.155,-0.327,0.11,0.0,0,0.2
15,22.55,451,cruise,17.3,17.636,28.226,24.636,3.59,-0.336,1.601,28.226,17.3,3.59,-0.336,0.568,0.0,1,0.0
15,22.6,452,cruise,17.374,17.577,28.196,24.577,3.619,-0.203,1.604,28.196,17.374,3.619,-0.203,0.576,0.0,1,0.0
15,22.65,453,cruise,17.415,17.538,28.169,24.538,3.631,-0.123,1.606,27.32,17.374,2.782,-0.164,0.466,0.0,0,0.05
15,22.7,454,cruise,17.455,17.522,28.144,24.522,3.622,-0.066,1.606,28.144,17.455,3.622,-0.066,0.581,0.0,1,0.0
15,22.75,455,cruise,17.423,17.519,28.117,24.519,3.598,-0.096,1.605,27.271,17.455,2.752,-0.064,0.465,0.0,0,0.05
15,22.8,456,cruise,17.393,17.527,28.086,24.527,3.559,-0.134,1.602,26.398,17.455,1.871,-0.071,0.347,0.0,0,0.1
15,22.85,457,cruise,17.328,17.526,28.051,24.526,3.525,-0.198,1.601,28.051,17.328,3.525,-0.198,0.563,0.0,1,0.0
15,22.9,458,cruise,17.307,17.521,28.015,24.521,3.494,-0.214,1.599,28.015,17.307,3.494,-0.214,0.559,0.0,1,0.0
15,22.95,459,cruise,17.289,17.53,27.976,24.53,3.447,-0.241,1.596,27.976,17.289,3.447,-0.241,0.552,0.0,1,0.0
15,23.0,460,cruise,17.326,17.549,27.938,24.549,3.389,-0.223,1.592,27.938,17.326,3.389,-0.223,0.544,0.0,1,0.0
15,23.05,461,cruise,17.341,17.573,27.899,24.573,3.326,-0.232,1.588,27.069,17.326,2.496,-0.247,0.425,0.0,0,0.05
15,23.1,462,cruise,17.391,17.593,27.862,24.593,3.268,-0.202,1.584,26.2,17.326,1.607,-0.267,0.305,0.0,0,0.1
15,23.15,463,cruise,17.387,17.595,27.824,24.595,3.229,-0.209,1.581,25.331,17.326,0.736,-0.269,0.189,0.0,0,0.15
15,23.2,464,cruise,17.402,17.572,27.788,24.572,3.217,-0.17,1.581,24.463,17.326,-0.108,-0.246,0.077,0.0,0,0.2
15,23.25,465,cruise,17.361,17.519,27.755,24.519,3.235,-0.158,1.584,27.755,17.361,3.235,-0.158,0.526,0.0,1,0.0
15,23.3,466,cruise,17.352,17.444,27.723,24.444,3.28,-0.091,1.589,26.901,17.361,2.458,-0.083,0.425,0.0,0,0.05
15,23.35,467,cruise,17.31,17.39,27.695,24.39,3.305,-0.079,1.593,26.052,17.361,1.663,-0.029,0.321,0.0,0,0.1
15,23.4,468,cruise,17.324,17.334,27.669,24.334,3.335,-0.01,1.596,25.206,17.361,0.872,0.027,0.217,0.0,0,0.15
15,23.45,469,cruise,17.312,17.285,27.646,24.285,3.361,0.028,1.599,24.363,17.361,0.078,0.076,0.113,0.0,0,0.2
15,23.5,470,cruise,17.355,17.202,27.628,24.202,3.426,0.154,1.606,23.523,17.361,-0.679,0.159,0.015,0.0,0,0.25
15,23.55,471,cruise,17.356,17.117,27.615,24.117,3.499,0.239,1.613,27.615,17.356,3.499,0.239,0.574,0.0,1,0.0
15,23.6,472,cruise,17.39,17.001,27.609,24.001,3.608,0.389,1.624,27.609,17.39,3.608,0.389,0.594,0.0,1,0.0
15,23.65,473,cruise,17.366,16.929,27.609,23.929,3.68,0.438,1.631,27.609,17.366,3.68,0.438,0.605,0.0,1,0.0
15,23.7,474,cruise,17.373,16.879,27.611,23.879,3.732,0.494,1.636,27.611,17.373,3.732,0.494,0.614,0.0,1,0.0
15,23.75,475,cruise,17.332,16.879,27.615,23.879,3.735,0.452,1.636,26.811,17.373,2.932,0.494,0.507,0.0,0,0.05
15,23.8,476,cruise,17.337,16.868,27.618,23.868,3.75,0.469,1.637,26.011,17.373,2.143,0.505,0.403,0.0,0,0.1
15,23.85,477,cruise,17.311,16.878,27.622,23.878,3.744,0.433,1.637,25.209,17.373,1.331,0.495,0.294,0.0,0,0.15
15,23.9,478,cruise,17.341,16.844,27.627,23.844,3.782,0.497,1.64,24.407,17.373,0.563,0.529,0.193,0.0,0,0.2
15,23.95,479,cruise,17.347,16.816,27.635,23.816,3.819,0.532,1.643,23.605,17.373,-0.211,0.557,0.09,0.0,0,0.25
15,24.0,480,cruise,17.392,16.733,27.649,23.733,3.917,0.66,1.652,27.649,17.392,3.917,0.66,0.644,0.0,1,0.0
15,24.05,481,cruise,17.398,16.664,27.671,23.664,4.007,0.735,1.661,26.872,17.392,3.208,0.729,0.552,0.0,0,0.05
15,24.1,482,cruise,17.413,16.619,27.702,23.619,4.083,0.794,1.667,26.098,17.392,2.479,0.773,0.456,0.0,0,0.1
15,24.15,483,cruise,17.377,16.574,27.738,23.574,4.164,0.803,1.674,27.738,17.377,4.164,0.803,0.682,0.0,1,0.0
15,24.2,484,cruise,17.365,16.558,27.779,23.558,4.221,0.808,1.678,27.779,17.365,4.221,0.808,0.69,0.0,1,0.0
15,24.25,485,cruise,17.33,16.532,27.821,23.532,4.289,0.798,1.683,27.018,17.365,3.486,0.833,0.593,0.0,0,0.05
15,24.3,486,cruise,17.339,16.565,27.866,23.565,4.301,0.774,1.682,26.254,17.365,2.689,0.8,0.485,0.0,0,0.1
15,24.35,487,cruise,17.337,16.557,27.914,23.557,4.357,0.78,1.686,25.486,17.365,1.93,0.809,0.384,0.0,0,0.15
15,24.4,488,cruise,17.372,16.573,27.966,23.573,4.393,0.798,1.687,24.715,17.365,1.142,0.792,0.279,0.0,0,0.2
15,24.45,489,cruise,17.379,16.527,28.022,23.527,4.495,0.852,1.696,23.941,17.365,0.415,0.838,0.183,0.0,0,0.25
15,24.5,490,cruise,17.403,16.494,28.083,23.494,4.588,0.908,1.703,28.083,17.403,4.588,0.908,0.742,0.0,1,0.0
15,24.55,491,cruise,17.412,16.406,28.151,23.406,4.745,1.006,1.716,28.151,17.412,4.745,1.006,0.766,0.0,1,0.0
15,24.6,492,cruise,17.382,16.38,28.222,23.38,4.842,1.002,1.723,28.222,17.382,4.842,1.002,0.779,0.0,1,0.0
15,24.65,493,cruise,17.367,16.353,28.294,23.353,4.94,1.013,1.73,28.294,17.367,4.94,1.013,0.793,0.0,1,0.0
15,24.7,494,cruise,17.328,16.402,28.362,23.402,4.96,0.925,1.729,27.535,17.367,4.132,0.964,0.683,0.0,0,0.05
15,24.75,495,cruise,17.333,16.424,28.428,23.424,5.003,0.909,1.731,28.428,17.333,5.003,0.909,0.797,0.0,1,0.0
15,24.8,496,cruise,17.337,16.5,28.491,23.5,4.991,0.837,1.727,28.491,17.337,4.991,0.837,0.793,0.0,1,0.0
15,24.85,497,cruise,17.374,16.552,28.551,23.552,4.999,0.822,1.725,28.551,17.374,4.999,0.822,0.794,0.0,1,0.0
15,24.9,498,cruise,17.39,16.657,28.609,23.657,4.952,0.733,1.718,27.773,17.374,4.116,0.717,0.673,0.0,0,0.05
15,24.95,499,cruise,17.41,16.72,28.663,23.72,4.943,0.69,1.714,28.663,17.41,4.943,0.69,0.782,0.0,1,0.0
15,25.0,500,cruise,17.389,16.82,28.713,23.82,4.893,0.569,1.707,27.874,17.41,4.053,0.59,0.66,0.0,0,0.05
15,25.05,501,cruise,17.381,16.879,28.758,23.879,4.879,0.502,1.704,28.758,17.381,4.879,0.502,0.767,0.0,1,0.0
15,25.1,502,cruise,17.348,16.974,28.798,23.974,4.823,0.374,1.697,27.958,17.381,3.983,0.407,0.645,0.0,0,0.05
15,25.15,503,cruise,17.348,17.029,28.833,24.029,4.804,0.319,1.693,28.833,17.348,4.804,0.319,0.751,0.0,1,0.0
15,25.2,504,cruise,17.36,17.119,28.866,24.119,4.747,0.242,1.686,28.022,17.348,3.903,0.229,0.628,0.0,0,0.05
15,25.25,505,cruise,17.36,17.168,28.895,24.168,4.727,0.192,1.683,28.895,17.36,4.727,0.192,0.737,0.0,1,0.0
15,25.3,506,cruise,17.379,17.16,28.921,24.16,4.761,0.219,1.685,28.074,17.36,3.914,0.2,0.629,0.0,0,0.05
15,25.35,507,cruise,17.368,17.218,28.942,24.218,4.724,0.15,1.681,28.942,17.368,4.724,0.15,0.735,0.0,1,0.0
15,25.4,508,cruise,17.381,17.266,28.958,24.266,4.692,0.115,1.677,28.111,17.368,3.845,0.102,0.616,0.0,0,0.05
15,25.45,509,cruise,17.372,17.35,28.97,24.35,4.62,0.022,1.67,28.97,17.372,4.62,0.022,0.717,0.0,1,0.0
15,25.5,510,cruise,17.38,17.403,28.977,24.403,4.574,-0.023,1.665,28.977,17.38,4.574,-0.023,0.709,0.0,1,0.0
15,25.55,511,cruise,17.364,17.488,28.979,24.488,4.491,-0.124,1.657,28.13,17.38,3.643,-0.108,0.582,0.0,0,0.05
15,25.6,512,cruise,17.37,17.535,28.977,24.535,4.443,-0.164,1.653,28.977,17.37,4.443,-0.164,0.687,0.0,1,0.0
15,25.65,513,cruise,17.357,17.608,28.972,24.608,4.363,-0.251,1.645,28.972,17.357,4.363,-0.251,0.673,0.0,1,0.0
15,25.7,514,cruise,17.37,17.654,28.963,24.654,4.309,-0.284,1.641,28.963,17.37,4.309,-0.284,0.665,0.0,1,0.0
15,25.75,515,cruise,17.362,17.732,28.95,24.732,4.218,-0.37,1.633,28.95,17.362,4.218,-0.37,0.65,0.0,1,0.0
15,25.8,516,cruise,17.377,17.808,28.936,24.808,4.128,-0.431,1.625,28.936,17.377,4.128,-0.431,0.636,0.0,1,0.0
15,25.85,517,cruise,17.369,17.86,28.92,24.86,4.06,-0.491,1.619,28.92,17.369,4.06,-0.491,0.625,0.0,1,0.0
15,25.9,518,cruise,17.38,17.922,28.901,24.922,3.979,-0.542,1.613,28.901,17.38,3.979,-0.542,0.612,0.0,1,0.0
15,25.95,519,cruise,17.388,17.943,28.881,24.943,3.938,-0.555,1.61,28.027,17.38,3.084,-0.563,0.492,0.0,0,0.05
15,26.0,520,cruise,17.371,17.994,28.859,24.994,3.864,-0.624,1.604,28.859,17.371,3.864,-0.624,0.594,0.0,1,0.0
15,26.05,521,cruise,17.371,18.0,28.834,25.0,3.834,-0.629,1.602,27.98,17.371,2.98,-0.629,0.476,0.0,0,0.05
15,26.1,522,cruise,17.35,18.036,28.807,25.036,3.77,-0.687,1.597,27.099,17.371,2.062,-0.665,0.353,0.0,0,0.1
15,26.15,523,cruise,17.36,18.033,28.777,25.033,3.745,-0.673,1.596,26.214,17.371,1.182,-0.662,0.235,0.0,0,0.15
15,26.2,524,cruise,17.364,18.026,28.749,25.026,3.722,-0.663,1.595,28.749,17.364,3.722,-0.663,0.574,0.0,1,0.0
15,26.25,525,cruise,17.382,17.981,28.722,24.981,3.741,-0.599,1.597,28.722,17.382,3.741,-0.599,0.579,0.0,1,0.0
15,26.3,526,cruise,17.385,17.973,28.697,24.973,3.724,-0.588,1.597,27.841,17.382,2.868,-0.59,0.463,0.0,0,0.05
15,26.35,527,cruise,17.392,17.95,28.672,24.95,3.722,-0.559,1.597,28.672,17.392,3.722,-0.559,0.578,0.0,1,0.0
15,26.4,528,cruise,17.391,17.959,28.649,24.959,3.69,-0.568,1.595,27.791,17.392,2.832,-0.567,0.459,0.0,0,0.05
15,26.45,529,cruise,17.371,17.944,28.625,24.944,3.681,-0.573,1.595,28.625,17.371,3.681,-0.573,0.572,0.0,1,0.0
15,26.5,530,cruise,17.365,17.959,28.6,24.959,3.641,-0.594,1.593,27.743,17.371,2.784,-0.588,0.452,0.0,0,0.05
15,26.55,531,cruise,17.345,17.952,28.574,24.952,3.623,-0.607,1.592,28.574,17.345,3.623,-0.607,0.563,0.0,1,0.0
15,26.6,532,cruise,17.283,17.967,28.544,24.967,3.576,-0.684,1.589,27.691,17.345,2.724,-0.623,0.442,0.0,0,0.05
15,26.65,533,cruise,17.183,17.96,28.505,24.96,3.545,-0.777,1.587,26.806,17.345,1.847,-0.615,0.326,0.0,0,0.1
15,26.7,534,cruise,17.181,17.961,28.461,24.961,3.499,-0.78,1.585,28.461,17.181,3.499,-0.78,0.541,0.0,1,0.0
15,26.75,535,cruise,17.25,17.931,28.417,24.931,3.486,-0.682,1.585,27.577,17.181,2.646,-0.75,0.428,0.0,0,0.05
15,26.8,536,cruise,17.34,17.929,28.379,24.929,3.45,-0.59,1.583,26.694,17.181,1.765,-0.748,0.31,0.0,0,0.1
15,26.85,537,cruise,17.424,17.896,28.345,24.896,3.449,-0.472,1.584,25.81,17.181,0.915,-0.715,0.198,0.0,0,0.15
15,26.9,538,cruise,17.48,17.864,28.316,24.864,3.452,-0.383,1.585,28.316,17.48,3.452,-0.383,0.547,0.0,1,0.0
15,26.95,539,cruise,17.484,17.799,28.289,24.799,3.49,-0.315,1.589,27.439,17.48,2.64,-0.319,0.441,0.0,0,0.05
15,27.0,540,cruise,17.441,17.769,28.264,24.769,3.495,-0.328,1.591,26.563,17.48,1.794,-0.288,0.33,0.0,0,0.1
15,27.05,541,cruise,17.375,17.721,28.237,24.721,3.517,-0.346,1.593,28.237,17.375,3.517,-0.346,0.557,0.0,1,0.0
15,27.1,542,cruise,17.314,17.696,28.211,24.696,3.515,-0.382,1.594,28.211,17.314,3.515,-0.382,0.556,0.0,1,0.0
15,27.15,543,cruise,17.283,17.691,28.185,24.691,3.494,-0.408,1.593,27.342,17.314,2.651,-0.377,0.441,0.0,0,0.05
15,27.2,544,cruise,17.296,17.672,28.161,24.672,3.489,-0.376,1.594,28.161,17.296,3.489,-0.376,0.553,0.0,1,0.0
15,27.25,545,cruise,17.322,17.677,28.142,24.677,3.465,-0.355,1.592,27.294,17.296,2.617,-0.382,0.436,0.0,0,0.05
15,27.3,546,cruise,17.385,17.66,28.128,24.66,3.468,-0.276,1.593,26.426,17.296,1.766,-0.365,0.323,0.0,0,0.1
15,27.35,547,cruise,17.414,17.658,28.12,24.658,3.462,-0.243,1.593,25.557,17.296,0.9,-0.362,0.208,0.0,0,0.15
15,27.4,548,cruise,17.44,17.615,28.117,24.615,3.502,-0.175,1.596,24.689,17.296,0.074,-0.319,0.099,0.0,0,0.2
15,27.45,549,cruise,17.424,17.564,28.118,24.564,3.554,-0.141,1.601,28.118,17.424,3.554,-0.141,0.569,0.0,1,0.0
15,27.5,550,cruise,17.395,17.476,28.124,24.476,3.648,-0.081,1.609,28.124,17.395,3.648,-0.081,0.584,0.0,1,0.0
15,27.55,551,cruise,17.361,17.431,28.131,24.431,3.701,-0.069,1.614,27.267,17.395,2.837,-0.036,0.477,0.0,0,0.05
15,27.6,552,cruise,17.323,17.389,28.14,24.389,3.751,-0.066,1.618,26.412,17.395,2.023,0.006,0.37,0.0,0,0.1
15,27.65,553,cruise,17.323,17.374,28.15,24.374,3.776,-0.051,1.62,28.15,17.323,3.776,-0.051,0.602,0.0,1,0.0
15,27.7,554,cruise,17.334,17.34,28.162,24.34,3.822,-0.006,1.624,28.162,17.334,3.822,-0.006,0.609,0.0,1,0.0
15,27.75,555,cruise,17.374,17.35,28.176,24.35,3.826,0.024,1.624,28.176,17.374,3.826,0.024,0.611,0.0,1,0.0
15,27.8,556,cruise,17.404,17.376,28.191,24.376,3.815,0.028,1.622,27.322,17.374,2.946,-0.002,0.493,0.0,0,0.05
15,27.85,557,cruise,17.423,17.386,28.206,24.386,3.82,0.037,1.622,26.466,17.374,2.08,-0.012,0.377,0.0,0,0.1
15,27.9,558,cruise,17.419,17.404,28.22,24.404,3.816,0.015,1.621,25.608,17.374,1.205,-0.03,0.26,0.0,0,0.15
15,27.95,559,cruise,17.388,17.386,28.232,24.386,3.846,0.002,1.624,28.232,17.388,3.846,0.002,0.613,0.0,1,0.0
15,28.0,560,cruise,17.363,17.368,28.243,24.368,3.876,-0.005,1.626,27.375,17.388,3.007,0.02,0.502,0.0,0,0.05
15,28.05,561,cruise,17.343,17.355,28.254,24.355,3.899,-0.012,1.628,26.518,17.388,2.163,0.033,0.39,0.0,0,0.1
15,28.1,562,cruise,17.345,17.351,28.263,24.351,3.912,-0.007,1.629,28.263,17.345,3.912,-0.007,0.621,0.0,1,0.0
15,28.15,563,cruise,17.359,17.349,28.273,24.349,3.924,0.009,1.63,28.273,17.359,3.924,0.009,0.624,0.0,1,0.0
15,28.2,564,cruise,17.381,17.345,28.283,24.345,3.938,0.036,1.631,27.416,17.359,3.071,0.014,0.51,0.0,0,0.05
15,28.25,565,cruise,17.399,17.308,28.293,24.308,3.985,0.092,1.635,28.293,17.399,3.985,0.092,0.634,0.0,1,0.0
15,28.3,566,cruise,17.403,17.215,28.304,24.215,4.089,0.188,1.644,28.304,17.403,4.089,0.188,0.651,0.0,1,0.0
15,28.35,567,cruise,17.396,17.187,28.315,24.187,4.128,0.209,1.647,27.447,17.403,3.26,0.216,0.542,0.0,0,0.05
15,28.4,568,cruise,17.382,17.22,28.323,24.22,4.103,0.162,1.645,28.323,17.382,4.103,0.162,0.653,0.0,1,0.0
15,28.45,569,cruise,17.369,17.271,28.328,24.271,4.057,0.098,1.64,27.461,17.382,3.19,0.111,0.529,0.0,0,0.05
15,28.5,570,cruise,17.361,17.319,28.328,24.319,4.009,0.042,1.636,26.596,17.382,2.277,0.063,0.406,0.0,0,0.1
15,28.55,571,cruise,17.363,17.349,28.327,24.349,3.978,0.014,1.633,25.729,17.382,1.38,0.033,0.285,0.0,0,0.15
15,28.6,572,cruise,17.371,17.351,28.326,24.351,3.974,0.02,1.632,24.861,17.382,0.51,0.03,0.169,0.0,0,0.2
15,28.65,573,cruise,17.381,17.325,28.326,24.325,4.001,0.056,1.635,23.994,17.382,-0.331,0.056,0.058,0.0,0,0.25
15,28.7,574,cruise,17.389,17.269,28.331,24.269,4.062,0.12,1.641,28.331,17.389,4.062,0.12,0.646,0.0,1,0.0
15,28.75,575,cruise,17.39,17.195,28.339,24.195,4.144,0.195,1.648,28.339,17.39,4.144,0.195,0.659,0.0,1,0.0
15,28.8,576,cruise,17.386,17.142,28.352,24.142,4.211,0.245,1.654,27.485,17.39,3.343,0.249,0.554,0.0,0,0.05
15,28.85,577,cruise,17.379,17.123,28.368,24.123,4.245,0.256,1.657,28.368,17.379,4.245,0.256,0.675,0.0,1,0.0
15,28.9,578,cruise,17.373,17.112,28.384,24.112,4.271,0.261,1.659,27.516,17.379,3.404,0.267,0.563,0.0,0,0.05
15,28.95,579,cruise,17.37,17.139,28.399,24.139,4.26,0.231,1.657,26.664,17.379,2.524,0.24,0.445,0.0,0,0.1
15,29.0,580,cruise,17.371,17.139,28.413,24.139,4.274,0.232,1.658,28.413,17.371,4.274,0.232,0.678,0.0,1,0.0
15,29.05,581,cruise,17.375,17.162,28.427,24.162,4.265,0.214,1.656,27.559,17.371,3.397,0.209,0.56,0.0,0,0.05
15,29.1,582,cruise,17.38,17.184,28.44,24.184,4.255,0.196,1.655,26.703,17.371,2.519,0.187,0.442,0.0,0,0.1
15,29.15,583,cruise,17.384,17.213,28.451,24.213,4.238,0.171,1.653,25.846,17.371,1.633,0.158,0.323,0.0,0,0.15
15,29.2,584,cruise,17.384,17.222,28.462,24.222,4.24,0.162,1.653,24.988,17.371,0.766,0.149,0.207,0.0,0,0.2
15,29.25,585,cruise,17.382,17.19,28.473,24.19,4.283,0.192,1.656,24.13,17.371,-0.061,0.181,0.098,0.0,0,0.25
15,29.3,586,cruise,17.378,17.145,28.485,24.145,4.34,0.233,1.661,23.273,17.371,-0.872,0.226,0.0,0.007,0,0.3
15,29.35,587,cruise,17.375,17.055,28.501,24.055,4.446,0.32,1.671,22.42,17.371,-1.635,0.316,0.0,0.081,0,0.35
15,29.4,588,cruise,17.374,16.943,28.522,23.943,4.578,0.431,1.683,28.522,17.374,4.578,0.431,0.725,0.0,1,0.0
15,29.45,589,cruise,17.375,16.83,28.548,23.83,4.718,0.545,1.696,28.548,17.375,4.718,0.545,0.747,0.0,1,0.0
15,29.5,590,cruise,17.377,16.75,28.579,23.75,4.828,0.627,1.706,27.71,17.375,3.96,0.625,0.649,0.0,0,0.05
15,29.55,591,cruise,17.38,16.717,28.612,23.717,4.895,0.663,1.712,28.612,17.38,4.895,0.663,0.775,0.0,1,0.0
15,29.6,592,cruise,17.381,16.717,28.646,23.717,4.929,0.664,1.714,28.646,17.381,4.929,0.664,0.779,0.0,1,0.0
15,29.65,593,cruise,17.381,16.766,28.678,23.766,4.913,0.616,1.711,27.81,17.381,4.044,0.616,0.66,0.0,0,0.05
15,29.7,594,cruise,17.38,16.828,28.708,23.828,4.88,0.552,1.706,28.708,17.38,4.88,0.552,0.769,0.0,1,0.0
15,29.75,595,cruise,17.378,16.904,28.733,23.904,4.83,0.474,1.7,27.864,17.38,3.961,0.476,0.644,0.0,0,0.05
15,29.8,596,cruise,17.377,16.986,28.755,23.986,4.768,0.39,1.693,28.755,17.377,4.768,0.39,0.749,0.0,1,0.0
15,29.85,597,cruise,17.376,17.066,28.772,24.066,4.707,0.311,1.686,28.772,17.376,4.707,0.311,0.738,0.0,1,0.0
15,29.9,598,cruise,17.377,17.158,28.785,24.158,4.627,0.219,1.678,28.785,17.377,4.627,0.219,0.724,0.0,1,0.0
15,29.95,599,cruise,17.378,17.253,28.793,24.253,4.541,0.125,1.669,27.925,17.377,3.672,0.124,0.594,0.0,0,0.05
15,30.0,600,cruise,17.379,17.343,28.797,24.343,4.454,0.036,1.66,28.797,17.379,4.454,0.036,0.695,0.0,1,0.0
15,30.05,601,cruise,17.38,17.424,28.797,24.424,4.373,-0.044,1.653,28.797,17.38,4.373,-0.044,0.682,0.0,1,0.0
15,30.1,602,cruise,17.38,17.507,28.792,24.507,4.285,-0.128,1.645,27.923,17.38,3.416,-0.127,0.551,0.0,0,0.05
15,30.15,603,cruise,17.379,17.582,28.783,24.582,4.201,-0.203,1.637,27.045,17.38,2.463,-0.203,0.422,0.0,0,0.1
15,30.2,604,cruise,17.378,17.636,28.772,24.636,4.135,-0.258,1.631,28.772,17.378,4.135,-0.258,0.643,0.0,1,0.0
15,30.25,605,cruise,17.377,17.674,28.758,24.674,4.084,-0.297,1.627,27.889,17.378,3.215,-0.296,0.519,0.0,0,0.05
15,30.3,606,cruise,17.377,17.714,28.742,24.714,4.028,-0.337,1.623,27.004,17.378,2.29,-0.336,0.394,0.0,0,0.1
15,30.35,607,cruise,17.378,17.741,28.724,24.741,3.983,-0.363,1.619,28.724,17.378,3.983,-0.363,0.619,0.0,1,0.0
15,30.4,608,cruise,17.378,17.757,28.705,24.757,3.948,-0.379,1.617,28.705,17.378,3.948,-0.379,0.614,0.0,1,0.0
15,30.45,609,cruise,17.379,17.787,28.686,24.787,3.898,-0.409,1.613,28.686,17.379,3.898,-0.409,0.606,0.0,1,0.0
15,30.5,610,cruise,17.379,17.826,28.664,24.826,3.838,-0.447,1.608,27.795,17.379,2.969,-0.448,0.481,0.0,0,0.05
15,30.55,611,cruise,17.379,17.864,28.641,24.864,3.777,-0.485,1.603,26.903,17.379,2.039,-0.485,0.356,0.0,0,0.1
15,30.6,612,cruise,17.379,17.883,28.616,24.883,3.732,-0.505,1.6,28.616,17.379,3.732,-0.505,0.581,0.0,1,0.0
15,30.65,613,cruise,17.378,17.891,28.59,24.891,3.699,-0.513,1.598,28.59,17.378,3.699,-0.513,0.576,0.0,1,0.0
15,30.7,614,cruise,17.378,17.91,28.564,24.91,3.654,-0.532,1.595,28.564,17.378,3.654,-0.532,0.569,0.0,1,0.0
15,30.75,615,cruise,17.378,17.938,28.537,24.938,3.599,-0.56,1.591,27.668,17.378,2.73,-0.56,0.445,0.0,0,0.05
15,30.8,616,cruise,17.378,17.962,28.508,24.962,3.546,-0.584,1.587,26.77,17.378,1.808,-0.585,0.322,0.0,0,0.1
15,30.85,617,cruise,17.378,17.97,28.478,24.97,3.509,-0.591,1.585,25.872,17.378,0.902,-0.592,0.201,0.0,0,0.15
15,30.9,618,cruise,17.379,17.95,28.449,24.95,3.499,-0.572,1.585,28.449,17.379,3.499,-0.572,0.547,0.0,1,0.0
15,30.95,619,cruise,17.379,17.915,28.422,24.915,3.507,-0.536,1.587,27.553,17.379,2.638,-0.536,0.434,0.0,0,0.05
15,31.0,620,cruise,17.379,17.89,28.396,24.89,3.506,-0.511,1.587,28.396,17.379,3.506,-0.511,0.55,0.0,1,0.0
15,31.05,621,cruise,17.378,17.877,28.371,24.877,3.494,-0.498,1.587,27.502,17.379,2.625,-0.498,0.433,0.0,0,0.05
15,31.1,622,cruise,17.378,17.874,28.346,24.874,3.472,-0.496,1.586,28.346,17.378,3.472,-0.496,0.546,0.0,1,0.0
15,31.15,623,cruise,17.378,17.875,28.321,24.875,3.446,-0.497,1.584,28.321,17.378,3.446,-0.497,0.543,0.0,1,0.0
15,31.2,624,cruise,17.378,17.888,28.296,24.888,3.409,-0.509,1.582,27.427,17.378,2.54,-0.509,0.422,0.0,0,0.05
15,31.25,625,cruise,17.378,17.899,28.27,24.899,3.371,-0.521,1.579,28.27,17.378,3.371,-0.521,0.532,0.0,1,0.0
15,31.3,626,cruise,17.378,17.908,28.244,24.908,3.335,-0.53,1.577,27.375,17.378,2.466,-0.53,0.411,0.0,0,0.05
15,31.35,627,cruise,17.378,17.917,28.217,24.917,3.3,-0.538,1.575,28.217,17.378,3.3,-0.538,0.522,0.0,1,0.0
15,31.4,628,cruise,17.379,17.922,28.19,24.922,3.268,-0.544,1.573,28.19,17.379,3.268,-0.544,0.518,0.0,1,0.0
15,31.45,629,cruise,17.378,17.934,28.162,24.934,3.228,-0.556,1.57,27.294,17.379,2.359,-0.556,0.396,0.0,0,0.05
15,31.5,630,cruise,17.378,17.943,28.134,24.943,3.192,-0.564,1.568,26.397,17.379,1.454,-0.564,0.275,0.0,0,0.1
15,31.55,631,cruise,17.378,17.933,28.106,24.933,3.173,-0.555,1.567,25.5,17.379,0.566,-0.555,0.157,0.0,0,0.15
15,31.6,632,cruise,17.378,17.899,28.08,24.899,3.181,-0.52,1.569,24.604,17.379,-0.295,-0.52,0.043,0.0,0,0.2
15,31.65,633,cruise,17.378,17.834,28.055,24.834,3.221,-0.456,1.573,23.711,17.379,-1.124,-0.456,0.0,0.049,0,0.25
15,31.7,634,cruise,17.378,17.735,28.035,24.735,3.301,-0.356,1.581,28.035,17.378,3.301,-0.356,0.528,0.0,1,0.0
15,31.75,635,cruise,17.378,17.63,28.021,24.63,3.391,-0.252,1.589,28.021,17.378,3.391,-0.252,0.544,0.0,1,0.0
15,31.8,636,cruise,17.378,17.551,28.011,24.551,3.46,-0.172,1.596,27.142,17.378,2.591,-0.172,0.44,0.0,0,0.05
15,31.85,637,cruise,17.378,17.503,28.004,24.503,3.5,-0.125,1.6,26.266,17.378,1.763,-0.125,0.331,0.0,0,0.1
15,31.9,638,cruise,17.378,17.466,27.999,24.466,3.533,-0.087,1.603,25.392,17.378,0.926,-0.087,0.221,0.0,0,0.15
15,31.95,639,cruise,17.378,17.421,27.996,24.421,3.574,-0.043,1.607,24.52,17.378,0.099,-0.043,0.112,0.0,0,0.2
15,32.0,640,cruise,17.378,17.36,27.995,24.36,3.635,0.018,1.613,27.995,17.378,3.635,0.018,0.585,0.0,1,0.0
15,32.05,641,cruise,17.378,17.289,27.998,24.289,3.709,0.089,1.619,27.998,17.378,3.709,0.089,0.598,0.0,1,0.0
15,32.1,642,cruise,17.378,17.243,28.004,24.243,3.761,0.135,1.624,28.004,17.378,3.761,0.135,0.606,0.0,1,0.0
15,32.15,643,cruise,17.378,17.232,28.011,24.232,3.779,0.146,1.626,27.142,17.378,2.91,0.146,0.493,0.0,0,0.05
15,32.2,644,cruise,17.378,17.238,28.019,24.238,3.781,0.14,1.625,26.281,17.378,2.043,0.14,0.377,0.0,0,0.1
15,32.25,645,cruise,17.378,17.241,28.025,24.241,3.785,0.138,1.626,28.025,17.378,3.785,0.138,0.609,0.0,1,0.0
15,32.3,646,cruise,17.378,17.241,28.032,24.241,3.791,0.137,1.626,27.163,17.378,2.922,0.137,0.494,0.0,0,0.05
15,32.35,647,cruise,17.378,17.253,28.039,24.253,3.785,0.125,1.625,28.039,17.378,3.785,0.125,0.609,0.0,1,0.0
15,32.4,648,cruise,17.378,17.273,28.044,24.273,3.772,0.106,1.624,28.044,17.378,3.772,0.106,0.606,0.0,1,0.0
15,32.45,649,cruise,17.378,17.305,28.049,24.305,3.744,0.073,1.621,27.18,17.378,2.875,0.073,0.486,0.0,0,0.05
15,32.5,650,cruise,17.378,17.339,28.051,24.339,3.713,0.04,1.618,28.051,17.378,3.713,0.04,0.596,0.0,1,0.0
15,32.55,651,cruise,17.378,17.37,28.053,24.37,3.682,0.008,1.615,28.053,17.378,3.682,0.008,0.591,0.0,1,0.0
15,32.6,652,cruise,17.378,17.409,28.052,24.409,3.643,-0.03,1.611,27.183,17.378,2.774,-0.03,0.469,0.0,0,0.05
15,32.65,653,cruise,17.378,17.444,28.049,24.444,3.605,-0.066,1.608,28.049,17.378,3.605,-0.066,0.578,0.0,1,0.0
15,32.7,654,cruise,17.378,17.475,28.045,24.475,3.57,-0.096,1.605,27.176,17.378,2.701,-0.096,0.457,0.0,0,0.05
15,32.75,655,cruise,17.379,17.503,28.039,24.503,3.536,-0.124,1.602,26.301,17.378,1.798,-0.125,0.336,0.0,0,0.1
15,32.8,656,cruise,17.378,17.515,28.032,24.515,3.517,-0.137,1.6,25.426,17.378,0.911,-0.136,0.217,0.0,0,0.15
15,32.85,657,cruise,17.378,17.501,28.026,24.501,3.525,-0.123,1.601,28.026,17.378,3.525,-0.123,0.566,0.0,1,0.0
15,32.9,658,cruise,17.378,17.472,28.021,24.472,3.549,-0.094,1.604,28.021,17.378,3.549,-0.094,0.57,0.0,1,0.0
15,32.95,659,cruise,17.378,17.461,28.016,24.461,3.556,-0.082,1.605,28.016,17.378,3.556,-0.082,0.571,0.0,1,0.0
15,33.0,660,cruise,17.378,17.469,28.012,24.469,3.543,-0.09,1.604,27.143,17.378,2.675,-0.09,0.454,0.0,0,0.05
15,33.05,661,cruise,17.379,17.482,28.007,24.482,3.525,-0.103,1.602,28.007,17.379,3.525,-0.103,0.567,0.0,1,0.0
15,33.1,662,cruise,17.379,17.497,28.002,24.497,3.505,-0.118,1.6,28.002,17.379,3.505,-0.118,0.563,0.0,1,0.0
15,33.15,663,cruise,17.379,17.521,27.995,24.521,3.474,-0.142,1.598,27.995,17.379,3.474,-0.142,0.559,0.0,1,0.0
15,33.2,664,cruise,17.378,17.55,27.987,24.55,3.437,-0.171,1.595,27.118,17.379,2.569,-0.171,0.437,0.0,0,0.05
15,33.25,665,cruise,17.378,17.575,27.978,24.575,3.403,-0.196,1.592,26.24,17.379,1.665,-0.196,0.315,0.0,0,0.1
15,33.3,666,cruise,17.378,17.582,27.968,24.582,3.386,-0.203,1.591,25.361,17.379,0.779,-0.203,0.197,0.0,0,0.15
15,33.35,667,cruise,17.378,17.562,27.958,24.562,3.396,-0.184,1.592,24.482,17.379,-0.08,-0.184,0.083,0.0,0,0.2
15,33.4,668,cruise,17.378,17.513,27.95,24.513,3.437,-0.135,1.596,27.95,17.378,3.437,-0.135,0.554,0.0,1,0.0
15,33.45,669,cruise,17.378,17.446,27.945,24.446,3.499,-0.068,1.602,27.945,17.378,3.499,-0.068,0.564,0.0,1,0.0
15,33.5,670,cruise,17.378,17.399,27.944,24.399,3.545,-0.02,1.606,27.075,17.378,2.676,-0.02,0.456,0.0,0,0.05
15,33.55,671,cruise,17.378,17.376,27.943,24.376,3.567,0.003,1.608,26.205,17.378,1.83,0.002,0.344,0.0,0,0.1
15,33.6,672,cruise,17.378,17.356,27.944,24.356,3.588,0.023,1.61,27.944,17.378,3.588,0.023,0.579,0.0,1,0.0
15,33.65,673,cruise,17.378,17.338,27.946,24.338,3.608,0.04,1.612,27.946,17.378,3.608,0.04,0.582,0.0,1,0.0
15,33.7,674,cruise,17.378,17.341,27.948,24.341,3.607,0.037,1.612,27.079,17.378,2.738,0.037,0.466,0.0,0,0.05
15,33.75,675,cruise,17.378,17.353,27.949,24.353,3.596,0.025,1.611,27.949,17.378,3.596,0.025,0.58,0.0,1,0.0
15,33.8,676,cruise,17.378,17.369,27.95,24.369,3.581,0.009,1.609,27.081,17.378,2.712,0.009,0.462,0.0,0,0.05
15,33.85,677,cruise,17.378,17.388,27.95,24.388,3.562,-0.01,1.607,27.95,17.378,3.562,-0.01,0.575,0.0,1,0.0
15,33.9,678,cruise,17.378,17.408,27.949,24.408,3.541,-0.03,1.606,27.949,17.378,3.541,-0.03,0.571,0.0,1,0.0
15,33.95,679,cruise,17.378,17.436,27.946,24.436,3.511,-0.058,1.603,27.078,17.378,2.642,-0.058,0.45,0.0,0,0.05
15,34.0,680,cruise,17.378,17.462,27.943,24.462,3.481,-0.084,1.6,27.943,17.378,3.481,-0.084,0.561,0.0,1,0.0
15,34.05,681,cruise,17.378,17.484,27.938,24.484,3.454,-0.106,1.598,27.069,17.378,2.585,-0.106,0.441,0.0,0,0.05
15,34.1,682,cruise,17.378,17.506,27.932,24.506,3.426,-0.127,1.596,26.194,17.378,1.689,-0.127,0.321,0.0,0,0.1
15,34.15,683,cruise,17.378,17.511,27.925,24.511,3.415,-0.132,1.595,25.319,17.378,0.808,-0.132,0.203,0.0,0,0.15
15,34.2,684,cruise,17.378,17.491,27.919,24.491,3.428,-0.113,1.596,24.443,17.378,-0.048,-0.113,0.09,0.0,0,0.2
15,34.25,685,cruise,17.378,17.443,27.915,24.443,3.472,-0.064,1.6,23.57,17.378,-0.872,-0.064,0.0,0.014,0,0.25
15,34.3,686,cruise,17.378,17.362,27.914,24.362,3.552,0.016,1.608,22.701,17.378,-1.662,0.016,0.0,0.091,0,0.3
15,34.35,687,cruise,17.378,17.246,27.919,24.246,3.673,0.133,1.619,21.836,17.378,-2.41,0.133,0.0,0.163,0,0.35
15,34.4,688,cruise,17.378,17.099,27.929,24.099,3.831,0.279,1.633,20.978,17.378,-3.121,0.279,0.0,0.231,0,0.4
15,34.45,689,cruise,17.378,16.93,27.948,23.93,4.018,0.448,1.651,20.128,17.378,-3.802,0.448,0.0,0.295,0,0.45
15,34.5,690,cruise,17.378,16.742,27.976,23.742,4.235,0.637,1.671,27.976,17.378,4.235,0.637,0.685,0.0,1,0.0
15,34.55,691,cruise,17.378,16.597,28.013,23.597,4.417,0.782,1.688,28.013,17.378,4.417,0.782,0.714,0.0,1,0.0
15,34.6,692,cruise,17.378,16.506,28.055,23.506,4.55,0.873,1.7,27.186,17.378,3.681,0.873,0.62,0.0,0,0.05
15,34.65,693,cruise,17.378,16.463,28.1,23.463,4.637,0.915,1.707,26.362,17.378,2.899,0.915,0.517,0.0,0,0.1
15,34.7,694,cruise,17.378,16.452,28.146,23.452,4.694,0.926,1.711,25.539,17.378,2.087,0.926,0.409,0.0,0,0.15
15,34.75,695,cruise,17.378,16.448,28.193,23.448,4.745,0.93,1.714,24.717,17.378,1.269,0.93,0.3,0.0,0,0.2
15,34.8,696,cruise,17.378,16.436,28.239,23.436,4.804,0.943,1.718,23.895,17.378,0.459,0.943,0.193,0.0,0,0.25
15,34.85,697,cruise,17.378,16.405,28.287,23.405,4.882,0.973,1.724,23.074,17.378,-0.331,0.973,0.088,0.0,0,0.3
15,34.9,698,cruise,17.378,16.351,28.337,23.351,4.986,1.027,1.733,22.255,17.378,-1.096,1.027,0.0,0.009,0,0.35
15,34.95,699,cruise,17.378,16.271,28.391,23.271,5.12,1.107,1.745,21.44,17.378,-1.832,1.107,0.0,0.081,0,0.4
15,35.0,700,cruise,17.378,16.159,28.45,23.159,5.291,1.219,1.761,20.629,17.378,-2.53,1.219,0.0,0.148,0,0.45
15,35.05,701,cruise,17.378,16.02,28.515,23.02,5.494,1.358,1.78,19.826,17.378,-3.195,1.358,0.0,0.212,0,0.5
15,35.1,702,cruise,17.378,15.861,28.587,22.861,5.726,1.517,1.802,28.587,17.378,5.726,1.517,0.914,0.0,1,0.0
15,35.15,703,cruise,17.378,15.736,28.667,22.736,5.931,1.642,1.822,27.798,17.378,5.062,1.642,0.83,0.0,0,0.05
15,35.2,704,cruise,17.378,15.653,28.752,22.653,6.099,1.725,1.837,27.014,17.378,4.361,1.725,0.739,0.0,0,0.1
15,35.25,705,cruise,17.378,15.622,28.84,22.622,6.217,1.756,1.846,26.233,17.378,3.61,1.756,0.64,0.0,0,0.15
15,35.3,706,cruise,17.378,15.633,28.927,22.633,6.294,1.745,1.85,25.451,17.378,2.818,1.745,0.534,0.0,0,0.2
15,35.35,707,cruise,17.378,15.658,29.013,22.658,6.355,1.72,1.853,24.669,17.378,2.01,1.72,0.425,0.0,0,0.25
15,35.4,708,cruise,17.378,15.681,29.099,22.681,6.418,1.698,1.856,23.885,17.378,1.205,1.698,0.317,0.0,0,0.3
15,35.45,709,cruise,17.378,15.688,29.183,22.688,6.496,1.691,1.86,29.183,17.378,6.496,1.691,1.0,0.0,1,0.0
15,35.5,710,cruise,17.378,15.686,29.268,22.686,6.582,1.692,1.866,28.399,17.378,5.713,1.692,0.918,0.0,0,0.05
15,35.55,711,cruise,17.378,15.712,29.352,22.712,6.64,1.666,1.868,29.352,17.378,6.64,1.666,1.0,0.0,1,0.0
15,35.6,712,cruise,17.378,15.789,29.433,22.789,6.644,1.589,1.864,28.564,17.378,5.775,1.589,0.923,0.0,0,0.05
15,35.65,713,cruise,17.378,15.905,29.509,22.905,6.604,1.473,1.855,29.509,17.378,6.604,1.473,1.0,0.0,1,0.0
15,35.7,714,cruise,17.378,16.047,29.578,23.047,6.532,1.332,1.843,29.578,17.378,6.532,1.332,1.0,0.0,1,0.0
15,35.75,715,cruise,17.378,16.212,29.64,23.212,6.428,1.167,1.828,29.64,17.378,6.428,1.167,0.996,0.0,1,0.0
15,35.8,716,cruise,17.378,16.393,29.693,23.393,6.3,0.986,1.811,29.693,17.378,6.3,0.986,0.973,0.0,1,0.0
15,35.85,717,cruise,17.378,16.583,29.736,23.583,6.154,0.795,1.793,28.868,17.378,5.285,0.795,0.831,0.0,0,0.05
15,35.9,718,cruise,17.378,16.769,29.771,23.769,6.001,0.609,1.775,29.771,17.378,6.001,0.609,0.92,0.0,1,0.0
15,35.95,719,cruise,17.379,16.947,29.796,23.947,5.848,0.431,1.758,29.796,17.379,5.848,0.431,0.894,0.0,1,0.0
15,36.0,720,cruise,17.379,17.125,29.812,24.125,5.687,0.254,1.741,29.812,17.379,5.687,0.254,0.867,0.0,1,0.0
15,36.05,721,cruise,17.379,17.299,29.819,24.299,5.52,0.08,1.724,28.95,17.379,4.651,0.08,0.723,0.0,0,0.05
15,36.1,722,cruise,17.379,17.46,29.818,24.46,5.358,-0.081,1.708,28.08,17.379,3.621,-0.081,0.58,0.0,0,0.1
15,36.15,723,cruise,17.378,17.592,29.81,24.592,5.218,-0.214,1.695,29.81,17.378,5.218,-0.214,0.789,0.0,1,0.0
15,36.2,724,cruise,17.378,17.702,29.796,24.702,5.094,-0.324,1.683,29.796,17.378,5.094,-0.324,0.768,0.0,1,0.0
15,36.25,725,cruise,17.378,17.814,29.776,24.814,4.962,-0.437,1.671,28.908,17.378,4.093,-0.437,0.631,0.0,0,0.05
15,36.3,726,cruise,17.378,17.921,29.751,24.921,4.83,-0.543,1.66,28.014,17.378,3.093,-0.543,0.494,0.0,0,0.1
15,36.35,727,cruise,17.379,18.005,29.722,25.005,4.717,-0.626,1.651,29.722,17.379,4.717,-0.626,0.708,0.0,1,0.0
15,36.4,728,cruise,17.379,18.071,29.688,25.071,4.617,-0.693,1.643,28.82,17.379,3.748,-0.693,0.577,0.0,0,0.05
15,36.45,729,cruise,17.379,18.138,29.652,25.138,4.514,-0.759,1.635,27.914,17.379,2.776,-0.759,0.445,0.0,0,0.1
15,36.5,730,cruise,17.379,18.189,29.612,25.189,4.424,-0.81,1.628,27.005,17.379,1.817,-0.81,0.315,0.0,0,0.15
15,36.55,731,cruise,17.378,18.212,29.571,25.212,4.359,-0.833,1.624,26.095,17.379,0.884,-0.833,0.19,0.0,0,0.2
15,36.6,732,cruise,17.378,18.201,29.53,25.201,4.329,-0.823,1.622,29.53,17.378,4.329,-0.823,0.65,0.0,1,0.0
15,36.65,733,cruise,17.378,18.169,29.489,25.169,4.321,-0.791,1.623,29.489,17.378,4.321,-0.791,0.65,0.0,1,0.0
15,36.7,734,cruise,17.378,18.155,29.451,25.155,4.296,-0.777,1.622,29.451,17.378,4.296,-0.777,0.647,0.0,1,0.0
15,36.75,735,cruise,17.378,18.17,29.411,25.17,4.241,-0.792,1.619,28.542,17.378,3.372,-0.792,0.523,0.0,0,0.05
15,36.8,736,cruise,17.378,18.197,29.371,25.197,4.174,-0.818,1.614,27.633,17.378,2.436,-0.819,0.398,0.0,0,0.1
15,36.85,737,cruise,17.379,18.215,29.329,25.215,4.115,-0.836,1.61,29.329,17.379,4.115,-0.836,0.621,0.0,1,0.0
15,36.9,738,cruise,17.379,18.226,29.287,25.226,4.061,-0.848,1.607,28.418,17.379,3.192,-0.848,0.497,0.0,0,0.05
15,36.95,739,cruise,17.378,18.246,29.244,25.246,3.999,-0.867,1.603,27.507,17.379,2.261,-0.867,0.373,0.0,0,0.1
15,37.0,740,cruise,17.378,18.256,29.201,25.256,3.945,-0.878,1.6,29.201,17.378,3.945,-0.878,0.597,0.0,1,0.0
15,37.05,741,cruise,17.378,18.259,29.157,25.259,3.897,-0.881,1.597,28.288,17.378,3.029,-0.881,0.474,0.0,0,0.05
15,37.1,742,cruise,17.378,18.27,29.112,25.27,3.842,-0.892,1.593,27.374,17.378,2.104,-0.892,0.351,0.0,0,0.1
15,37.15,743,cruise,17.378,18.272,29.068,25.272,3.796,-0.894,1.591,29.068,17.378,3.796,-0.894,0.576,0.0,1,0.0
15,37.2,744,cruise,17.378,18.267,29.023,25.267,3.756,-0.889,1.589,29.023,17.378,3.756,-0.889,0.571,0.0,1,0.0
15,37.25,745,cruise,17.378,18.277,28.978,25.277,3.701,-0.899,1.585,28.978,17.378,3.701,-0.899,0.563,0.0,1,0.0
15,37.3,746,cruise,17.378,18.298,28.933,25.298,3.635,-0.919,1.581,28.064,17.378,2.766,-0.919,0.438,0.0,0,0.05
15,37.35,747,cruise,17.378,18.317,28.886,25.317,3.569,-0.939,1.577,27.148,17.378,1.831,-0.939,0.313,0.0,0,0.1
15,37.4,748,cruise,17.378,18.319,28.839,25.319,3.52,-0.941,1.574,26.232,17.378,0.913,-0.941,0.19,0.0,0,0.15
15,37.45,749,cruise,17.378,18.295,28.793,25.295,3.497,-0.917,1.574,28.793,17.378,3.497,-0.917,0.536,0.0,1,0.0
15,37.5,750,cruise,17.378,18.255,28.748,25.255,3.494,-0.876,1.575,28.748,17.378,3.494,-0.876,0.537,0.0,1,0.0
15,37.55,751,cruise,17.378,18.231,28.705,25.231,3.474,-0.853,1.575,27.836,17.378,2.605,-0.853,0.419,0.0,0,0.05
15,37.6,752,cruise,17.378,18.22,28.663,25.22,3.443,-0.842,1.573,26.925,17.378,1.705,-0.842,0.299,0.0,0,0.1
15,37.65,753,cruise,17.377,18.2,28.622,25.2,3.421,-0.823,1.573,26.015,17.378,0.814,-0.822,0.181,0.0,0,0.15
15,37.7,754,cruise,17.377,18.162,28.582,25.162,3.42,-0.785,1.574,25.106,17.378,-0.056,-0.784,0.066,0.0,0,0.2
15,37.75,755,cruise,17.378,18.098,28.545,25.098,3.446,-0.721,1.577,28.545,17.378,3.446,-0.721,0.535,0.0,1,0.0
15,37.8,756,cruise,17.378,18.018,28.511,25.018,3.493,-0.64,1.582,27.642,17.378,2.624,-0.64,0.429,0.0,0,0.05
15,37.85,757,cruise,17.378,17.956,28.481,24.956,3.525,-0.578,1.586,26.743,17.378,1.787,-0.579,0.319,0.0,0,0.1
15,37.9,758,cruise,17.378,17.908,28.453,24.908,3.546,-0.529,1.589,25.847,17.378,0.939,-0.53,0.208,0.0,0,0.15
15,37.95,759,cruise,17.378,17.854,28.428,24.854,3.574,-0.476,1.592,24.953,17.378,0.099,-0.477,0.097,0.0,0,0.2
15,38.0,760,cruise,17.378,17.785,28.407,24.785,3.622,-0.407,1.597,28.407,17.378,3.622,-0.407,0.569,0.0,1,0.0
15,38.05,761,cruise,17.378,17.706,28.389,24.706,3.683,-0.329,1.603,27.52,17.378,2.814,-0.328,0.464,0.0,0,0.05
15,38.1,762,cruise,17.377,17.65,28.374,24.65,3.724,-0.272,1.608,28.374,17.377,3.724,-0.272,0.588,0.0,1,0.0
15,38.15,763,cruise,17.378,17.621,28.361,24.621,3.74,-0.244,1.609,27.493,17.377,2.871,-0.244,0.475,0.0,0,0.05
15,38.2,764,cruise,17.378,17.613,28.35,24.613,3.736,-0.236,1.61,28.35,17.378,3.736,-0.236,0.59,0.0,1,0.0
15,38.25,765,cruise,17.378,17.617,28.338,24.617,3.72,-0.239,1.609,28.338,17.378,3.72,-0.239,0.588,0.0,1,0.0
15,38.3,766,cruise,17.378,17.637,28.325,24.637,3.688,-0.259,1.606,27.456,17.378,2.819,-0.259,0.467,0.0,0,0.05
15,38.35,767,cruise,17.378,17.66,28.311,24.66,3.652,-0.282,1.603,28.311,17.378,3.652,-0.282,0.578,0.0,1,0.0
15,38.4,768,cruise,17.378,17.682,28.297,24.682,3.615,-0.304,1.6,27.428,17.378,2.746,-0.304,0.456,0.0,0,0.05
15,38.45,769,cruise,17.378,17.704,28.281,24.704,3.576,-0.327,1.597,26.543,17.378,1.839,-0.326,0.334,0.0,0,0.1
15,38.5,770,cruise,17.378,17.712,28.264,24.712,3.552,-0.334,1.596,25.657,17.378,0.945,-0.334,0.215,0.0,0,0.15
15,38.55,771,decelerate,17.378,17.695,28.248,24.695,3.552,-0.318,1.596,28.248,17.378,3.552,-0.318,0.563,0.0,1,0.0
15,38.6,772,decelerate,17.378,17.664,28.233,24.664,3.569,-0.286,1.598,27.364,17.378,2.7,-0.286,0.451,0.0,0,0.05
15,38.65,773,decelerate,17.339,17.643,28.218,24.643,3.575,-0.304,1.599,26.481,17.378,1.838,-0.265,0.336,0.0,0,0.1
15,38.7,774,decelerate,17.201,17.623,28.2,24.623,3.577,-0.422,1.6,28.2,17.201,3.577,-0.422,0.563,0.0,1,0.0
15,38.75,775,decelerate,16.984,17.604,28.173,24.604,3.568,-0.62,1.6,27.319,17.201,2.715,-0.403,0.449,0.0,0,0.05
15,38.8,776,decelerate,16.727,17.598,28.133,24.598,3.535,-0.871,1.599,26.439,17.201,1.842,-0.396,0.332,0.0,0,0.1
15,38.85,777,decelerate,16.524,17.586,28.081,24.586,3.495,-1.062,1.597,25.56,17.201,0.973,-0.385,0.217,0.0,0,0.15
15,38.9,778,decelerate,16.343,17.558,28.021,24.558,3.463,-1.215,1.596,24.681,17.201,0.123,-0.356,0.105,0.0,0,0.2
15,38.95,779,decelerate,16.16,17.506,27.953,24.506,3.447,-1.346,1.597,27.953,16.16,3.447,-1.346,0.515,0.0,1,0.0
15,39.0,780,decelerate,15.978,17.439,27.878,24.439,3.439,-1.461,1.599,27.079,16.16,2.64,-1.279,0.409,0.0,0,0.05
15,39.05,781,decelerate,15.801,17.388,27.797,24.388,3.409,-1.587,1.599,27.797,15.801,3.409,-1.587,0.502,0.0,1,0.0
15,39.1,782,decelerate,15.626,17.356,27.708,24.356,3.353,-1.729,1.596,26.929,15.801,2.573,-1.555,0.391,0.0,0,0.05
15,39.15,783,decelerate,15.454,17.335,27.612,24.335,3.277,-1.881,1.593,27.612,15.454,3.277,-1.881,0.474,0.0,1,0.0
15,39.2,784,decelerate,15.281,17.319,27.507,24.319,3.188,-2.038,1.588,26.746,15.454,2.426,-1.866,0.361,0.0,0,0.05
15,39.25,785,decelerate,15.109,17.306,27.394,24.306,3.088,-2.197,1.583,27.394,15.109,3.088,-2.197,0.439,0.0,1,0.0
15,39.3,786,decelerate,14.936,17.29,27.274,24.29,2.983,-2.355,1.577,26.53,15.109,2.239,-2.181,0.326,0.0,0,0.05
15,39.35,787,decelerate,14.802,17.273,27.146,24.273,2.873,-2.47,1.572,25.666,15.109,1.393,-2.164,0.214,0.0,0,0.1
15,39.4,788,decelerate,14.702,17.24,27.015,24.24,2.775,-2.539,1.567,24.804,15.109,0.564,-2.131,0.104,0.0,0,0.15
15,39.45,789,decelerate,14.623,17.185,26.883,24.185,2.698,-2.562,1.564,23.944,15.109,-0.241,-2.077,0.0,0.001,0,0.2
15,39.5,790,decelerate,14.217,17.105,26.741,24.105,2.636,-2.888,1.563,26.741,14.217,2.636,-2.888,0.355,0.0,1,0.0
15,39.55,791,decelerate,13.908,17.01,26.587,24.01,2.576,-3.102,1.563,26.587,13.908,2.576,-3.102,0.34,0.0,1,0.0
15,39.6,792,decelerate,13.652,16.932,26.424,23.932,2.492,-3.28,1.561,25.74,13.908,1.808,-3.024,0.24,0.0,0,0.05
15,39.65,793,decelerate,13.486,16.864,26.257,23.864,2.392,-3.378,1.557,26.257,13.486,2.392,-3.378,0.306,0.0,1,0.0
15,39.7,794,decelerate,13.397,16.801,26.087,23.801,2.286,-3.405,1.553,25.418,13.486,1.616,-3.316,0.205,0.0,0,0.05
15,39.75,795,decelerate,13.327,16.74,25.918,23.74,2.178,-3.413,1.548,25.918,13.327,2.178,-3.413,0.277,0.0,1,0.0
15,39.8,796,decelerate,13.239,16.677,25.748,23.677,2.071,-3.438,1.544,25.085,13.327,1.408,-3.35,0.176,0.0,0,0.05
15,39.85,797,decelerate,13.084,16.612,25.576,23.612,1.964,-3.528,1.54,24.257,13.327,0.644,-3.286,0.076,0.0,0,0.1
15,39.9,798,decelerate,12.892,16.536,25.399,23.536,1.864,-3.643,1.536,25.399,12.892,1.864,-3.643,0.227,0.0,1,0.0
15,39.95,799,decelerate,12.665,16.452,25.217,23.452,1.765,-3.787,1.533,25.217,12.665,1.765,-3.787,0.209,0.0,1,0.0
15,40.0,800,decelerate,12.461,16.374,25.027,23.374,1.654,-3.912,1.529,24.401,12.665,1.027,-3.709,0.113,0.0,0,0.05
15,40.05,801,decelerate,12.273,16.293,24.833,23.293,1.54,-4.02,1.524,24.833,12.273,1.54,-4.02,0.171,0.0,1,0.0
15,40.1,802,decelerate,12.082,16.209,24.634,23.209,1.425,-4.127,1.52,24.026,12.273,0.817,-3.935,0.078,0.0,0,0.05
15,40.15,803,decelerate,11.919,16.121,24.43,23.121,1.309,-4.202,1.515,23.223,12.273,0.102,-3.848,0.0,0.011,0,0.1
15,40.2,804,decelerate,11.749,16.02,24.223,23.02,1.203,-4.271,1.512,22.425,12.273,-0.594,-3.747,0.0,0.078,0,0.15
15,40.25,805,decelerate,11.58,15.896,24.013,22.896,1.117,-4.315,1.511,24.013,11.58,1.117,-4.315,0.105,0.0,1,0.0
15,40.3,806,decelerate,11.395,15.782,23.8,22.782,1.018,-4.387,1.508,23.228,11.58,0.445,-4.202,0.019,0.0,0,0.05
15,40.35,807,decelerate,11.231,15.673,23.585,22.673,0.911,-4.442,1.505,23.585,11.231,0.911,-4.442,0.073,0.0,1,0.0
15,40.4,808,decelerate,11.153,15.563,23.368,22.563,0.805,-4.41,1.501,22.811,11.231,0.247,-4.332,0.0,0.009,0,0.05
15,40.45,809,decelerate,11.078,15.427,23.154,22.427,0.727,-4.349,1.501,22.042,11.231,-0.385,-4.196,0.0,0.068,0,0.1
15,40.5,810,decelerate,10.758,15.236,22.938,22.236,0.702,-4.478,1.505,22.938,10.758,0.702,-4.478,0.044,0.0,1,0.0
15,40.55,811,decelerate,10.206,15.032,22.704,22.032,0.671,-4.827,1.51,22.704,10.206,0.671,-4.827,0.029,0.0,1,0.0
15,40.6,812,decelerate,9.786,14.902,22.453,21.902,0.551,-5.116,1.507,21.957,10.206,0.056,-4.696,0.0,0.037,0,0.05
15,40.65,813,decelerate,9.488,14.785,22.19,21.785,0.405,-5.297,1.501,22.19,9.488,0.405,-5.297,0.0,0.017,1,0.0
15,40.7,814,decelerate,9.315,14.668,21.922,21.668,0.255,-5.353,1.495,21.922,9.315,0.255,-5.353,0.0,0.033,1,0.0
15,40.75,815,decelerate,9.234,14.588,21.653,21.588,0.066,-5.354,1.484,21.653,9.234,0.066,-5.354,0.0,0.052,1,0.0
15,40.8,816,decelerate,9.211,14.578,21.383,21.578,-0.195,-5.366,1.467,20.924,9.234,-0.654,-5.343,0.0,0.124,0,0.05
15,40.85,817,decelerate,9.246,14.437,21.116,21.437,-0.321,-5.192,1.463,21.116,9.246,-0.321,-5.192,0.0,0.087,1,0.0
15,40.9,818,decelerate,9.323,14.12,20.867,21.12,-0.252,-4.797,1.478,20.867,9.323,-0.252,-4.797,0.0,0.07,1,0.0
15,40.95,819,decelerate,9.398,13.845,20.638,20.845,-0.208,-4.447,1.491,20.638,9.398,-0.208,-4.447,0.0,0.057,1,0.0
15,41.0,820,decelerate,9.384,13.607,20.422,20.607,-0.185,-4.224,1.501,19.954,9.398,-0.654,-4.209,0.0,0.096,0,0.05
15,41.05,821,decelerate,9.286,13.383,20.214,20.383,-0.169,-4.097,1.51,19.281,9.398,-1.102,-3.985,0.0,0.135,0,0.1
15,41.1,822,decelerate,9.132,13.165,20.012,20.165,-0.154,-4.033,1.52,20.012,9.132,-0.154,-4.033,0.0,0.042,1,0.0
15,41.15,823,decelerate,8.938,12.971,19.811,19.971,-0.16,-4.033,1.527,19.361,9.132,-0.61,-3.839,0.0,0.082,0,0.05
15,41.2,824,decelerate,8.717,12.781,19.609,19.781,-0.172,-4.063,1.534,18.72,9.132,-1.061,-3.648,0.0,0.123,0,0.1
15,41.25,825,decelerate,8.479,12.585,19.406,19.585,-0.178,-4.106,1.542,19.406,8.479,-0.178,-4.106,0.0,0.046,1,0.0
15,41.3,826,decelerate,8.227,12.407,19.2,19.407,-0.206,-4.18,1.548,19.2,8.227,-0.206,-4.18,0.0,0.051,1,0.0
15,41.35,827,decelerate,7.975,12.231,18.991,19.231,-0.239,-4.256,1.553,18.991,7.975,-0.239,-4.256,0.0,0.056,1,0.0
15,41.4,828,decelerate,7.723,12.06,18.779,19.06,-0.281,-4.337,1.557,18.779,7.723,-0.281,-4.337,0.0,0.062,1,0.0
15,41.45,829,decelerate,7.471,11.87,18.563,18.87,-0.308,-4.399,1.564,18.184,7.723,-0.686,-4.148,0.0,0.098,0,0.05
15,41.5,830,decelerate,7.29,11.692,18.344,18.692,-0.348,-4.402,1.569,17.599,7.723,-1.093,-3.969,0.0,0.134,0,0.1
15,41.55,831,decelerate,7.2,11.519,18.129,18.519,-0.39,-4.318,1.574,18.129,7.2,-0.39,-4.318,0.0,0.073,1,0.0
15,41.6,832,decelerate,6.999,11.352,17.917,18.352,-0.434,-4.353,1.578,17.561,7.2,-0.791,-4.152,0.0,0.109,0,0.05
15,41.65,833,decelerate,6.512,11.167,17.692,18.167,-0.474,-4.654,1.584,17.692,6.512,-0.474,-4.654,0.0,0.09,1,0.0
15,41.7,834,decelerate,6.001,11.139,17.446,18.139,-0.693,-5.138,1.566,17.137,6.512,-1.002,-4.627,0.0,0.142,0,0.05
15,41.75,835,decelerate,5.627,11.097,17.181,18.097,-0.916,-5.471,1.548,16.583,6.512,-1.514,-4.585,0.0,0.193,0,0.1
15,41.8,836,decelerate,5.383,10.586,16.915,17.586,-0.671,-5.203,1.598,16.915,5.383,-0.671,-5.203,0.0,0.124,1,0.0
15,41.85,837,decelerate,5.235,10.1,16.667,17.1,-0.433,-4.865,1.65,16.402,5.383,-0.697,-4.717,0.0,0.114,0,0.05
15,41.9,838,decelerate,5.148,9.696,16.434,16.696,-0.262,-4.548,1.695,16.434,5.148,-0.262,-4.548,0.0,0.067,1,0.0
15,41.95,839,decelerate,5.094,9.351,16.217,16.351,-0.134,-4.257,1.734,15.961,5.148,-0.39,-4.203,0.0,0.071,0,0.05
15,42.0,840,decelerate,5.062,9.049,16.013,16.049,-0.036,-3.987,1.77,15.504,5.148,-0.545,-3.901,0.0,0.079,0,0.1
15,42.05,841,decelerate,5.053,8.781,15.822,15.781,0.042,-3.728,1.802,15.06,5.148,-0.72,-3.632,0.0,0.09,0,0.15
15,42.1,842,decelerate,5.076,8.524,15.645,15.524,0.121,-3.449,1.835,14.63,5.148,-0.895,-3.376,0.0,0.101,0,0.2
15,42.15,843,decelerate,5.122,8.262,15.482,15.262,0.221,-3.14,1.874,15.482,5.122,0.221,-3.14,0.022,0.0,1,0.0
15,42.2,844,decelerate,5.118,8.037,15.333,15.037,0.296,-2.919,1.908,15.077,5.122,0.039,-2.915,0.005,0.0,0,0.05
15,42.25,845,decelerate,5.061,7.825,15.192,14.825,0.367,-2.764,1.942,15.192,5.061,0.367,-2.764,0.054,0.0,1,0.0
15,42.3,846,decelerate,5.018,7.619,15.059,14.619,0.44,-2.6,1.977,15.059,5.018,0.44,-2.6,0.069,0.0,1,0.0
15,42.35,847,decelerate,4.856,7.426,14.933,14.426,0.507,-2.569,2.011,14.684,5.018,0.258,-2.407,0.052,0.0,0,0.05
15,42.4,848,decelerate,4.384,7.24,14.796,14.24,0.556,-2.856,2.044,14.318,5.018,0.078,-2.222,0.034,0.0,0,0.1
15,42.45,849,decelerate,3.884,7.06,14.644,14.06,0.584,-3.176,2.074,13.962,5.018,-0.098,-2.042,0.016,0.0,0,0.15
15,42.5,850,decelerate,3.396,6.934,14.475,13.934,0.541,-3.538,2.087,13.614,5.018,-0.32,-1.916,0.0,0.007,0,0.2
15,42.55,851,decelerate,3.287,6.922,14.293,13.922,0.371,-3.635,2.065,14.293,3.287,0.371,-3.635,0.026,0.0,1,0.0
15,42.6,852,decelerate,3.296,6.788,14.113,13.788,0.325,-3.492,2.079,14.113,3.296,0.325,-3.492,0.025,0.0,1,0.0
15,42.65,853,decelerate,3.313,6.263,13.954,13.263,0.692,-2.949,2.228,13.954,3.313,0.692,-2.949,0.092,0.0,1,0.0
15,42.7,854,decelerate,3.252,5.819,13.82,12.819,1.0,-2.567,2.375,13.82,3.252,1.0,-2.567,0.146,0.0,1,0.0
15,42.75,855,decelerate,3.123,5.482,13.698,12.482,1.216,-2.359,2.499,13.698,3.123,1.216,-2.359,0.182,0.0,1,0.0
15,42.8,856,decelerate,2.97,5.2,13.585,12.2,1.385,-2.231,2.612,13.434,3.123,1.233,-2.077,0.193,0.0,0,0.05
15,42.85,857,decelerate,2.804,4.979,13.476,11.979,1.497,-2.175,2.706,13.476,2.804,1.497,-2.175,0.226,0.0,1,0.0
15,42.9,858,decelerate,2.634,4.768,13.368,11.768,1.6,-2.134,2.804,13.368,2.634,1.6,-2.134,0.241,0.0,1,0.0
15,42.95,859,decelerate,2.463,4.603,13.261,11.603,1.659,-2.139,2.881,13.261,2.463,1.659,-2.139,0.249,0.0,1,0.0
15,43.0,860,decelerate,2.296,4.473,13.153,11.473,1.68,-2.177,2.941,13.153,2.296,1.68,-2.177,0.251,0.0,1,0.0
15,43.05,861,decelerate,2.131,4.365,13.043,11.365,1.677,-2.234,2.988,12.933,2.296,1.568,-2.07,0.24,0.0,0,0.05
15,43.1,862,decelerate,1.972,4.263,12.929,11.263,1.667,-2.29,3.033,12.929,1.972,1.667,-2.29,0.246,0.0,1,0.0
15,43.15,863,decelerate,1.624,4.177,12.81,11.177,1.634,-2.552,3.067,12.81,1.624,1.634,-2.552,0.233,0.0,1,0.0
15,43.2,864,decelerate,0.367,4.094,12.647,11.094,1.554,-3.727,3.089,12.647,0.367,1.554,-3.727,0.183,0.0,1,0.0
15,43.25,865,decelerate,0.001,4.007,12.447,11.007,1.44,-4.006,3.107,12.445,0.367,1.439,-3.639,0.171,0.0,0,0.05
15,43.3,866,decelerate,0.001,3.912,12.25,10.912,1.338,-3.911,3.132,12.248,0.367,1.336,-3.544,0.16,0.0,0,0.1
15,43.35,867,decelerate,0.001,3.811,12.057,10.811,1.246,-3.81,3.164,12.055,0.367,1.244,-3.444,0.151,0.0,0,0.15
15,43.4,868,decelerate,0.001,3.707,11.87,10.707,1.163,-3.706,3.202,11.868,0.367,1.161,-3.339,0.144,0.0,0,0.2
15,43.45,869,decelerate,0.001,3.599,11.688,10.599,1.089,-3.599,3.247,11.688,0.001,1.089,-3.599,0.125,0.0,1,0.0
15,43.5,870,decelerate,0.001,3.489,11.512,10.489,1.022,-3.489,3.299,11.512,0.001,1.022,-3.488,0.12,0.0,0,0.05
15,43.55,871,decelerate,0.001,3.377,11.341,10.377,0.964,-3.376,3.358,11.341,0.001,0.964,-3.376,0.116,0.0,0,0.1
15,43.6,872,decelerate,0.0,3.263,11.175,10.263,0.912,-3.263,3.424,11.175,0.001,0.912,-3.263,0.113,0.0,0,0.15
15,43.65,873,decelerate,0.0,3.15,11.016,10.15,0.866,-3.15,3.497,11.016,0.0,0.866,-3.15,0.11,0.0,1,0.0
15,43.7,874,decelerate,0.0,3.038,10.862,10.038,0.824,-3.037,3.576,10.862,0.0,0.824,-3.037,0.109,0.0,1,0.0
15,43.75,875,decelerate,0.0,2.926,10.713,9.926,0.787,-2.926,3.661,10.713,0.0,0.787,-2.926,0.107,0.0,0,0.05
15,43.8,876,decelerate,0.0,2.816,10.57,9.816,0.754,-2.816,3.753,10.57,0.0,0.754,-2.816,0.107,0.0,0,0.1
15,43.85,877,decelerate,0.0,2.705,10.433,9.705,0.728,-2.705,3.857,10.433,0.0,0.728,-2.705,0.107,0.0,1,0.0
15,43.9,878,decelerate,0.0,2.599,10.301,9.599,0.702,-2.599,3.963,10.301,0.0,0.702,-2.599,0.107,0.0,0,0.05
15,43.95,879,decelerate,0.0,2.496,10.174,9.496,0.678,-2.496,4.076,10.174,0.0,0.678,-2.496,0.107,0.0,1,0.0
15,44.0,880,decelerate,0.0,2.396,10.052,9.396,0.657,-2.396,4.196,10.052,0.0,0.657,-2.396,0.108,0.0,0,0.05
15,44.05,881,decelerate,0.0,2.298,9.936,9.298,0.637,-2.298,4.323,9.936,0.0,0.637,-2.298,0.108,0.0,1,0.0
15,44.1,882,decelerate,0.0,2.203,9.824,9.203,0.62,-2.203,4.459,9.824,0.0,0.62,-2.203,0.109,0.0,1,0.0
15,44.15,883,stopped,0.0,2.111,9.716,9.111,0.605,-2.111,4.602,9.716,0.0,0.605,-2.111,0.11,0.0,0,0.05
15,44.2,884,stopped,0.0,2.022,9.613,9.022,0.591,-2.022,4.753,9.613,0.0,0.591,-2.022,0.111,0.0,0,0.1
15,44.25,885,stopped,0.0,1.937,9.515,8.937,0.578,-1.937,4.913,9.515,0.0,0.578,-1.937,0.113,0.0,1,0.0
15,44.3,886,stopped,0.0,1.854,9.42,8.854,0.566,-1.854,5.081,9.42,0.0,0.566,-1.854,0.114,0.0,1,0.0
15,44.35,887,stopped,0.0,1.775,9.33,8.775,0.555,-1.775,5.257,9.33,0.0,0.555,-1.775,0.115,0.0,0,0.05
15,44.4,888,stopped,0.0,1.698,9.244,8.698,0.546,-1.698,5.443,9.244,0.0,0.546,-1.698,0.116,0.0,0,0.1
15,44.45,889,stopped,0.0,1.624,9.161,8.624,0.537,-1.624,5.642,9.161,0.0,0.537,-1.624,0.118,0.0,1,0.0
15,44.5,890,stopped,0.0,1.554,9.082,8.554,0.528,-1.554,5.845,9.082,0.0,0.528,-1.554,0.119,0.0,0,0.05
15,44.55,891,stopped,0.0,1.487,9.006,8.487,0.519,-1.487,6.055,9.006,0.0,0.519,-1.487,0.12,0.0,1,0.0
15,44.6,892,stopped,0.0,1.424,8.934,8.424,0.509,-1.424,6.272,8.934,0.0,0.509,-1.424,0.12,0.0,1,0.0
15,44.65,893,stopped,0.0,1.364,8.864,8.364,0.5,-1.364,6.497,8.864,0.0,0.5,-1.364,0.121,0.0,1,0.0
15,44.7,894,stopped,0.0,1.307,8.798,8.307,0.491,-1.307,6.733,8.798,0.0,0.491,-1.307,0.122,0.0,0,0.05
15,44.75,895,stopped,0.0,1.256,8.734,8.256,0.478,-1.256,6.956,8.734,0.0,0.478,-1.256,0.122,0.0,0,0.1
15,44.8,896,stopped,0.0,1.214,8.672,8.214,0.459,-1.214,7.146,8.672,0.0,0.459,-1.214,0.121,0.0,1,0.0
15,44.85,897,stopped,0.0,1.174,8.613,8.174,0.439,-1.174,7.337,8.613,0.0,0.439,-1.174,0.119,0.0,1,0.0
15,44.9,898,stopped,0.0,1.135,8.555,8.135,0.42,-1.135,7.536,8.555,0.0,0.42,-1.135,0.118,0.0,1,0.0
15,44.95,899,stopped,0.0,1.098,8.5,8.098,0.402,-1.098,7.742,8.5,0.0,0.402,-1.098,0.117,0.0,0,0.05
15,45.0,900,stopped,0.0,1.061,8.446,8.061,0.384,-1.061,7.957,8.446,0.0,0.384,-1.061,0.116,0.0,1,0.0
15,45.05,901,stopped,0.0,1.025,8.394,8.025,0.368,-1.025,8.185,8.394,0.0,0.368,-1.025,0.115,0.0,1,0.0
15,45.1,902,stopped,0.0,0.99,8.344,7.99,0.354,-0.99,8.428,8.344,0.0,0.354,-0.99,0.114,0.0,0,0.05
15,45.15,903,stopped,0.0,0.956,8.295,7.956,0.339,-0.956,8.68,8.295,0.0,0.339,-0.956,0.113,0.0,0,0.1
15,45.2,904,stopped,0.0,0.925,8.248,7.925,0.323,-0.925,8.918,8.248,0.0,0.323,-0.925,0.112,0.0,1,0.0
15,45.25,905,stopped,0.0,0.897,8.203,7.897,0.306,-0.897,9.149,8.203,0.0,0.306,-0.897,0.111,0.0,1,0.0
15,45.3,906,stopped,0.0,0.869,8.159,7.869,0.29,-0.869,9.394,8.159,0.0,0.29,-0.869,0.11,0.0,1,0.0
15,45.35,907,stopped,0.0,0.832,8.117,7.832,0.285,-0.832,9.76,8.117,0.0,0.285,-0.832,0.11,0.0,0,0.05
15,45.4,908,stopped,0.0,0.798,8.076,7.798,0.278,-0.798,10.117,8.076,0.0,0.278,-0.798,0.11,0.0,1,0.0
15,45.45,909,stopped,0.0,0.764,8.037,7.764,0.273,-0.764,10.516,8.037,0.0,0.273,-0.764,0.111,0.0,0,0.05
15,45.5,910,stopped,0.0,0.744,7.999,7.744,0.255,-0.744,10.745,7.999,0.0,0.255,-0.744,0.109,0.0,1,0.0
15,45.55,911,stopped,0.0,0.731,7.963,7.731,0.232,-0.731,10.898,7.963,0.0,0.232,-0.731,0.107,0.0,1,0.0
15,45.6,912,stopped,0.0,0.691,7.928,7.691,0.237,-0.691,11.475,7.928,0.0,0.237,-0.691,0.109,0.0,0,0.05
15,45.65,913,stopped,0.0,0.673,7.894,7.673,0.221,-0.673,11.726,7.894,0.0,0.221,-0.673,0.107,0.0,1,0.0
15,45.7,914,stopped,0.0,0.661,7.862,7.661,0.2,-0.661,11.886,7.862,0.0,0.2,-0.661,0.105,0.0,1,0.0
15,45.75,915,stopped,0.0,0.585,7.831,7.585,0.245,-0.585,13.379,7.831,0.0,0.245,-0.585,0.113,0.0,0,0.05
15,45.8,916,stopped,0.0,0.61,7.801,7.61,0.191,-0.61,12.786,7.801,0.0,0.191,-0.61,0.105,0.0,1,0.0
15,45.85,917,stopped,0.0,0.558,7.772,7.558,0.214,-0.558,13.918,7.772,0.0,0.214,-0.558,0.11,0.0,1,0.0
15,45.9,918,stopped,0.0,0.569,7.744,7.569,0.175,-0.569,13.611,7.744,0.0,0.175,-0.569,0.104,0.0,0,0.05
15,45.95,919,stopped,0.0,0.519,7.718,7.519,0.199,-0.519,14.86,7.718,0.0,0.199,-0.519,0.109,0.0,0,0.1
15,46.0,920,stopped,0.0,0.506,7.693,7.506,0.187,-0.506,15.211,7.693,0.0,0.187,-0.506,0.108,0.0,1,0.0
15,46.05,921,stopped,0.0,0.509,7.668,7.509,0.159,-0.509,15.063,7.668,0.0,0.159,-0.509,0.104,0.0,0,0.05
15,46.1,922,stopped,0.0,0.467,7.645,7.467,0.177,-0.467,16.354,7.645,0.0,0.177,-0.467,0.108,0.0,0,0.1
15,46.15,923,stopped,0.0,0.47,7.622,7.47,0.152,-0.47,16.231,7.622,0.0,0.152,-0.47,0.105,0.0,1,0.0
15,46.2,924,stopped,0.0,0.434,7.6,7.434,0.166,-0.434,17.51,7.6,0.0,0.166,-0.434,0.108,0.0,1,0.0
15,46.25,925,stopped,0.0,0.405,7.579,7.405,0.174,-0.405,18.72,7.579,0.0,0.174,-0.405,0.11,0.0,1,0.0
15,46.3,926,stopped,0.0,0.362,7.559,7.362,0.197,-0.362,20.857,7.559,0.0,0.197,-0.362,0.114,0.0,0,0.05
15,46.35,927,stopped,0.0,0.401,7.54,7.401,0.139,-0.401,18.8,7.54,0.0,0.139,-0.401,0.105,0.0,1,0.0
15,46.4,928,stopped,0.0,0.332,7.522,7.332,0.189,-0.332,22.629,7.522,0.0,0.189,-0.332,0.114,0.0,1,0.0
15,46.45,929,stopped,0.0,0.341,7.504,7.341,0.163,-0.34,22.037,7.504,0.0,0.163,-0.34,0.11,0.0,0,0.05
15,46.5,930,stopped,0.0,0.357,7.487,7.357,0.13,-0.357,20.974,7.487,0.0,0.13,-0.357,0.105,0.0,1,0.0
15,46.55,931,stopped,0.0,0.308,7.471,7.308,0.162,-0.308,24.228,7.471,0.0,0.162,-0.308,0.111,0.0,0,0.05
15,46.6,932,stopped,0.0,0.295,7.455,7.295,0.16,-0.295,25.266,7.455,0.0,0.16,-0.295,0.112,0.0,1,0.0
15,46.65,933,stopped,0.0,0.311,7.44,7.311,0.13,-0.311,23.952,7.44,0.0,0.13,-0.311,0.107,0.0,0,0.05
15,46.7,934,stopped,0.0,0.304,7.426,7.304,0.122,-0.304,24.449,7.426,0.0,0.122,-0.304,0.106,0.0,1,0.0
15,46.75,935,stopped,0.0,0.282,7.412,7.282,0.13,-0.282,26.292,7.412,0.0,0.13,-0.282,0.108,0.0,1,0.0
15,46.8,936,stopped,0.0,0.248,7.399,7.248,0.151,-0.247,29.893,7.399,0.0,0.151,-0.247,0.112,0.0,0,0.05
15,46.85,937,stopped,0.0,0.21,7.386,7.21,0.176,-0.21,35.187,7.386,0.0,0.176,-0.21,0.116,0.0,1,0.0
15,46.9,938,stopped,0.0,0.236,7.374,7.236,0.138,-0.236,31.271,7.374,0.0,0.138,-0.236,0.111,0.0,1,0.0
15,46.95,939,stopped,0.0,0.259,7.362,7.259,0.103,-0.259,28.469,7.362,0.0,0.103,-0.259,0.105,0.0,0,0.05
15,47.0,940,stopped,0.0,0.21,7.351,7.21,0.142,-0.21,35.045,7.351,0.0,0.142,-0.21,0.112,0.0,1,0.0
15,47.05,941,stopped,0.0,0.172,7.341,7.172,0.169,-0.172,42.733,7.341,0.0,0.169,-0.172,0.117,0.0,0,0.05
15,47.1,942,stopped,0.0,0.195,7.331,7.195,0.135,-0.195,37.499,7.331,0.0,0.135,-0.195,0.112,0.0,1,0.0
15,47.15,943,stopped,0.0,0.173,7.322,7.173,0.149,-0.173,42.363,7.322,0.0,0.149,-0.173,0.114,0.0,0,0.05
15,47.2,944,stopped,0.0,0.209,7.312,7.209,0.103,-0.209,34.983,7.312,0.0,0.103,-0.209,0.107,0.0,1,0.0
15,47.25,945,stopped,0.0,0.149,7.304,7.149,0.155,-0.149,49.103,7.304,0.0,0.155,-0.149,0.116,0.0,0,0.05
15,47.3,946,stopped,0.0,0.138,7.296,7.138,0.158,-0.138,52.907,7.296,0.0,0.158,-0.138,0.116,0.0,1,0.0
15,47.35,947,stopped,0.0,0.161,7.288,7.161,0.127,-0.161,45.239,7.288,0.0,0.127,-0.161,0.112,0.0,0,0.05
