episode,time_sec,tick,leader_phase,leader_speed_mps,follower_speed_mps,distance_m,desired_distance_m,spacing_error_m,relative_velocity_mps,thw_sec,observed_distance_m,observed_lead_speed_mps,control_spacing_error_m,control_relative_velocity_mps,throttle,brake,comm_success,time_since_last_comm_success_sec
8,0.05,1,accelerate,0.0,0.0,12.825,7.0,5.825,0.0,128.247,12.825,0.0,5.825,0.0,0.778,0.0,0,0.05
8,0.1,2,accelerate,0.003,0.003,12.825,7.003,5.822,0.0,128.247,12.825,0.003,5.822,0.0,0.778,0.0,1,0.0
8,0.15,3,accelerate,0.001,0.001,12.825,7.001,5.824,0.0,128.247,12.825,0.001,5.824,0.0,0.779,0.0,1,0.0
8,0.2,4,accelerate,0.0,0.0,12.825,7.0,5.825,-0.0,128.247,12.825,0.001,5.825,0.001,0.781,0.0,0,0.05
8,0.25,5,accelerate,0.0,0.001,12.825,7.001,5.824,-0.0,128.247,12.825,0.001,5.824,0.0,0.781,0.0,0,0.1
8,0.3,6,accelerate,0.001,0.001,12.825,7.001,5.824,-0.0,128.247,12.825,0.001,5.824,-0.0,0.782,0.0,1,0.0
8,0.35,7,accelerate,0.001,0.001,12.825,7.001,5.824,-0.0,128.247,12.825,0.001,5.824,0.0,0.783,0.0,0,0.05
8,0.4,8,accelerate,0.0,0.0,12.825,7.0,5.824,-0.0,128.247,12.825,0.0,5.824,-0.0,0.784,0.0,1,0.0
8,0.45,9,accelerate,0.0,0.0,12.825,7.0,5.824,-0.0,128.247,12.825,0.0,5.824,-0.0,0.785,0.0,1,0.0
8,0.5,10,accelerate,0.0,0.0,12.825,7.0,5.825,-0.0,128.247,12.825,0.0,5.825,0.0,0.786,0.0,0,0.05
8,0.55,11,accelerate,0.0,0.0,12.825,7.0,5.825,-0.0,128.247,12.825,0.0,5.825,-0.0,0.787,0.0,1,0.0
8,0.6,12,accelerate,0.0,0.0,12.825,7.0,5.825,-0.0,128.247,12.825,0.0,5.825,-0.0,0.788,0.0,1,0.0
8,0.65,13,accelerate,0.158,0.305,12.82,7.305,5.515,-0.146,42.097,12.818,0.0,5.514,-0.304,0.738,0.0,0,0.05
8,0.7,14,accelerate,0.518,0.628,12.815,7.628,5.187,-0.11,20.408,12.815,0.518,5.187,-0.11,0.701,0.0,1,0.0
8,0.75,15,accelerate,0.821,0.892,12.812,7.892,4.92,-0.071,14.362,12.812,0.821,4.92,-0.071,0.668,0.0,1,0.0
8,0.8,16,accelerate,1.035,1.033,12.814,8.033,4.781,0.002,12.403,12.814,1.035,4.781,0.002,0.653,0.0,1,0.0
8,0.85,17,accelerate,1.162,1.148,12.815,8.148,4.667,0.014,11.159,12.815,1.162,4.667,0.014,0.639,0.0,1,0.0
8,0.9,18,accelerate,1.301,1.272,12.819,8.272,4.547,0.029,10.079,12.819,1.301,4.547,0.029,0.624,0.0,1,0.0
8,0.95,19,accelerate,1.417,1.317,12.824,8.317,4.507,0.1,9.737,12.824,1.417,4.507,0.1,0.622,0.0,1,0.0
8,1.0,20,accelerate,1.543,1.443,12.831,8.443,4.388,0.1,8.892,12.831,1.543,4.388,0.1,0.606,0.0,1,0.0
8,1.05,21,accelerate,1.645,1.498,12.84,8.498,4.342,0.147,8.573,12.84,1.645,4.342,0.147,0.603,0.0,1,0.0
8,1.1,22,accelerate,1.806,1.618,12.85,8.618,4.232,0.188,7.944,12.763,1.645,4.146,0.027,0.573,0.0,0,0.05
8,1.15,23,accelerate,1.917,1.689,12.863,8.689,4.173,0.228,7.614,12.683,1.645,3.994,-0.045,0.551,0.0,0,0.1
8,1.2,24,accelerate,2.082,1.755,12.879,8.755,4.124,0.327,7.339,12.6,1.645,3.845,-0.11,0.53,0.0,0,0.15
8,1.25,25,accelerate,2.228,1.822,12.9,8.822,4.079,0.407,7.082,12.9,2.228,4.079,0.407,0.579,0.0,1,0.0
8,1.3,26,accelerate,2.418,1.884,12.927,8.884,4.043,0.534,6.863,12.927,2.418,4.043,0.534,0.579,0.0,1,0.0
8,1.35,27,accelerate,2.584,1.955,12.959,8.955,4.004,0.629,6.627,12.834,2.418,3.878,0.463,0.555,0.0,0,0.05
8,1.4,28,accelerate,2.755,2.026,12.996,9.026,3.97,0.729,6.415,12.737,2.418,3.711,0.392,0.531,0.0,0,0.1
8,1.45,29,accelerate,2.842,2.101,13.036,9.101,3.935,0.742,6.206,12.637,2.418,3.536,0.317,0.506,0.0,0,0.15
8,1.5,30,accelerate,2.887,2.168,13.075,9.168,3.907,0.719,6.031,12.533,2.418,3.365,0.25,0.482,0.0,0,0.2
8,1.55,31,accelerate,2.886,2.234,13.112,9.234,3.878,0.653,5.87,13.112,2.886,3.878,0.653,0.564,0.0,1,0.0
8,1.6,32,accelerate,2.919,2.295,13.146,9.295,3.852,0.624,5.729,13.002,2.886,3.707,0.592,0.54,0.0,0,0.05
8,1.65,33,accelerate,2.98,2.351,13.18,9.351,3.829,0.629,5.605,13.18,2.98,3.829,0.629,0.558,0.0,1,0.0
8,1.7,34,accelerate,3.108,2.4,13.216,9.4,3.816,0.709,5.507,13.064,2.98,3.664,0.58,0.535,0.0,0,0.05
8,1.75,35,accelerate,3.256,2.465,13.256,9.465,3.791,0.791,5.378,12.945,2.98,3.48,0.515,0.509,0.0,0,0.1
8,1.8,36,accelerate,3.447,2.543,13.301,9.543,3.758,0.904,5.231,12.822,2.98,3.279,0.437,0.48,0.0,0,0.15
8,1.85,37,accelerate,3.624,2.619,13.351,9.619,3.732,1.005,5.099,13.351,3.624,3.732,1.005,0.56,0.0,1,0.0
8,1.9,38,accelerate,3.752,2.686,13.405,9.686,3.719,1.066,4.991,13.405,3.752,3.719,1.066,0.561,0.0,1,0.0
8,1.95,39,accelerate,3.783,2.766,13.459,9.766,3.693,1.017,4.866,13.271,3.752,3.505,0.986,0.53,0.0,0,0.05
8,2.0,40,accelerate,3.783,2.843,13.508,9.843,3.666,0.94,4.752,13.132,3.752,3.289,0.909,0.499,0.0,0,0.1
8,2.05,41,accelerate,3.797,2.921,13.555,9.921,3.633,0.876,4.64,12.989,3.752,3.068,0.83,0.468,0.0,0,0.15
8,2.1,42,accelerate,3.888,2.987,13.6,9.987,3.613,0.901,4.553,13.6,3.888,3.613,0.901,0.543,0.0,1,0.0
8,2.15,43,accelerate,4.026,3.056,13.648,10.056,3.592,0.97,4.466,13.648,4.026,3.592,0.97,0.544,0.0,1,0.0
8,2.2,44,accelerate,4.199,3.127,13.701,10.127,3.573,1.072,4.381,13.495,4.026,3.367,0.898,0.512,0.0,0,0.05
8,2.25,45,accelerate,4.381,3.205,13.758,10.205,3.554,1.176,4.293,13.758,4.381,3.554,1.176,0.546,0.0,1,0.0
8,2.3,46,accelerate,4.541,3.28,13.821,10.28,3.541,1.26,4.213,13.821,4.541,3.541,1.26,0.548,0.0,1,0.0
8,2.35,47,accelerate,4.619,3.365,13.885,10.365,3.52,1.253,4.126,13.885,4.619,3.52,1.253,0.546,0.0,1,0.0
8,2.4,48,accelerate,4.628,3.451,13.947,10.451,3.496,1.177,4.042,13.947,4.628,3.496,1.177,0.541,0.0,1,0.0
8,2.45,49,accelerate,4.627,3.54,14.004,10.54,3.463,1.086,3.955,14.004,4.627,3.463,1.086,0.534,0.0,1,0.0
8,2.5,50,accelerate,4.685,3.627,14.058,10.627,3.431,1.058,3.876,14.058,4.685,3.431,1.058,0.529,0.0,1,0.0
8,2.55,51,accelerate,4.803,3.701,14.113,10.701,3.413,1.102,3.814,14.113,4.803,3.413,1.102,0.529,0.0,1,0.0
8,2.6,52,accelerate,4.956,3.781,14.171,10.781,3.39,1.175,3.748,14.171,4.956,3.39,1.175,0.529,0.0,1,0.0
8,2.65,53,accelerate,5.128,3.867,14.233,10.867,3.367,1.261,3.681,14.233,5.128,3.367,1.261,0.529,0.0,1,0.0
8,2.7,54,accelerate,5.243,3.946,14.299,10.946,3.352,1.296,3.623,14.038,5.128,3.092,1.182,0.49,0.0,0,0.05
8,2.75,55,accelerate,5.09,4.022,14.357,11.022,3.335,1.068,3.57,13.839,5.128,2.817,1.106,0.452,0.0,0,0.1
8,2.8,56,accelerate,5.093,4.082,14.409,11.082,3.327,1.012,3.53,14.409,5.093,3.327,1.012,0.517,0.0,1,0.0
8,2.85,57,accelerate,5.0,4.139,14.456,11.139,3.317,0.861,3.493,14.204,5.093,3.065,0.955,0.481,0.0,0,0.05
8,2.9,58,accelerate,5.459,4.195,14.512,11.195,3.317,1.264,3.459,14.512,5.459,3.317,1.264,0.525,0.0,1,0.0
8,2.95,59,accelerate,5.818,4.255,14.585,11.255,3.331,1.563,3.428,14.585,5.818,3.331,1.563,0.537,0.0,1,0.0
8,3.0,60,accelerate,5.924,4.308,14.666,11.308,3.358,1.616,3.405,14.666,5.924,3.358,1.616,0.543,0.0,1,0.0
8,3.05,61,accelerate,5.894,4.385,14.744,11.385,3.359,1.508,3.362,14.744,5.894,3.359,1.508,0.54,0.0,1,0.0
8,3.1,62,accelerate,5.845,4.463,14.816,11.463,3.353,1.382,3.32,14.816,5.845,3.353,1.382,0.536,0.0,1,0.0
8,3.15,63,accelerate,5.815,4.541,14.882,11.541,3.341,1.274,3.277,14.591,5.845,3.05,1.305,0.494,0.0,0,0.05
8,3.2,64,accelerate,5.815,4.611,14.944,11.611,3.333,1.204,3.241,14.362,5.845,2.751,1.234,0.452,0.0,0,0.1
8,3.25,65,accelerate,5.848,4.667,15.003,11.667,3.336,1.181,3.215,15.003,5.848,3.336,1.181,0.529,0.0,1,0.0
8,3.3,66,accelerate,5.915,4.719,15.063,11.719,3.344,1.196,3.192,15.063,5.915,3.344,1.196,0.531,0.0,1,0.0
8,3.35,67,accelerate,6.014,4.764,15.125,11.764,3.361,1.25,3.175,14.826,5.915,3.062,1.151,0.492,0.0,0,0.05
8,3.4,68,accelerate,6.142,4.827,15.189,11.827,3.363,1.315,3.147,15.189,6.142,3.363,1.315,0.538,0.0,1,0.0
8,3.45,69,accelerate,6.136,4.889,15.253,11.889,3.365,1.247,3.12,15.253,6.136,3.365,1.247,0.537,0.0,1,0.0
8,3.5,70,accelerate,6.131,4.955,15.314,11.955,3.358,1.176,3.09,15.314,6.131,3.358,1.176,0.534,0.0,1,0.0
8,3.55,71,accelerate,6.633,5.024,15.382,12.024,3.358,1.609,3.062,15.382,6.633,3.358,1.609,0.549,0.0,1,0.0
8,3.6,72,accelerate,7.16,5.094,15.477,12.094,3.383,2.065,3.038,15.129,6.633,3.035,1.539,0.504,0.0,0,0.05
8,3.65,73,accelerate,7.555,5.03,15.594,12.03,3.564,2.525,3.1,14.876,6.633,2.846,1.603,0.482,0.0,0,0.1
8,3.7,74,accelerate,7.722,5.063,15.727,12.063,3.664,2.659,3.106,15.727,7.722,3.664,2.659,0.626,0.0,1,0.0
8,3.75,75,accelerate,7.703,5.065,15.861,12.065,3.797,2.638,3.132,15.861,7.703,3.797,2.638,0.644,0.0,1,0.0
8,3.8,76,accelerate,7.626,5.039,15.991,12.039,3.952,2.587,3.174,15.608,7.703,3.569,2.664,0.615,0.0,0,0.05
8,3.85,77,accelerate,7.518,4.995,16.118,11.995,4.124,2.523,3.227,16.118,7.518,4.124,2.523,0.685,0.0,1,0.0
8,3.9,78,accelerate,7.405,5.241,16.232,12.241,3.991,2.164,3.097,16.232,7.405,3.991,2.164,0.656,0.0,1,0.0
8,3.95,79,accelerate,7.305,5.205,16.339,12.205,4.133,2.1,3.139,15.972,7.405,3.766,2.199,0.628,0.0,0,0.05
8,4.0,80,accelerate,7.248,5.186,16.442,12.186,4.256,2.062,3.17,16.442,7.248,4.256,2.062,0.689,0.0,1,0.0
8,4.05,81,accelerate,7.239,5.183,16.545,12.183,4.362,2.056,3.192,16.545,7.239,4.362,2.056,0.704,0.0,1,0.0
8,4.1,82,accelerate,7.276,5.201,16.649,12.201,4.447,2.075,3.201,16.286,7.239,4.084,2.038,0.667,0.0,0,0.05
8,4.15,83,accelerate,7.341,5.249,16.753,12.249,4.503,2.091,3.191,16.024,7.239,3.775,1.99,0.625,0.0,0,0.1
8,4.2,84,accelerate,7.448,5.316,16.858,12.316,4.542,2.132,3.171,15.76,7.239,3.443,1.923,0.579,0.0,0,0.15
8,4.25,85,accelerate,7.583,5.39,16.967,12.39,4.576,2.193,3.148,15.492,7.239,3.102,1.849,0.532,0.0,0,0.2
8,4.3,86,accelerate,7.741,5.464,17.079,12.464,4.615,2.277,3.126,15.22,7.239,2.756,1.776,0.483,0.0,0,0.25
8,4.35,87,accelerate,7.905,5.528,17.195,12.528,4.667,2.378,3.111,17.195,7.905,4.667,2.378,0.759,0.0,1,0.0
8,4.4,88,accelerate,8.086,5.587,17.317,12.587,4.73,2.499,3.099,17.317,8.086,4.73,2.499,0.772,0.0,1,0.0
8,4.45,89,accelerate,8.279,5.675,17.445,12.675,4.771,2.604,3.074,17.036,8.086,4.361,2.412,0.721,0.0,0,0.05
8,4.5,90,accelerate,8.479,5.795,17.578,12.795,4.783,2.684,3.033,17.578,8.479,4.783,2.684,0.787,0.0,1,0.0
8,4.55,91,accelerate,8.672,5.939,17.713,12.939,4.774,2.733,2.982,17.713,8.672,4.774,2.733,0.788,0.0,1,0.0
8,4.6,92,accelerate,8.875,5.933,17.854,12.933,4.922,2.942,3.01,17.416,8.672,4.483,2.74,0.751,0.0,0,0.05
8,4.65,93,accelerate,9.083,5.927,18.007,12.927,5.079,3.156,3.038,18.007,9.083,5.079,3.156,0.845,0.0,1,0.0
8,4.7,94,accelerate,9.294,6.449,18.157,13.449,4.708,2.845,2.815,17.698,9.083,4.249,2.634,0.717,0.0,0,0.05
8,4.75,95,accelerate,9.471,7.023,18.284,14.023,4.262,2.449,2.604,17.357,9.083,3.334,2.06,0.577,0.0,0,0.1
8,4.8,96,accelerate,9.572,7.433,18.394,14.433,3.961,2.14,2.475,16.992,9.083,2.56,1.65,0.46,0.0,0,0.15
8,4.85,97,accelerate,9.588,7.715,18.489,14.715,3.774,1.872,2.396,18.489,9.588,3.774,1.872,0.63,0.0,1,0.0
8,4.9,98,accelerate,9.536,7.861,18.573,14.861,3.712,1.675,2.363,18.099,9.588,3.238,1.726,0.554,0.0,0,0.05
8,4.95,99,accelerate,9.505,7.991,18.647,14.991,3.656,1.514,2.333,18.647,9.505,3.656,1.514,0.604,0.0,1,0.0
8,5.0,100,accelerate,9.53,8.108,18.715,15.108,3.607,1.422,2.308,18.244,9.505,3.136,1.397,0.531,0.0,0,0.05
8,5.05,101,accelerate,9.595,8.215,18.779,15.215,3.564,1.379,2.286,18.779,9.595,3.564,1.379,0.588,0.0,1,0.0
8,5.1,102,accelerate,9.682,8.312,18.842,15.312,3.529,1.37,2.267,18.842,9.682,3.529,1.37,0.584,0.0,1,0.0
8,5.15,103,accelerate,9.807,8.407,18.904,15.407,3.496,1.4,2.248,18.424,9.682,3.016,1.275,0.513,0.0,0,0.05
8,5.2,104,accelerate,9.966,8.495,18.968,15.495,3.472,1.471,2.233,18.968,9.966,3.472,1.471,0.581,0.0,1,0.0
8,5.25,105,accelerate,10.118,8.575,19.034,15.575,3.459,1.544,2.22,19.034,10.118,3.459,1.544,0.582,0.0,1,0.0
8,5.3,106,accelerate,10.302,8.656,19.103,15.656,3.447,1.646,2.207,18.604,10.118,2.948,1.463,0.511,0.0,0,0.05
8,5.35,107,accelerate,10.492,8.733,19.177,15.733,3.444,1.759,2.196,18.169,10.118,2.437,1.386,0.441,0.0,0,0.1
8,5.4,108,accelerate,10.664,8.794,19.255,15.794,3.461,1.87,2.19,19.255,10.664,3.461,1.87,0.594,0.0,1,0.0
8,5.45,109,accelerate,10.69,8.844,19.332,15.844,3.488,1.846,2.186,18.815,10.664,2.971,1.82,0.528,0.0,0,0.05
8,5.5,110,accelerate,10.644,8.9,19.407,15.9,3.507,1.745,2.181,19.407,10.644,3.507,1.745,0.597,0.0,1,0.0
8,5.55,111,accelerate,10.944,8.958,19.484,15.958,3.527,1.986,2.175,18.963,10.644,3.005,1.687,0.529,0.0,0,0.05
8,5.6,112,accelerate,11.276,9.02,19.577,16.02,3.557,2.256,2.17,18.516,10.644,2.496,1.624,0.459,0.0,0,0.1
8,5.65,113,accelerate,11.476,9.073,19.676,16.073,3.603,2.403,2.169,19.676,11.476,3.603,2.403,0.634,0.0,1,0.0
8,5.7,114,accelerate,11.466,9.121,19.774,16.121,3.653,2.345,2.168,19.225,11.476,3.105,2.355,0.566,0.0,0,0.05
8,5.75,115,accelerate,11.413,9.18,19.865,16.18,3.684,2.232,2.164,19.865,11.413,3.684,2.232,0.64,0.0,1,0.0
8,5.8,116,accelerate,11.355,9.248,19.951,16.248,3.703,2.106,2.157,19.41,11.413,3.162,2.164,0.569,0.0,0,0.05
8,5.85,117,accelerate,11.294,9.325,20.031,16.325,3.705,1.969,2.148,20.031,11.294,3.705,1.969,0.635,0.0,1,0.0
8,5.9,118,accelerate,11.275,9.406,20.103,16.406,3.697,1.869,2.137,20.103,11.275,3.697,1.869,0.631,0.0,1,0.0
8,5.95,119,accelerate,11.316,9.494,20.172,16.494,3.678,1.822,2.125,20.172,11.316,3.678,1.822,0.628,0.0,1,0.0
8,6.0,120,accelerate,11.396,9.591,20.241,16.591,3.65,1.804,2.11,19.705,11.316,3.114,1.724,0.55,0.0,0,0.05
8,6.05,121,accelerate,11.469,9.687,20.311,16.687,3.624,1.782,2.097,19.234,11.316,2.547,1.629,0.472,0.0,0,0.1
8,6.1,122,accelerate,11.57,9.764,20.379,16.764,3.615,1.806,2.087,18.759,11.316,1.995,1.551,0.396,0.0,0,0.15
8,6.15,123,accelerate,11.639,9.802,20.446,16.802,3.644,1.837,2.086,18.282,11.316,1.48,1.514,0.326,0.0,0,0.2
8,6.2,124,accelerate,11.773,9.821,20.514,16.821,3.693,1.952,2.089,20.514,11.773,3.693,1.952,0.636,0.0,1,0.0
8,6.25,125,accelerate,11.913,9.821,20.593,16.821,3.772,2.092,2.097,20.042,11.773,3.221,1.952,0.574,0.0,0,0.05
8,6.3,126,accelerate,12.031,9.836,20.678,16.836,3.843,2.196,2.102,20.678,12.031,3.843,2.196,0.666,0.0,1,0.0
8,6.35,127,accelerate,12.157,9.86,20.767,16.86,3.907,2.297,2.106,20.767,12.157,3.907,2.297,0.678,0.0,1,0.0
8,6.4,128,accelerate,12.305,9.924,20.861,16.924,3.938,2.381,2.102,20.295,12.157,3.372,2.234,0.605,0.0,0,0.05
8,6.45,129,accelerate,12.41,10.006,20.959,17.006,3.952,2.404,2.095,19.821,12.157,2.814,2.151,0.529,0.0,0,0.1
8,6.5,130,accelerate,12.543,10.071,21.057,17.071,3.986,2.472,2.091,19.342,12.157,2.271,2.087,0.454,0.0,0,0.15
8,6.55,131,accelerate,12.688,10.131,21.16,17.131,4.03,2.557,2.089,18.859,12.157,1.728,2.027,0.38,0.0,0,0.2
8,6.6,132,accelerate,12.796,10.164,21.269,17.164,4.104,2.632,2.092,21.269,12.796,4.104,2.632,0.718,0.0,1,0.0
8,6.65,133,accelerate,12.924,10.185,21.382,17.185,4.197,2.739,2.099,21.382,12.924,4.197,2.739,0.735,0.0,1,0.0
8,6.7,134,accelerate,13.005,10.218,21.498,17.218,4.279,2.786,2.104,21.498,13.005,4.279,2.786,0.748,0.0,1,0.0
8,6.75,135,accelerate,13.139,10.303,21.613,17.303,4.31,2.836,2.098,21.02,13.005,3.717,2.702,0.671,0.0,0,0.05
8,6.8,136,accelerate,13.289,10.417,21.734,17.417,4.317,2.872,2.086,20.537,13.005,3.12,2.587,0.588,0.0,0,0.1
8,6.85,137,accelerate,13.401,10.513,21.857,17.513,4.344,2.888,2.079,21.857,13.401,4.344,2.888,0.762,0.0,1,0.0
8,6.9,138,accelerate,13.524,10.626,21.979,17.626,4.353,2.898,2.068,21.979,13.524,4.353,2.898,0.764,0.0,1,0.0
8,6.95,139,accelerate,13.598,10.771,22.098,17.771,4.327,2.827,2.052,22.098,13.598,4.327,2.827,0.759,0.0,1,0.0
8,7.0,140,accelerate,13.729,10.914,22.214,17.914,4.3,2.814,2.035,21.601,13.598,3.687,2.684,0.669,0.0,0,0.05
8,7.05,141,accelerate,13.878,10.881,22.338,17.881,4.458,2.998,2.053,22.338,13.878,4.458,2.998,0.783,0.0,1,0.0
8,7.1,142,accelerate,13.987,10.875,22.47,17.875,4.595,3.112,2.066,22.47,13.987,4.595,3.112,0.806,0.0,1,0.0
8,7.15,143,accelerate,14.108,11.213,22.598,18.213,4.386,2.896,2.015,21.968,13.987,3.755,2.775,0.684,0.0,0,0.05
8,7.2,144,accelerate,14.177,11.554,22.711,18.554,4.156,2.623,1.966,22.711,14.177,4.156,2.623,0.733,0.0,1,0.0
8,7.25,145,accelerate,14.301,11.831,22.815,18.831,3.983,2.47,1.928,22.181,14.177,3.35,2.346,0.617,0.0,0,0.05
8,7.3,146,accelerate,14.446,12.017,22.919,19.017,3.901,2.429,1.907,22.919,14.446,3.901,2.429,0.694,0.0,1,0.0
8,7.35,147,accelerate,14.541,12.183,23.022,19.183,3.838,2.358,1.89,22.373,14.446,3.189,2.263,0.594,0.0,0,0.05
8,7.4,148,accelerate,14.638,12.334,23.124,19.334,3.791,2.304,1.875,23.124,14.638,3.791,2.304,0.676,0.0,1,0.0
8,7.45,149,accelerate,14.677,12.427,23.225,19.427,3.798,2.249,1.869,22.57,14.638,3.143,2.211,0.587,0.0,0,0.05
8,7.5,150,accelerate,14.762,12.528,23.325,19.528,3.797,2.235,1.862,23.325,14.762,3.797,2.235,0.675,0.0,1,0.0
8,7.55,151,accelerate,14.873,12.575,23.43,19.575,3.855,2.298,1.863,23.43,14.873,3.855,2.298,0.686,0.0,1,0.0
8,7.6,152,accelerate,14.968,12.675,23.538,19.675,3.863,2.294,1.857,23.538,14.968,3.863,2.294,0.688,0.0,1,0.0
8,7.65,153,accelerate,15.096,12.789,23.652,19.789,3.863,2.307,1.849,22.97,14.968,3.181,2.179,0.593,0.0,0,0.05
8,7.7,154,accelerate,15.202,12.862,23.77,19.862,3.908,2.339,1.848,22.395,14.968,2.533,2.106,0.505,0.0,0,0.1
8,7.75,155,accelerate,15.338,12.928,23.894,19.928,3.966,2.41,1.848,21.813,14.968,1.885,2.04,0.417,0.0,0,0.15
8,7.8,156,accelerate,15.45,12.986,24.027,19.986,4.041,2.464,1.85,21.227,14.968,1.241,1.982,0.329,0.0,0,0.2
8,7.85,157,accelerate,15.552,12.975,24.168,19.975,4.193,2.577,1.863,20.636,14.968,0.661,1.993,0.252,0.0,0,0.25
8,7.9,158,accelerate,15.632,12.956,24.319,19.956,4.363,2.676,1.877,24.319,15.632,4.363,2.676,0.769,0.0,1,0.0
8,7.95,159,accelerate,15.689,12.877,24.476,19.877,4.599,2.811,1.901,24.476,15.689,4.599,2.811,0.806,0.0,1,0.0
8,8.0,160,accelerate,15.771,12.878,24.641,19.878,4.763,2.893,1.913,24.641,15.771,4.763,2.893,0.831,0.0,1,0.0
8,8.05,161,accelerate,15.866,12.949,24.813,19.949,4.864,2.917,1.916,24.065,15.771,4.116,2.821,0.743,0.0,0,0.05
8,8.1,162,accelerate,15.981,13.012,24.992,20.012,4.98,2.969,1.921,24.992,15.981,4.98,2.969,0.863,0.0,1,0.0
8,8.15,163,accelerate,16.008,13.112,25.173,20.112,5.061,2.896,1.92,24.407,15.981,4.294,2.869,0.768,0.0,0,0.05
8,8.2,164,accelerate,16.003,13.25,25.351,20.25,5.101,2.752,1.913,25.351,16.003,5.101,2.752,0.872,0.0,1,0.0
8,8.25,165,accelerate,16.106,13.359,25.527,20.359,5.168,2.746,1.911,24.753,16.003,4.394,2.643,0.774,0.0,0,0.05
8,8.3,166,accelerate,16.314,13.503,25.708,20.503,5.204,2.81,1.904,25.708,16.314,5.204,2.81,0.888,0.0,1,0.0
8,8.35,167,accelerate,16.49,13.605,25.892,20.605,5.287,2.885,1.903,25.892,16.49,5.287,2.885,0.901,0.0,1,0.0
8,8.4,168,accelerate,16.643,13.778,26.077,20.778,5.299,2.866,1.893,25.267,16.49,4.49,2.712,0.789,0.0,0,0.05
8,8.45,169,accelerate,16.774,13.971,26.263,20.971,5.291,2.803,1.88,26.263,16.774,5.291,2.803,0.899,0.0,1,0.0
8,8.5,170,accelerate,16.87,14.124,26.447,21.124,5.323,2.746,1.872,25.62,16.774,4.496,2.65,0.788,0.0,0,0.05
8,8.55,171,cruise,16.934,14.291,26.626,21.291,5.336,2.643,1.863,24.965,16.774,3.675,2.484,0.673,0.0,0,0.1
8,8.6,172,cruise,16.988,14.39,26.799,21.39,5.409,2.598,1.862,26.799,16.988,5.409,2.598,0.908,0.0,1,0.0
8,8.65,173,cruise,17.05,14.534,26.967,21.534,5.433,2.516,1.855,26.125,16.988,4.591,2.454,0.794,0.0,0,0.05
8,8.7,174,cruise,17.129,14.637,27.13,21.637,5.493,2.492,1.854,27.13,17.129,5.493,2.492,0.915,0.0,1,0.0
8,8.75,175,cruise,17.219,14.799,27.286,21.799,5.487,2.42,1.844,26.434,17.129,4.635,2.33,0.796,0.0,0,0.05
8,8.8,176,cruise,17.316,14.747,27.441,21.747,5.694,2.568,1.861,25.73,17.129,3.983,2.382,0.71,0.0,0,0.1
8,8.85,177,cruise,17.413,14.712,27.6,21.712,5.888,2.701,1.876,27.6,17.413,5.888,2.701,0.975,0.0,1,0.0
8,8.9,178,cruise,17.494,14.901,27.758,21.901,5.857,2.593,1.863,27.758,17.494,5.857,2.593,0.967,0.0,1,0.0
8,8.95,179,cruise,17.52,15.128,27.905,22.128,5.777,2.392,1.845,27.032,17.494,4.905,2.366,0.833,0.0,0,0.05
8,9.0,180,cruise,17.475,15.345,28.037,22.345,5.691,2.13,1.827,26.291,17.494,3.946,2.148,0.698,0.0,0,0.1
8,9.05,181,cruise,17.403,15.477,28.153,22.477,5.676,1.926,1.819,25.538,17.494,3.061,2.017,0.575,0.0,0,0.15
8,9.1,182,cruise,17.325,15.619,28.257,22.619,5.638,1.707,1.809,28.257,17.325,5.638,1.707,0.909,0.0,1,0.0
8,9.15,183,cruise,17.272,15.685,28.349,22.685,5.664,1.588,1.807,27.486,17.325,4.801,1.641,0.795,0.0,0,0.05
8,9.2,184,cruise,17.265,15.8,28.433,22.8,5.633,1.465,1.8,26.708,17.325,3.907,1.525,0.672,0.0,0,0.1
8,9.25,185,cruise,17.298,15.922,28.511,22.922,5.589,1.376,1.791,25.922,17.325,3.001,1.404,0.547,0.0,0,0.15
8,9.3,186,cruise,17.357,15.998,28.586,22.998,5.588,1.359,1.787,25.13,17.325,2.133,1.328,0.429,0.0,0,0.2
8,9.35,187,cruise,17.421,16.068,28.658,23.068,5.59,1.353,1.784,28.658,17.421,5.59,1.353,0.89,0.0,1,0.0
8,9.4,188,cruise,17.461,16.092,28.731,23.092,5.639,1.369,1.785,28.731,17.461,5.639,1.369,0.898,0.0,1,0.0
8,9.45,189,cruise,17.459,16.164,28.8,23.164,5.637,1.295,1.782,28.8,17.459,5.637,1.295,0.895,0.0,1,0.0
8,9.5,190,cruise,17.422,16.251,28.864,23.251,5.613,1.171,1.776,28.864,17.422,5.613,1.171,0.887,0.0,1,0.0
8,9.55,191,cruise,17.37,16.378,28.919,23.378,5.542,0.993,1.766,28.919,17.37,5.542,0.993,0.872,0.0,1,0.0
8,9.6,192,cruise,17.326,16.516,28.965,23.516,5.449,0.81,1.754,28.965,17.326,5.449,0.81,0.854,0.0,1,0.0
8,9.65,193,cruise,17.307,16.642,29.002,23.642,5.36,0.665,1.743,29.002,17.307,5.36,0.665,0.837,0.0,1,0.0
8,9.7,194,cruise,17.323,16.79,29.033,23.79,5.243,0.533,1.729,28.167,17.307,4.378,0.518,0.701,0.0,0,0.05
8,9.75,195,cruise,17.362,16.921,29.057,23.921,5.136,0.441,1.717,29.057,17.362,5.136,0.441,0.8,0.0,1,0.0
8,9.8,196,cruise,17.404,17.05,29.077,24.05,5.028,0.354,1.705,29.077,17.404,5.028,0.354,0.782,0.0,1,0.0
8,9.85,197,cruise,17.43,17.173,29.093,24.173,4.92,0.257,1.694,29.093,17.43,4.92,0.257,0.765,0.0,1,0.0
8,9.9,198,cruise,17.429,17.299,29.103,24.299,4.803,0.13,1.682,28.231,17.43,3.932,0.131,0.629,0.0,0,0.05
8,9.95,199,cruise,17.406,17.411,29.105,24.411,4.694,-0.005,1.672,29.105,17.406,4.694,-0.005,0.726,0.0,1,0.0
8,10.0,200,cruise,17.373,17.514,29.101,24.514,4.588,-0.141,1.662,28.232,17.406,3.718,-0.108,0.592,0.0,0,0.05
8,10.05,201,cruise,17.347,17.606,29.091,24.606,4.485,-0.259,1.652,27.354,17.406,2.748,-0.2,0.46,0.0,0,0.1
8,10.1,202,cruise,17.337,17.677,29.075,24.677,4.398,-0.34,1.645,29.075,17.337,4.398,-0.34,0.675,0.0,1,0.0
8,10.15,203,cruise,17.348,17.731,29.057,24.731,4.326,-0.383,1.639,29.057,17.348,4.326,-0.383,0.664,0.0,1,0.0
8,10.2,204,cruise,17.371,17.79,29.037,24.79,4.247,-0.419,1.632,28.169,17.348,3.379,-0.442,0.536,0.0,0,0.05
8,10.25,205,cruise,17.394,17.849,29.015,24.849,4.166,-0.455,1.626,27.278,17.348,2.429,-0.502,0.407,0.0,0,0.1
8,10.3,206,cruise,17.407,17.889,28.992,24.889,4.103,-0.482,1.621,26.384,17.348,1.495,-0.542,0.281,0.0,0,0.15
8,10.35,207,cruise,17.405,17.902,28.967,24.902,4.066,-0.497,1.618,25.49,17.348,0.588,-0.554,0.16,0.0,0,0.2
8,10.4,208,cruise,17.391,17.881,28.943,24.881,4.062,-0.489,1.619,24.595,17.348,-0.286,-0.533,0.044,0.0,0,0.25
8,10.45,209,cruise,17.374,17.825,28.919,24.825,4.094,-0.451,1.622,28.919,17.374,4.094,-0.451,0.631,0.0,1,0.0
8,10.5,210,cruise,17.361,17.749,28.899,24.749,4.15,-0.388,1.628,28.899,17.361,4.15,-0.388,0.64,0.0,1,0.0
8,10.55,211,cruise,17.358,17.691,28.881,24.691,4.19,-0.334,1.632,28.013,17.361,3.322,-0.33,0.532,0.0,0,0.05
8,10.6,212,cruise,17.364,17.667,28.866,24.667,4.198,-0.303,1.634,28.866,17.364,4.198,-0.303,0.65,0.0,1,0.0
8,10.65,213,cruise,17.376,17.668,28.851,24.668,4.183,-0.291,1.633,28.851,17.376,4.183,-0.291,0.648,0.0,1,0.0
8,10.7,214,cruise,17.387,17.693,28.836,24.693,4.143,-0.306,1.63,27.967,17.376,3.274,-0.317,0.526,0.0,0,0.05
8,10.75,215,cruise,17.393,17.726,28.82,24.726,4.094,-0.333,1.626,27.081,17.376,2.355,-0.35,0.402,0.0,0,0.1
8,10.8,216,cruise,17.391,17.749,28.802,24.749,4.053,-0.358,1.623,28.802,17.391,4.053,-0.358,0.628,0.0,1,0.0
8,10.85,217,cruise,17.384,17.766,28.784,24.766,4.018,-0.382,1.62,27.914,17.391,3.149,-0.375,0.507,0.0,0,0.05
8,10.9,218,cruise,17.375,17.79,28.764,24.79,3.974,-0.415,1.617,27.025,17.391,2.236,-0.399,0.385,0.0,0,0.1
8,10.95,219,cruise,17.369,17.805,28.742,24.805,3.938,-0.435,1.614,28.742,17.369,3.938,-0.435,0.61,0.0,1,0.0
8,11.0,220,cruise,17.368,17.813,28.72,24.813,3.907,-0.445,1.612,27.852,17.369,3.039,-0.444,0.49,0.0,0,0.05
8,11.05,221,cruise,17.372,17.83,28.698,24.83,3.868,-0.458,1.61,26.961,17.369,2.131,-0.461,0.369,0.0,0,0.1
8,11.1,222,cruise,17.378,17.838,28.675,24.838,3.837,-0.46,1.608,26.069,17.369,1.231,-0.469,0.249,0.0,0,0.15
8,11.15,223,cruise,17.383,17.825,28.652,24.825,3.827,-0.442,1.607,25.177,17.369,0.352,-0.456,0.132,0.0,0,0.2
8,11.2,224,cruise,17.386,17.786,28.631,24.786,3.846,-0.4,1.61,24.287,17.369,-0.499,-0.416,0.02,0.0,0,0.25
8,11.25,225,cruise,17.384,17.716,28.613,24.716,3.897,-0.332,1.615,23.4,17.369,-1.316,-0.347,0.0,0.066,0,0.3
8,11.3,226,cruise,17.38,17.609,28.6,24.609,3.991,-0.228,1.624,22.517,17.369,-2.092,-0.24,0.0,0.141,0,0.35
8,11.35,227,cruise,17.376,17.47,28.592,24.47,4.122,-0.094,1.637,28.592,17.376,4.122,-0.094,0.647,0.0,1,0.0
8,11.4,228,cruise,17.374,17.348,28.591,24.348,4.243,0.025,1.648,27.723,17.376,3.374,0.028,0.551,0.0,0,0.05
8,11.45,229,cruise,17.373,17.261,28.595,24.261,4.334,0.112,1.657,28.595,17.373,4.334,0.112,0.682,0.0,1,0.0
8,11.5,230,cruise,17.376,17.222,28.602,24.222,4.38,0.154,1.661,27.734,17.373,3.512,0.151,0.573,0.0,0,0.05
8,11.55,231,cruise,17.379,17.219,28.61,24.219,4.391,0.16,1.662,26.873,17.373,2.653,0.154,0.459,0.0,0,0.1
8,11.6,232,cruise,17.381,17.226,28.618,24.226,4.392,0.155,1.661,26.011,17.373,1.785,0.147,0.343,0.0,0,0.15
8,11.65,233,cruise,17.382,17.225,28.626,24.225,4.4,0.157,1.662,28.626,17.382,4.4,0.157,0.692,0.0,1,0.0
8,11.7,234,cruise,17.381,17.22,28.634,24.22,4.414,0.161,1.663,28.634,17.381,4.414,0.161,0.694,0.0,1,0.0
8,11.75,235,cruise,17.379,17.24,28.641,24.24,4.402,0.139,1.661,27.772,17.381,3.533,0.141,0.576,0.0,0,0.05
8,11.8,236,cruise,17.377,17.276,28.647,24.276,4.371,0.101,1.658,26.909,17.381,2.633,0.105,0.455,0.0,0,0.1
8,11.85,237,cruise,17.376,17.309,28.651,24.309,4.342,0.067,1.655,26.044,17.381,1.736,0.072,0.334,0.0,0,0.15
8,11.9,238,cruise,17.376,17.323,28.654,24.323,4.331,0.053,1.654,25.178,17.381,0.855,0.058,0.216,0.0,0,0.2
8,11.95,239,cruise,17.377,17.311,28.657,24.311,4.346,0.066,1.655,24.312,17.381,0.001,0.07,0.103,0.0,0,0.25
8,12.0,240,cruise,17.379,17.269,28.661,24.269,4.392,0.11,1.66,28.661,17.379,4.392,0.11,0.689,0.0,1,0.0
8,12.05,241,cruise,17.38,17.209,28.669,24.209,4.46,0.171,1.666,28.669,17.38,4.46,0.171,0.7,0.0,1,0.0
8,12.1,242,cruise,17.38,17.17,28.679,24.17,4.509,0.211,1.67,27.809,17.38,3.64,0.21,0.592,0.0,0,0.05
8,12.15,243,cruise,17.38,17.165,28.689,24.165,4.524,0.214,1.671,28.689,17.38,4.524,0.214,0.71,0.0,1,0.0
8,12.2,244,cruise,17.379,17.187,28.699,24.187,4.513,0.192,1.67,28.699,17.379,4.513,0.192,0.708,0.0,1,0.0
8,12.25,245,cruise,17.378,17.233,28.708,24.233,4.474,0.144,1.666,27.839,17.379,3.605,0.145,0.586,0.0,0,0.05
8,12.3,246,cruise,17.377,17.289,28.713,24.289,4.424,0.088,1.661,28.713,17.377,4.424,0.088,0.693,0.0,1,0.0
8,12.35,247,cruise,17.377,17.348,28.716,24.348,4.368,0.029,1.655,27.847,17.377,3.499,0.029,0.568,0.0,0,0.05
8,12.4,248,cruise,17.378,17.409,28.715,24.409,4.306,-0.031,1.649,28.715,17.378,4.306,-0.031,0.673,0.0,1,0.0
8,12.45,249,cruise,17.379,17.469,28.712,24.469,4.243,-0.091,1.644,27.843,17.378,3.374,-0.091,0.547,0.0,0,0.05
8,12.5,250,cruise,17.379,17.529,28.706,24.529,4.177,-0.15,1.638,26.968,17.378,2.439,-0.151,0.42,0.0,0,0.1
8,12.55,251,cruise,17.379,17.572,28.697,24.572,4.125,-0.193,1.633,26.09,17.378,1.518,-0.194,0.296,0.0,0,0.15
8,12.6,252,cruise,17.379,17.588,28.686,24.588,4.099,-0.209,1.631,28.686,17.379,4.099,-0.209,0.64,0.0,1,0.0
8,12.65,253,cruise,17.378,17.586,28.676,24.586,4.09,-0.208,1.631,28.676,17.378,4.09,-0.208,0.638,0.0,1,0.0
8,12.7,254,cruise,17.378,17.602,28.665,24.602,4.063,-0.224,1.629,28.665,17.378,4.063,-0.224,0.634,0.0,1,0.0
8,12.75,255,cruise,17.378,17.636,28.653,24.636,4.017,-0.258,1.625,28.653,17.378,4.017,-0.258,0.627,0.0,1,0.0
8,12.8,256,cruise,17.378,17.68,28.639,24.68,3.959,-0.302,1.62,28.639,17.378,3.959,-0.302,0.618,0.0,1,0.0
8,12.85,257,cruise,17.378,17.73,28.622,24.73,3.892,-0.352,1.614,28.622,17.378,3.892,-0.352,0.607,0.0,1,0.0
8,12.9,258,cruise,17.379,17.783,28.603,24.783,3.82,-0.404,1.608,28.603,17.379,3.82,-0.404,0.596,0.0,1,0.0
8,12.95,259,cruise,17.379,17.835,28.581,24.835,3.746,-0.457,1.602,28.581,17.379,3.746,-0.457,0.584,0.0,1,0.0
8,13.0,260,cruise,17.379,17.887,28.557,24.887,3.67,-0.508,1.597,28.557,17.379,3.67,-0.508,0.572,0.0,1,0.0
8,13.05,261,cruise,17.379,17.936,28.53,24.936,3.594,-0.557,1.591,27.661,17.379,2.726,-0.557,0.445,0.0,0,0.05
8,13.1,262,cruise,17.378,17.974,28.501,24.974,3.526,-0.596,1.586,26.763,17.379,1.789,-0.596,0.319,0.0,0,0.1
8,13.15,263,cruise,17.378,17.991,28.471,24.991,3.48,-0.612,1.583,25.864,17.379,0.873,-0.612,0.196,0.0,0,0.15
8,13.2,264,cruise,17.378,17.976,28.44,24.976,3.464,-0.598,1.582,28.44,17.378,3.464,-0.598,0.542,0.0,1,0.0
8,13.25,265,cruise,17.378,17.943,28.411,24.943,3.468,-0.565,1.583,28.411,17.378,3.468,-0.565,0.544,0.0,1,0.0
8,13.3,266,cruise,17.378,17.926,28.384,24.926,3.458,-0.548,1.583,27.515,17.378,2.589,-0.548,0.427,0.0,0,0.05
8,13.35,267,cruise,17.378,17.919,28.357,24.919,3.437,-0.541,1.582,26.619,17.378,1.699,-0.541,0.309,0.0,0,0.1
8,13.4,268,cruise,17.379,17.905,28.33,24.905,3.425,-0.526,1.582,25.723,17.378,0.818,-0.527,0.192,0.0,0,0.15
8,13.45,269,cruise,17.379,17.871,28.305,24.871,3.434,-0.492,1.584,24.829,17.378,-0.042,-0.493,0.078,0.0,0,0.2
8,13.5,270,cruise,17.378,17.811,28.282,24.811,3.47,-0.433,1.588,23.937,17.378,-0.874,-0.433,0.0,0.023,0,0.25
8,13.55,271,cruise,17.378,17.721,28.263,24.721,3.542,-0.343,1.595,28.263,17.378,3.542,-0.343,0.561,0.0,1,0.0
8,13.6,272,cruise,17.378,17.62,28.249,24.62,3.628,-0.242,1.603,27.38,17.378,2.759,-0.242,0.46,0.0,0,0.05
8,13.65,273,cruise,17.378,17.542,28.239,24.542,3.697,-0.164,1.61,26.501,17.378,1.959,-0.164,0.356,0.0,0,0.1
8,13.7,274,cruise,17.378,17.487,28.233,24.487,3.746,-0.109,1.614,28.233,17.378,3.746,-0.109,0.596,0.0,1,0.0
8,13.75,275,cruise,17.378,17.448,28.228,24.448,3.78,-0.07,1.618,28.228,17.378,3.78,-0.07,0.602,0.0,1,0.0
8,13.8,276,cruise,17.378,17.44,28.225,24.44,3.785,-0.062,1.618,28.225,17.378,3.785,-0.062,0.603,0.0,1,0.0
8,13.85,277,cruise,17.378,17.454,28.222,24.454,3.767,-0.076,1.617,27.353,17.378,2.899,-0.076,0.484,0.0,0,0.05
8,13.9,278,cruise,17.378,17.475,28.217,24.475,3.742,-0.097,1.615,28.217,17.378,3.742,-0.097,0.596,0.0,1,0.0
8,13.95,279,cruise,17.378,17.499,28.212,24.499,3.713,-0.12,1.612,27.343,17.378,2.844,-0.12,0.475,0.0,0,0.05
8,14.0,280,cruise,17.378,17.525,28.205,24.525,3.68,-0.147,1.609,28.205,17.378,3.68,-0.147,0.586,0.0,1,0.0
8,14.05,281,cruise,17.378,17.55,28.197,24.55,3.646,-0.172,1.607,28.197,17.378,3.646,-0.172,0.58,0.0,1,0.0
8,14.1,282,cruise,17.378,17.583,28.187,24.583,3.604,-0.205,1.603,28.187,17.378,3.604,-0.205,0.574,0.0,1,0.0
8,14.15,283,cruise,17.378,17.62,28.176,24.62,3.555,-0.242,1.599,28.176,17.378,3.555,-0.242,0.566,0.0,1,0.0
8,14.2,284,cruise,17.378,17.659,28.162,24.659,3.503,-0.281,1.595,28.162,17.378,3.503,-0.281,0.558,0.0,1,0.0
8,14.25,285,cruise,17.378,17.698,28.147,24.698,3.45,-0.319,1.59,27.278,17.378,2.581,-0.319,0.433,0.0,0,0.05
8,14.3,286,cruise,17.378,17.729,28.13,24.729,3.402,-0.35,1.587,28.13,17.378,3.402,-0.35,0.542,0.0,1,0.0
8,14.35,287,cruise,17.378,17.751,28.112,24.751,3.361,-0.373,1.584,28.112,17.378,3.361,-0.373,0.536,0.0,1,0.0
8,14.4,288,cruise,17.378,17.777,28.093,24.777,3.316,-0.398,1.58,27.224,17.378,2.447,-0.398,0.413,0.0,0,0.05
8,14.45,289,cruise,17.378,17.796,28.072,24.796,3.276,-0.418,1.577,26.334,17.378,1.538,-0.418,0.291,0.0,0,0.1
8,14.5,290,cruise,17.378,17.796,28.051,24.796,3.255,-0.418,1.576,28.051,17.378,3.255,-0.418,0.52,0.0,1,0.0
8,14.55,291,cruise,17.378,17.784,28.031,24.784,3.247,-0.405,1.576,27.162,17.378,2.378,-0.405,0.404,0.0,0,0.05
8,14.6,292,cruise,17.378,17.776,28.011,24.776,3.235,-0.397,1.576,28.011,17.378,3.235,-0.397,0.518,0.0,1,0.0
8,14.65,293,cruise,17.378,17.77,27.991,24.77,3.221,-0.392,1.575,27.122,17.378,2.352,-0.392,0.401,0.0,0,0.05
8,14.7,294,cruise,17.378,17.768,27.972,24.768,3.204,-0.39,1.574,26.234,17.378,1.466,-0.39,0.282,0.0,0,0.1
8,14.75,295,cruise,17.378,17.753,27.952,24.753,3.199,-0.375,1.575,25.346,17.378,0.593,-0.375,0.167,0.0,0,0.15
8,14.8,296,cruise,17.378,17.716,27.935,24.716,3.219,-0.338,1.577,24.459,17.378,-0.257,-0.338,0.054,0.0,0,0.2
8,14.85,297,cruise,17.378,17.652,27.92,24.652,3.267,-0.274,1.582,23.575,17.378,-1.077,-0.274,0.0,0.04,0,0.25
8,14.9,298,cruise,17.378,17.555,27.909,24.555,3.353,-0.177,1.59,22.695,17.378,-1.86,-0.177,0.0,0.116,0,0.3
8,14.95,299,cruise,17.378,17.426,27.904,24.426,3.478,-0.047,1.601,21.821,17.378,-2.604,-0.047,0.0,0.187,0,0.35
8,15.0,300,cruise,17.378,17.269,27.906,24.269,3.637,0.109,1.616,27.906,17.378,3.637,0.109,0.588,0.0,1,0.0
8,15.05,301,cruise,17.378,17.14,27.916,24.14,3.776,0.239,1.629,27.916,17.378,3.776,0.239,0.611,0.0,1,0.0
8,15.1,302,cruise,17.378,17.05,27.931,24.05,3.88,0.328,1.638,27.931,17.378,3.88,0.328,0.628,0.0,1,0.0
8,15.15,303,cruise,17.378,17.009,27.949,24.009,3.939,0.369,1.643,27.08,17.378,3.07,0.369,0.522,0.0,0,0.05
8,15.2,304,cruise,17.378,16.999,27.967,23.999,3.968,0.379,1.645,26.229,17.378,2.23,0.379,0.41,0.0,0,0.1
8,15.25,305,cruise,17.378,16.996,27.986,23.996,3.991,0.383,1.647,25.38,17.378,1.384,0.383,0.297,0.0,0,0.15
8,15.3,306,cruise,17.378,16.983,28.006,23.983,4.023,0.396,1.649,24.53,17.378,0.547,0.396,0.186,0.0,0,0.2
8,15.35,307,cruise,17.379,16.95,28.026,23.95,4.076,0.429,1.653,23.682,17.378,-0.269,0.428,0.078,0.0,0,0.25
8,15.4,308,cruise,17.379,16.893,28.049,23.893,4.156,0.486,1.66,22.836,17.378,-1.058,0.485,0.0,0.019,0,0.3
8,15.45,309,cruise,17.379,16.808,28.076,23.808,4.268,0.571,1.67,21.994,17.378,-1.814,0.571,0.0,0.093,0,0.35
8,15.5,310,cruise,17.378,16.689,28.108,23.689,4.418,0.689,1.684,21.157,17.378,-2.533,0.689,0.0,0.162,0,0.4
8,15.55,311,cruise,17.377,16.544,28.147,23.544,4.603,0.833,1.701,20.327,17.378,-3.217,0.834,0.0,0.227,0,0.45
8,15.6,312,cruise,17.377,16.378,28.194,23.378,4.816,1.0,1.721,19.504,17.378,-3.873,1.001,0.0,0.289,0,0.5
8,15.65,313,cruise,17.378,16.193,28.249,23.193,5.056,1.184,1.744,28.249,17.378,5.056,1.184,0.812,0.0,1,0.0
8,15.7,314,cruise,17.378,16.053,28.313,23.053,5.26,1.325,1.764,27.444,17.378,4.392,1.325,0.729,0.0,0,0.05
8,15.75,315,cruise,17.379,15.965,28.382,22.965,5.417,1.414,1.778,28.382,17.379,5.417,1.414,0.869,0.0,1,0.0
8,15.8,316,cruise,17.379,15.932,28.454,22.932,5.522,1.447,1.786,28.454,17.379,5.522,1.447,0.885,0.0,1,0.0
8,15.85,317,cruise,17.379,15.961,28.526,22.961,5.564,1.417,1.787,28.526,17.379,5.564,1.417,0.889,0.0,1,0.0
8,15.9,318,cruise,17.379,16.036,28.594,23.036,5.558,1.342,1.783,27.726,17.379,4.689,1.343,0.77,0.0,0,0.05
8,15.95,319,cruise,17.378,16.134,28.658,23.134,5.524,1.244,1.776,28.658,17.378,5.524,1.244,0.878,0.0,1,0.0
8,16.0,320,cruise,17.378,16.245,28.717,23.245,5.472,1.132,1.768,27.848,17.378,4.603,1.133,0.752,0.0,0,0.05
8,16.05,321,cruise,17.378,16.366,28.77,23.366,5.404,1.012,1.758,28.77,17.378,5.404,1.012,0.854,0.0,1,0.0
8,16.1,322,cruise,17.378,16.489,28.817,23.489,5.328,0.889,1.748,27.948,17.378,4.459,0.889,0.724,0.0,0,0.05
8,16.15,323,cruise,17.378,16.614,28.858,23.614,5.243,0.764,1.737,27.12,17.378,3.506,0.764,0.593,0.0,0,0.1
8,16.2,324,cruise,17.379,16.723,28.892,23.723,5.169,0.655,1.728,26.286,17.378,2.562,0.654,0.463,0.0,0,0.15
8,16.25,325,cruise,17.379,16.805,28.923,23.805,5.118,0.574,1.721,25.447,17.378,1.642,0.573,0.338,0.0,0,0.2
8,16.3,326,cruise,17.379,16.852,28.95,23.852,5.098,0.527,1.718,24.605,17.378,0.753,0.526,0.218,0.0,0,0.25
8,16.35,327,cruise,17.379,16.862,28.976,23.862,5.114,0.517,1.718,23.762,17.378,-0.099,0.516,0.104,0.0,0,0.3
8,16.4,328,cruise,17.378,16.834,29.002,23.834,5.168,0.545,1.723,29.002,17.378,5.168,0.545,0.807,0.0,1,0.0
8,16.45,329,cruise,17.378,16.784,29.031,23.784,5.247,0.594,1.73,29.031,17.378,5.247,0.594,0.819,0.0,1,0.0
8,16.5,330,cruise,17.378,16.751,29.062,23.751,5.31,0.627,1.735,29.062,17.378,5.31,0.627,0.829,0.0,1,0.0
8,16.55,331,cruise,17.378,16.765,29.093,23.765,5.328,0.613,1.735,29.093,17.378,5.328,0.613,0.831,0.0,1,0.0
8,16.6,332,cruise,17.378,16.822,29.122,23.822,5.3,0.556,1.731,29.122,17.378,5.3,0.556,0.825,0.0,1,0.0
8,16.65,333,cruise,17.378,16.908,29.147,23.908,5.24,0.471,1.724,28.278,17.378,4.371,0.47,0.698,0.0,0,0.05
8,16.7,334,cruise,17.379,17.005,29.168,24.005,5.163,0.374,1.715,29.168,17.379,5.163,0.374,0.801,0.0,1,0.0
8,16.75,335,cruise,17.379,17.105,29.184,24.105,5.079,0.274,1.706,29.184,17.379,5.079,0.274,0.786,0.0,1,0.0
8,16.8,336,cruise,17.378,17.215,29.194,24.215,4.98,0.164,1.696,28.325,17.379,4.111,0.164,0.654,0.0,0,0.05
8,16.85,337,cruise,17.378,17.322,29.199,24.322,4.877,0.057,1.686,27.461,17.379,3.139,0.057,0.52,0.0,0,0.1
8,16.9,338,cruise,17.378,17.41,29.199,24.41,4.789,-0.031,1.677,29.199,17.378,4.789,-0.031,0.738,0.0,1,0.0
8,16.95,339,cruise,17.378,17.483,29.195,24.483,4.713,-0.104,1.67,29.195,17.378,4.713,-0.104,0.725,0.0,1,0.0
8,17.0,340,cruise,17.378,17.565,29.188,24.565,4.623,-0.186,1.662,29.188,17.378,4.623,-0.186,0.71,0.0,1,0.0
8,17.05,341,cruise,17.378,17.653,29.176,24.653,4.523,-0.274,1.653,29.176,17.378,4.523,-0.274,0.694,0.0,1,0.0
8,17.1,342,cruise,17.378,17.742,29.16,24.742,4.417,-0.364,1.644,28.291,17.378,3.548,-0.364,0.561,0.0,0,0.05
8,17.15,343,cruise,17.378,17.823,29.139,24.823,4.316,-0.445,1.635,27.401,17.378,2.578,-0.445,0.429,0.0,0,0.1
8,17.2,344,cruise,17.378,17.881,29.115,24.881,4.234,-0.503,1.628,29.115,17.378,4.234,-0.503,0.648,0.0,1,0.0
8,17.25,345,cruise,17.378,17.922,29.088,24.922,4.166,-0.544,1.623,29.088,17.378,4.166,-0.544,0.637,0.0,1,0.0
8,17.3,346,cruise,17.378,17.971,29.059,24.971,4.088,-0.593,1.617,28.191,17.378,3.219,-0.593,0.509,0.0,0,0.05
8,17.35,347,cruise,17.378,18.019,29.028,25.019,4.009,-0.641,1.611,27.29,17.378,2.271,-0.641,0.382,0.0,0,0.1
8,17.4,348,cruise,17.378,18.049,28.995,25.049,3.947,-0.67,1.606,28.995,17.378,3.947,-0.67,0.604,0.0,1,0.0
8,17.45,349,cruise,17.378,18.066,28.961,25.066,3.895,-0.688,1.603,28.961,17.378,3.895,-0.688,0.596,0.0,1,0.0
8,17.5,350,cruise,17.378,18.094,28.926,25.094,3.833,-0.715,1.599,28.057,17.378,2.964,-0.715,0.471,0.0,0,0.05
8,17.55,351,cruise,17.378,18.122,28.89,25.122,3.768,-0.744,1.594,27.152,17.378,2.03,-0.744,0.346,0.0,0,0.1
8,17.6,352,cruise,17.378,18.134,28.852,25.134,3.718,-0.756,1.591,28.852,17.378,3.718,-0.756,0.57,0.0,1,0.0
8,17.65,353,cruise,17.378,18.136,28.814,25.136,3.678,-0.758,1.589,28.814,17.378,3.678,-0.758,0.565,0.0,1,0.0
8,17.7,354,cruise,17.378,18.149,28.776,25.149,3.627,-0.771,1.586,27.907,17.378,2.758,-0.771,0.442,0.0,0,0.05
8,17.75,355,cruise,17.378,18.165,28.737,25.165,3.572,-0.786,1.582,26.999,17.378,1.834,-0.786,0.318,0.0,0,0.1
8,17.8,356,cruise,17.378,18.165,28.698,25.165,3.533,-0.787,1.58,28.698,17.378,3.533,-0.787,0.545,0.0,1,0.0
8,17.85,357,cruise,17.378,18.155,28.659,25.155,3.503,-0.777,1.579,28.659,17.378,3.503,-0.777,0.541,0.0,1,0.0
8,17.9,358,cruise,17.378,18.159,28.62,25.159,3.461,-0.78,1.576,27.751,17.378,2.592,-0.78,0.42,0.0,0,0.05
8,17.95,359,cruise,17.378,18.164,28.58,25.164,3.416,-0.786,1.573,28.58,17.378,3.416,-0.786,0.529,0.0,1,0.0
8,18.0,360,cruise,17.378,18.169,28.541,25.169,3.373,-0.79,1.571,28.541,17.378,3.373,-0.79,0.523,0.0,1,0.0
8,18.05,361,cruise,17.378,18.18,28.501,25.18,3.321,-0.802,1.568,28.501,17.378,3.321,-0.802,0.516,0.0,1,0.0
8,18.1,362,cruise,17.378,18.195,28.461,25.195,3.265,-0.817,1.564,28.461,17.378,3.265,-0.817,0.508,0.0,1,0.0
8,18.15,363,cruise,17.378,18.212,28.419,25.212,3.207,-0.834,1.56,27.551,17.378,2.338,-0.834,0.384,0.0,0,0.05
8,18.2,364,cruise,17.378,18.222,28.377,25.222,3.155,-0.844,1.557,28.377,17.378,3.155,-0.844,0.493,0.0,1,0.0
8,18.25,365,cruise,17.378,18.224,28.335,25.224,3.111,-0.846,1.555,27.466,17.378,2.242,-0.846,0.371,0.0,0,0.05
8,18.3,366,cruise,17.378,18.223,28.293,25.223,3.07,-0.845,1.553,28.293,17.378,3.07,-0.845,0.481,0.0,1,0.0
8,18.35,367,cruise,17.378,18.217,28.251,25.217,3.034,-0.839,1.551,28.251,17.378,3.034,-0.839,0.477,0.0,1,0.0
8,18.4,368,cruise,17.378,18.216,28.209,25.216,2.993,-0.838,1.549,27.34,17.378,2.124,-0.838,0.355,0.0,0,0.05
8,18.45,369,cruise,17.378,18.21,28.167,25.21,2.957,-0.832,1.547,26.429,17.378,1.219,-0.832,0.235,0.0,0,0.1
8,18.5,370,cruise,17.374,18.187,28.126,25.187,2.939,-0.813,1.546,28.126,17.374,2.939,-0.813,0.465,0.0,1,0.0
8,18.55,371,cruise,17.375,18.153,28.087,25.153,2.934,-0.778,1.547,27.218,17.374,2.065,-0.779,0.349,0.0,0,0.05
8,18.6,372,cruise,17.355,18.123,28.048,25.123,2.925,-0.768,1.548,26.311,17.374,1.188,-0.749,0.233,0.0,0,0.1
8,18.65,373,cruise,17.362,18.085,28.011,25.085,2.926,-0.722,1.549,28.011,17.362,2.926,-0.722,0.466,0.0,1,0.0
8,18.7,374,cruise,17.375,18.04,27.976,25.04,2.936,-0.666,1.551,27.976,17.375,2.936,-0.666,0.469,0.0,1,0.0
8,18.75,375,cruise,17.37,18.012,27.943,25.012,2.931,-0.642,1.551,27.943,17.37,2.931,-0.642,0.469,0.0,1,0.0
8,18.8,376,cruise,17.375,17.996,27.911,24.996,2.915,-0.621,1.551,27.043,17.37,2.047,-0.626,0.352,0.0,0,0.05
8,18.85,377,cruise,17.371,17.98,27.878,24.98,2.898,-0.61,1.55,27.878,17.371,2.898,-0.61,0.466,0.0,1,0.0
8,18.9,378,cruise,17.306,17.963,27.842,24.963,2.878,-0.657,1.55,27.842,17.306,2.878,-0.657,0.462,0.0,1,0.0
8,18.95,379,cruise,17.302,17.954,27.805,24.954,2.852,-0.652,1.549,27.805,17.302,2.852,-0.652,0.458,0.0,1,0.0
8,19.0,380,cruise,17.344,17.948,27.771,24.948,2.823,-0.604,1.547,27.771,17.344,2.823,-0.604,0.456,0.0,1,0.0
8,19.05,381,cruise,17.395,17.945,27.741,24.945,2.796,-0.551,1.546,27.741,17.395,2.796,-0.551,0.454,0.0,1,0.0
8,19.1,382,cruise,17.403,17.943,27.71,24.943,2.767,-0.54,1.544,27.71,17.403,2.767,-0.54,0.451,0.0,1,0.0
8,19.15,383,cruise,17.414,17.942,27.676,24.942,2.735,-0.528,1.543,26.813,17.403,1.871,-0.539,0.332,0.0,0,0.05
8,19.2,384,cruise,17.403,17.933,27.642,24.933,2.708,-0.53,1.541,27.642,17.403,2.708,-0.53,0.443,0.0,1,0.0
8,19.25,385,cruise,17.387,17.918,27.606,24.918,2.688,-0.532,1.541,26.746,17.403,1.828,-0.515,0.327,0.0,0,0.05
8,19.3,386,cruise,17.362,17.9,27.571,24.9,2.67,-0.539,1.54,27.571,17.362,2.67,-0.539,0.438,0.0,1,0.0
8,19.35,387,cruise,17.348,17.879,27.536,24.879,2.657,-0.531,1.54,27.536,17.348,2.657,-0.531,0.437,0.0,1,0.0
8,19.4,388,cruise,17.337,17.863,27.502,24.863,2.639,-0.526,1.54,27.502,17.337,2.639,-0.526,0.434,0.0,1,0.0
8,19.45,389,cruise,17.355,17.851,27.47,24.851,2.62,-0.496,1.539,26.611,17.337,1.76,-0.514,0.318,0.0,0,0.05
8,19.5,390,cruise,17.367,17.834,27.442,24.834,2.608,-0.467,1.539,25.72,17.337,0.887,-0.497,0.202,0.0,0,0.1
8,19.55,391,cruise,17.393,17.8,27.417,24.8,2.617,-0.407,1.54,24.831,17.337,0.032,-0.463,0.089,0.0,0,0.15
8,19.6,392,cruise,17.407,17.741,27.396,24.741,2.655,-0.334,1.544,27.396,17.407,2.655,-0.334,0.443,0.0,1,0.0
8,19.65,393,cruise,17.388,17.669,27.38,24.669,2.712,-0.281,1.55,26.514,17.407,1.845,-0.262,0.337,0.0,0,0.05
8,19.7,394,cruise,17.379,17.608,27.369,24.608,2.76,-0.23,1.554,27.369,17.379,2.76,-0.23,0.46,0.0,1,0.0
8,19.75,395,cruise,17.348,17.562,27.36,24.562,2.798,-0.214,1.558,26.494,17.379,1.931,-0.184,0.351,0.0,0,0.05
8,19.8,396,cruise,17.349,17.528,27.354,24.528,2.826,-0.179,1.561,25.621,17.379,1.093,-0.149,0.241,0.0,0,0.1
8,19.85,397,cruise,17.352,17.488,27.351,24.488,2.863,-0.136,1.564,27.351,17.352,2.863,-0.136,0.477,0.0,1,0.0
8,19.9,398,cruise,17.374,17.445,27.351,24.445,2.906,-0.071,1.568,27.351,17.374,2.906,-0.071,0.485,0.0,1,0.0
8,19.95,399,cruise,17.384,17.42,27.354,24.42,2.934,-0.036,1.57,27.354,17.384,2.934,-0.036,0.49,0.0,1,0.0
8,20.0,400,cruise,17.397,17.408,27.358,24.408,2.95,-0.011,1.572,26.489,17.384,2.08,-0.024,0.377,0.0,0,0.05
8,20.05,401,cruise,17.4,17.395,27.364,24.395,2.969,0.005,1.573,25.624,17.384,1.229,-0.011,0.264,0.0,0,0.1
8,20.1,402,cruise,17.38,17.374,27.37,24.374,2.996,0.006,1.575,27.37,17.38,2.996,0.006,0.5,0.0,1,0.0
8,20.15,403,cruise,17.37,17.346,27.376,24.346,3.031,0.025,1.578,26.508,17.38,2.162,0.035,0.389,0.0,0,0.05
8,20.2,404,cruise,17.361,17.306,27.383,24.306,3.077,0.055,1.582,27.383,17.361,3.077,0.055,0.512,0.0,1,0.0
8,20.25,405,cruise,17.363,17.292,27.39,24.292,3.099,0.072,1.584,27.39,17.363,3.099,0.072,0.516,0.0,1,0.0
8,20.3,406,cruise,17.37,17.266,27.398,24.266,3.131,0.103,1.587,27.398,17.37,3.131,0.103,0.521,0.0,1,0.0
8,20.35,407,cruise,17.381,17.273,27.405,24.273,3.132,0.108,1.587,26.538,17.37,2.265,0.096,0.405,0.0,0,0.05
8,20.4,408,cruise,17.389,17.283,27.412,24.283,3.129,0.106,1.586,27.412,17.389,3.129,0.106,0.521,0.0,1,0.0
8,20.45,409,cruise,17.388,17.279,27.42,24.279,3.141,0.109,1.587,27.42,17.388,3.141,0.109,0.522,0.0,1,0.0
8,20.5,410,cruise,17.385,17.208,27.428,24.208,3.22,0.177,1.594,27.428,17.385,3.22,0.177,0.535,0.0,1,0.0
8,20.55,411,cruise,17.378,17.203,27.435,24.203,3.232,0.175,1.595,27.435,17.378,3.232,0.175,0.537,0.0,1,0.0
8,20.6,412,cruise,17.373,17.224,27.438,24.224,3.214,0.149,1.593,27.438,17.373,3.214,0.149,0.534,0.0,1,0.0
8,20.65,413,cruise,17.37,17.246,27.44,24.246,3.194,0.124,1.591,26.574,17.373,2.328,0.127,0.415,0.0,0,0.05
8,20.7,414,cruise,17.372,17.237,27.443,24.237,3.206,0.135,1.592,25.711,17.373,1.474,0.136,0.301,0.0,0,0.1
8,20.75,415,cruise,17.377,17.231,27.448,24.231,3.217,0.145,1.593,24.849,17.373,0.618,0.142,0.187,0.0,0,0.15
8,20.8,416,cruise,17.38,17.2,27.455,24.2,3.255,0.18,1.596,23.99,17.373,-0.21,0.173,0.078,0.0,0,0.2
8,20.85,417,cruise,17.383,17.146,27.466,24.146,3.32,0.237,1.602,23.133,17.373,-1.013,0.227,0.0,0.021,0,0.25
8,20.9,418,cruise,17.383,17.054,27.481,24.054,3.428,0.329,1.611,27.481,17.383,3.428,0.329,0.568,0.0,1,0.0
8,20.95,419,cruise,17.381,16.955,27.503,23.955,3.548,0.426,1.622,27.503,17.381,3.548,0.426,0.587,0.0,1,0.0
8,21.0,420,cruise,17.378,16.867,27.529,23.867,3.663,0.511,1.632,26.662,17.381,2.795,0.515,0.49,0.0,0,0.05
8,21.05,421,cruise,17.376,16.826,27.559,23.826,3.733,0.549,1.638,27.559,17.376,3.733,0.549,0.616,0.0,1,0.0
8,21.1,422,cruise,17.375,16.799,27.591,23.799,3.792,0.576,1.642,26.723,17.376,2.924,0.577,0.509,0.0,0,0.05
8,21.15,423,cruise,17.376,16.806,27.623,23.806,3.817,0.57,1.644,27.623,17.376,3.817,0.57,0.628,0.0,1,0.0
8,21.2,424,cruise,17.378,16.823,27.655,23.823,3.832,0.555,1.644,27.655,17.378,3.832,0.555,0.629,0.0,1,0.0
8,21.25,425,cruise,17.379,16.838,27.685,23.838,3.848,0.542,1.644,27.685,17.379,3.848,0.542,0.631,0.0,1,0.0
8,21.3,426,cruise,17.381,16.883,27.714,23.883,3.831,0.498,1.642,26.846,17.379,2.963,0.496,0.512,0.0,0,0.05
8,21.35,427,cruise,17.381,16.905,27.741,23.905,3.836,0.476,1.641,27.741,17.381,3.836,0.476,0.627,0.0,1,0.0
8,21.4,428,cruise,17.38,16.949,27.766,23.949,3.817,0.431,1.638,26.897,17.381,2.948,0.432,0.507,0.0,0,0.05
8,21.45,429,cruise,17.378,16.981,27.788,23.981,3.806,0.397,1.636,26.051,17.381,2.069,0.399,0.389,0.0,0,0.1
8,21.5,430,cruise,17.377,17.01,27.808,24.01,3.798,0.367,1.635,25.202,17.381,1.192,0.37,0.271,0.0,0,0.15
8,21.55,431,cruise,17.377,17.014,27.828,24.014,3.814,0.362,1.636,27.828,17.377,3.814,0.362,0.621,0.0,1,0.0
8,21.6,432,cruise,17.377,16.987,27.848,23.987,3.862,0.39,1.639,26.98,17.377,2.993,0.39,0.512,0.0,0,0.05
8,21.65,433,cruise,17.378,16.988,27.869,23.988,3.881,0.39,1.641,27.869,17.378,3.881,0.39,0.63,0.0,1,0.0
8,21.7,434,cruise,17.372,16.996,27.889,23.996,3.893,0.377,1.641,27.02,17.378,3.025,0.382,0.516,0.0,0,0.05
8,21.75,435,cruise,17.374,17.022,27.908,24.022,3.886,0.353,1.64,26.171,17.378,2.149,0.356,0.398,0.0,0,0.1
8,21.8,436,cruise,17.364,17.035,27.925,24.035,3.889,0.329,1.639,25.32,17.378,1.284,0.342,0.283,0.0,0,0.15
8,21.85,437,cruise,17.37,17.034,27.941,24.034,3.907,0.336,1.64,24.468,17.378,0.434,0.343,0.169,0.0,0,0.2
8,21.9,438,cruise,17.359,17.007,27.959,24.007,3.951,0.351,1.644,27.959,17.359,3.951,0.351,0.639,0.0,1,0.0
8,21.95,439,cruise,17.37,16.96,27.978,23.96,4.018,0.41,1.65,27.11,17.359,3.15,0.398,0.533,0.0,0,0.05
8,22.0,440,cruise,17.362,16.936,27.998,23.936,4.062,0.426,1.653,27.998,17.362,4.062,0.426,0.656,0.0,1,0.0
8,22.05,441,cruise,17.377,16.936,28.019,23.936,4.083,0.441,1.654,28.019,17.377,4.083,0.441,0.659,0.0,1,0.0
8,22.1,442,cruise,17.37,16.964,28.039,23.964,4.075,0.406,1.653,27.172,17.377,3.208,0.413,0.541,0.0,0,0.05
8,22.15,443,cruise,17.38,17.0,28.056,24.0,4.056,0.38,1.65,28.056,17.38,4.056,0.38,0.653,0.0,1,0.0
8,22.2,444,cruise,17.361,17.042,28.071,24.042,4.029,0.319,1.647,28.071,17.361,4.029,0.319,0.648,0.0,1,0.0
8,22.25,445,cruise,17.368,17.094,28.082,24.094,3.988,0.274,1.643,28.082,17.368,3.988,0.274,0.641,0.0,1,0.0
8,22.3,446,cruise,17.348,17.151,28.09,24.151,3.938,0.196,1.638,27.226,17.368,3.075,0.216,0.517,0.0,0,0.05
8,22.35,447,cruise,17.362,17.207,28.093,24.207,3.886,0.156,1.633,28.093,17.362,3.886,0.156,0.623,0.0,1,0.0
8,22.4,448,cruise,17.349,17.255,28.092,24.255,3.837,0.094,1.628,27.232,17.362,2.976,0.107,0.5,0.0,0,0.05
8,22.45,449,cruise,17.279,17.302,28.084,24.302,3.782,-0.023,1.623,26.368,17.362,2.066,0.06,0.377,0.0,0,0.1
8,22.5,450,cruise,17.28,17.331,28.07,24.331,3.739,-0.051,1.62,25.502,17.362,1.172,0.032,0.257,0.0,0,0.15
8,22.55,451,cruise,17.3,17.333,28.053,24.333,3.719,-0.033,1.618,24.636,17.362,0.303,0.029,0.141,0.0,0,0.2
8,22.6,452,cruise,17.374,17.305,28.037,24.305,3.732,0.07,1.62,28.037,17.374,3.732,0.07,0.6,0.0,1,0.0
8,22.65,453,cruise,17.415,17.257,28.024,24.257,3.767,0.158,1.624,28.024,17.415,3.767,0.158,0.608,0.0,1,0.0
8,22.7,454,cruise,17.455,17.23,28.013,24.23,3.783,0.226,1.626,28.013,17.455,3.783,0.226,0.612,0.0,1,0.0
8,22.75,455,cruise,17.423,17.232,28.001,24.232,3.769,0.192,1.625,28.001,17.423,3.769,0.192,0.609,0.0,1,0.0
8,22.8,456,cruise,17.393,17.253,27.984,24.253,3.731,0.14,1.622,27.142,17.423,2.889,0.17,0.491,0.0,0,0.05
8,22.85,457,cruise,17.328,17.28,27.962,24.28,3.682,0.048,1.618,27.962,17.328,3.682,0.048,0.593,0.0,1,0.0
8,22.9,458,cruise,17.307,17.308,27.937,24.308,3.629,-0.001,1.614,27.937,17.307,3.629,-0.001,0.584,0.0,1,0.0
8,22.95,459,cruise,17.289,17.343,27.908,24.343,3.565,-0.054,1.609,27.077,17.307,2.734,-0.036,0.463,0.0,0,0.05
8,23.0,460,cruise,17.326,17.376,27.879,24.376,3.503,-0.05,1.604,27.879,17.326,3.503,-0.05,0.565,0.0,1,0.0
8,23.05,461,cruise,17.341,17.404,27.849,24.404,3.445,-0.062,1.6,27.849,17.341,3.445,-0.062,0.557,0.0,1,0.0
8,23.1,462,cruise,17.391,17.435,27.819,24.435,3.384,-0.044,1.596,26.989,17.341,2.554,-0.094,0.437,0.0,0,0.05
8,23.15,463,cruise,17.387,17.462,27.789,24.462,3.327,-0.076,1.591,26.128,17.341,1.666,-0.121,0.318,0.0,0,0.1
8,23.2,464,cruise,17.402,17.47,27.759,24.47,3.289,-0.068,1.589,25.268,17.341,0.797,-0.129,0.202,0.0,0,0.15
8,23.25,465,cruise,17.361,17.452,27.729,24.452,3.277,-0.091,1.589,24.408,17.341,-0.044,-0.111,0.09,0.0,0,0.2
8,23.3,466,cruise,17.352,17.399,27.7,24.399,3.301,-0.047,1.592,23.551,17.341,-0.848,-0.058,0.0,0.011,0,0.25
8,23.35,467,cruise,17.31,17.32,27.675,24.32,3.355,-0.009,1.598,27.675,17.31,3.355,-0.009,0.547,0.0,1,0.0
8,23.4,468,cruise,17.324,17.214,27.653,24.214,3.44,0.11,1.606,26.837,17.31,2.624,0.097,0.453,0.0,0,0.05
8,23.45,469,cruise,17.312,17.14,27.638,24.14,3.498,0.173,1.612,27.638,17.312,3.498,0.173,0.572,0.0,1,0.0
8,23.5,470,cruise,17.355,17.079,27.626,24.079,3.547,0.276,1.618,27.626,17.355,3.547,0.276,0.582,0.0,1,0.0
8,23.55,471,cruise,17.356,17.069,27.617,24.069,3.548,0.287,1.618,27.617,17.356,3.548,0.287,0.583,0.0,1,0.0
8,23.6,472,cruise,17.39,17.058,27.61,24.058,3.553,0.332,1.619,27.61,17.39,3.553,0.332,0.585,0.0,1,0.0
8,23.65,473,cruise,17.366,17.082,27.604,24.082,3.522,0.284,1.616,27.604,17.366,3.522,0.284,0.579,0.0,1,0.0
8,23.7,474,cruise,17.373,17.094,27.597,24.094,3.503,0.278,1.614,27.597,17.373,3.503,0.278,0.576,0.0,1,0.0
8,23.75,475,cruise,17.332,17.132,27.59,24.132,3.458,0.2,1.61,27.59,17.332,3.458,0.2,0.568,0.0,1,0.0
8,23.8,476,cruise,17.337,17.144,27.581,24.144,3.437,0.193,1.609,27.581,17.337,3.437,0.193,0.565,0.0,1,0.0
8,23.85,477,cruise,17.311,17.183,27.571,24.183,3.388,0.127,1.605,26.772,17.337,2.589,0.154,0.45,0.0,0,0.05
8,23.9,478,cruise,17.341,17.186,27.561,24.186,3.375,0.154,1.604,25.962,17.337,1.775,0.151,0.342,0.0,0,0.1
8,23.95,479,cruise,17.347,17.2,27.553,24.2,3.353,0.147,1.602,27.553,17.347,3.353,0.147,0.552,0.0,1,0.0
8,24.0,480,cruise,17.392,17.172,27.549,24.172,3.378,0.221,1.604,26.751,17.347,2.579,0.176,0.45,0.0,0,0.05
8,24.05,481,cruise,17.398,17.177,27.55,24.177,3.372,0.221,1.604,25.948,17.347,1.77,0.17,0.342,0.0,0,0.1
8,24.1,482,cruise,17.413,17.141,27.555,24.141,3.414,0.272,1.608,25.143,17.347,1.002,0.206,0.24,0.0,0,0.15
8,24.15,483,cruise,17.377,17.118,27.564,24.118,3.446,0.259,1.61,24.338,17.347,0.22,0.23,0.137,0.0,0,0.2
8,24.2,484,cruise,17.365,17.037,27.577,24.037,3.54,0.328,1.619,27.577,17.365,3.54,0.328,0.583,0.0,1,0.0
8,24.25,485,cruise,17.33,16.976,27.597,23.976,3.621,0.354,1.626,27.597,17.33,3.621,0.354,0.595,0.0,1,0.0
8,24.3,486,cruise,17.339,16.901,27.622,23.901,3.721,0.438,1.634,27.622,17.339,3.721,0.438,0.611,0.0,1,0.0
8,24.35,487,cruise,17.337,16.892,27.653,23.892,3.76,0.444,1.637,26.844,17.339,2.952,0.447,0.508,0.0,0,0.05
8,24.4,488,cruise,17.372,16.862,27.689,23.862,3.827,0.51,1.642,26.063,17.339,2.202,0.478,0.409,0.0,0,0.1
8,24.45,489,cruise,17.379,16.865,27.729,23.865,3.864,0.514,1.644,25.28,17.339,1.415,0.474,0.304,0.0,0,0.15
8,24.5,490,cruise,17.403,16.817,27.774,23.817,3.958,0.586,1.652,27.774,17.403,3.958,0.586,0.647,0.0,1,0.0
8,24.55,491,cruise,17.412,16.798,27.827,23.798,4.029,0.614,1.657,27.827,17.412,4.029,0.614,0.658,0.0,1,0.0
8,24.6,492,cruise,17.382,16.763,27.882,23.763,4.119,0.619,1.663,27.882,17.382,4.119,0.619,0.67,0.0,1,0.0
8,24.65,493,cruise,17.367,16.79,27.938,23.79,4.148,0.577,1.664,27.109,17.382,3.319,0.593,0.562,0.0,0,0.05
8,24.7,494,cruise,17.328,16.786,27.992,23.786,4.206,0.541,1.668,26.331,17.382,2.544,0.596,0.459,0.0,0,0.1
8,24.75,495,cruise,17.333,16.815,28.046,23.815,4.23,0.518,1.668,25.548,17.382,1.733,0.567,0.35,0.0,0,0.15
8,24.8,496,cruise,17.337,16.787,28.1,23.787,4.314,0.55,1.674,28.1,17.337,4.314,0.55,0.693,0.0,1,0.0
8,24.85,497,cruise,17.374,16.786,28.158,23.786,4.371,0.588,1.677,27.322,17.337,3.536,0.551,0.59,0.0,0,0.05
8,24.9,498,cruise,17.39,16.761,28.217,23.761,4.456,0.629,1.683,28.217,17.39,4.456,0.629,0.715,0.0,1,0.0
8,24.95,499,cruise,17.41,16.791,28.277,23.791,4.486,0.619,1.684,28.277,17.41,4.486,0.619,0.719,0.0,1,0.0
8,25.0,500,cruise,17.389,16.8,28.335,23.8,4.535,0.589,1.687,28.335,17.389,4.535,0.589,0.724,0.0,1,0.0
8,25.05,501,cruise,17.381,16.865,28.39,23.865,4.525,0.516,1.683,27.548,17.389,3.683,0.524,0.609,0.0,0,0.05
8,25.1,502,cruise,17.348,16.89,28.441,23.89,4.551,0.458,1.684,28.441,17.348,4.551,0.458,0.722,0.0,1,0.0
8,25.15,503,cruise,17.348,16.957,28.488,23.957,4.531,0.391,1.68,28.488,17.348,4.531,0.391,0.717,0.0,1,0.0
8,25.2,504,cruise,17.36,16.989,28.534,23.989,4.545,0.371,1.68,28.534,17.36,4.545,0.371,0.718,0.0,1,0.0
8,25.25,505,cruise,17.36,17.069,28.576,24.069,4.507,0.291,1.674,28.576,17.36,4.507,0.291,0.711,0.0,1,0.0
8,25.3,506,cruise,17.379,17.109,28.614,24.109,4.506,0.271,1.672,28.614,17.379,4.506,0.271,0.71,0.0,1,0.0
8,25.35,507,cruise,17.368,17.192,28.648,24.192,4.456,0.176,1.666,27.798,17.379,3.606,0.188,0.587,0.0,0,0.05
8,25.4,508,cruise,17.381,17.225,28.676,24.225,4.451,0.156,1.665,26.975,17.379,2.75,0.155,0.472,0.0,0,0.1
8,25.45,509,cruise,17.372,17.281,28.701,24.281,4.42,0.091,1.661,28.701,17.372,4.42,0.091,0.692,0.0,1,0.0
8,25.5,510,cruise,17.38,17.28,28.722,24.28,4.442,0.099,1.662,27.87,17.372,3.59,0.092,0.582,0.0,0,0.05
8,25.55,511,cruise,17.364,17.326,28.74,24.326,4.414,0.038,1.659,28.74,17.364,4.414,0.038,0.69,0.0,1,0.0
8,25.6,512,cruise,17.37,17.33,28.754,24.33,4.424,0.04,1.659,28.754,17.37,4.424,0.04,0.691,0.0,1,0.0
8,25.65,513,cruise,17.357,17.387,28.764,24.387,4.377,-0.03,1.654,28.764,17.357,4.377,-0.03,0.683,0.0,1,0.0
8,25.7,514,cruise,17.37,17.422,28.769,24.422,4.347,-0.052,1.651,28.769,17.37,4.347,-0.052,0.678,0.0,1,0.0
8,25.75,515,cruise,17.362,17.497,28.77,24.497,4.273,-0.135,1.644,28.77,17.362,4.273,-0.135,0.665,0.0,1,0.0
8,25.8,516,cruise,17.377,17.547,28.767,24.547,4.22,-0.17,1.639,28.767,17.377,4.22,-0.17,0.657,0.0,1,0.0
8,25.85,517,cruise,17.369,17.624,28.76,24.624,4.136,-0.255,1.632,28.76,17.369,4.136,-0.255,0.643,0.0,1,0.0
8,25.9,518,cruise,17.38,17.668,28.749,24.668,4.082,-0.288,1.627,28.749,17.38,4.082,-0.288,0.635,0.0,1,0.0
8,25.95,519,cruise,17.388,17.74,28.737,24.74,3.997,-0.352,1.62,27.881,17.38,3.141,-0.36,0.507,0.0,0,0.05
8,26.0,520,cruise,17.371,17.774,28.721,24.774,3.947,-0.403,1.616,27.009,17.38,2.235,-0.394,0.385,0.0,0,0.1
8,26.05,521,cruise,17.371,17.814,28.703,24.814,3.889,-0.443,1.611,28.703,17.371,3.889,-0.443,0.604,0.0,1,0.0
8,26.1,522,cruise,17.35,17.808,28.682,24.808,3.874,-0.458,1.611,27.828,17.371,3.02,-0.436,0.488,0.0,0,0.05
8,26.15,523,cruise,17.36,17.834,28.66,24.834,3.826,-0.474,1.607,28.66,17.36,3.826,-0.474,0.594,0.0,1,0.0
8,26.2,524,cruise,17.364,17.86,28.639,24.86,3.779,-0.497,1.604,28.639,17.364,3.779,-0.497,0.587,0.0,1,0.0
8,26.25,525,cruise,17.382,17.872,28.618,24.872,3.746,-0.489,1.601,27.762,17.364,2.891,-0.508,0.468,0.0,0,0.05
8,26.3,526,cruise,17.385,17.902,28.596,24.902,3.694,-0.516,1.597,26.883,17.364,1.981,-0.538,0.346,0.0,0,0.1
8,26.35,527,cruise,17.392,17.884,28.574,24.884,3.69,-0.492,1.598,28.574,17.392,3.69,-0.492,0.576,0.0,1,0.0
8,26.4,528,cruise,17.391,17.886,28.554,24.886,3.668,-0.495,1.596,28.554,17.391,3.668,-0.495,0.573,0.0,1,0.0
8,26.45,529,cruise,17.371,17.879,28.532,24.879,3.653,-0.508,1.596,27.674,17.391,2.795,-0.488,0.456,0.0,0,0.05
8,26.5,530,cruise,17.365,17.897,28.51,24.897,3.613,-0.532,1.593,26.794,17.391,1.896,-0.506,0.336,0.0,0,0.1
8,26.55,531,cruise,17.345,17.883,28.487,24.883,3.604,-0.538,1.593,25.912,17.391,1.029,-0.492,0.221,0.0,0,0.15
8,26.6,532,cruise,17.283,17.864,28.46,24.864,3.596,-0.581,1.593,25.03,17.391,0.165,-0.473,0.106,0.0,0,0.2
8,26.65,533,cruise,17.183,17.793,28.428,24.793,3.635,-0.61,1.598,28.428,17.183,3.635,-0.61,0.564,0.0,1,0.0
8,26.7,534,cruise,17.181,17.729,28.393,24.729,3.665,-0.547,1.602,27.554,17.183,2.825,-0.546,0.458,0.0,0,0.05
8,26.75,535,cruise,17.25,17.656,28.363,24.656,3.706,-0.407,1.606,26.682,17.183,2.025,-0.474,0.354,0.0,0,0.1
8,26.8,536,cruise,17.34,17.621,28.338,24.621,3.717,-0.281,1.608,25.811,17.183,1.19,-0.438,0.244,0.0,0,0.15
8,26.85,537,cruise,17.424,17.557,28.32,24.557,3.763,-0.133,1.613,24.942,17.183,0.385,-0.374,0.139,0.0,0,0.2
8,26.9,538,cruise,17.48,17.5,28.307,24.5,3.807,-0.02,1.618,28.307,17.48,3.807,-0.02,0.607,0.0,1,0.0
8,26.95,539,cruise,17.484,17.413,28.299,24.413,3.886,0.071,1.625,28.299,17.484,3.886,0.071,0.621,0.0,1,0.0
8,27.0,540,cruise,17.441,17.373,28.292,24.373,3.919,0.068,1.629,28.292,17.441,3.919,0.068,0.625,0.0,1,0.0
8,27.05,541,cruise,17.375,17.368,28.285,24.368,3.917,0.007,1.629,27.439,17.441,3.071,0.073,0.512,0.0,0,0.05
8,27.1,542,cruise,17.314,17.359,28.276,24.359,3.916,-0.045,1.629,26.584,17.441,2.225,0.081,0.399,0.0,0,0.1
8,27.15,543,cruise,17.283,17.367,28.266,24.367,3.898,-0.084,1.628,25.729,17.441,1.362,0.073,0.284,0.0,0,0.15
8,27.2,544,cruise,17.296,17.333,28.257,24.333,3.924,-0.038,1.63,24.874,17.441,0.54,0.107,0.176,0.0,0,0.2
8,27.25,545,cruise,17.322,17.302,28.255,24.302,3.953,0.02,1.633,28.255,17.322,3.953,0.02,0.628,0.0,1,0.0
8,27.3,546,cruise,17.385,17.24,28.26,24.24,4.02,0.144,1.639,27.407,17.322,3.167,0.082,0.525,0.0,0,0.05
8,27.35,547,cruise,17.414,17.214,28.273,24.214,4.059,0.2,1.642,26.561,17.322,2.347,0.108,0.417,0.0,0,0.1
8,27.4,548,cruise,17.44,17.179,28.291,24.179,4.112,0.261,1.647,28.291,17.44,4.112,0.261,0.657,0.0,1,0.0
8,27.45,549,cruise,17.424,17.175,28.312,24.175,4.138,0.249,1.648,28.312,17.424,4.138,0.249,0.66,0.0,1,0.0
8,27.5,550,cruise,17.395,17.174,28.334,24.174,4.16,0.221,1.65,27.469,17.424,3.295,0.25,0.548,0.0,0,0.05
8,27.55,551,cruise,17.361,17.208,28.353,24.208,4.145,0.153,1.648,28.353,17.361,4.145,0.153,0.658,0.0,1,0.0
8,27.6,552,cruise,17.323,17.247,28.371,24.247,4.124,0.076,1.645,27.508,17.361,3.261,0.114,0.539,0.0,0,0.05
8,27.65,553,cruise,17.323,17.271,28.388,24.271,4.117,0.052,1.644,26.66,17.361,2.389,0.09,0.421,0.0,0,0.1
8,27.7,554,cruise,17.334,17.304,28.404,24.304,4.1,0.03,1.641,28.404,17.334,4.1,0.03,0.648,0.0,1,0.0
8,27.75,555,cruise,17.374,17.303,28.421,24.303,4.118,0.071,1.643,27.553,17.334,3.25,0.031,0.534,0.0,0,0.05
8,27.8,556,cruise,17.404,17.336,28.438,24.336,4.102,0.068,1.64,28.438,17.404,4.102,0.068,0.649,0.0,1,0.0
8,27.85,557,cruise,17.423,17.36,28.454,24.36,4.094,0.063,1.639,28.454,17.423,4.094,0.063,0.648,0.0,1,0.0
8,27.9,558,cruise,17.419,17.41,28.469,24.41,4.059,0.009,1.635,27.598,17.423,3.188,0.013,0.526,0.0,0,0.05
8,27.95,559,cruise,17.388,17.448,28.479,24.448,4.032,-0.06,1.632,26.738,17.423,2.29,-0.025,0.405,0.0,0,0.1
8,28.0,560,cruise,17.363,17.482,28.486,24.482,4.004,-0.12,1.629,28.486,17.363,4.004,-0.12,0.63,0.0,1,0.0
8,28.05,561,cruise,17.343,17.497,28.49,24.497,3.993,-0.153,1.628,28.49,17.343,3.993,-0.153,0.627,0.0,1,0.0
8,28.1,562,cruise,17.345,17.533,28.491,24.533,3.958,-0.189,1.625,27.625,17.343,3.092,-0.19,0.506,0.0,0,0.05
8,28.15,563,cruise,17.359,17.571,28.491,24.571,3.92,-0.213,1.621,26.758,17.343,2.187,-0.228,0.384,0.0,0,0.1
8,28.2,564,cruise,17.381,17.572,28.49,24.572,3.918,-0.191,1.621,25.89,17.343,1.318,-0.229,0.268,0.0,0,0.15
8,28.25,565,cruise,17.399,17.508,28.489,24.508,3.981,-0.108,1.627,25.021,17.343,0.513,-0.165,0.163,0.0,0,0.2
8,28.3,566,cruise,17.403,17.356,28.491,24.356,4.135,0.046,1.642,24.156,17.343,-0.2,-0.013,0.073,0.0,0,0.25
8,28.35,567,cruise,17.396,17.23,28.498,24.23,4.269,0.166,1.654,23.296,17.343,-0.934,0.114,0.0,0.016,0,0.3
8,28.4,568,cruise,17.382,17.13,28.509,24.13,4.379,0.252,1.664,28.509,17.382,4.379,0.252,0.692,0.0,1,0.0
8,28.45,569,cruise,17.369,17.035,28.522,24.035,4.487,0.333,1.674,28.522,17.369,4.487,0.333,0.709,0.0,1,0.0
8,28.5,570,cruise,17.361,16.959,28.538,23.959,4.579,0.402,1.683,27.672,17.369,3.713,0.41,0.609,0.0,0,0.05
8,28.55,571,cruise,17.363,16.921,28.557,23.921,4.637,0.442,1.688,28.557,17.363,4.637,0.442,0.733,0.0,1,0.0
8,28.6,572,cruise,17.371,16.919,28.578,23.919,4.66,0.453,1.689,27.712,17.363,3.793,0.444,0.621,0.0,0,0.05
8,28.65,573,cruise,17.381,16.945,28.599,23.945,4.654,0.436,1.688,26.866,17.363,2.92,0.418,0.503,0.0,0,0.1
8,28.7,574,cruise,17.389,16.977,28.619,23.977,4.642,0.411,1.686,28.619,17.389,4.642,0.411,0.733,0.0,1,0.0
8,28.75,575,cruise,17.39,17.013,28.639,24.013,4.627,0.377,1.683,28.639,17.39,4.627,0.377,0.729,0.0,1,0.0
8,28.8,576,cruise,17.386,17.07,28.658,24.07,4.588,0.316,1.679,27.79,17.39,3.72,0.32,0.607,0.0,0,0.05
8,28.85,577,cruise,17.379,17.136,28.674,24.136,4.538,0.243,1.673,28.674,17.379,4.538,0.243,0.713,0.0,1,0.0
8,28.9,578,cruise,17.373,17.185,28.687,24.185,4.502,0.188,1.669,28.687,17.373,4.502,0.188,0.706,0.0,1,0.0
8,28.95,579,cruise,17.37,17.264,28.697,24.264,4.433,0.106,1.662,27.829,17.373,3.566,0.109,0.579,0.0,0,0.05
8,29.0,580,cruise,17.371,17.314,28.703,24.314,4.389,0.057,1.658,28.703,17.371,4.389,0.057,0.687,0.0,1,0.0
8,29.05,581,cruise,17.375,17.386,28.707,24.386,4.321,-0.01,1.651,28.707,17.375,4.321,-0.01,0.676,0.0,1,0.0
8,29.1,582,cruise,17.38,17.456,28.707,24.456,4.251,-0.076,1.645,28.707,17.38,4.251,-0.076,0.664,0.0,1,0.0
8,29.15,583,cruise,17.384,17.519,28.705,24.519,4.186,-0.135,1.638,27.836,17.38,3.317,-0.139,0.538,0.0,0,0.05
8,29.2,584,cruise,17.384,17.589,28.698,24.589,4.109,-0.205,1.632,26.961,17.38,2.372,-0.209,0.409,0.0,0,0.1
8,29.25,585,cruise,17.382,17.618,28.689,24.618,4.072,-0.236,1.628,28.689,17.382,4.072,-0.236,0.635,0.0,1,0.0
8,29.3,586,cruise,17.378,17.651,28.678,24.651,4.027,-0.273,1.625,28.678,17.378,4.027,-0.273,0.628,0.0,1,0.0
8,29.35,587,cruise,17.375,17.684,28.665,24.684,3.982,-0.308,1.621,27.797,17.378,3.113,-0.305,0.505,0.0,0,0.05
8,29.4,588,cruise,17.374,17.726,28.65,24.726,3.924,-0.352,1.616,26.913,17.378,2.186,-0.348,0.38,0.0,0,0.1
8,29.45,589,cruise,17.375,17.744,28.633,24.744,3.889,-0.369,1.614,26.027,17.378,1.283,-0.366,0.259,0.0,0,0.15
8,29.5,590,cruise,17.377,17.745,28.615,24.745,3.871,-0.367,1.613,25.141,17.378,0.396,-0.366,0.141,0.0,0,0.2
8,29.55,591,cruise,17.38,17.708,28.599,24.708,3.89,-0.329,1.615,24.255,17.378,-0.453,-0.33,0.029,0.0,0,0.25
8,29.6,592,cruise,17.381,17.646,28.585,24.646,3.939,-0.264,1.62,23.372,17.378,-1.273,-0.267,0.0,0.059,0,0.3
8,29.65,593,cruise,17.381,17.544,28.575,24.544,4.031,-0.163,1.629,22.494,17.378,-2.05,-0.166,0.0,0.135,0,0.35
8,29.7,594,cruise,17.38,17.404,28.572,24.404,4.168,-0.024,1.642,28.572,17.38,4.168,-0.024,0.655,0.0,1,0.0
8,29.75,595,cruise,17.378,17.284,28.575,24.284,4.29,0.094,1.653,27.706,17.38,3.421,0.096,0.559,0.0,0,0.05
8,29.8,596,cruise,17.377,17.196,28.582,24.196,4.386,0.18,1.662,28.582,17.377,4.386,0.18,0.691,0.0,1,0.0
8,29.85,597,cruise,17.376,17.159,28.593,24.159,4.434,0.218,1.666,28.593,17.376,4.434,0.218,0.698,0.0,1,0.0
8,29.9,598,cruise,17.377,17.165,28.604,24.165,4.439,0.212,1.666,28.604,17.377,4.439,0.212,0.699,0.0,1,0.0
8,29.95,599,cruise,17.378,17.198,28.614,24.198,4.416,0.18,1.664,28.614,17.378,4.416,0.18,0.695,0.0,1,0.0
8,30.0,600,cruise,17.379,17.252,28.621,24.252,4.369,0.127,1.659,27.753,17.378,3.5,0.126,0.571,0.0,0,0.05
8,30.05,601,cruise,17.38,17.31,28.626,24.31,4.316,0.07,1.654,28.626,17.38,4.316,0.07,0.678,0.0,1,0.0
8,30.1,602,cruise,17.38,17.369,28.628,24.369,4.259,0.01,1.648,28.628,17.38,4.259,0.01,0.668,0.0,1,0.0
8,30.15,603,cruise,17.379,17.435,28.626,24.435,4.191,-0.056,1.642,28.626,17.379,4.191,-0.056,0.657,0.0,1,0.0
8,30.2,604,cruise,17.378,17.505,28.622,24.505,4.117,-0.127,1.635,28.622,17.378,4.117,-0.127,0.645,0.0,1,0.0
8,30.25,605,cruise,17.377,17.575,28.613,24.575,4.038,-0.198,1.628,27.744,17.378,3.169,-0.197,0.516,0.0,0,0.05
8,30.3,606,cruise,17.377,17.638,28.601,24.638,3.963,-0.261,1.622,26.864,17.378,2.225,-0.26,0.388,0.0,0,0.1
8,30.35,607,cruise,17.378,17.679,28.587,24.679,3.908,-0.301,1.617,28.587,17.378,3.908,-0.301,0.611,0.0,1,0.0
8,30.4,608,cruise,17.378,17.704,28.571,24.704,3.867,-0.326,1.614,28.571,17.378,3.867,-0.326,0.605,0.0,1,0.0
8,30.45,609,cruise,17.379,17.738,28.554,24.738,3.816,-0.36,1.61,27.685,17.378,2.947,-0.36,0.481,0.0,0,0.05
8,30.5,610,cruise,17.379,17.772,28.535,24.772,3.763,-0.393,1.606,28.535,17.379,3.763,-0.393,0.589,0.0,1,0.0
8,30.55,611,cruise,17.379,17.803,28.514,24.803,3.711,-0.424,1.602,27.645,17.379,2.842,-0.424,0.465,0.0,0,0.05
8,30.6,612,cruise,17.379,17.833,28.492,24.833,3.659,-0.454,1.598,28.492,17.379,3.659,-0.454,0.573,0.0,1,0.0
8,30.65,613,cruise,17.378,17.859,28.469,24.859,3.61,-0.481,1.594,28.469,17.378,3.61,-0.481,0.565,0.0,1,0.0
8,30.7,614,cruise,17.378,17.89,28.444,24.89,3.554,-0.512,1.59,28.444,17.378,3.554,-0.512,0.557,0.0,1,0.0
8,30.75,615,cruise,17.378,17.923,28.417,24.923,3.494,-0.546,1.585,27.548,17.378,2.625,-0.546,0.432,0.0,0,0.05
8,30.8,616,cruise,17.378,17.95,28.389,24.95,3.439,-0.572,1.582,28.389,17.378,3.439,-0.572,0.539,0.0,1,0.0
8,30.85,617,cruise,17.378,17.97,28.36,24.97,3.39,-0.592,1.578,28.36,17.378,3.39,-0.592,0.532,0.0,1,0.0
8,30.9,618,cruise,17.379,17.993,28.33,24.993,3.336,-0.615,1.574,28.33,17.379,3.336,-0.615,0.524,0.0,1,0.0
8,30.95,619,cruise,17.379,18.017,28.298,25.017,3.281,-0.638,1.571,28.298,17.379,3.281,-0.638,0.516,0.0,1,0.0
8,31.0,620,cruise,17.379,18.041,28.266,25.041,3.225,-0.662,1.567,27.397,17.379,2.356,-0.662,0.392,0.0,0,0.05
8,31.05,621,cruise,17.378,18.056,28.232,25.056,3.176,-0.677,1.564,26.494,17.379,1.438,-0.677,0.269,0.0,0,0.1
8,31.1,622,cruise,17.378,18.05,28.198,25.05,3.148,-0.672,1.562,28.198,17.378,3.148,-0.672,0.497,0.0,1,0.0
8,31.15,623,cruise,17.378,18.031,28.165,25.031,3.134,-0.653,1.562,28.165,17.378,3.134,-0.653,0.496,0.0,1,0.0
8,31.2,624,cruise,17.378,18.023,28.133,25.023,3.11,-0.645,1.561,27.264,17.378,2.241,-0.645,0.377,0.0,0,0.05
8,31.25,625,cruise,17.378,18.015,28.101,25.015,3.086,-0.637,1.56,26.363,17.378,1.348,-0.637,0.258,0.0,0,0.1
8,31.3,626,cruise,17.378,17.994,28.07,24.994,3.076,-0.616,1.56,28.07,17.378,3.076,-0.616,0.49,0.0,1,0.0
8,31.35,627,cruise,17.378,17.964,28.04,24.964,3.076,-0.585,1.561,28.04,17.378,3.076,-0.585,0.491,0.0,1,0.0
8,31.4,628,cruise,17.379,17.947,28.011,24.947,3.064,-0.569,1.561,27.142,17.378,2.195,-0.569,0.374,0.0,0,0.05
8,31.45,629,cruise,17.378,17.934,27.983,24.934,3.049,-0.556,1.56,26.245,17.378,1.311,-0.556,0.256,0.0,0,0.1
8,31.5,630,cruise,17.378,17.909,27.956,24.909,3.047,-0.531,1.561,25.349,17.378,0.44,-0.531,0.141,0.0,0,0.15
8,31.55,631,cruise,17.378,17.863,27.931,24.863,3.068,-0.484,1.564,27.931,17.378,3.068,-0.484,0.493,0.0,1,0.0
8,31.6,632,cruise,17.378,17.803,27.908,24.803,3.105,-0.425,1.568,27.039,17.378,2.236,-0.425,0.384,0.0,0,0.05
8,31.65,633,cruise,17.378,17.757,27.889,24.757,3.132,-0.378,1.571,26.151,17.378,1.394,-0.378,0.273,0.0,0,0.1
8,31.7,634,cruise,17.378,17.712,27.871,24.712,3.159,-0.334,1.574,25.264,17.378,0.552,-0.334,0.162,0.0,0,0.15
8,31.75,635,cruise,17.378,17.656,27.856,24.656,3.199,-0.278,1.578,24.38,17.378,-0.276,-0.278,0.054,0.0,0,0.2
8,31.8,636,cruise,17.378,17.581,27.844,24.581,3.263,-0.202,1.584,27.844,17.378,3.263,-0.202,0.528,0.0,1,0.0
8,31.85,637,cruise,17.378,17.494,27.837,24.494,3.342,-0.116,1.591,26.968,17.378,2.473,-0.116,0.426,0.0,0,0.05
8,31.9,638,cruise,17.378,17.428,27.833,24.428,3.405,-0.05,1.597,26.095,17.378,1.667,-0.05,0.321,0.0,0,0.1
8,31.95,639,cruise,17.378,17.377,27.832,24.377,3.455,0.001,1.602,25.225,17.378,0.848,0.001,0.213,0.0,0,0.15
8,32.0,640,cruise,17.378,17.324,27.834,24.324,3.51,0.055,1.607,24.358,17.378,0.034,0.055,0.106,0.0,0,0.2
8,32.05,641,cruise,17.378,17.256,27.838,24.256,3.582,0.122,1.613,23.494,17.378,-0.763,0.122,0.002,0.0,0,0.25
8,32.1,642,cruise,17.378,17.169,27.847,24.169,3.678,0.21,1.622,27.847,17.378,3.678,0.21,0.597,0.0,1,0.0
8,32.15,643,cruise,17.378,17.07,27.86,24.07,3.791,0.308,1.632,27.86,17.378,3.791,0.308,0.616,0.0,1,0.0
8,32.2,644,cruise,17.378,16.994,27.878,23.994,3.884,0.384,1.64,27.878,17.378,3.884,0.384,0.631,0.0,1,0.0
8,32.25,645,cruise,17.378,16.963,27.899,23.963,3.936,0.416,1.645,27.899,17.378,3.936,0.416,0.639,0.0,1,0.0
8,32.3,646,cruise,17.378,16.966,27.919,23.966,3.953,0.412,1.646,27.919,17.378,3.953,0.412,0.641,0.0,1,0.0
8,32.35,647,cruise,17.378,16.993,27.939,23.993,3.947,0.386,1.644,27.07,17.378,3.078,0.386,0.523,0.0,0,0.05
8,32.4,648,cruise,17.378,17.027,27.957,24.027,3.93,0.351,1.642,27.957,17.378,3.93,0.351,0.636,0.0,1,0.0
8,32.45,649,cruise,17.378,17.064,27.974,24.064,3.91,0.314,1.639,27.105,17.378,3.041,0.314,0.516,0.0,0,0.05
8,32.5,650,cruise,17.378,17.105,27.988,24.105,3.883,0.273,1.636,26.25,17.378,2.145,0.273,0.395,0.0,0,0.1
8,32.55,651,cruise,17.378,17.132,28.001,24.132,3.869,0.246,1.634,25.394,17.378,1.262,0.246,0.276,0.0,0,0.15
8,32.6,652,cruise,17.378,17.136,28.013,24.136,3.877,0.242,1.635,28.013,17.378,3.877,0.242,0.625,0.0,1,0.0
8,32.65,653,cruise,17.378,17.126,28.025,24.126,3.9,0.253,1.636,27.157,17.378,3.031,0.252,0.513,0.0,0,0.05
8,32.7,654,cruise,17.378,17.127,28.038,24.127,3.911,0.251,1.637,26.3,17.378,2.173,0.251,0.398,0.0,0,0.1
8,32.75,655,cruise,17.379,17.13,28.05,24.13,3.92,0.249,1.638,25.444,17.378,1.314,0.248,0.283,0.0,0,0.15
8,32.8,656,cruise,17.378,17.119,28.063,24.119,3.944,0.259,1.639,28.063,17.378,3.944,0.259,0.635,0.0,1,0.0
8,32.85,657,cruise,17.378,17.1,28.077,24.1,3.977,0.278,1.642,27.208,17.378,3.108,0.279,0.524,0.0,0,0.05
8,32.9,658,cruise,17.378,17.097,28.091,24.097,3.994,0.281,1.643,26.353,17.378,2.256,0.281,0.41,0.0,0,0.1
8,32.95,659,cruise,17.378,17.098,28.105,24.098,4.007,0.28,1.644,28.105,17.378,4.007,0.28,0.644,0.0,1,0.0
8,33.0,660,cruise,17.378,17.102,28.119,24.102,4.017,0.276,1.644,27.25,17.378,3.148,0.276,0.529,0.0,0,0.05
8,33.05,661,cruise,17.379,17.121,28.132,24.121,4.011,0.258,1.643,26.394,17.378,2.273,0.257,0.412,0.0,0,0.1
8,33.1,662,cruise,17.379,17.136,28.144,24.136,4.008,0.243,1.642,28.144,17.379,4.008,0.243,0.643,0.0,1,0.0
8,33.15,663,cruise,17.379,17.149,28.156,24.149,4.007,0.229,1.642,27.287,17.379,3.138,0.23,0.526,0.0,0,0.05
8,33.2,664,cruise,17.378,17.173,28.167,24.173,3.994,0.205,1.64,28.167,17.378,3.994,0.205,0.639,0.0,1,0.0
8,33.25,665,cruise,17.378,17.205,28.176,24.205,3.972,0.174,1.638,27.307,17.378,3.103,0.174,0.52,0.0,0,0.05
8,33.3,666,cruise,17.378,17.242,28.184,24.242,3.942,0.137,1.635,28.184,17.378,3.942,0.137,0.63,0.0,1,0.0
8,33.35,667,cruise,17.378,17.28,28.19,24.28,3.91,0.098,1.631,28.19,17.378,3.91,0.098,0.625,0.0,1,0.0
8,33.4,668,cruise,17.378,17.327,28.193,24.327,3.866,0.051,1.627,27.324,17.378,2.997,0.051,0.501,0.0,0,0.05
8,33.45,669,cruise,17.378,17.372,28.194,24.372,3.822,0.006,1.623,26.456,17.378,2.084,0.006,0.378,0.0,0,0.1
8,33.5,670,cruise,17.378,17.4,28.194,24.4,3.793,-0.022,1.62,25.587,17.378,1.186,-0.022,0.257,0.0,0,0.15
8,33.55,671,cruise,17.378,17.402,28.192,24.402,3.79,-0.024,1.62,28.192,17.378,3.79,-0.024,0.605,0.0,1,0.0
8,33.6,672,cruise,17.378,17.388,28.192,24.388,3.804,-0.009,1.621,27.323,17.378,2.935,-0.009,0.491,0.0,0,0.05
8,33.65,673,cruise,17.378,17.384,28.191,24.384,3.808,-0.005,1.622,26.453,17.378,2.07,-0.005,0.376,0.0,0,0.1
8,33.7,674,cruise,17.378,17.379,28.191,24.379,3.812,-0.001,1.622,28.191,17.378,3.812,-0.001,0.608,0.0,1,0.0
8,33.75,675,cruise,17.378,17.376,28.191,24.376,3.816,0.003,1.622,27.322,17.378,2.947,0.003,0.493,0.0,0,0.05
8,33.8,676,cruise,17.378,17.384,28.191,24.384,3.807,-0.006,1.622,26.453,17.378,2.069,-0.006,0.376,0.0,0,0.1
8,33.85,677,cruise,17.378,17.389,28.191,24.389,3.802,-0.01,1.621,25.584,17.378,1.195,-0.01,0.259,0.0,0,0.15
8,33.9,678,cruise,17.378,17.375,28.19,24.375,3.815,0.003,1.622,28.19,17.378,3.815,0.003,0.609,0.0,1,0.0
8,33.95,679,cruise,17.378,17.352,28.191,24.352,3.84,0.027,1.625,27.322,17.378,2.971,0.027,0.497,0.0,0,0.05
8,34.0,680,cruise,17.378,17.342,28.193,24.342,3.851,0.036,1.626,28.193,17.378,3.851,0.036,0.615,0.0,1,0.0
8,34.05,681,cruise,17.378,17.348,28.195,24.348,3.846,0.03,1.625,28.195,17.378,3.846,0.03,0.614,0.0,1,0.0
8,34.1,682,cruise,17.378,17.373,28.196,24.373,3.823,0.005,1.623,28.196,17.378,3.823,0.005,0.61,0.0,1,0.0
8,34.15,683,cruise,17.378,17.409,28.195,24.409,3.786,-0.031,1.62,27.326,17.378,2.917,-0.031,0.488,0.0,0,0.05
8,34.2,684,cruise,17.378,17.445,28.192,24.445,3.747,-0.067,1.616,26.454,17.378,2.009,-0.067,0.366,0.0,0,0.1
8,34.25,685,cruise,17.378,17.466,28.188,24.466,3.721,-0.088,1.614,28.188,17.378,3.721,-0.088,0.593,0.0,1,0.0
8,34.3,686,cruise,17.378,17.476,28.183,24.476,3.707,-0.098,1.613,28.183,17.378,3.707,-0.098,0.591,0.0,1,0.0
8,34.35,687,cruise,17.378,17.5,28.178,24.5,3.678,-0.121,1.61,27.309,17.378,2.809,-0.121,0.471,0.0,0,0.05
8,34.4,688,cruise,17.378,17.524,28.171,24.524,3.647,-0.146,1.608,28.171,17.378,3.647,-0.146,0.581,0.0,1,0.0
8,34.45,689,cruise,17.378,17.549,28.163,24.549,3.614,-0.17,1.605,28.163,17.378,3.614,-0.17,0.576,0.0,1,0.0
8,34.5,690,cruise,17.378,17.58,28.154,24.58,3.573,-0.202,1.601,28.154,17.378,3.573,-0.202,0.57,0.0,1,0.0
8,34.55,691,cruise,17.378,17.616,28.142,24.616,3.526,-0.238,1.598,27.273,17.378,2.658,-0.238,0.446,0.0,0,0.05
8,34.6,692,cruise,17.378,17.646,28.129,24.646,3.483,-0.268,1.594,28.129,17.378,3.483,-0.268,0.555,0.0,1,0.0
8,34.65,693,cruise,17.378,17.671,28.115,24.671,3.445,-0.292,1.591,28.115,17.378,3.445,-0.292,0.55,0.0,1,0.0
8,34.7,694,cruise,17.378,17.699,28.1,24.699,3.401,-0.321,1.588,28.1,17.378,3.401,-0.321,0.543,0.0,1,0.0
8,34.75,695,cruise,17.378,17.729,28.083,24.729,3.354,-0.35,1.584,28.083,17.378,3.354,-0.35,0.536,0.0,1,0.0
8,34.8,696,cruise,17.378,17.759,28.065,24.759,3.306,-0.381,1.58,28.065,17.378,3.306,-0.381,0.528,0.0,1,0.0
8,34.85,697,cruise,17.378,17.788,28.045,24.788,3.257,-0.41,1.577,27.176,17.378,2.388,-0.41,0.405,0.0,0,0.05
8,34.9,698,cruise,17.378,17.809,28.023,24.809,3.215,-0.431,1.574,28.023,17.378,3.215,-0.431,0.514,0.0,1,0.0
8,34.95,699,cruise,17.378,17.822,28.002,24.822,3.18,-0.443,1.571,28.002,17.378,3.18,-0.443,0.509,0.0,1,0.0
8,35.0,700,cruise,17.378,17.837,27.979,24.837,3.142,-0.459,1.569,27.11,17.378,2.273,-0.459,0.388,0.0,0,0.05
8,35.05,701,cruise,17.378,17.847,27.956,24.847,3.109,-0.468,1.566,27.956,17.378,3.109,-0.468,0.499,0.0,1,0.0
8,35.1,702,cruise,17.378,17.85,27.932,24.85,3.082,-0.472,1.565,27.063,17.378,2.213,-0.472,0.379,0.0,0,0.05
8,35.15,703,cruise,17.378,17.851,27.909,24.851,3.058,-0.473,1.563,26.171,17.378,1.32,-0.473,0.26,0.0,0,0.1
8,35.2,704,cruise,17.378,17.835,27.885,24.835,3.05,-0.457,1.563,27.885,17.378,3.05,-0.457,0.491,0.0,1,0.0
8,35.25,705,cruise,17.378,17.809,27.863,24.809,3.054,-0.431,1.565,27.863,17.378,3.054,-0.431,0.493,0.0,1,0.0
8,35.3,706,cruise,17.378,17.796,27.842,24.796,3.047,-0.417,1.565,27.842,17.378,3.047,-0.417,0.492,0.0,1,0.0
8,35.35,707,cruise,17.378,17.792,27.822,24.792,3.03,-0.414,1.564,26.953,17.378,2.161,-0.414,0.374,0.0,0,0.05
8,35.4,708,cruise,17.378,17.788,27.801,24.788,3.013,-0.409,1.563,26.063,17.378,1.275,-0.409,0.256,0.0,0,0.1
8,35.45,709,cruise,17.378,17.768,27.781,24.768,3.013,-0.39,1.564,27.781,17.378,3.013,-0.39,0.489,0.0,1,0.0
8,35.5,710,cruise,17.378,17.739,27.762,24.739,3.023,-0.361,1.565,26.893,17.378,2.154,-0.361,0.375,0.0,0,0.05
8,35.55,711,cruise,17.378,17.717,27.745,24.717,3.028,-0.339,1.566,27.745,17.378,3.028,-0.339,0.492,0.0,1,0.0
8,35.6,712,cruise,17.378,17.7,27.729,24.7,3.029,-0.321,1.567,26.86,17.378,2.16,-0.321,0.377,0.0,0,0.05
8,35.65,713,cruise,17.378,17.687,27.713,24.687,3.026,-0.308,1.567,27.713,17.378,3.026,-0.308,0.493,0.0,1,0.0
8,35.7,714,cruise,17.378,17.675,27.698,24.675,3.023,-0.296,1.567,27.698,17.378,3.023,-0.296,0.493,0.0,1,0.0
8,35.75,715,cruise,17.378,17.672,27.683,24.672,3.011,-0.294,1.566,26.814,17.378,2.142,-0.294,0.376,0.0,0,0.05
8,35.8,716,cruise,17.378,17.669,27.669,24.669,2.999,-0.291,1.566,25.931,17.378,1.261,-0.291,0.258,0.0,0,0.1
8,35.85,717,cruise,17.378,17.651,27.654,24.651,3.003,-0.273,1.567,25.048,17.378,0.397,-0.273,0.144,0.0,0,0.15
8,35.9,718,cruise,17.378,17.609,27.642,24.609,3.033,-0.231,1.57,27.642,17.378,3.033,-0.231,0.497,0.0,1,0.0
8,35.95,719,cruise,17.379,17.554,27.632,24.554,3.079,-0.175,1.574,26.763,17.378,2.21,-0.176,0.389,0.0,0,0.05
8,36.0,720,cruise,17.379,17.51,27.625,24.51,3.114,-0.132,1.578,25.887,17.378,1.377,-0.133,0.279,0.0,0,0.1
8,36.05,721,cruise,17.379,17.469,27.619,24.469,3.15,-0.091,1.581,27.619,17.379,3.15,-0.091,0.517,0.0,1,0.0
8,36.1,722,cruise,17.379,17.43,27.616,24.43,3.186,-0.052,1.584,26.747,17.379,2.317,-0.052,0.407,0.0,0,0.05
8,36.15,723,cruise,17.378,17.406,27.614,24.406,3.208,-0.028,1.587,27.614,17.378,3.208,-0.028,0.527,0.0,1,0.0
8,36.2,724,cruise,17.378,17.391,27.613,24.391,3.222,-0.013,1.588,27.613,17.378,3.222,-0.013,0.529,0.0,1,0.0
8,36.25,725,cruise,17.378,17.391,27.613,24.391,3.221,-0.013,1.588,27.613,17.378,3.221,-0.013,0.529,0.0,1,0.0
8,36.3,726,cruise,17.378,17.401,27.612,24.401,3.21,-0.023,1.587,27.612,17.378,3.21,-0.023,0.527,0.0,1,0.0
8,36.35,727,cruise,17.379,17.418,27.61,24.418,3.192,-0.039,1.585,27.61,17.379,3.192,-0.039,0.524,0.0,1,0.0
8,36.4,728,cruise,17.379,17.438,27.607,24.438,3.17,-0.059,1.583,27.607,17.379,3.17,-0.059,0.521,0.0,1,0.0
8,36.45,729,cruise,17.379,17.46,27.604,24.46,3.144,-0.081,1.581,26.735,17.379,2.275,-0.081,0.401,0.0,0,0.05
8,36.5,730,cruise,17.379,17.475,27.599,24.475,3.124,-0.097,1.579,25.861,17.379,1.386,-0.097,0.282,0.0,0,0.1
8,36.55,731,cruise,17.378,17.472,27.594,24.472,3.122,-0.094,1.579,24.988,17.379,0.515,-0.093,0.166,0.0,0,0.15
8,36.6,732,cruise,17.378,17.443,27.59,24.443,3.148,-0.065,1.582,24.115,17.379,-0.328,-0.064,0.054,0.0,0,0.2
8,36.65,733,cruise,17.378,17.384,27.589,24.384,3.205,-0.006,1.587,27.589,17.378,3.205,-0.006,0.527,0.0,1,0.0
8,36.7,734,cruise,17.378,17.309,27.591,24.309,3.282,0.07,1.594,26.722,17.378,2.414,0.069,0.424,0.0,0,0.05
8,36.75,735,cruise,17.378,17.249,27.596,24.249,3.347,0.129,1.6,27.596,17.378,3.347,0.129,0.551,0.0,1,0.0
8,36.8,736,cruise,17.378,17.215,27.604,24.215,3.389,0.163,1.603,26.735,17.378,2.52,0.163,0.441,0.0,0,0.05
8,36.85,737,cruise,17.379,17.2,27.613,24.2,3.413,0.179,1.605,25.875,17.378,1.675,0.179,0.329,0.0,0,0.1
8,36.9,738,cruise,17.379,17.183,27.622,24.183,3.439,0.196,1.608,27.622,17.379,3.439,0.196,0.565,0.0,1,0.0
8,36.95,739,cruise,17.378,17.165,27.632,24.165,3.467,0.213,1.61,26.763,17.379,2.598,0.213,0.454,0.0,0,0.05
8,37.0,740,cruise,17.378,17.161,27.643,24.161,3.483,0.218,1.611,27.643,17.378,3.483,0.218,0.572,0.0,1,0.0
8,37.05,741,cruise,17.378,17.164,27.654,24.164,3.49,0.214,1.611,26.785,17.378,2.621,0.214,0.457,0.0,0,0.05
8,37.1,742,cruise,17.378,17.175,27.664,24.175,3.489,0.203,1.611,27.664,17.378,3.489,0.203,0.572,0.0,1,0.0
8,37.15,743,cruise,17.378,17.19,27.674,24.19,3.485,0.189,1.61,27.674,17.378,3.485,0.189,0.571,0.0,1,0.0
8,37.2,744,cruise,17.378,17.214,27.683,24.214,3.469,0.164,1.608,26.814,17.378,2.6,0.164,0.452,0.0,0,0.05
8,37.25,745,cruise,17.378,17.238,27.69,24.238,3.452,0.14,1.606,27.69,17.378,3.452,0.14,0.565,0.0,1,0.0
8,37.3,746,cruise,17.378,17.26,27.697,24.26,3.437,0.119,1.605,27.697,17.378,3.437,0.119,0.562,0.0,1,0.0
8,37.35,747,cruise,17.378,17.288,27.702,24.288,3.414,0.091,1.602,27.702,17.378,3.414,0.091,0.558,0.0,1,0.0
8,37.4,748,cruise,17.378,17.32,27.705,24.32,3.385,0.058,1.6,27.705,17.378,3.385,0.058,0.553,0.0,1,0.0
8,37.45,749,cruise,17.378,17.354,27.707,24.354,3.353,0.024,1.597,27.707,17.378,3.353,0.024,0.548,0.0,1,0.0
8,37.5,750,cruise,17.378,17.389,27.707,24.389,3.319,-0.01,1.593,26.838,17.378,2.45,-0.01,0.426,0.0,0,0.05
8,37.55,751,cruise,17.378,17.416,27.706,24.416,3.29,-0.038,1.591,27.706,17.378,3.29,-0.038,0.537,0.0,1,0.0
8,37.6,752,cruise,17.378,17.436,27.703,24.436,3.268,-0.058,1.589,26.834,17.378,2.399,-0.058,0.418,0.0,0,0.05
8,37.65,753,cruise,17.377,17.453,27.701,24.453,3.248,-0.076,1.587,25.962,17.378,1.51,-0.075,0.299,0.0,0,0.1
8,37.7,754,cruise,17.377,17.453,27.697,24.453,3.244,-0.075,1.587,27.697,17.377,3.244,-0.075,0.53,0.0,1,0.0
8,37.75,755,cruise,17.378,17.441,27.693,24.441,3.252,-0.063,1.588,27.693,17.378,3.252,-0.063,0.532,0.0,1,0.0
8,37.8,756,cruise,17.378,17.442,27.69,24.442,3.248,-0.064,1.588,27.69,17.378,3.248,-0.064,0.531,0.0,1,0.0
8,37.85,757,cruise,17.378,17.453,27.687,24.453,3.233,-0.075,1.586,27.687,17.378,3.233,-0.075,0.529,0.0,1,0.0
8,37.9,758,cruise,17.378,17.47,27.682,24.47,3.212,-0.092,1.585,27.682,17.378,3.212,-0.092,0.525,0.0,1,0.0
8,37.95,759,cruise,17.378,17.491,27.677,24.491,3.186,-0.113,1.582,26.808,17.378,2.317,-0.113,0.405,0.0,0,0.05
8,38.0,760,cruise,17.378,17.506,27.671,24.506,3.165,-0.129,1.581,27.671,17.378,3.165,-0.129,0.518,0.0,1,0.0
8,38.05,761,cruise,17.378,17.516,27.664,24.516,3.148,-0.139,1.579,26.795,17.378,2.279,-0.138,0.399,0.0,0,0.05
8,38.1,762,cruise,17.377,17.524,27.657,24.524,3.133,-0.147,1.578,25.919,17.378,1.395,-0.146,0.281,0.0,0,0.1
8,38.15,763,cruise,17.378,17.516,27.65,24.516,3.134,-0.138,1.579,25.043,17.378,0.528,-0.138,0.166,0.0,0,0.15
8,38.2,764,cruise,17.378,17.483,27.644,24.483,3.161,-0.105,1.581,24.168,17.378,-0.315,-0.105,0.054,0.0,0,0.2
8,38.25,765,cruise,17.378,17.422,27.64,24.422,3.218,-0.044,1.586,23.296,17.378,-1.126,-0.044,0.0,0.039,0,0.25
8,38.3,766,cruise,17.378,17.328,27.641,24.328,3.313,0.05,1.595,22.428,17.378,-1.9,0.05,0.0,0.114,0,0.3
8,38.35,767,cruise,17.378,17.2,27.647,24.2,3.447,0.178,1.607,21.565,17.378,-2.635,0.177,0.0,0.185,0,0.35
8,38.4,768,cruise,17.378,17.046,27.661,24.046,3.615,0.332,1.623,20.71,17.378,-3.336,0.332,0.0,0.252,0,0.4
8,38.45,769,cruise,17.378,16.87,27.683,23.87,3.812,0.507,1.641,19.863,17.378,-4.008,0.507,0.0,0.315,0,0.45
8,38.5,770,cruise,17.378,16.677,27.714,23.677,4.037,0.701,1.662,19.025,17.378,-4.652,0.701,0.0,0.375,0,0.5
8,38.55,771,decelerate,17.378,16.468,27.755,23.468,4.287,0.91,1.685,18.197,17.378,-5.27,0.91,0.0,0.432,0,0.55
8,38.6,772,decelerate,17.378,16.245,27.807,23.245,4.562,1.133,1.712,17.381,17.378,-5.864,1.133,0.0,0.487,0,0.6
8,38.65,773,decelerate,17.339,16.01,27.87,23.01,4.86,1.329,1.741,27.87,17.339,4.86,1.329,0.788,0.0,1,0.0
8,38.7,774,decelerate,17.201,15.828,27.939,22.828,5.11,1.373,1.765,27.939,17.201,5.11,1.373,0.824,0.0,1,0.0
8,38.75,775,decelerate,16.984,15.737,28.004,22.737,5.266,1.247,1.779,28.004,16.984,5.266,1.247,0.841,0.0,1,0.0
8,38.8,776,decelerate,16.727,15.701,28.058,22.701,5.357,1.025,1.787,28.058,16.727,5.357,1.025,0.847,0.0,1,0.0
8,38.85,777,decelerate,16.524,15.726,28.1,22.726,5.374,0.798,1.787,28.1,16.524,5.374,0.798,0.843,0.0,1,0.0
8,38.9,778,decelerate,16.343,15.792,28.13,22.792,5.338,0.551,1.781,28.13,16.343,5.338,0.551,0.83,0.0,1,0.0
8,38.95,779,decelerate,16.16,15.885,28.146,22.885,5.261,0.275,1.772,28.146,16.16,5.261,0.275,0.811,0.0,1,0.0
8,39.0,780,decelerate,15.978,15.993,28.147,22.993,5.154,-0.015,1.76,27.349,16.16,4.355,0.167,0.686,0.0,0,0.05
8,39.05,781,decelerate,15.801,16.103,28.133,23.103,5.03,-0.302,1.747,26.545,16.16,3.442,0.057,0.561,0.0,0,0.1
8,39.1,782,decelerate,15.626,16.198,28.105,23.198,4.907,-0.571,1.735,25.737,16.16,2.54,-0.038,0.437,0.0,0,0.15
8,39.15,783,decelerate,15.454,16.266,28.063,23.266,4.797,-0.812,1.725,24.925,16.16,1.659,-0.106,0.318,0.0,0,0.2
8,39.2,784,decelerate,15.281,16.302,28.01,23.302,4.708,-1.021,1.718,24.111,16.16,0.809,-0.142,0.203,0.0,0,0.25
8,39.25,785,decelerate,15.109,16.303,27.947,23.303,4.644,-1.194,1.714,23.296,16.16,-0.007,-0.143,0.094,0.0,0,0.3
8,39.3,786,decelerate,14.936,16.269,27.877,23.269,4.608,-1.334,1.713,22.481,16.16,-0.788,-0.109,0.0,0.007,0,0.35
8,39.35,787,decelerate,14.802,16.202,27.802,23.202,4.6,-1.4,1.716,27.802,14.802,4.6,-1.4,0.667,0.0,1,0.0
8,39.4,788,decelerate,14.702,16.119,27.727,23.119,4.608,-1.417,1.72,26.995,14.802,3.877,-1.316,0.573,0.0,0,0.05
8,39.45,789,decelerate,14.623,16.054,27.651,23.054,4.597,-1.431,1.722,26.192,14.802,3.138,-1.252,0.477,0.0,0,0.1
8,39.5,790,decelerate,14.217,16.02,27.563,23.02,4.543,-1.803,1.721,27.563,14.217,4.543,-1.803,0.646,0.0,1,0.0
8,39.55,791,decelerate,13.908,16.011,27.46,23.011,4.45,-2.103,1.715,26.764,14.217,3.753,-1.794,0.541,0.0,0,0.05
8,39.6,792,decelerate,13.652,16.023,27.345,23.023,4.322,-2.371,1.707,27.345,13.652,4.322,-2.371,0.597,0.0,1,0.0
8,39.65,793,decelerate,13.486,16.047,27.22,23.047,4.173,-2.561,1.696,27.22,13.486,4.173,-2.561,0.571,0.0,1,0.0
8,39.7,794,decelerate,13.397,16.08,27.087,23.08,4.007,-2.684,1.685,27.087,13.397,4.007,-2.684,0.545,0.0,1,0.0
8,39.75,795,decelerate,13.327,16.116,26.951,23.116,3.834,-2.789,1.672,26.951,13.327,3.834,-2.789,0.518,0.0,1,0.0
8,39.8,796,decelerate,13.239,16.15,26.809,23.15,3.659,-2.911,1.66,26.146,13.327,2.996,-2.824,0.405,0.0,0,0.05
8,39.85,797,decelerate,13.084,16.175,26.66,23.175,3.485,-3.091,1.648,25.341,13.327,2.166,-2.848,0.294,0.0,0,0.1
8,39.9,798,decelerate,12.892,16.18,26.502,23.18,3.322,-3.288,1.638,24.535,13.327,1.355,-2.853,0.186,0.0,0,0.15
8,39.95,799,decelerate,12.665,16.16,26.335,23.16,3.175,-3.495,1.63,23.73,13.327,0.57,-2.833,0.082,0.0,0,0.2
8,40.0,800,decelerate,12.461,16.112,26.159,23.112,3.047,-3.651,1.624,22.927,13.327,-0.186,-2.785,0.0,0.013,0,0.25
8,40.05,801,decelerate,12.273,16.035,25.977,23.035,2.942,-3.762,1.62,25.977,12.273,2.942,-3.762,0.367,0.0,1,0.0
8,40.1,802,decelerate,12.082,15.946,25.79,22.946,2.844,-3.864,1.617,25.182,12.273,2.236,-3.673,0.276,0.0,0,0.05
8,40.15,803,decelerate,11.919,15.87,25.599,22.87,2.728,-3.951,1.613,24.392,12.273,1.521,-3.597,0.183,0.0,0,0.1
8,40.2,804,decelerate,11.749,15.799,25.403,22.799,2.603,-4.05,1.608,23.605,12.273,0.806,-3.526,0.09,0.0,0,0.15
8,40.25,805,decelerate,11.58,15.722,25.202,22.722,2.481,-4.141,1.603,25.202,11.58,2.481,-4.141,0.293,0.0,1,0.0
8,40.3,806,decelerate,11.395,15.642,24.997,22.642,2.355,-4.247,1.598,24.424,11.58,1.782,-4.061,0.202,0.0,0,0.05
8,40.35,807,decelerate,11.231,15.57,24.786,22.57,2.216,-4.339,1.592,23.65,11.58,1.079,-3.99,0.111,0.0,0,0.1
8,40.4,808,decelerate,11.153,15.495,24.573,22.495,2.079,-4.342,1.586,24.573,11.153,2.079,-4.342,0.232,0.0,1,0.0
8,40.45,809,decelerate,11.078,15.417,24.362,22.417,1.944,-4.339,1.58,23.807,11.153,1.39,-4.265,0.143,0.0,0,0.05
8,40.5,810,decelerate,10.758,15.319,24.145,22.319,1.826,-4.561,1.576,23.044,11.153,0.725,-4.166,0.058,0.0,0,0.1
8,40.55,811,decelerate,10.206,15.172,23.906,22.172,1.734,-4.966,1.576,23.906,10.206,1.734,-4.966,0.166,0.0,1,0.0
8,40.6,812,decelerate,9.786,15.002,23.651,22.002,1.649,-5.216,1.577,23.651,9.786,1.649,-5.216,0.146,0.0,1,0.0
8,40.65,813,decelerate,9.488,14.903,23.383,21.903,1.48,-5.416,1.569,22.905,9.786,1.001,-5.118,0.063,0.0,0,0.05
8,40.7,814,decelerate,9.315,14.821,23.109,21.821,1.288,-5.506,1.559,22.163,9.786,0.341,-5.035,0.0,0.017,0,0.1
8,40.75,815,decelerate,9.234,14.723,22.833,21.723,1.11,-5.489,1.551,22.833,9.234,1.11,-5.489,0.065,0.0,1,0.0
8,40.8,816,decelerate,9.211,14.62,22.559,21.62,0.939,-5.408,1.543,22.099,9.234,0.48,-5.385,0.0,0.012,0,0.05
8,40.85,817,decelerate,9.246,14.511,22.291,21.511,0.779,-5.265,1.536,22.291,9.246,0.779,-5.265,0.028,0.0,1,0.0
8,40.9,818,decelerate,9.323,14.401,22.031,21.401,0.63,-5.079,1.53,21.568,9.246,0.167,-5.156,0.0,0.037,0,0.05
8,40.95,819,decelerate,9.398,14.364,21.78,21.364,0.415,-4.966,1.516,20.849,9.246,-0.515,-5.119,0.0,0.105,0,0.1
8,41.0,820,decelerate,9.384,14.346,21.531,21.346,0.184,-4.963,1.501,20.132,9.246,-1.214,-5.101,0.0,0.174,0,0.15
8,41.05,821,decelerate,9.286,14.083,21.286,21.083,0.203,-4.797,1.511,21.286,9.286,0.203,-4.797,0.0,0.025,1,0.0
8,41.1,822,decelerate,9.132,13.797,21.05,20.797,0.254,-4.664,1.526,21.05,9.132,0.254,-4.664,0.0,0.016,1,0.0
8,41.15,823,decelerate,8.938,13.553,20.819,20.553,0.266,-4.615,1.536,20.819,8.938,0.266,-4.615,0.0,0.014,1,0.0
8,41.2,824,decelerate,8.717,13.339,20.589,20.339,0.25,-4.621,1.544,20.589,8.717,0.25,-4.621,0.0,0.016,1,0.0
8,41.25,825,decelerate,8.479,13.14,20.358,20.14,0.218,-4.661,1.549,20.358,8.479,0.218,-4.661,0.0,0.02,1,0.0
8,41.3,826,decelerate,8.227,12.952,20.124,19.952,0.172,-4.725,1.554,19.709,8.479,-0.243,-4.473,0.0,0.061,0,0.05
8,41.35,827,decelerate,7.975,12.763,19.888,19.763,0.124,-4.789,1.558,19.069,8.479,-0.694,-4.285,0.0,0.102,0,0.1
8,41.4,828,decelerate,7.723,12.573,19.649,19.573,0.076,-4.85,1.563,18.44,8.479,-1.133,-4.094,0.0,0.141,0,0.15
8,41.45,829,decelerate,7.471,12.377,19.407,19.377,0.031,-4.905,1.568,17.82,8.479,-1.557,-3.898,0.0,0.179,0,0.2
8,41.5,830,decelerate,7.29,12.159,19.164,19.159,0.006,-4.869,1.576,19.164,7.29,0.006,-4.869,0.0,0.047,1,0.0
8,41.55,831,decelerate,7.2,11.982,18.926,18.982,-0.056,-4.782,1.58,18.926,7.2,-0.056,-4.782,0.0,0.051,1,0.0
8,41.6,832,decelerate,6.999,11.812,18.691,18.812,-0.121,-4.813,1.582,18.691,6.999,-0.121,-4.813,0.0,0.058,1,0.0
8,41.65,833,decelerate,6.512,11.65,18.443,18.65,-0.207,-5.138,1.583,18.443,6.512,-0.207,-5.138,0.0,0.075,1,0.0
8,41.7,834,decelerate,6.001,11.467,18.178,18.467,-0.289,-5.467,1.585,17.868,6.512,-0.599,-4.955,0.0,0.109,0,0.05
8,41.75,835,decelerate,5.627,11.298,17.9,18.298,-0.398,-5.672,1.584,17.302,6.512,-0.996,-4.786,0.0,0.145,0,0.1
8,41.8,836,decelerate,5.383,11.18,17.615,18.18,-0.565,-5.797,1.576,16.743,6.512,-1.436,-4.667,0.0,0.186,0,0.15
8,41.85,837,decelerate,5.235,11.128,17.324,18.128,-0.805,-5.894,1.557,17.324,5.235,-0.805,-5.894,0.0,0.154,1,0.0
8,41.9,838,decelerate,5.148,10.928,17.031,17.928,-0.897,-5.78,1.559,17.031,5.148,-0.897,-5.78,0.0,0.16,1,0.0
8,41.95,839,decelerate,5.094,10.386,16.758,17.386,-0.628,-5.292,1.614,16.758,5.094,-0.628,-5.292,0.0,0.121,1,0.0
8,42.0,840,decelerate,5.062,9.935,16.508,16.935,-0.427,-4.874,1.662,16.508,5.062,-0.427,-4.874,0.0,0.091,1,0.0
8,42.05,841,decelerate,5.053,9.559,16.277,16.559,-0.282,-4.506,1.703,16.277,5.053,-0.282,-4.506,0.0,0.067,1,0.0
8,42.1,842,decelerate,5.076,9.23,16.063,16.23,-0.167,-4.154,1.74,16.063,5.076,-0.167,-4.154,0.0,0.047,1,0.0
8,42.15,843,decelerate,5.122,8.93,15.867,15.93,-0.064,-3.808,1.777,15.867,5.122,-0.064,-3.808,0.0,0.028,1,0.0
8,42.2,844,decelerate,5.118,8.676,15.684,15.676,0.008,-3.558,1.808,15.684,5.118,0.008,-3.558,0.0,0.014,1,0.0
8,42.25,845,decelerate,5.061,8.438,15.513,15.438,0.075,-3.377,1.839,15.513,5.061,0.075,-3.377,0.0,0.003,1,0.0
8,42.3,846,decelerate,5.018,8.208,15.349,15.208,0.141,-3.19,1.87,15.349,5.018,0.141,-3.19,0.011,0.0,1,0.0
8,42.35,847,decelerate,4.856,7.989,15.195,14.989,0.205,-3.133,1.902,15.195,4.856,0.205,-3.133,0.021,0.0,1,0.0
8,42.4,848,decelerate,4.384,7.778,15.03,14.778,0.252,-3.394,1.932,14.802,4.856,0.024,-2.922,0.004,0.0,0,0.05
8,42.45,849,decelerate,3.884,7.574,14.852,14.574,0.278,-3.69,1.961,14.419,4.856,-0.155,-2.718,0.0,0.01,0,0.1
8,42.5,850,decelerate,3.396,7.359,14.659,14.359,0.3,-3.963,1.992,14.659,3.396,0.3,-3.963,0.006,0.0,1,0.0
8,42.55,851,decelerate,3.287,7.16,14.461,14.16,0.301,-3.873,2.02,14.461,3.287,0.301,-3.873,0.009,0.0,1,0.0
8,42.6,852,decelerate,3.296,7.112,14.27,14.112,0.158,-3.816,2.007,14.27,3.296,0.158,-3.816,0.0,0.006,1,0.0
8,42.65,853,decelerate,3.313,7.103,14.08,14.103,-0.023,-3.79,1.982,13.914,3.296,-0.189,-3.807,0.0,0.04,0,0.05
8,42.7,854,decelerate,3.252,6.76,13.896,13.76,0.136,-3.508,2.056,13.896,3.252,0.136,-3.508,0.0,0.0,1,0.0
8,42.75,855,decelerate,3.123,6.268,13.732,13.268,0.464,-3.145,2.191,13.732,3.123,0.464,-3.145,0.055,0.0,1,0.0
8,42.8,856,decelerate,2.97,5.813,13.585,12.813,0.771,-2.844,2.337,13.585,2.97,0.771,-2.844,0.107,0.0,1,0.0
8,42.85,857,decelerate,2.804,5.457,13.449,12.457,0.991,-2.654,2.464,13.449,2.804,0.991,-2.654,0.142,0.0,1,0.0
8,42.9,858,decelerate,2.634,5.189,13.32,12.189,1.13,-2.556,2.567,13.32,2.634,1.13,-2.556,0.164,0.0,1,0.0
8,42.95,859,decelerate,2.463,4.957,13.194,11.957,1.237,-2.494,2.662,13.067,2.634,1.11,-2.323,0.17,0.0,0,0.05
8,43.0,860,decelerate,2.296,4.711,13.072,11.711,1.361,-2.415,2.775,13.072,2.296,1.361,-2.415,0.2,0.0,1,0.0
8,43.05,861,decelerate,2.131,4.522,12.952,11.522,1.43,-2.391,2.864,12.952,2.131,1.43,-2.391,0.21,0.0,1,0.0
8,43.1,862,decelerate,1.972,4.372,12.832,11.372,1.46,-2.4,2.935,12.832,1.972,1.46,-2.4,0.214,0.0,1,0.0
8,43.15,863,decelerate,1.624,4.246,12.709,11.246,1.462,-2.622,2.993,12.709,1.624,1.462,-2.622,0.208,0.0,1,0.0
8,43.2,864,decelerate,0.367,4.136,12.543,11.136,1.407,-3.769,3.033,12.5,1.624,1.364,-2.512,0.198,0.0,0,0.05
8,43.25,865,decelerate,0.001,4.033,12.341,11.033,1.308,-4.032,3.06,12.341,0.001,1.308,-4.032,0.14,0.0,1,0.0
8,43.3,866,decelerate,0.001,3.929,12.143,10.929,1.214,-3.928,3.091,12.143,0.001,1.214,-3.928,0.131,0.0,0,0.05
8,43.35,867,decelerate,0.001,3.817,11.95,10.817,1.133,-3.816,3.131,11.95,0.001,1.133,-3.816,0.124,0.0,1,0.0
8,43.4,868,decelerate,0.001,3.701,11.763,10.701,1.061,-3.7,3.178,11.763,0.001,1.061,-3.7,0.118,0.0,1,0.0
8,43.45,869,decelerate,0.001,3.583,11.581,10.583,0.998,-3.582,3.232,11.581,0.001,0.998,-3.582,0.114,0.0,1,0.0
8,43.5,870,decelerate,0.001,3.464,11.406,10.464,0.942,-3.463,3.293,11.406,0.001,0.942,-3.463,0.11,0.0,0,0.05
8,43.55,871,decelerate,0.001,3.345,11.236,10.345,0.891,-3.345,3.359,11.236,0.001,0.891,-3.344,0.107,0.0,0,0.1
8,43.6,872,decelerate,0.0,3.227,11.073,10.227,0.846,-3.227,3.431,11.072,0.001,0.845,-3.226,0.105,0.0,0,0.15
8,43.65,873,decelerate,0.0,3.11,10.915,10.11,0.805,-3.11,3.51,10.915,0.001,0.805,-3.109,0.104,0.0,0,0.2
8,43.7,874,decelerate,0.0,2.995,10.763,9.995,0.768,-2.995,3.594,10.763,0.001,0.768,-2.994,0.103,0.0,0,0.25
8,43.75,875,decelerate,0.0,2.881,10.617,9.881,0.736,-2.881,3.685,10.617,0.0,0.736,-2.881,0.102,0.0,1,0.0
8,43.8,876,decelerate,0.0,2.767,10.476,9.767,0.71,-2.767,3.787,10.476,0.0,0.71,-2.767,0.102,0.0,1,0.0
8,43.85,877,decelerate,0.0,2.658,10.341,9.658,0.684,-2.657,3.891,10.341,0.0,0.684,-2.657,0.103,0.0,0,0.05
8,43.9,878,decelerate,0.0,2.552,10.212,9.552,0.66,-2.552,4.002,10.212,0.0,0.66,-2.552,0.103,0.0,0,0.1
8,43.95,879,decelerate,0.0,2.448,10.087,9.448,0.639,-2.448,4.12,10.087,0.0,0.639,-2.448,0.104,0.0,1,0.0
8,44.0,880,decelerate,0.0,2.348,9.968,9.348,0.62,-2.348,4.245,9.968,0.0,0.62,-2.348,0.104,0.0,0,0.05
8,44.05,881,decelerate,0.0,2.25,9.853,9.25,0.603,-2.25,4.379,9.853,0.0,0.603,-2.25,0.105,0.0,1,0.0
8,44.1,882,decelerate,0.0,2.156,9.744,9.156,0.588,-2.156,4.52,9.744,0.0,0.588,-2.156,0.107,0.0,1,0.0
8,44.15,883,stopped,0.0,2.064,9.639,9.064,0.574,-2.064,4.669,9.639,0.0,0.574,-2.064,0.108,0.0,1,0.0
8,44.2,884,stopped,0.0,1.976,9.538,8.976,0.562,-1.976,4.827,9.538,0.0,0.562,-1.976,0.109,0.0,1,0.0
8,44.25,885,stopped,0.0,1.891,9.442,8.891,0.551,-1.891,4.993,9.442,0.0,0.551,-1.891,0.11,0.0,0,0.05
8,44.3,886,stopped,0.0,1.81,9.35,8.81,0.54,-1.809,5.167,9.35,0.0,0.54,-1.809,0.112,0.0,0,0.1
8,44.35,887,stopped,0.0,1.731,9.262,8.731,0.531,-1.731,5.351,9.262,0.0,0.531,-1.731,0.113,0.0,1,0.0
8,44.4,888,stopped,0.0,1.654,9.177,8.654,0.523,-1.654,5.549,9.177,0.0,0.523,-1.654,0.115,0.0,1,0.0
8,44.45,889,stopped,0.0,1.582,9.097,8.582,0.515,-1.582,5.751,9.097,0.0,0.515,-1.582,0.116,0.0,1,0.0
8,44.5,890,stopped,0.0,1.514,9.02,8.514,0.506,-1.514,5.959,9.02,0.0,0.506,-1.514,0.117,0.0,0,0.05
8,44.55,891,stopped,0.0,1.449,8.946,8.449,0.497,-1.449,6.175,8.946,0.0,0.497,-1.449,0.118,0.0,1,0.0
8,44.6,892,stopped,0.0,1.387,8.876,8.387,0.489,-1.387,6.399,8.876,0.0,0.489,-1.387,0.119,0.0,0,0.05
8,44.65,893,stopped,0.0,1.328,8.808,8.328,0.48,-1.328,6.631,8.808,0.0,0.48,-1.328,0.12,0.0,1,0.0
8,44.7,894,stopped,0.0,1.273,8.743,8.273,0.47,-1.273,6.868,8.743,0.0,0.47,-1.273,0.12,0.0,1,0.0
8,44.75,895,stopped,0.0,1.228,8.681,8.228,0.453,-1.228,7.071,8.681,0.0,0.453,-1.228,0.12,0.0,0,0.05
8,44.8,896,stopped,0.0,1.187,8.621,8.187,0.433,-1.187,7.261,8.621,0.0,0.433,-1.187,0.118,0.0,1,0.0
8,44.85,897,stopped,0.0,1.148,8.562,8.148,0.414,-1.148,7.458,8.562,0.0,0.414,-1.148,0.117,0.0,1,0.0
8,44.9,898,stopped,0.0,1.11,8.506,8.11,0.396,-1.11,7.663,8.506,0.0,0.396,-1.11,0.116,0.0,0,0.05
8,44.95,899,stopped,0.0,1.073,8.452,8.073,0.378,-1.073,7.874,8.452,0.0,0.378,-1.073,0.115,0.0,1,0.0
8,45.0,900,stopped,0.0,1.036,8.399,8.036,0.363,-1.036,8.104,8.399,0.0,0.363,-1.036,0.114,0.0,0,0.05
8,45.05,901,stopped,0.0,1.001,8.348,8.001,0.348,-1.001,8.343,8.348,0.0,0.348,-1.001,0.113,0.0,0,0.1
8,45.1,902,stopped,0.0,0.966,8.299,7.966,0.334,-0.965,8.596,8.299,0.0,0.334,-0.965,0.112,0.0,1,0.0
8,45.15,903,stopped,0.0,0.933,8.252,7.933,0.319,-0.933,8.842,8.252,0.0,0.319,-0.933,0.111,0.0,0,0.05
8,45.2,904,stopped,0.0,0.904,8.206,7.904,0.302,-0.904,9.079,8.206,0.0,0.302,-0.904,0.11,0.0,0,0.1
8,45.25,905,stopped,0.0,0.878,8.162,7.878,0.284,-0.878,9.292,8.162,0.0,0.284,-0.878,0.109,0.0,1,0.0
8,45.3,906,stopped,0.0,0.851,8.119,7.851,0.268,-0.851,9.537,8.119,0.0,0.268,-0.851,0.107,0.0,0,0.05
8,45.35,907,stopped,0.0,0.809,8.078,7.809,0.269,-0.809,9.986,8.078,0.0,0.269,-0.809,0.109,0.0,1,0.0
8,45.4,908,stopped,0.0,0.782,8.039,7.782,0.257,-0.782,10.282,8.039,0.0,0.257,-0.782,0.108,0.0,0,0.05
8,45.45,909,stopped,0.0,0.755,8.001,7.755,0.246,-0.755,10.598,8.001,0.0,0.246,-0.755,0.108,0.0,1,0.0
8,45.5,910,stopped,0.0,0.704,7.964,7.704,0.26,-0.704,11.315,7.964,0.0,0.26,-0.704,0.111,0.0,1,0.0
8,45.55,911,stopped,0.0,0.69,7.929,7.69,0.239,-0.69,11.495,7.929,0.0,0.239,-0.69,0.109,0.0,1,0.0
8,45.6,912,stopped,0.0,0.686,7.895,7.686,0.209,-0.686,11.501,7.895,0.0,0.209,-0.686,0.105,0.0,1,0.0
8,45.65,913,stopped,0.0,0.608,7.863,7.608,0.255,-0.608,12.927,7.863,0.0,0.255,-0.608,0.114,0.0,1,0.0
8,45.7,914,stopped,0.0,0.639,7.832,7.639,0.193,-0.639,12.25,7.832,0.0,0.193,-0.639,0.104,0.0,0,0.05
8,45.75,915,stopped,0.0,0.571,7.802,7.571,0.232,-0.571,13.669,7.802,0.0,0.232,-0.571,0.112,0.0,0,0.1
8,45.8,916,stopped,0.0,0.587,7.774,7.587,0.187,-0.586,13.254,7.774,0.0,0.187,-0.586,0.105,0.0,1,0.0
8,45.85,917,stopped,0.0,0.566,7.746,7.566,0.18,-0.566,13.694,7.746,0.0,0.18,-0.566,0.105,0.0,1,0.0
8,45.9,918,stopped,0.0,0.527,7.719,7.527,0.192,-0.527,14.659,7.719,0.0,0.192,-0.527,0.108,0.0,0,0.05
8,45.95,919,stopped,0.0,0.532,7.693,7.532,0.161,-0.532,14.456,7.693,0.0,0.161,-0.532,0.104,0.0,0,0.1
8,46.0,920,stopped,0.0,0.514,7.668,7.514,0.155,-0.514,14.926,7.668,0.0,0.155,-0.514,0.104,0.0,1,0.0
8,46.05,921,stopped,0.0,0.48,7.645,7.48,0.165,-0.48,15.915,7.645,0.0,0.165,-0.48,0.106,0.0,0,0.05
8,46.1,922,stopped,0.0,0.407,7.623,7.407,0.216,-0.407,18.714,7.623,0.0,0.216,-0.407,0.115,0.0,0,0.1
8,46.15,923,stopped,0.0,0.456,7.601,7.456,0.145,-0.456,16.665,7.601,0.0,0.145,-0.456,0.104,0.0,0,0.15
8,46.2,924,stopped,0.0,0.385,7.581,7.385,0.196,-0.385,19.691,7.581,0.0,0.196,-0.385,0.113,0.0,0,0.2
8,46.25,925,stopped,0.0,0.415,7.561,7.415,0.146,-0.415,18.231,7.561,0.0,0.146,-0.415,0.106,0.0,1,0.0
8,46.3,926,stopped,0.0,0.341,7.542,7.341,0.2,-0.341,22.093,7.542,0.0,0.2,-0.341,0.115,0.0,0,0.05
8,46.35,927,stopped,0.0,0.356,7.523,7.356,0.167,-0.356,21.148,7.523,0.0,0.167,-0.356,0.11,0.0,0,0.1
8,46.4,928,stopped,0.0,0.345,7.506,7.345,0.161,-0.345,21.767,7.506,0.0,0.161,-0.345,0.11,0.0,1,0.0
8,46.45,929,stopped,0.0,0.324,7.489,7.324,0.165,-0.324,23.125,7.489,0.0,0.165,-0.324,0.111,0.0,1,0.0
8,46.5,930,stopped,0.0,0.314,7.472,7.314,0.158,-0.314,23.792,7.472,0.0,0.158,-0.314,0.111,0.0,1,0.0
8,46.55,931,stopped,0.0,0.303,7.457,7.303,0.153,-0.303,24.589,7.457,0.0,0.153,-0.303,0.11,0.0,1,0.0
8,46.6,932,stopped,0.0,0.261,7.442,7.261,0.181,-0.261,28.544,7.442,0.0,0.181,-0.261,0.115,0.0,0,0.05
8,46.65,933,stopped,0.0,0.314,7.427,7.314,0.113,-0.314,23.681,7.427,0.0,0.113,-0.314,0.105,0.0,0,0.1
8,46.7,934,stopped,0.0,0.305,7.413,7.305,0.108,-0.305,24.327,7.413,0.0,0.108,-0.305,0.104,0.0,0,0.15
8,46.75,935,stopped,0.0,0.25,7.399,7.25,0.15,-0.25,29.629,7.399,0.0,0.15,-0.25,0.112,0.0,0,0.2
8,46.8,936,stopped,0.0,0.284,7.386,7.284,0.103,-0.284,26.043,7.386,0.0,0.103,-0.284,0.104,0.0,0,0.25
8,46.85,937,stopped,0.0,0.237,7.374,7.237,0.137,-0.237,31.075,7.374,0.0,0.137,-0.237,0.11,0.0,0,0.3
8,46.9,938,stopped,0.0,0.225,7.362,7.225,0.137,-0.225,32.671,7.362,0.0,0.137,-0.225,0.111,0.0,1,0.0
8,46.95,939,stopped,0.0,0.251,7.351,7.251,0.1,-0.251,29.26,7.351,0.0,0.1,-0.251,0.105,0.0,0,0.05
8,47.0,940,stopped,0.0,0.22,7.34,7.22,0.121,-0.22,33.416,7.34,0.0,0.121,-0.22,0.109,0.0,1,0.0
8,47.05,941,stopped,0.0,0.191,7.33,7.191,0.139,-0.191,38.342,7.33,0.0,0.139,-0.191,0.112,0.0,0,0.05
8,47.1,942,stopped,0.0,0.174,7.321,7.174,0.147,-0.174,42.048,7.321,0.0,0.147,-0.174,0.114,0.0,1,0.0
8,47.15,943,stopped,0.0,0.197,7.312,7.197,0.115,-0.197,37.193,7.312,0.0,0.115,-0.197,0.109,0.0,0,0.05
8,47.2,944,stopped,0.0,0.147,7.303,7.147,0.156,-0.147,49.676,7.303,0.0,0.156,-0.147,0.116,0.0,0,0.1
8,47.25,945,stopped,0.0,0.202,7.295,7.202,0.093,-0.202,36.168,7.295,0.0,0.093,-0.202,0.106,0.0,0,0.15
